pdb_id,deposit_date
11gs,1997-11-03T00:00:00.000+00:00
13gs,1997-11-20T00:00:00.000+00:00
16pk,1998-05-18T00:00:00.000+00:00
184l,1995-04-19T00:00:00.000+00:00
185l,1995-04-19T00:00:00.000+00:00
186l,1995-04-19T00:00:00.000+00:00
187l,1995-04-19T00:00:00.000+00:00
188l,1995-04-19T00:00:00.000+00:00
1a07,1997-12-09T00:00:00.000+00:00
1a08,1997-12-09T00:00:00.000+00:00
1a09,1997-12-10T00:00:00.000+00:00
1a0q,1997-12-05T00:00:00.000+00:00
1a0t,1997-12-08T00:00:00.000+00:00
1a1b,1997-12-10T00:00:00.000+00:00
1a1c,1997-12-10T00:00:00.000+00:00
1a1e,1997-12-10T00:00:00.000+00:00
1a28,1998-01-19T00:00:00.000+00:00
1a2c,1997-12-26T00:00:00.000+00:00
1a37,1998-01-28T00:00:00.000+00:00
1a3e,1998-01-21T00:00:00.000+00:00
1a42,1998-02-10T00:00:00.000+00:00
1a46,1998-02-11T00:00:00.000+00:00
1a4g,1998-01-29T00:00:00.000+00:00
1a4h,1998-01-29T00:00:00.000+00:00
1a4k,1998-01-30T00:00:00.000+00:00
1a4m,1998-01-31T00:00:00.000+00:00
1a4q,1998-01-30T00:00:00.000+00:00
1a4r,1998-02-02T00:00:00.000+00:00
1a4w,1998-02-06T00:00:00.000+00:00
1a52,1998-02-19T00:00:00.000+00:00
1a5g,1998-02-16T00:00:00.000+00:00
1a5h,1998-02-17T00:00:00.000+00:00
1a5v,1998-02-18T00:00:00.000+00:00
1a61,1998-03-05T00:00:00.000+00:00
1a69,1998-03-08T00:00:00.000+00:00
1a7c,1998-03-12T00:00:00.000+00:00
1a7t,1998-03-17T00:00:00.000+00:00
1a85,1998-04-03T00:00:00.000+00:00
1a86,1998-04-03T00:00:00.000+00:00
1a8i,1998-03-25T00:00:00.000+00:00
1a8t,1998-03-23T00:00:00.000+00:00
1a94,1998-04-16T00:00:00.000+00:00
1a99,1998-04-17T00:00:00.000+00:00
1a9m,1998-04-08T00:00:00.000+00:00
1a9q,1998-04-10T00:00:00.000+00:00
1a9u,1998-04-10T00:00:00.000+00:00
1aaq,1992-04-13T00:00:00.000+00:00
1abf,1992-04-23T00:00:00.000+00:00
1abt,1993-11-17T00:00:00.000+00:00
1acj,1993-08-18T00:00:00.000+00:00
1ad8,1997-02-24T00:00:00.000+00:00
1add,1992-12-22T00:00:00.000+00:00
1adl,1994-03-25T00:00:00.000+00:00
1ado,1996-12-02T00:00:00.000+00:00
1af2,1997-03-20T00:00:00.000+00:00
1af6,1997-03-21T00:00:00.000+00:00
1afk,1997-03-08T00:00:00.000+00:00
1afl,1997-03-08T00:00:00.000+00:00
1ag9,1997-04-04T00:00:00.000+00:00
1agm,1994-05-13T00:00:00.000+00:00
1agw,1997-03-25T00:00:00.000+00:00
1aht,1995-03-17T00:00:00.000+00:00
1ahx,1995-02-21T00:00:00.000+00:00
1ahy,1995-02-21T00:00:00.000+00:00
1ai4,1997-05-01T00:00:00.000+00:00
1ai5,1997-05-01T00:00:00.000+00:00
1ai6,1997-05-01T00:00:00.000+00:00
1ai7,1997-05-01T00:00:00.000+00:00
1aid,1997-04-16T00:00:00.000+00:00
1aj6,1997-05-15T00:00:00.000+00:00
1aj7,1997-05-15T00:00:00.000+00:00
1ajn,1997-05-07T00:00:00.000+00:00
1ajp,1997-05-07T00:00:00.000+00:00
1ajq,1997-05-07T00:00:00.000+00:00
1ajv,1997-05-11T00:00:00.000+00:00
1ajx,1997-05-11T00:00:00.000+00:00
1akq,1997-03-27T00:00:00.000+00:00
1akr,1997-05-27T00:00:00.000+00:00
1akt,1997-05-27T00:00:00.000+00:00
1aku,1997-05-27T00:00:00.000+00:00
1akv,1997-05-27T00:00:00.000+00:00
1akw,1997-05-27T00:00:00.000+00:00
1al7,1997-06-12T00:00:00.000+00:00
1al8,1997-06-12T00:00:00.000+00:00
1alw,1997-06-04T00:00:00.000+00:00
1amk,1997-06-17T00:00:00.000+00:00
1amn,1996-02-13T00:00:00.000+00:00
1amw,1997-06-19T00:00:00.000+00:00
1anf,1997-06-25T00:00:00.000+00:00
1ao0,1997-07-15T00:00:00.000+00:00
1ao8,1997-07-22T00:00:00.000+00:00
1apb,1991-11-15T00:00:00.000+00:00
1apv,1991-12-16T00:00:00.000+00:00
1apw,1991-12-16T00:00:00.000+00:00
1aq1,1997-08-05T00:00:00.000+00:00
1aq7,1997-08-07T00:00:00.000+00:00
1aqc,1997-07-28T00:00:00.000+00:00
1aqi,1996-07-25T00:00:00.000+00:00
1aqj,1996-07-25T00:00:00.000+00:00
1at5,1997-08-18T00:00:00.000+00:00
1at6,1997-08-19T00:00:00.000+00:00
1atl,1995-05-26T00:00:00.000+00:00
1atr,1993-08-09T00:00:00.000+00:00
1au0,1997-09-09T00:00:00.000+00:00
1au2,1997-09-10T00:00:00.000+00:00
1auj,1997-08-28T00:00:00.000+00:00
1avd,1993-03-05T00:00:00.000+00:00
1avn,1997-09-17T00:00:00.000+00:00
1avp,1996-04-04T00:00:00.000+00:00
1aw1,1997-10-09T00:00:00.000+00:00
1awf,1997-10-02T00:00:00.000+00:00
1awh,1997-10-02T00:00:00.000+00:00
1awi,1997-10-02T00:00:00.000+00:00
1ax0,1997-10-24T00:00:00.000+00:00
1ax1,1997-10-24T00:00:00.000+00:00
1ax2,1997-10-24T00:00:00.000+00:00
1axr,1997-10-20T00:00:00.000+00:00
1axs,1997-10-20T00:00:00.000+00:00
1axz,1997-10-24T00:00:00.000+00:00
1ayu,1997-11-10T00:00:00.000+00:00
1ayv,1997-11-10T00:00:00.000+00:00
1aze,1997-11-17T00:00:00.000+00:00
1azg,1997-11-18T00:00:00.000+00:00
1azl,1997-11-18T00:00:00.000+00:00
1azm,1993-11-28T00:00:00.000+00:00
1azx,1997-11-23T00:00:00.000+00:00
1b05,1998-11-20T00:00:00.000+00:00
1b0f,1998-11-09T00:00:00.000+00:00
1b0h,1998-11-10T00:00:00.000+00:00
1b11,1998-11-25T00:00:00.000+00:00
1b1h,1998-11-10T00:00:00.000+00:00
1b2h,1998-11-16T00:00:00.000+00:00
1b2i,1999-09-24T00:00:00.000+00:00
1b2m,1998-11-27T00:00:00.000+00:00
1b32,1998-12-15T00:00:00.000+00:00
1b38,1998-12-17T00:00:00.000+00:00
1b39,1998-12-17T00:00:00.000+00:00
1b3f,1998-12-14T00:00:00.000+00:00
1b3g,1998-12-14T00:00:00.000+00:00
1b3h,1998-11-16T00:00:00.000+00:00
1b3l,1998-12-14T00:00:00.000+00:00
1b40,1998-11-23T00:00:00.000+00:00
1b42,1999-01-05T00:00:00.000+00:00
1b46,1999-01-05T00:00:00.000+00:00
1b4d,1998-12-18T00:00:00.000+00:00
1b4h,1998-11-11T00:00:00.000+00:00
1b4z,1999-01-04T00:00:00.000+00:00
1b51,1999-01-11T00:00:00.000+00:00
1b52,1999-01-11T00:00:00.000+00:00
1b55,1999-01-12T00:00:00.000+00:00
1b56,1999-01-12T00:00:00.000+00:00
1b57,1999-01-12T00:00:00.000+00:00
1b58,1999-01-12T00:00:00.000+00:00
1b5g,1998-03-05T00:00:00.000+00:00
1b5h,1998-11-13T00:00:00.000+00:00
1b5i,1999-01-06T00:00:00.000+00:00
1b5j,1999-01-06T00:00:00.000+00:00
1b6h,1998-11-13T00:00:00.000+00:00
1b6j,1999-01-17T00:00:00.000+00:00
1b6k,1999-01-17T00:00:00.000+00:00
1b6l,1999-01-17T00:00:00.000+00:00
1b6m,1999-01-17T00:00:00.000+00:00
1b6p,1999-01-17T00:00:00.000+00:00
1b74,1999-01-27T00:00:00.000+00:00
1b7h,1998-11-16T00:00:00.000+00:00
1b8n,1999-02-02T00:00:00.000+00:00
1b8o,1999-02-02T00:00:00.000+00:00
1b8y,1999-02-03T00:00:00.000+00:00
1b9j,1999-02-11T00:00:00.000+00:00
1b9s,1999-02-15T00:00:00.000+00:00
1b9t,1999-02-15T00:00:00.000+00:00
1b9v,1999-02-15T00:00:00.000+00:00
1ba8,1998-04-23T00:00:00.000+00:00
1bai,1998-04-17T00:00:00.000+00:00
1bap,1991-11-15T00:00:00.000+00:00
1bb0,1998-04-28T00:00:00.000+00:00
1bbz,1998-04-28T00:00:00.000+00:00
1bcd,1993-08-31T00:00:00.000+00:00
1bcj,1998-04-30T00:00:00.000+00:00
1bdl,1998-05-10T00:00:00.000+00:00
1bdq,1998-05-10T00:00:00.000+00:00
1bdr,1998-05-10T00:00:00.000+00:00
1bgo,1998-05-29T00:00:00.000+00:00
1bgq,1998-05-29T00:00:00.000+00:00
1bhf,1998-06-08T00:00:00.000+00:00
1bhx,1998-06-10T00:00:00.000+00:00
1bil,1995-09-27T00:00:00.000+00:00
1bim,1995-09-27T00:00:00.000+00:00
1bio,1998-06-18T00:00:00.000+00:00
1biw,1998-06-19T00:00:00.000+00:00
1bji,1997-12-03T00:00:00.000+00:00
1bjr,1998-06-27T00:00:00.000+00:00
1bju,1998-06-29T00:00:00.000+00:00
1bjv,1998-06-29T00:00:00.000+00:00
1bkj,1998-07-08T00:00:00.000+00:00
1bkm,1997-05-02T00:00:00.000+00:00
1bky,1998-07-13T00:00:00.000+00:00
1bl4,1998-07-23T00:00:00.000+00:00
1bl6,1998-07-11T00:00:00.000+00:00
1bl7,1998-07-23T00:00:00.000+00:00
1bm2,1998-07-27T00:00:00.000+00:00
1bm6,1998-07-29T00:00:00.000+00:00
1bm7,1998-07-29T00:00:00.000+00:00
1bma,1995-05-01T00:00:00.000+00:00
1bmb,1998-07-23T00:00:00.000+00:00
1bmk,1998-07-23T00:00:00.000+00:00
1bmm,1995-11-14T00:00:00.000+00:00
1bmn,1995-11-14T00:00:00.000+00:00
1bmq,1998-07-24T00:00:00.000+00:00
1bn1,1998-07-31T00:00:00.000+00:00
1bn3,1998-07-31T00:00:00.000+00:00
1bn4,1998-07-31T00:00:00.000+00:00
1bnm,1998-07-30T00:00:00.000+00:00
1bnn,1998-07-30T00:00:00.000+00:00
1bnq,1998-07-30T00:00:00.000+00:00
1bnt,1998-07-30T00:00:00.000+00:00
1bnu,1998-07-30T00:00:00.000+00:00
1bnv,1998-07-30T00:00:00.000+00:00
1bnw,1998-07-30T00:00:00.000+00:00
1bo5,1998-08-10T00:00:00.000+00:00
1bp0,1998-08-11T00:00:00.000+00:00
1bq3,1998-08-20T00:00:00.000+00:00
1bq4,1998-08-20T00:00:00.000+00:00
1bqm,1998-08-17T00:00:00.000+00:00
1bqn,1998-08-17T00:00:00.000+00:00
1bqo,1998-08-17T00:00:00.000+00:00
1br5,1998-08-26T00:00:00.000+00:00
1br6,1998-08-27T00:00:00.000+00:00
1br8,1998-08-26T00:00:00.000+00:00
1bra,1992-12-17T00:00:00.000+00:00
1bsk,1998-08-28T00:00:00.000+00:00
1bt6,1998-09-02T00:00:00.000+00:00
1btn,1995-08-23T00:00:00.000+00:00
1bty,1995-05-17T00:00:00.000+00:00
1bug,1998-09-03T00:00:00.000+00:00
1bux,1998-09-07T00:00:00.000+00:00
1bv7,1998-09-22T00:00:00.000+00:00
1bv9,1998-09-22T00:00:00.000+00:00
1bwa,1998-09-22T00:00:00.000+00:00
1bwb,1998-09-22T00:00:00.000+00:00
1bwn,1998-09-25T00:00:00.000+00:00
1bxl,1996-10-16T00:00:00.000+00:00
1bxo,1998-10-07T00:00:00.000+00:00
1bxq,1998-10-07T00:00:00.000+00:00
1bxr,1998-10-08T00:00:00.000+00:00
1bzf,1998-10-28T00:00:00.000+00:00
1bzh,1998-10-28T00:00:00.000+00:00
1bzj,1998-10-29T00:00:00.000+00:00
1bzs,1998-11-04T00:00:00.000+00:00
1c12,1999-07-20T00:00:00.000+00:00
1c1r,1999-07-21T00:00:00.000+00:00
1c1u,1999-07-21T00:00:00.000+00:00
1c1v,1999-07-21T00:00:00.000+00:00
1c29,1999-07-23T00:00:00.000+00:00
1c2t,1999-07-26T00:00:00.000+00:00
1c3b,1999-07-27T00:00:00.000+00:00
1c3e,1999-07-27T00:00:00.000+00:00
1c3i,1999-07-27T00:00:00.000+00:00
1c3r,1999-07-28T00:00:00.000+00:00
1c3x,1999-07-29T00:00:00.000+00:00
1c4u,1999-09-25T00:00:00.000+00:00
1c4v,1999-09-25T00:00:00.000+00:00
1c4y,1999-10-05T00:00:00.000+00:00
1c50,1999-12-15T00:00:00.000+00:00
1c5c,1999-11-09T00:00:00.000+00:00
1c5f,1999-11-22T00:00:00.000+00:00
1c5n,1999-12-22T00:00:00.000+00:00
1c5o,1999-12-22T00:00:00.000+00:00
1c5p,1999-12-22T00:00:00.000+00:00
1c5q,1999-12-22T00:00:00.000+00:00
1c5s,1999-12-22T00:00:00.000+00:00
1c5t,1999-12-22T00:00:00.000+00:00
1c5x,1999-12-22T00:00:00.000+00:00
1c5y,1999-12-22T00:00:00.000+00:00
1c6y,1999-12-28T00:00:00.000+00:00
1c70,1999-12-29T00:00:00.000+00:00
1c7e,2000-02-16T00:00:00.000+00:00
1c7f,2000-02-11T00:00:00.000+00:00
1c83,2000-04-14T00:00:00.000+00:00
1c84,2000-04-14T00:00:00.000+00:00
1c85,2000-04-16T00:00:00.000+00:00
1c86,2000-04-16T00:00:00.000+00:00
1c87,2000-04-16T00:00:00.000+00:00
1c88,2000-04-16T00:00:00.000+00:00
1c8k,2000-05-11T00:00:00.000+00:00
1c8l,2000-05-16T00:00:00.000+00:00
1c8v,1999-07-30T00:00:00.000+00:00
1c9d,1999-08-02T00:00:00.000+00:00
1ca8,1998-04-27T00:00:00.000+00:00
1caq,1999-02-23T00:00:00.000+00:00
1cbr,1994-09-28T00:00:00.000+00:00
1cbx,1991-10-31T00:00:00.000+00:00
1ce5,1999-03-16T00:00:00.000+00:00
1cea,1995-12-03T00:00:00.000+00:00
1ceb,1995-12-03T00:00:00.000+00:00
1cet,1999-03-10T00:00:00.000+00:00
1cgl,1993-11-17T00:00:00.000+00:00
1ch8,1999-03-31T00:00:00.000+00:00
1ci7,1999-04-08T00:00:00.000+00:00
1cil,1993-10-20T00:00:00.000+00:00
1cim,1993-10-20T00:00:00.000+00:00
1cin,1993-10-20T00:00:00.000+00:00
1ciz,1999-04-06T00:00:00.000+00:00
1cj1,1999-04-21T00:00:00.000+00:00
1cka,1995-01-24T00:00:00.000+00:00
1ckb,1995-01-24T00:00:00.000+00:00
1clu,1999-05-03T00:00:00.000+00:00
1cnw,1995-07-21T00:00:00.000+00:00
1cnx,1995-07-21T00:00:00.000+00:00
1cny,1995-07-21T00:00:00.000+00:00
1cp6,1999-06-08T00:00:00.000+00:00
1cpi,1995-10-16T00:00:00.000+00:00
1cps,1992-02-18T00:00:00.000+00:00
1cqp,1999-08-10T00:00:00.000+00:00
1cr6,1999-08-13T00:00:00.000+00:00
1cs4,1999-08-16T00:00:00.000+00:00
1csh,1994-03-07T00:00:00.000+00:00
1csi,1994-03-07T00:00:00.000+00:00
1csr,1995-08-04T00:00:00.000+00:00
1css,1995-08-04T00:00:00.000+00:00
1ct8,1999-08-20T00:00:00.000+00:00
1ctr,1994-09-21T00:00:00.000+00:00
1ctt,1995-02-11T00:00:00.000+00:00
1ctu,1995-02-11T00:00:00.000+00:00
1cw2,1999-08-25T00:00:00.000+00:00
1cwb,1995-09-06T00:00:00.000+00:00
1cwc,1995-09-06T00:00:00.000+00:00
1cx9,1999-08-29T00:00:00.000+00:00
1cyn,1995-05-22T00:00:00.000+00:00
1czc,1999-09-02T00:00:00.000+00:00
1cze,1999-09-02T00:00:00.000+00:00
1czk,1999-09-03T00:00:00.000+00:00
1czl,1999-09-03T00:00:00.000+00:00
1czo,1999-09-03T00:00:00.000+00:00
1czq,1999-09-06T00:00:00.000+00:00
1czr,1999-09-07T00:00:00.000+00:00
1d04,1999-09-08T00:00:00.000+00:00
1d09,1999-09-09T00:00:00.000+00:00
1d1p,1999-09-20T00:00:00.000+00:00
1d2e,1999-09-23T00:00:00.000+00:00
1d2s,1999-09-28T00:00:00.000+00:00
1d3d,1999-09-29T00:00:00.000+00:00
1d3p,1999-09-30T00:00:00.000+00:00
1d3q,1999-09-30T00:00:00.000+00:00
1d3v,1999-10-01T00:00:00.000+00:00
1d4h,1999-10-04T00:00:00.000+00:00
1d4i,1999-10-04T00:00:00.000+00:00
1d4j,1999-10-04T00:00:00.000+00:00
1d4k,1999-10-04T00:00:00.000+00:00
1d4l,1999-10-04T00:00:00.000+00:00
1d4p,1999-10-04T00:00:00.000+00:00
1d4t,1999-10-06T00:00:00.000+00:00
1d4w,1999-10-06T00:00:00.000+00:00
1d4y,1999-10-06T00:00:00.000+00:00
1d5j,1999-10-07T00:00:00.000+00:00
1d5r,1999-10-11T00:00:00.000+00:00
1d6n,1999-10-14T00:00:00.000+00:00
1d6s,1999-10-15T00:00:00.000+00:00
1d6v,1999-10-15T00:00:00.000+00:00
1d6w,1999-10-15T00:00:00.000+00:00
1d7i,1999-10-18T00:00:00.000+00:00
1d7j,1999-10-18T00:00:00.000+00:00
1d7x,1999-10-20T00:00:00.000+00:00
1d8e,1999-10-22T00:00:00.000+00:00
1d8f,1999-10-22T00:00:00.000+00:00
1d8m,1999-10-25T00:00:00.000+00:00
1d9i,1999-10-27T00:00:00.000+00:00
1dar,1996-02-15T00:00:00.000+00:00
1db1,1999-11-02T00:00:00.000+00:00
1db4,1999-11-02T00:00:00.000+00:00
1db5,1999-11-02T00:00:00.000+00:00
1dbb,1992-11-11T00:00:00.000+00:00
1dbj,1993-08-24T00:00:00.000+00:00
1dbk,1993-08-24T00:00:00.000+00:00
1ddm,1999-11-11T00:00:00.000+00:00
1det,1996-02-20T00:00:00.000+00:00
1df8,1999-11-18T00:00:00.000+00:00
1dfo,1999-11-20T00:00:00.000+00:00
1dg9,1999-11-23T00:00:00.000+00:00
1dgm,1999-11-24T00:00:00.000+00:00
1dhi,1993-10-29T00:00:00.000+00:00
1dhj,1993-10-29T00:00:00.000+00:00
1di8,1999-11-29T00:00:00.000+00:00
1di9,1999-11-29T00:00:00.000+00:00
1dif,1995-10-09T00:00:00.000+00:00
1dis,1995-08-01T00:00:00.000+00:00
1dkd,1999-12-07T00:00:00.000+00:00
1dl7,1999-12-08T00:00:00.000+00:00
1dm2,1999-12-13T00:00:00.000+00:00
1dmb,1993-06-10T00:00:00.000+00:00
1dmp,1996-11-01T00:00:00.000+00:00
1doj,1999-12-21T00:00:00.000+00:00
1dpu,1999-12-27T00:00:00.000+00:00
1dqx,2000-01-05T00:00:00.000+00:00
1drj,1994-09-23T00:00:00.000+00:00
1drk,1994-09-23T00:00:00.000+00:00
1drv,1996-06-28T00:00:00.000+00:00
1dth,1996-02-12T00:00:00.000+00:00
1dtq,2000-01-13T00:00:00.000+00:00
1dtt,2000-01-13T00:00:00.000+00:00
1dub,1996-06-10T00:00:00.000+00:00
1dud,1996-04-30T00:00:00.000+00:00
1duv,2000-01-18T00:00:00.000+00:00
1dva,2000-01-20T00:00:00.000+00:00
1dwc,1992-08-19T00:00:00.000+00:00
1dwd,1992-08-19T00:00:00.000+00:00
1dx6,1999-12-21T00:00:00.000+00:00
1dxp,2000-01-13T00:00:00.000+00:00
1dy4,2000-01-26T00:00:00.000+00:00
1dzj,2000-03-01T00:00:00.000+00:00
1dzk,2000-03-01T00:00:00.000+00:00
1dzm,2000-03-03T00:00:00.000+00:00
1dzp,2000-03-06T00:00:00.000+00:00
1e00,2000-03-07T00:00:00.000+00:00
1e02,2000-03-09T00:00:00.000+00:00
1e03,2000-03-09T00:00:00.000+00:00
1e06,2000-03-10T00:00:00.000+00:00
1e1v,2000-05-11T00:00:00.000+00:00
1e1x,2000-05-11T00:00:00.000+00:00
1e1y,2000-05-11T00:00:00.000+00:00
1e2k,2000-05-23T00:00:00.000+00:00
1e2l,2000-05-23T00:00:00.000+00:00
1e34,2000-06-06T00:00:00.000+00:00
1e37,2000-06-06T00:00:00.000+00:00
1e3g,2000-06-14T00:00:00.000+00:00
1e3v,2000-06-24T00:00:00.000+00:00
1e4h,2000-07-04T00:00:00.000+00:00
1e55,2000-07-18T00:00:00.000+00:00
1e5a,2000-07-20T00:00:00.000+00:00
1e5j,2000-07-26T00:00:00.000+00:00
1e6q,2000-08-22T00:00:00.000+00:00
1e6s,2000-08-23T00:00:00.000+00:00
1e72,2000-08-23T00:00:00.000+00:00
1e8h,2000-09-20T00:00:00.000+00:00
1e9h,2000-10-16T00:00:00.000+00:00
1eas,1994-11-22T00:00:00.000+00:00
1eat,1994-11-22T00:00:00.000+00:00
1eb1,2001-07-18T00:00:00.000+00:00
1eb2,2001-07-18T00:00:00.000+00:00
1ebg,1994-04-27T00:00:00.000+00:00
1ebw,2000-01-25T00:00:00.000+00:00
1ebz,2000-01-25T00:00:00.000+00:00
1ec0,2000-01-25T00:00:00.000+00:00
1ec1,2000-01-25T00:00:00.000+00:00
1ec2,2000-01-25T00:00:00.000+00:00
1ec3,2000-01-25T00:00:00.000+00:00
1ec9,2000-01-25T00:00:00.000+00:00
1ecq,2000-01-25T00:00:00.000+00:00
1ecv,2000-01-26T00:00:00.000+00:00
1eed,1992-06-15T00:00:00.000+00:00
1eef,2000-01-31T00:00:00.000+00:00
1eei,2000-01-31T00:00:00.000+00:00
1efi,2000-02-08T00:00:00.000+00:00
1efy,2000-02-10T00:00:00.000+00:00
1egh,2000-02-15T00:00:00.000+00:00
1eix,2000-02-29T00:00:00.000+00:00
1ej4,2000-02-28T00:00:00.000+00:00
1ejn,2000-04-22T00:00:00.000+00:00
1ek1,2000-03-06T00:00:00.000+00:00
1ek2,2000-03-06T00:00:00.000+00:00
1ekb,1999-05-02T00:00:00.000+00:00
1ela,1993-12-07T00:00:00.000+00:00
1elb,1993-12-07T00:00:00.000+00:00
1elc,1993-12-07T00:00:00.000+00:00
1eld,1994-10-24T00:00:00.000+00:00
1ele,1994-10-24T00:00:00.000+00:00
1elr,2000-03-14T00:00:00.000+00:00
1els,1994-04-05T00:00:00.000+00:00
1em6,2000-03-16T00:00:00.000+00:00
1enu,2000-03-21T00:00:00.000+00:00
1eoc,2000-03-22T00:00:00.000+00:00
1eoj,2000-03-23T00:00:00.000+00:00
1eol,2000-03-23T00:00:00.000+00:00
1eou,2000-03-24T00:00:00.000+00:00
1epo,1994-07-27T00:00:00.000+00:00
1epp,1994-07-27T00:00:00.000+00:00
1erb,1993-10-01T00:00:00.000+00:00
1ero,2000-04-06T00:00:00.000+00:00
1erq,2000-04-06T00:00:00.000+00:00
1err,1997-09-08T00:00:00.000+00:00
1esz,2000-04-11T00:00:00.000+00:00
1ets,1992-07-06T00:00:00.000+00:00
1ett,1992-07-06T00:00:00.000+00:00
1etz,2000-04-13T00:00:00.000+00:00
1eub,2000-04-14T00:00:00.000+00:00
1eve,1998-03-04T00:00:00.000+00:00
1evh,1999-04-21T00:00:00.000+00:00
1ew8,2000-04-24T00:00:00.000+00:00
1ew9,2000-04-24T00:00:00.000+00:00
1ewj,2000-04-26T00:00:00.000+00:00
1ex8,2000-05-01T00:00:00.000+00:00
1exv,2000-05-04T00:00:00.000+00:00
1exw,2000-05-04T00:00:00.000+00:00
1ez9,2000-05-10T00:00:00.000+00:00
1ezf,2000-05-10T00:00:00.000+00:00
1ezq,2000-05-11T00:00:00.000+00:00
1f0q,2000-05-17T00:00:00.000+00:00
1f0r,2000-05-17T00:00:00.000+00:00
1f0s,2000-05-17T00:00:00.000+00:00
1f0t,2000-05-17T00:00:00.000+00:00
1f0u,2000-05-17T00:00:00.000+00:00
1f1j,2000-05-19T00:00:00.000+00:00
1f28,2000-05-23T00:00:00.000+00:00
1f2o,2000-05-28T00:00:00.000+00:00
1f2p,2000-05-28T00:00:00.000+00:00
1f3e,2000-06-02T00:00:00.000+00:00
1f3j,2000-06-04T00:00:00.000+00:00
1f40,2000-06-07T00:00:00.000+00:00
1f47,2000-06-07T00:00:00.000+00:00
1f4e,2000-06-07T00:00:00.000+00:00
1f4f,2000-06-07T00:00:00.000+00:00
1f4g,2000-06-07T00:00:00.000+00:00
1f4x,2000-06-10T00:00:00.000+00:00
1f4y,2000-06-10T00:00:00.000+00:00
1f57,2000-06-13T00:00:00.000+00:00
1f5k,2000-06-15T00:00:00.000+00:00
1f5l,2000-06-15T00:00:00.000+00:00
1f73,2000-06-25T00:00:00.000+00:00
1f74,2000-06-26T00:00:00.000+00:00
1f7b,2000-06-26T00:00:00.000+00:00
1f8a,2000-06-29T00:00:00.000+00:00
1f8e,2000-06-30T00:00:00.000+00:00
1f90,2000-07-06T00:00:00.000+00:00
1f92,2000-07-06T00:00:00.000+00:00
1f9e,2000-07-10T00:00:00.000+00:00
1f9g,2000-07-10T00:00:00.000+00:00
1fao,2000-07-13T00:00:00.000+00:00
1fax,1996-08-23T00:00:00.000+00:00
1fbm,2000-07-16T00:00:00.000+00:00
1fch,2000-07-18T00:00:00.000+00:00
1fcx,2000-07-19T00:00:00.000+00:00
1fcy,2000-07-19T00:00:00.000+00:00
1fcz,2000-07-19T00:00:00.000+00:00
1fd0,2000-07-19T00:00:00.000+00:00
1fd7,2000-07-19T00:00:00.000+00:00
1fdq,2000-07-20T00:00:00.000+00:00
1fe3,2000-07-20T00:00:00.000+00:00
1ff1,2000-07-24T00:00:00.000+00:00
1fgi,1997-03-22T00:00:00.000+00:00
1fh7,2000-07-31T00:00:00.000+00:00
1fh8,2000-07-31T00:00:00.000+00:00
1fh9,2000-07-31T00:00:00.000+00:00
1fhd,2000-07-31T00:00:00.000+00:00
1fhr,2000-08-02T00:00:00.000+00:00
1fig,1994-01-07T00:00:00.000+00:00
1fiv,1995-05-04T00:00:00.000+00:00
1fj4,2000-08-07T00:00:00.000+00:00
1fjs,2000-08-08T00:00:00.000+00:00
1fkb,1992-07-02T00:00:00.000+00:00
1fkf,1991-05-07T00:00:00.000+00:00
1fkg,1993-08-05T00:00:00.000+00:00
1fkh,1993-08-05T00:00:00.000+00:00
1fki,1993-08-05T00:00:00.000+00:00
1fkn,2000-08-09T00:00:00.000+00:00
1fkw,1996-02-29T00:00:00.000+00:00
1fl3,2000-08-11T00:00:00.000+00:00
1fl6,2000-08-11T00:00:00.000+00:00
1flm,1999-03-10T00:00:00.000+00:00
1flr,1995-01-19T00:00:00.000+00:00
1fls,2000-08-15T00:00:00.000+00:00
1fm9,2000-08-16T00:00:00.000+00:00
1fmb,1996-02-27T00:00:00.000+00:00
1fo0,2000-08-24T00:00:00.000+00:00
1fo2,2000-08-24T00:00:00.000+00:00
1fo3,2000-08-24T00:00:00.000+00:00
1fpc,1994-10-16T00:00:00.000+00:00
1fpi,1995-06-02T00:00:00.000+00:00
1fpp,1998-07-10T00:00:00.000+00:00
1fpy,2000-08-31T00:00:00.000+00:00
1fq4,2000-09-03T00:00:00.000+00:00
1fq5,2000-09-03T00:00:00.000+00:00
1fq6,2000-09-03T00:00:00.000+00:00
1fq7,2000-09-04T00:00:00.000+00:00
1fq8,2000-09-04T00:00:00.000+00:00
1fsg,2000-09-08T00:00:00.000+00:00
1fsw,2000-09-11T00:00:00.000+00:00
1fsy,2000-09-11T00:00:00.000+00:00
1ft4,2000-09-11T00:00:00.000+00:00
1ft7,2000-09-11T00:00:00.000+00:00
1fta,1993-09-27T00:00:00.000+00:00
1ftj,2000-09-12T00:00:00.000+00:00
1ftk,2000-09-12T00:00:00.000+00:00
1ftl,2000-09-12T00:00:00.000+00:00
1ftm,2000-09-12T00:00:00.000+00:00
1fv0,2000-09-18T00:00:00.000+00:00
1fv9,2000-09-19T00:00:00.000+00:00
1fvt,2000-09-20T00:00:00.000+00:00
1fvv,2000-09-20T00:00:00.000+00:00
1fw0,2000-09-20T00:00:00.000+00:00
1fwe,1997-04-23T00:00:00.000+00:00
1fwu,2000-09-24T00:00:00.000+00:00
1fwv,2000-09-24T00:00:00.000+00:00
1fyr,2000-10-03T00:00:00.000+00:00
1fzj,2000-10-03T00:00:00.000+00:00
1fzk,2000-10-03T00:00:00.000+00:00
1fzm,2000-10-03T00:00:00.000+00:00
1fzo,2000-10-03T00:00:00.000+00:00
1fzq,2000-10-04T00:00:00.000+00:00
1g05,2000-10-05T00:00:00.000+00:00
1g1d,2000-10-11T00:00:00.000+00:00
1g1e,2000-10-11T00:00:00.000+00:00
1g27,2000-10-17T00:00:00.000+00:00
1g2a,2000-10-18T00:00:00.000+00:00
1g2l,2000-10-20T00:00:00.000+00:00
1g2m,2000-10-20T00:00:00.000+00:00
1g2o,2000-10-20T00:00:00.000+00:00
1g30,2000-10-23T00:00:00.000+00:00
1g32,2000-10-23T00:00:00.000+00:00
1g35,2000-10-23T00:00:00.000+00:00
1g36,2000-10-23T00:00:00.000+00:00
1g37,2000-10-23T00:00:00.000+00:00
1g3b,2000-10-23T00:00:00.000+00:00
1g3c,2000-10-23T00:00:00.000+00:00
1g3d,2000-10-23T00:00:00.000+00:00
1g3e,2000-10-23T00:00:00.000+00:00
1g3f,2000-10-24T00:00:00.000+00:00
1g3m,2000-10-24T00:00:00.000+00:00
1g45,2000-10-26T00:00:00.000+00:00
1g46,2000-10-26T00:00:00.000+00:00
1g48,2000-10-26T00:00:00.000+00:00
1g49,2000-10-26T00:00:00.000+00:00
1g4j,2000-10-27T00:00:00.000+00:00
1g4k,2000-10-27T00:00:00.000+00:00
1g4o,2000-10-27T00:00:00.000+00:00
1g50,2000-10-30T00:00:00.000+00:00
1g52,2000-10-30T00:00:00.000+00:00
1g53,2000-10-30T00:00:00.000+00:00
1g54,2000-10-30T00:00:00.000+00:00
1g5f,2000-11-01T00:00:00.000+00:00
1g5s,2000-11-02T00:00:00.000+00:00
1g6g,2000-11-06T00:00:00.000+00:00
1g6r,2000-11-07T00:00:00.000+00:00
1g6s,2000-11-07T00:00:00.000+00:00
1g74,2000-11-08T00:00:00.000+00:00
1g7f,2000-11-10T00:00:00.000+00:00
1g7g,2000-11-10T00:00:00.000+00:00
1g7p,2000-11-13T00:00:00.000+00:00
1g7q,2000-11-13T00:00:00.000+00:00
1g7v,2000-11-14T00:00:00.000+00:00
1g85,2000-11-16T00:00:00.000+00:00
1g98,2000-11-22T00:00:00.000+00:00
1g9a,2000-11-22T00:00:00.000+00:00
1g9b,2000-11-22T00:00:00.000+00:00
1g9c,2000-11-22T00:00:00.000+00:00
1g9d,2000-11-22T00:00:00.000+00:00
1g9r,2000-11-27T00:00:00.000+00:00
1g9s,2000-11-27T00:00:00.000+00:00
1g9t,2000-11-28T00:00:00.000+00:00
1ga8,2000-11-29T00:00:00.000+00:00
1ga9,2000-11-29T00:00:00.000+00:00
1gaf,1996-02-06T00:00:00.000+00:00
1gag,2000-11-29T00:00:00.000+00:00
1gah,1996-03-06T00:00:00.000+00:00
1gai,1996-03-06T00:00:00.000+00:00
1gar,1994-12-08T00:00:00.000+00:00
1gbq,1996-12-23T00:00:00.000+00:00
1gbt,1991-09-17T00:00:00.000+00:00
1gca,1993-05-13T00:00:00.000+00:00
1gcz,2000-08-24T00:00:00.000+00:00
1gfw,2000-06-16T00:00:00.000+00:00
1gfy,2000-06-26T00:00:00.000+00:00
1gfz,2000-06-29T00:00:00.000+00:00
1ggd,2000-08-14T00:00:00.000+00:00
1ggn,2000-08-29T00:00:00.000+00:00
1ghv,2001-01-22T00:00:00.000+00:00
1ghw,2001-01-22T00:00:00.000+00:00
1ghy,2001-01-22T00:00:00.000+00:00
1ghz,2001-01-22T00:00:00.000+00:00
1gi1,2001-01-22T00:00:00.000+00:00
1gi4,2001-01-22T00:00:00.000+00:00
1gi6,2001-01-22T00:00:00.000+00:00
1gi7,2001-01-22T00:00:00.000+00:00
1gi8,2001-01-22T00:00:00.000+00:00
1gi9,2001-01-22T00:00:00.000+00:00
1gj4,2001-04-27T00:00:00.000+00:00
1gj5,2001-04-27T00:00:00.000+00:00
1gj6,2001-04-27T00:00:00.000+00:00
1gj7,2001-04-27T00:00:00.000+00:00
1gj8,2001-04-27T00:00:00.000+00:00
1gja,2001-04-27T00:00:00.000+00:00
1gjb,2001-04-27T00:00:00.000+00:00
1gjc,2001-04-27T00:00:00.000+00:00
1gjd,2001-05-03T00:00:00.000+00:00
1gmy,2001-09-25T00:00:00.000+00:00
1gni,2001-10-05T00:00:00.000+00:00
1gnj,2001-10-05T00:00:00.000+00:00
1gnm,1996-05-04T00:00:00.000+00:00
1gnn,1996-05-04T00:00:00.000+00:00
1gno,1996-05-04T00:00:00.000+00:00
1gny,2001-10-10T00:00:00.000+00:00
1gpy,1993-03-31T00:00:00.000+00:00
1gqs,2001-12-04T00:00:00.000+00:00
1grp,1995-10-12T00:00:00.000+00:00
1gsf,1995-06-09T00:00:00.000+00:00
1gsz,2002-01-09T00:00:00.000+00:00
1gt1,2002-01-10T00:00:00.000+00:00
1gt3,2002-01-10T00:00:00.000+00:00
1gt4,2002-01-10T00:00:00.000+00:00
1gt5,2002-01-10T00:00:00.000+00:00
1gu1,2002-01-22T00:00:00.000+00:00
1gu3,2002-01-22T00:00:00.000+00:00
1gui,2002-01-27T00:00:00.000+00:00
1guw,2002-02-01T00:00:00.000+00:00
1gux,1997-11-15T00:00:00.000+00:00
1gvk,2002-02-14T00:00:00.000+00:00
1gvu,2002-02-27T00:00:00.000+00:00
1gvx,2002-02-27T00:00:00.000+00:00
1gwm,2002-03-19T00:00:00.000+00:00
1gwq,2002-03-22T00:00:00.000+00:00
1gwr,2002-03-22T00:00:00.000+00:00
1gwv,2002-03-26T00:00:00.000+00:00
1gww,2002-03-26T00:00:00.000+00:00
1gx0,2002-03-26T00:00:00.000+00:00
1gx4,2002-03-27T00:00:00.000+00:00
1gx8,2002-03-29T00:00:00.000+00:00
1gym,1996-05-02T00:00:00.000+00:00
1gyx,2002-04-30T00:00:00.000+00:00
1gyy,2002-04-30T00:00:00.000+00:00
1gz3,2002-05-14T00:00:00.000+00:00
1gz4,2002-05-15T00:00:00.000+00:00
1gz9,2002-05-17T00:00:00.000+00:00
1gzc,2002-05-17T00:00:00.000+00:00
1gzg,2002-05-21T00:00:00.000+00:00
1gzv,2002-06-06T00:00:00.000+00:00
1h00,2002-06-10T00:00:00.000+00:00
1h01,2002-06-10T00:00:00.000+00:00
1h08,2002-06-11T00:00:00.000+00:00
1h0a,2002-06-12T00:00:00.000+00:00
1h0r,2002-06-27T00:00:00.000+00:00
1h0w,2002-06-27T00:00:00.000+00:00
1h1b,2002-07-05T00:00:00.000+00:00
1h1d,2002-07-12T00:00:00.000+00:00
1h1h,2002-07-15T00:00:00.000+00:00
1h1p,2002-07-21T00:00:00.000+00:00
1h1q,2002-07-21T00:00:00.000+00:00
1h1r,2002-07-21T00:00:00.000+00:00
1h1s,2002-07-21T00:00:00.000+00:00
1h24,2002-07-31T00:00:00.000+00:00
1h25,2002-07-31T00:00:00.000+00:00
1h26,2002-07-31T00:00:00.000+00:00
1h27,2002-07-31T00:00:00.000+00:00
1h28,2002-07-31T00:00:00.000+00:00
1h2k,2002-08-12T00:00:00.000+00:00
1h2t,2002-08-16T00:00:00.000+00:00
1h2u,2002-08-16T00:00:00.000+00:00
1h35,2002-08-24T00:00:00.000+00:00
1h36,2002-08-24T00:00:00.000+00:00
1h37,2002-08-24T00:00:00.000+00:00
1h39,2002-08-24T00:00:00.000+00:00
1h3a,2002-08-24T00:00:00.000+00:00
1h3b,2002-08-25T00:00:00.000+00:00
1h3c,2002-08-25T00:00:00.000+00:00
1h3h,2002-09-03T00:00:00.000+00:00
1h46,2002-10-03T00:00:00.000+00:00
1h4n,1997-05-29T00:00:00.000+00:00
1h4w,2001-05-15T00:00:00.000+00:00
1h5u,2001-05-25T00:00:00.000+00:00
1h5v,2001-05-28T00:00:00.000+00:00
1h60,2001-06-04T00:00:00.000+00:00
1h61,2001-06-04T00:00:00.000+00:00
1h62,2001-06-04T00:00:00.000+00:00
1h6e,2001-06-12T00:00:00.000+00:00
1h6h,2001-06-15T00:00:00.000+00:00
1h79,2001-07-04T00:00:00.000+00:00
1h7a,2001-07-04T00:00:00.000+00:00
1h8l,2001-02-09T00:00:00.000+00:00
1h8s,2001-02-15T00:00:00.000+00:00
1h8y,2001-02-17T00:00:00.000+00:00
1h9l,2001-03-13T00:00:00.000+00:00
1h9z,2001-03-23T00:00:00.000+00:00
1ha2,2001-03-23T00:00:00.000+00:00
1haa,2001-04-05T00:00:00.000+00:00
1hbj,2001-04-16T00:00:00.000+00:00
1hbv,1995-03-29T00:00:00.000+00:00
1hc9,2001-05-02T00:00:00.000+00:00
1hdq,2000-11-17T00:00:00.000+00:00
1hdt,1994-07-25T00:00:00.000+00:00
1hee,2000-11-22T00:00:00.000+00:00
1hef,1992-09-21T00:00:00.000+00:00
1heg,1992-09-21T00:00:00.000+00:00
1hge,1991-11-01T00:00:00.000+00:00
1hgi,1991-11-01T00:00:00.000+00:00
1hgj,1991-11-01T00:00:00.000+00:00
1hgt,1991-06-03T00:00:00.000+00:00
1hi3,2001-01-02T00:00:00.000+00:00
1hi4,2001-01-02T00:00:00.000+00:00
1hi5,2001-01-02T00:00:00.000+00:00
1hih,1995-03-31T00:00:00.000+00:00
1hii,1995-03-31T00:00:00.000+00:00
1him,1992-07-08T00:00:00.000+00:00
1hiv,1992-02-12T00:00:00.000+00:00
1hiy,2001-01-05T00:00:00.000+00:00
1hk1,2003-03-05T00:00:00.000+00:00
1hk2,2003-03-05T00:00:00.000+00:00
1hk3,2003-03-05T00:00:00.000+00:00
1hk4,2003-03-05T00:00:00.000+00:00
1hk5,2003-03-05T00:00:00.000+00:00
1hkj,2003-03-10T00:00:00.000+00:00
1hkk,2003-03-10T00:00:00.000+00:00
1hkm,2003-03-10T00:00:00.000+00:00
1hlf,2000-12-01T00:00:00.000+00:00
1hlk,2000-12-01T00:00:00.000+00:00
1hmr,1994-01-02T00:00:00.000+00:00
1hms,1994-01-02T00:00:00.000+00:00
1hmt,1994-01-02T00:00:00.000+00:00
1hn2,2000-12-05T00:00:00.000+00:00
1hn4,2000-12-06T00:00:00.000+00:00
1hos,1993-04-06T00:00:00.000+00:00
1hp0,2000-12-12T00:00:00.000+00:00
1hp5,2000-12-12T00:00:00.000+00:00
1hpo,1996-12-10T00:00:00.000+00:00
1hps,1994-05-24T00:00:00.000+00:00
1hpv,1994-11-18T00:00:00.000+00:00
1hpx,1995-05-18T00:00:00.000+00:00
1hq5,2000-12-14T00:00:00.000+00:00
1hqf,2000-12-16T00:00:00.000+00:00
1hqg,2000-12-16T00:00:00.000+00:00
1hqh,2000-12-16T00:00:00.000+00:00
1hrn,1995-03-31T00:00:00.000+00:00
1hs6,2000-12-24T00:00:00.000+00:00
1hsg,1995-03-31T00:00:00.000+00:00
1hsh,1995-03-31T00:00:00.000+00:00
1hsl,1994-01-03T00:00:00.000+00:00
1hte,1994-04-29T00:00:00.000+00:00
1htf,1994-04-29T00:00:00.000+00:00
1htg,1994-04-29T00:00:00.000+00:00
1hti,1994-10-12T00:00:00.000+00:00
1hty,2001-01-02T00:00:00.000+00:00
1hvh,1997-12-13T00:00:00.000+00:00
1hvi,1994-01-26T00:00:00.000+00:00
1hvj,1994-01-26T00:00:00.000+00:00
1hvk,1994-01-26T00:00:00.000+00:00
1hvl,1994-01-26T00:00:00.000+00:00
1hvr,1994-02-14T00:00:00.000+00:00
1hvs,1994-11-17T00:00:00.000+00:00
1hvy,2001-01-08T00:00:00.000+00:00
1hwr,1998-03-20T00:00:00.000+00:00
1hww,2001-01-10T00:00:00.000+00:00
1hxb,1996-09-13T00:00:00.000+00:00
1hxk,2001-01-16T00:00:00.000+00:00
1hxw,1997-01-24T00:00:00.000+00:00
1hy7,2001-01-18T00:00:00.000+00:00
1hyo,2001-01-21T00:00:00.000+00:00
1hyv,2001-01-22T00:00:00.000+00:00
1hyz,2001-01-22T00:00:00.000+00:00
1i00,2001-01-27T00:00:00.000+00:00
1i1e,2001-02-01T00:00:00.000+00:00
1i2s,2001-02-12T00:00:00.000+00:00
1i32,2001-02-12T00:00:00.000+00:00
1i33,2001-02-12T00:00:00.000+00:00
1i37,2001-02-13T00:00:00.000+00:00
1i3z,2001-02-19T00:00:00.000+00:00
1i41,2001-02-19T00:00:00.000+00:00
1i43,2001-02-19T00:00:00.000+00:00
1i48,2001-02-20T00:00:00.000+00:00
1i5d,2001-02-26T00:00:00.000+00:00
1i5h,2001-02-27T00:00:00.000+00:00
1i5r,2001-02-28T00:00:00.000+00:00
1i6v,2001-03-05T00:00:00.000+00:00
1i72,2001-03-07T00:00:00.000+00:00
1i7c,2001-03-08T00:00:00.000+00:00
1i7g,2001-03-09T00:00:00.000+00:00
1i7i,2001-03-09T00:00:00.000+00:00
1i7m,2001-03-09T00:00:00.000+00:00
1i7z,2001-03-12T00:00:00.000+00:00
1i80,2001-03-12T00:00:00.000+00:00
1i8h,2001-03-14T00:00:00.000+00:00
1i8i,2001-03-14T00:00:00.000+00:00
1i8j,2001-03-14T00:00:00.000+00:00
1i8z,2001-03-16T00:00:00.000+00:00
1i90,2001-03-16T00:00:00.000+00:00
1i91,2001-03-16T00:00:00.000+00:00
1i9l,2001-03-20T00:00:00.000+00:00
1i9m,2001-03-20T00:00:00.000+00:00
1i9n,2001-03-20T00:00:00.000+00:00
1i9o,2001-03-20T00:00:00.000+00:00
1i9p,2001-03-20T00:00:00.000+00:00
1i9q,2001-03-20T00:00:00.000+00:00
1iau,2001-03-23T00:00:00.000+00:00
1ibc,1997-02-12T00:00:00.000+00:00
1ibg,1994-10-25T00:00:00.000+00:00
1icj,1998-03-12T00:00:00.000+00:00
1ida,1994-10-19T00:00:00.000+00:00
1idb,1994-10-19T00:00:00.000+00:00
1idg,2001-04-04T00:00:00.000+00:00
1ie9,2001-04-09T00:00:00.000+00:00
1iem,2001-04-10T00:00:00.000+00:00
1iep,2001-04-10T00:00:00.000+00:00
1iew,2001-04-11T00:00:00.000+00:00
1if7,2001-04-12T00:00:00.000+00:00
1if8,2001-04-12T00:00:00.000+00:00
1igb,1996-02-27T00:00:00.000+00:00
1ih0,2001-04-18T00:00:00.000+00:00
1iht,1993-08-04T00:00:00.000+00:00
1ihy,2001-04-20T00:00:00.000+00:00
1ii5,2001-04-20T00:00:00.000+00:00
1iig,2001-04-23T00:00:00.000+00:00
1iih,2001-04-23T00:00:00.000+00:00
1iiq,2001-04-24T00:00:00.000+00:00
1ijr,2001-04-27T00:00:00.000+00:00
1ik4,2001-05-02T00:00:00.000+00:00
1ikt,2001-05-07T00:00:00.000+00:00
1ikv,2001-05-07T00:00:00.000+00:00
1ikw,2001-05-07T00:00:00.000+00:00
1ikx,2001-05-07T00:00:00.000+00:00
1iky,2001-05-07T00:00:00.000+00:00
1il3,2001-05-07T00:00:00.000+00:00
1il4,2001-05-07T00:00:00.000+00:00
1il5,2001-05-07T00:00:00.000+00:00
1il9,2001-05-07T00:00:00.000+00:00
1ilh,2001-05-08T00:00:00.000+00:00
1ilq,1998-12-17T00:00:00.000+00:00
1imx,2001-05-11T00:00:00.000+00:00
1inc,1993-03-19T00:00:00.000+00:00
1ind,1993-06-14T00:00:00.000+00:00
1inf,1995-07-07T00:00:00.000+00:00
1ing,1995-07-07T00:00:00.000+00:00
1inh,1995-07-07T00:00:00.000+00:00
1inq,2001-05-14T00:00:00.000+00:00
1iq1,2001-05-28T00:00:00.000+00:00
1irs,1996-03-22T00:00:00.000+00:00
1is0,2001-11-02T00:00:00.000+00:00
1it6,2002-01-09T00:00:00.000+00:00
1iup,2002-03-06T00:00:00.000+00:00
1ivp,1993-03-18T00:00:00.000+00:00
1iwq,2002-05-31T00:00:00.000+00:00
1iy7,2002-07-24T00:00:00.000+00:00
1iyl,2002-08-29T00:00:00.000+00:00
1izh,2002-10-02T00:00:00.000+00:00
1izi,2002-10-02T00:00:00.000+00:00
1j01,2002-10-25T00:00:00.000+00:00
1j07,2002-11-07T00:00:00.000+00:00
1j14,2002-11-30T00:00:00.000+00:00
1j15,2002-11-30T00:00:00.000+00:00
1j16,2002-11-30T00:00:00.000+00:00
1j17,2002-11-30T00:00:00.000+00:00
1j19,2002-12-02T00:00:00.000+00:00
1j1a,2002-12-03T00:00:00.000+00:00
1j36,2003-01-20T00:00:00.000+00:00
1j37,2003-01-20T00:00:00.000+00:00
1j4k,2001-10-03T00:00:00.000+00:00
1j4p,2001-10-22T00:00:00.000+00:00
1j4q,2001-10-22T00:00:00.000+00:00
1j4r,2001-10-29T00:00:00.000+00:00
1j5i,2002-05-02T00:00:00.000+00:00
1j7z,2001-05-19T00:00:00.000+00:00
1j80,2001-05-19T00:00:00.000+00:00
1j81,2001-05-19T00:00:00.000+00:00
1jak,2001-05-30T00:00:00.000+00:00
1jao,1996-03-11T00:00:00.000+00:00
1jaq,1996-03-11T00:00:00.000+00:00
1jbd,2001-06-04T00:00:00.000+00:00
1jcx,2001-06-11T00:00:00.000+00:00
1jd0,2001-06-11T00:00:00.000+00:00
1jd5,2001-06-12T00:00:00.000+00:00
1jd6,2001-06-12T00:00:00.000+00:00
1jdj,2001-06-14T00:00:00.000+00:00
1jet,1996-07-03T00:00:00.000+00:00
1jeu,1996-07-03T00:00:00.000+00:00
1jev,1996-07-03T00:00:00.000+00:00
1jfh,1997-09-19T00:00:00.000+00:00
1jg0,2001-06-22T00:00:00.000+00:00
1jgl,2001-06-26T00:00:00.000+00:00
1jh1,2001-06-27T00:00:00.000+00:00
1jif,2001-07-02T00:00:00.000+00:00
1jii,2001-07-02T00:00:00.000+00:00
1jij,2001-07-02T00:00:00.000+00:00
1jik,2001-07-02T00:00:00.000+00:00
1jil,2001-07-02T00:00:00.000+00:00
1jiz,2001-07-03T00:00:00.000+00:00
1jj9,2001-07-04T00:00:00.000+00:00
1jje,2001-07-04T00:00:00.000+00:00
1jjk,2001-07-06T00:00:00.000+00:00
1jjt,2001-07-09T00:00:00.000+00:00
1jk7,2001-07-11T00:00:00.000+00:00
1jld,1997-05-31T00:00:00.000+00:00
1jlq,2001-07-16T00:00:00.000+00:00
1jlr,2001-07-16T00:00:00.000+00:00
1jlx,1997-07-23T00:00:00.000+00:00
1jm4,2001-07-17T00:00:00.000+00:00
1jmf,1997-09-13T00:00:00.000+00:00
1jmg,1997-09-13T00:00:00.000+00:00
1jmi,1997-09-13T00:00:00.000+00:00
1jmq,2001-07-19T00:00:00.000+00:00
1jn2,2001-07-22T00:00:00.000+00:00
1jn4,2001-07-23T00:00:00.000+00:00
1joc,2001-07-27T00:00:00.000+00:00
1joj,2001-07-30T00:00:00.000+00:00
1jp5,2001-08-01T00:00:00.000+00:00
1jpl,2001-08-02T00:00:00.000+00:00
1jq3,2001-08-03T00:00:00.000+00:00
1jq8,2001-08-04T00:00:00.000+00:00
1jq9,2001-08-04T00:00:00.000+00:00
1jqd,2001-08-06T00:00:00.000+00:00
1jqe,2001-08-06T00:00:00.000+00:00
1jqy,2001-08-09T00:00:00.000+00:00
1jr1,2001-08-09T00:00:00.000+00:00
1jrs,1996-02-07T00:00:00.000+00:00
1jsv,2001-08-19T00:00:00.000+00:00
1jt1,
1jtq,2001-08-21T00:00:00.000+00:00
1juf,2001-08-24T00:00:00.000+00:00
1juj,2001-08-24T00:00:00.000+00:00
1juq,2001-08-26T00:00:00.000+00:00
1jut,2001-08-27T00:00:00.000+00:00
1juy,1996-09-25T00:00:00.000+00:00
1jvp,2001-08-31T00:00:00.000+00:00
1jvu,2001-08-31T00:00:00.000+00:00
1jwm,2001-09-04T00:00:00.000+00:00
1jws,2001-09-05T00:00:00.000+00:00
1jwt,2001-09-05T00:00:00.000+00:00
1jwu,2001-09-05T00:00:00.000+00:00
1jyc,2001-09-12T00:00:00.000+00:00
1jyi,2001-09-12T00:00:00.000+00:00
1jys,2001-09-13T00:00:00.000+00:00
1jzs,2001-09-17T00:00:00.000+00:00
1k03,2001-09-18T00:00:00.000+00:00
1k06,2001-09-18T00:00:00.000+00:00
1k08,2001-09-18T00:00:00.000+00:00
1k1j,2001-09-25T00:00:00.000+00:00
1k1l,2001-09-25T00:00:00.000+00:00
1k1m,2001-09-25T00:00:00.000+00:00
1k1n,2001-09-25T00:00:00.000+00:00
1k1o,2001-09-25T00:00:00.000+00:00
1k1p,2001-09-25T00:00:00.000+00:00
1k1y,2001-09-26T00:00:00.000+00:00
1k21,2001-09-26T00:00:00.000+00:00
1k22,2001-09-26T00:00:00.000+00:00
1k27,2001-09-26T00:00:00.000+00:00
1k2i,2001-09-27T00:00:00.000+00:00
1k2v,2001-09-29T00:00:00.000+00:00
1k3n,2001-10-03T00:00:00.000+00:00
1k3q,2001-10-03T00:00:00.000+00:00
1k3t,2001-10-04T00:00:00.000+00:00
1k4g,2001-10-08T00:00:00.000+00:00
1k4h,2001-10-08T00:00:00.000+00:00
1k6c,2001-10-15T00:00:00.000+00:00
1k6p,2001-10-16T00:00:00.000+00:00
1k6t,2001-10-17T00:00:00.000+00:00
1k6v,2001-10-17T00:00:00.000+00:00
1k9q,2001-10-30T00:00:00.000+00:00
1k9r,2001-10-30T00:00:00.000+00:00
1k9s,2001-10-30T00:00:00.000+00:00
1ka7,2001-10-31T00:00:00.000+00:00
1kak,2001-11-02T00:00:00.000+00:00
1kat,2001-11-02T00:00:00.000+00:00
1kav,2001-11-03T00:00:00.000+00:00
1kc5,2001-11-07T00:00:00.000+00:00
1kc7,2001-11-07T00:00:00.000+00:00
1kcs,2001-11-11T00:00:00.000+00:00
1kdk,2001-11-13T00:00:00.000+00:00
1kds,2001-11-13T00:00:00.000+00:00
1kdw,2001-11-13T00:00:00.000+00:00
1ke0,2001-11-13T00:00:00.000+00:00
1ke3,2001-11-14T00:00:00.000+00:00
1ke5,2001-11-14T00:00:00.000+00:00
1ke6,2001-11-14T00:00:00.000+00:00
1ke7,2001-11-14T00:00:00.000+00:00
1ke8,2001-11-14T00:00:00.000+00:00
1ke9,2001-11-14T00:00:00.000+00:00
1kf0,2001-11-19T00:00:00.000+00:00
1kf6,2001-11-19T00:00:00.000+00:00
1kfy,2001-11-24T00:00:00.000+00:00
1kjr,2001-12-05T00:00:00.000+00:00
1kkq,2001-12-10T00:00:00.000+00:00
1kl3,2001-12-11T00:00:00.000+00:00
1kl5,2001-12-11T00:00:00.000+00:00
1klg,2001-12-11T00:00:00.000+00:00
1kll,2001-12-12T00:00:00.000+00:00
1klu,2001-12-12T00:00:00.000+00:00
1km3,2001-12-13T00:00:00.000+00:00
1kmv,2001-12-17T00:00:00.000+00:00
1kmy,2001-12-17T00:00:00.000+00:00
1kna,2001-12-18T00:00:00.000+00:00
1kne,2001-12-18T00:00:00.000+00:00
1koj,2001-12-20T00:00:00.000+00:00
1kpm,2002-01-01T00:00:00.000+00:00
1kqb,2002-01-04T00:00:00.000+00:00
1kr3,2002-01-08T00:00:00.000+00:00
1ksn,2002-01-14T00:00:00.000+00:00
1kti,2002-01-16T00:00:00.000+00:00
1ktt,2002-01-17T00:00:00.000+00:00
1kug,2002-01-22T00:00:00.000+00:00
1kui,2002-01-22T00:00:00.000+00:00
1kuk,2002-01-22T00:00:00.000+00:00
1kv1,2002-01-23T00:00:00.000+00:00
1kv2,2002-01-23T00:00:00.000+00:00
1kv5,2002-01-25T00:00:00.000+00:00
1kvo,1996-07-29T00:00:00.000+00:00
1kwq,2002-01-30T00:00:00.000+00:00
1kwr,2002-01-30T00:00:00.000+00:00
1kyn,2002-02-05T00:00:00.000+00:00
1kyv,2002-02-06T00:00:00.000+00:00
1kz8,2002-02-06T00:00:00.000+00:00
1kzk,2002-02-06T00:00:00.000+00:00
1kzn,2002-02-07T00:00:00.000+00:00
1l0a,2002-02-08T00:00:00.000+00:00
1l2s,2002-02-24T00:00:00.000+00:00
1l2z,2002-02-26T00:00:00.000+00:00
1l5q,2002-03-07T00:00:00.000+00:00
1l5r,2002-03-07T00:00:00.000+00:00
1l5s,2002-03-07T00:00:00.000+00:00
1l6m,2002-03-11T00:00:00.000+00:00
1l6s,2002-03-13T00:00:00.000+00:00
1l6y,2002-03-14T00:00:00.000+00:00
1l7x,2002-03-18T00:00:00.000+00:00
1l83,1992-01-21T00:00:00.000+00:00
1l8g,2002-03-20T00:00:00.000+00:00
1laf,1993-10-06T00:00:00.000+00:00
1lag,1993-10-06T00:00:00.000+00:00
1lah,1993-10-06T00:00:00.000+00:00
1lan,1995-08-11T00:00:00.000+00:00
1lb6,2002-04-02T00:00:00.000+00:00
1lbf,2002-04-03T00:00:00.000+00:00
1lcj,1994-12-12T00:00:00.000+00:00
1lcp,1995-05-12T00:00:00.000+00:00
1ld7,2002-04-08T00:00:00.000+00:00
1ld8,2002-04-08T00:00:00.000+00:00
1lee,2002-04-09T00:00:00.000+00:00
1leg,2002-04-09T00:00:00.000+00:00
1lek,2002-04-09T00:00:00.000+00:00
1lev,2002-04-10T00:00:00.000+00:00
1lf2,2002-04-10T00:00:00.000+00:00
1lf3,2002-04-10T00:00:00.000+00:00
1lf9,2002-04-10T00:00:00.000+00:00
1lfo,1996-12-09T00:00:00.000+00:00
1lgt,2002-04-16T00:00:00.000+00:00
1lgw,2002-04-16T00:00:00.000+00:00
1lhc,1994-12-27T00:00:00.000+00:00
1lhd,1994-12-27T00:00:00.000+00:00
1lhe,1994-12-27T00:00:00.000+00:00
1lhf,1994-12-27T00:00:00.000+00:00
1lhg,1994-12-27T00:00:00.000+00:00
1lhu,2002-04-17T00:00:00.000+00:00
1lhv,2002-04-17T00:00:00.000+00:00
1lhw,2002-04-17T00:00:00.000+00:00
1li2,2002-04-17T00:00:00.000+00:00
1li3,2002-04-17T00:00:00.000+00:00
1li6,2002-04-17T00:00:00.000+00:00
1ljt,2002-04-22T00:00:00.000+00:00
1lke,2002-04-25T00:00:00.000+00:00
1lkk,1995-11-10T00:00:00.000+00:00
1lkl,1995-11-10T00:00:00.000+00:00
1lkx,2002-04-26T00:00:00.000+00:00
1ll4,2002-04-26T00:00:00.000+00:00
1llb,2002-04-26T00:00:00.000+00:00
1lnm,2002-05-03T00:00:00.000+00:00
1los,2002-05-06T00:00:00.000+00:00
1lox,1997-10-06T00:00:00.000+00:00
1lpk,2002-05-08T00:00:00.000+00:00
1lpz,2002-05-08T00:00:00.000+00:00
1lq2,2002-05-09T00:00:00.000+00:00
1lqd,2002-05-10T00:00:00.000+00:00
1lqe,2002-05-10T00:00:00.000+00:00
1lqf,2002-05-10T00:00:00.000+00:00
1lrh,2002-05-15T00:00:00.000+00:00
1lrt,2002-05-15T00:00:00.000+00:00
1lst,1993-02-25T00:00:00.000+00:00
1lt5,1997-09-30T00:00:00.000+00:00
1lt6,1997-10-01T00:00:00.000+00:00
1lv8,2002-05-27T00:00:00.000+00:00
1lvc,2002-05-28T00:00:00.000+00:00
1lvu,2002-05-29T00:00:00.000+00:00
1lxf,2002-06-05T00:00:00.000+00:00
1lxh,2002-06-05T00:00:00.000+00:00
1lyb,1993-04-22T00:00:00.000+00:00
1lyx,2002-06-10T00:00:00.000+00:00
1lzo,2002-06-11T00:00:00.000+00:00
1lzq,2002-06-11T00:00:00.000+00:00
1m0b,2002-06-12T00:00:00.000+00:00
1m0n,2002-06-13T00:00:00.000+00:00
1m0o,2002-06-13T00:00:00.000+00:00
1m0q,2002-06-13T00:00:00.000+00:00
1m13,2002-06-17T00:00:00.000+00:00
1m1b,2002-06-18T00:00:00.000+00:00
1m21,2002-06-21T00:00:00.000+00:00
1m2p,2002-06-25T00:00:00.000+00:00
1m2q,2002-06-25T00:00:00.000+00:00
1m2r,2002-06-25T00:00:00.000+00:00
1m2x,2002-06-26T00:00:00.000+00:00
1m48,2002-07-02T00:00:00.000+00:00
1m4h,2002-07-02T00:00:00.000+00:00
1m51,2002-07-06T00:00:00.000+00:00
1m5b,2002-07-09T00:00:00.000+00:00
1m5c,2002-07-09T00:00:00.000+00:00
1m5d,2002-07-09T00:00:00.000+00:00
1m5e,2002-07-09T00:00:00.000+00:00
1m5f,2002-07-09T00:00:00.000+00:00
1m5w,2002-07-10T00:00:00.000+00:00
1m6p,1998-04-19T00:00:00.000+00:00
1m74,2002-07-16T00:00:00.000+00:00
1m7d,2002-07-19T00:00:00.000+00:00
1m7i,2002-07-19T00:00:00.000+00:00
1m7q,2002-07-22T00:00:00.000+00:00
1m7y,2002-07-23T00:00:00.000+00:00
1m83,2002-07-24T00:00:00.000+00:00
1m9n,2002-07-29T00:00:00.000+00:00
1mai,1996-05-23T00:00:00.000+00:00
1mau,2002-08-02T00:00:00.000+00:00
1maw,2002-08-02T00:00:00.000+00:00
1mcz,2002-08-06T00:00:00.000+00:00
1mdl,1996-03-29T00:00:00.000+00:00
1me3,2002-08-07T00:00:00.000+00:00
1me4,2002-08-07T00:00:00.000+00:00
1me7,2002-08-08T00:00:00.000+00:00
1me8,2002-08-08T00:00:00.000+00:00
1mem,1997-01-08T00:00:00.000+00:00
1mes,1997-04-11T00:00:00.000+00:00
1met,1997-04-11T00:00:00.000+00:00
1meu,1997-04-11T00:00:00.000+00:00
1mf4,2002-08-09T00:00:00.000+00:00
1mfa,1993-10-25T00:00:00.000+00:00
1mfd,1993-10-25T00:00:00.000+00:00
1mfg,2002-08-10T00:00:00.000+00:00
1mfi,1998-08-12T00:00:00.000+00:00
1mh5,2002-08-19T00:00:00.000+00:00
1mhw,2002-08-21T00:00:00.000+00:00
1mik,1995-09-20T00:00:00.000+00:00
1mj7,2002-08-27T00:00:00.000+00:00
1mjj,2002-08-28T00:00:00.000+00:00
1mkd,2002-08-29T00:00:00.000+00:00
1ml1,1996-09-27T00:00:00.000+00:00
1mm6,2002-09-03T00:00:00.000+00:00
1mm7,2002-09-03T00:00:00.000+00:00
1mmp,1995-03-22T00:00:00.000+00:00
1mmq,1995-03-22T00:00:00.000+00:00
1mmr,1995-03-22T00:00:00.000+00:00
1mn9,2002-09-05T00:00:00.000+00:00
1mnc,1994-01-12T00:00:00.000+00:00
1mns,1993-07-06T00:00:00.000+00:00
1moq,1997-04-11T00:00:00.000+00:00
1mpa,1997-02-26T00:00:00.000+00:00
1mpl,2002-09-12T00:00:00.000+00:00
1mq1,2002-09-13T00:00:00.000+00:00
1mq5,2002-09-13T00:00:00.000+00:00
1mqd,2002-09-16T00:00:00.000+00:00
1mqg,2002-09-16T00:00:00.000+00:00
1mqh,2002-09-16T00:00:00.000+00:00
1mqi,2002-09-16T00:00:00.000+00:00
1mqj,2002-09-16T00:00:00.000+00:00
1mrn,2002-09-18T00:00:00.000+00:00
1mrs,2002-09-18T00:00:00.000+00:00
1mrw,2002-09-18T00:00:00.000+00:00
1mrx,2002-09-18T00:00:00.000+00:00
1ms0,2002-09-19T00:00:00.000+00:00
1ms6,2002-09-19T00:00:00.000+00:00
1ms7,2002-09-19T00:00:00.000+00:00
1msm,2002-09-19T00:00:00.000+00:00
1msn,2002-09-19T00:00:00.000+00:00
1mto,2002-09-21T00:00:00.000+00:00
1mtr,1996-02-15T00:00:00.000+00:00
1mu6,2002-09-23T00:00:00.000+00:00
1mu8,2002-09-23T00:00:00.000+00:00
1mue,2002-09-23T00:00:00.000+00:00
1mui,2002-09-23T00:00:00.000+00:00
1mv0,2002-09-24T00:00:00.000+00:00
1mwn,2002-09-30T00:00:00.000+00:00
1mwt,2002-10-01T00:00:00.000+00:00
1mx1,2002-10-01T00:00:00.000+00:00
1mxl,1999-04-22T00:00:00.000+00:00
1mxo,2002-10-02T00:00:00.000+00:00
1mxu,2002-10-03T00:00:00.000+00:00
1my2,2002-10-03T00:00:00.000+00:00
1my3,2002-10-03T00:00:00.000+00:00
1my4,2002-10-03T00:00:00.000+00:00
1my8,2002-10-03T00:00:00.000+00:00
1mzc,2002-10-07T00:00:00.000+00:00
1mzs,2002-10-09T00:00:00.000+00:00
1n0s,2002-10-15T00:00:00.000+00:00
1n0t,2002-10-15T00:00:00.000+00:00
1n1g,2002-10-17T00:00:00.000+00:00
1n1t,2002-10-20T00:00:00.000+00:00
1n1v,2002-10-21T00:00:00.000+00:00
1n3i,2002-10-28T00:00:00.000+00:00
1n3w,2002-10-29T00:00:00.000+00:00
1n3z,2002-10-30T00:00:00.000+00:00
1n43,2002-10-30T00:00:00.000+00:00
1n46,2002-10-30T00:00:00.000+00:00
1n4h,2002-10-31T00:00:00.000+00:00
1n4k,2002-10-31T00:00:00.000+00:00
1n4m,2002-10-31T00:00:00.000+00:00
1n51,2002-11-03T00:00:00.000+00:00
1n5r,2002-11-07T00:00:00.000+00:00
1n5z,2002-11-08T00:00:00.000+00:00
1n7i,2002-11-15T00:00:00.000+00:00
1n7j,2002-11-15T00:00:00.000+00:00
1n7m,2002-11-15T00:00:00.000+00:00
1n7t,2002-11-16T00:00:00.000+00:00
1n8u,2002-11-21T00:00:00.000+00:00
1n8v,2002-11-21T00:00:00.000+00:00
1n94,2002-11-22T00:00:00.000+00:00
1n95,2002-11-22T00:00:00.000+00:00
1n9a,2002-11-22T00:00:00.000+00:00
1n9m,2002-11-25T00:00:00.000+00:00
1nax,2002-11-29T00:00:00.000+00:00
1nc6,2002-12-04T00:00:00.000+00:00
1nd5,2002-12-07T00:00:00.000+00:00
1nde,2002-12-09T00:00:00.000+00:00
1ndj,2002-12-09T00:00:00.000+00:00
1ndv,2002-12-09T00:00:00.000+00:00
1ndw,2002-12-09T00:00:00.000+00:00
1ndy,2002-12-09T00:00:00.000+00:00
1ndz,2002-12-09T00:00:00.000+00:00
1nf8,2002-12-13T00:00:00.000+00:00
1nfs,2002-12-16T00:00:00.000+00:00
1nfu,2002-12-16T00:00:00.000+00:00
1nfw,2002-12-16T00:00:00.000+00:00
1nfx,2002-12-16T00:00:00.000+00:00
1nfy,2002-12-16T00:00:00.000+00:00
1ngw,2002-12-18T00:00:00.000+00:00
1nh0,2002-12-18T00:00:00.000+00:00
1nhg,2002-12-19T00:00:00.000+00:00
1nhu,2002-12-19T00:00:00.000+00:00
1nhv,2002-12-19T00:00:00.000+00:00
1nhw,2002-12-19T00:00:00.000+00:00
1nhx,2002-12-19T00:00:00.000+00:00
1nhz,2002-12-20T00:00:00.000+00:00
1ni1,2002-12-20T00:00:00.000+00:00
1nj1,2002-12-30T00:00:00.000+00:00
1nj5,2002-12-30T00:00:00.000+00:00
1nja,1996-01-23T00:00:00.000+00:00
1njb,1996-01-23T00:00:00.000+00:00
1njc,1996-01-23T00:00:00.000+00:00
1njd,1996-01-23T00:00:00.000+00:00
1nje,1996-01-23T00:00:00.000+00:00
1njf,2002-12-30T00:00:00.000+00:00
1njj,2002-12-31T00:00:00.000+00:00
1njs,2003-01-02T00:00:00.000+00:00
1njt,2003-01-02T00:00:00.000+00:00
1nju,2003-01-02T00:00:00.000+00:00
1nki,2003-01-03T00:00:00.000+00:00
1nkm,2003-01-03T00:00:00.000+00:00
1nl4,2003-01-06T00:00:00.000+00:00
1nl6,2003-01-06T00:00:00.000+00:00
1nl9,2003-01-06T00:00:00.000+00:00
1nli,2003-01-07T00:00:00.000+00:00
1nlj,2003-01-07T00:00:00.000+00:00
1nlo,1996-08-04T00:00:00.000+00:00
1nlp,1996-08-04T00:00:00.000+00:00
1nlt,2003-01-07T00:00:00.000+00:00
1nm6,2003-01-09T00:00:00.000+00:00
1nmk,2003-01-10T00:00:00.000+00:00
1nms,2003-01-10T00:00:00.000+00:00
1nnb,1993-03-08T00:00:00.000+00:00
1nnk,2003-01-14T00:00:00.000+00:00
1nnu,2003-01-14T00:00:00.000+00:00
1nny,2003-01-14T00:00:00.000+00:00
1no6,2003-01-15T00:00:00.000+00:00
1no9,2003-01-16T00:00:00.000+00:00
1noi,1996-03-12T00:00:00.000+00:00
1noj,1996-03-12T00:00:00.000+00:00
1nok,1996-03-12T00:00:00.000+00:00
1nox,1996-11-20T00:00:00.000+00:00
1np0,2003-01-16T00:00:00.000+00:00
1npa,2003-01-17T00:00:00.000+00:00
1npv,2003-01-20T00:00:00.000+00:00
1npw,2003-01-20T00:00:00.000+00:00
1npz,2003-01-20T00:00:00.000+00:00
1nq0,2003-01-20T00:00:00.000+00:00
1nq7,2003-01-21T00:00:00.000+00:00
1nqc,2003-01-21T00:00:00.000+00:00
1nt1,2003-01-28T00:00:00.000+00:00
1ntk,2003-01-30T00:00:00.000+00:00
1ntv,2003-01-30T00:00:00.000+00:00
1nu1,2003-01-30T00:00:00.000+00:00
1nu3,2003-01-30T00:00:00.000+00:00
1nu8,2003-01-31T00:00:00.000+00:00
1nvr,2003-02-04T00:00:00.000+00:00
1nvs,2003-02-04T00:00:00.000+00:00
1nw4,2003-02-05T00:00:00.000+00:00
1nw5,2003-02-05T00:00:00.000+00:00
1nw7,2003-02-05T00:00:00.000+00:00
1nwl,2003-02-06T00:00:00.000+00:00
1nxy,2003-02-11T00:00:00.000+00:00
1ny0,2003-02-11T00:00:00.000+00:00
1ny2,2003-02-11T00:00:00.000+00:00
1nym,2003-02-12T00:00:00.000+00:00
1nyx,2003-02-14T00:00:00.000+00:00
1nyy,2003-02-14T00:00:00.000+00:00
1nz7,2003-02-16T00:00:00.000+00:00
1nzl,2003-02-18T00:00:00.000+00:00
1nzq,2003-02-19T00:00:00.000+00:00
1nzv,2003-02-19T00:00:00.000+00:00
1o0d,2003-02-21T00:00:00.000+00:00
1o0f,2003-02-21T00:00:00.000+00:00
1o0m,2003-02-24T00:00:00.000+00:00
1o0n,2003-02-24T00:00:00.000+00:00
1o0o,2003-02-24T00:00:00.000+00:00
1o1s,2003-01-14T00:00:00.000+00:00
1o2g,2003-03-06T00:00:00.000+00:00
1o2h,2003-03-06T00:00:00.000+00:00
1o2j,2003-03-06T00:00:00.000+00:00
1o2k,2003-03-06T00:00:00.000+00:00
1o2n,2003-03-06T00:00:00.000+00:00
1o2o,2003-03-06T00:00:00.000+00:00
1o2p,2003-03-06T00:00:00.000+00:00
1o2q,2003-03-06T00:00:00.000+00:00
1o2r,2003-03-06T00:00:00.000+00:00
1o2s,2003-03-06T00:00:00.000+00:00
1o2t,2003-03-06T00:00:00.000+00:00
1o2u,2003-03-06T00:00:00.000+00:00
1o2v,2003-03-06T00:00:00.000+00:00
1o2w,2003-03-06T00:00:00.000+00:00
1o2x,2003-03-06T00:00:00.000+00:00
1o2y,2003-03-06T00:00:00.000+00:00
1o2z,2003-03-06T00:00:00.000+00:00
1o30,2003-03-06T00:00:00.000+00:00
1o32,2003-03-06T00:00:00.000+00:00
1o33,2003-03-06T00:00:00.000+00:00
1o34,2003-03-06T00:00:00.000+00:00
1o35,2003-03-06T00:00:00.000+00:00
1o36,2003-03-06T00:00:00.000+00:00
1o37,2003-03-06T00:00:00.000+00:00
1o38,2003-03-06T00:00:00.000+00:00
1o39,2003-03-06T00:00:00.000+00:00
1o3b,2003-03-06T00:00:00.000+00:00
1o3c,2003-03-06T00:00:00.000+00:00
1o3d,2003-03-06T00:00:00.000+00:00
1o3e,2003-03-06T00:00:00.000+00:00
1o3g,2003-03-06T00:00:00.000+00:00
1o3h,2003-03-06T00:00:00.000+00:00
1o3i,2003-03-06T00:00:00.000+00:00
1o3j,2003-03-06T00:00:00.000+00:00
1o3k,2003-03-06T00:00:00.000+00:00
1o3l,2003-03-06T00:00:00.000+00:00
1o3p,2003-03-06T00:00:00.000+00:00
1o41,2003-06-15T00:00:00.000+00:00
1o42,2003-06-15T00:00:00.000+00:00
1o43,2003-06-15T00:00:00.000+00:00
1o44,2003-06-15T00:00:00.000+00:00
1o45,2003-06-15T00:00:00.000+00:00
1o46,2003-06-15T00:00:00.000+00:00
1o47,2003-06-15T00:00:00.000+00:00
1o48,2003-06-15T00:00:00.000+00:00
1o49,2003-06-15T00:00:00.000+00:00
1o4a,2003-06-15T00:00:00.000+00:00
1o4b,2003-06-15T00:00:00.000+00:00
1o4d,2003-06-15T00:00:00.000+00:00
1o4e,2003-06-15T00:00:00.000+00:00
1o4f,2003-06-15T00:00:00.000+00:00
1o4g,2003-06-15T00:00:00.000+00:00
1o4h,2003-06-15T00:00:00.000+00:00
1o4i,2003-06-15T00:00:00.000+00:00
1o4j,2003-06-15T00:00:00.000+00:00
1o4k,2003-06-15T00:00:00.000+00:00
1o4l,2003-06-15T00:00:00.000+00:00
1o4m,2003-06-15T00:00:00.000+00:00
1o4n,2003-06-15T00:00:00.000+00:00
1o4o,2003-06-15T00:00:00.000+00:00
1o4p,2003-06-15T00:00:00.000+00:00
1o4q,2003-06-15T00:00:00.000+00:00
1o4r,2003-06-15T00:00:00.000+00:00
1o5a,2003-09-09T00:00:00.000+00:00
1o5c,2003-09-09T00:00:00.000+00:00
1o5e,2003-09-09T00:00:00.000+00:00
1o5f,2003-09-09T00:00:00.000+00:00
1o5g,2003-09-09T00:00:00.000+00:00
1o5m,2003-09-26T00:00:00.000+00:00
1o5p,2003-10-04T00:00:00.000+00:00
1o5r,2003-10-05T00:00:00.000+00:00
1o6h,2002-10-03T00:00:00.000+00:00
1o6i,2002-10-03T00:00:00.000+00:00
1o6q,2002-10-13T00:00:00.000+00:00
1o6r,2002-10-13T00:00:00.000+00:00
1o79,2002-10-27T00:00:00.000+00:00
1o7o,2002-11-11T00:00:00.000+00:00
1o86,2002-11-25T00:00:00.000+00:00
1o8b,2002-11-26T00:00:00.000+00:00
1o9d,2002-12-12T00:00:00.000+00:00
1o9e,2002-12-12T00:00:00.000+00:00
1o9k,2002-12-16T00:00:00.000+00:00
1oai,2003-01-14T00:00:00.000+00:00
1oar,2003-01-21T00:00:00.000+00:00
1oau,2003-01-21T00:00:00.000+00:00
1oay,2003-01-21T00:00:00.000+00:00
1oba,2003-01-29T00:00:00.000+00:00
1obx,2003-01-31T00:00:00.000+00:00
1ocn,2003-02-09T00:00:00.000+00:00
1ocq,2003-02-09T00:00:00.000+00:00
1od8,2003-02-14T00:00:00.000+00:00
1odi,2003-02-19T00:00:00.000+00:00
1odj,2003-02-19T00:00:00.000+00:00
1ody,1998-07-13T00:00:00.000+00:00
1oe0,2003-03-17T00:00:00.000+00:00
1oe7,2003-03-19T00:00:00.000+00:00
1oe8,2003-03-19T00:00:00.000+00:00
1oeb,2003-03-24T00:00:00.000+00:00
1ofz,2003-04-22T00:00:00.000+00:00
1ogd,2003-04-30T00:00:00.000+00:00
1ogg,2003-04-30T00:00:00.000+00:00
1ogu,2003-05-13T00:00:00.000+00:00
1ogx,2003-05-17T00:00:00.000+00:00
1ogz,2003-05-20T00:00:00.000+00:00
1oh4,2003-05-21T00:00:00.000+00:00
1ohr,1997-09-27T00:00:00.000+00:00
1oi9,2003-06-10T00:00:00.000+00:00
1oif,2003-06-16T00:00:00.000+00:00
1oim,2003-06-19T00:00:00.000+00:00
1oiq,2003-06-24T00:00:00.000+00:00
1oir,2003-06-24T00:00:00.000+00:00
1oit,2003-06-24T00:00:00.000+00:00
1oiu,2003-06-26T00:00:00.000+00:00
1oiy,2003-06-26T00:00:00.000+00:00
1oj5,2003-07-02T00:00:00.000+00:00
1ok7,2003-07-18T00:00:00.000+00:00
1okl,1996-06-25T00:00:00.000+00:00
1oko,2003-07-28T00:00:00.000+00:00
1okv,2003-07-30T00:00:00.000+00:00
1okw,2003-07-31T00:00:00.000+00:00
1okx,2003-07-31T00:00:00.000+00:00
1oky,2003-08-01T00:00:00.000+00:00
1okz,2003-08-01T00:00:00.000+00:00
1ol1,2003-08-04T00:00:00.000+00:00
1ol2,2003-08-05T00:00:00.000+00:00
1ols,2003-08-12T00:00:00.000+00:00
1olu,2003-08-15T00:00:00.000+00:00
1olx,2003-08-18T00:00:00.000+00:00
1om1,2003-02-24T00:00:00.000+00:00
1om2,1999-04-23T00:00:00.000+00:00
1om9,2003-02-25T00:00:00.000+00:00
1ong,2003-02-27T00:00:00.000+00:00
1onh,2003-02-27T00:00:00.000+00:00
1onp,2003-02-28T00:00:00.000+00:00
1ony,2003-03-02T00:00:00.000+00:00
1onz,2003-03-02T00:00:00.000+00:00
1opi,2003-03-05T00:00:00.000+00:00
1oq5,2003-03-07T00:00:00.000+00:00
1oqp,2003-03-10T00:00:00.000+00:00
1ork,1998-05-21T00:00:00.000+00:00
1orw,2003-03-16T00:00:00.000+00:00
1os5,2003-03-18T00:00:00.000+00:00
1osg,2003-03-19T00:00:00.000+00:00
1oss,2003-03-20T00:00:00.000+00:00
1osv,2003-03-20T00:00:00.000+00:00
1oth,1998-10-06T00:00:00.000+00:00
1ouk,2003-03-24T00:00:00.000+00:00
1ouy,2003-03-25T00:00:00.000+00:00
1ov3,2003-03-25T00:00:00.000+00:00
1ove,2003-03-26T00:00:00.000+00:00
1ow4,2003-03-28T00:00:00.000+00:00
1ow6,2003-03-28T00:00:00.000+00:00
1ow7,2003-03-28T00:00:00.000+00:00
1ow8,2003-03-28T00:00:00.000+00:00
1owd,2003-03-28T00:00:00.000+00:00
1owe,2003-03-28T00:00:00.000+00:00
1owi,2003-03-28T00:00:00.000+00:00
1owj,2003-03-28T00:00:00.000+00:00
1owk,2003-03-28T00:00:00.000+00:00
1ox9,2003-04-01T00:00:00.000+00:00
1oxg,2003-04-02T00:00:00.000+00:00
1oxn,2003-04-03T00:00:00.000+00:00
1oxq,2003-04-03T00:00:00.000+00:00
1oxr,2003-04-03T00:00:00.000+00:00
1oy7,2003-04-03T00:00:00.000+00:00
1oyn,2003-04-05T00:00:00.000+00:00
1oyq,2003-04-07T00:00:00.000+00:00
1oz0,2003-04-07T00:00:00.000+00:00
1ozv,2003-04-09T00:00:00.000+00:00
1p01,1989-04-24T00:00:00.000+00:00
1p02,1989-04-24T00:00:00.000+00:00
1p03,1989-04-24T00:00:00.000+00:00
1p04,1989-04-24T00:00:00.000+00:00
1p05,1989-04-24T00:00:00.000+00:00
1p06,1989-04-24T00:00:00.000+00:00
1p0y,2003-04-11T00:00:00.000+00:00
1p10,1989-04-24T00:00:00.000+00:00
1p17,2003-04-11T00:00:00.000+00:00
1p19,2003-04-11T00:00:00.000+00:00
1p1o,2003-04-13T00:00:00.000+00:00
1p28,2003-04-15T00:00:00.000+00:00
1p2a,2003-04-15T00:00:00.000+00:00
1p2g,2003-04-15T00:00:00.000+00:00
1p4r,2003-04-23T00:00:00.000+00:00
1p4u,2003-04-24T00:00:00.000+00:00
1p57,2003-04-25T00:00:00.000+00:00
1p5e,2003-04-26T00:00:00.000+00:00
1p6d,2003-04-29T00:00:00.000+00:00
1p6e,2003-04-29T00:00:00.000+00:00
1p7m,2003-05-02T00:00:00.000+00:00
1p93,2003-05-09T00:00:00.000+00:00
1pa9,2003-05-13T00:00:00.000+00:00
1pau,1996-06-06T00:00:00.000+00:00
1pb8,2003-05-14T00:00:00.000+00:00
1pb9,2003-05-14T00:00:00.000+00:00
1pbk,1995-09-01T00:00:00.000+00:00
1pbq,2003-05-14T00:00:00.000+00:00
1pcg,2003-05-16T00:00:00.000+00:00
1pdq,2003-05-20T00:00:00.000+00:00
1pdz,1995-06-05T00:00:00.000+00:00
1pf7,2003-05-24T00:00:00.000+00:00
1pf8,2003-05-24T00:00:00.000+00:00
1pfu,2003-05-27T00:00:00.000+00:00
1pfy,2003-05-27T00:00:00.000+00:00
1pg2,2003-05-27T00:00:00.000+00:00
1pgp,1994-07-18T00:00:00.000+00:00
1ph0,2003-05-29T00:00:00.000+00:00
1phw,2003-05-29T00:00:00.000+00:00
1pi4,2003-05-29T00:00:00.000+00:00
1pi5,2003-05-29T00:00:00.000+00:00
1pig,1996-06-15T00:00:00.000+00:00
1pip,1992-10-03T00:00:00.000+00:00
1pk0,2003-06-04T00:00:00.000+00:00
1pkx,2003-06-06T00:00:00.000+00:00
1pl0,2003-06-06T00:00:00.000+00:00
1pme,1998-06-08T00:00:00.000+00:00
1pmn,2003-06-11T00:00:00.000+00:00
1pmu,2003-06-11T00:00:00.000+00:00
1pmv,2003-06-11T00:00:00.000+00:00
1pmx,2003-06-11T00:00:00.000+00:00
1pop,1993-06-24T00:00:00.000+00:00
1pot,1996-02-02T00:00:00.000+00:00
1ppc,1991-10-24T00:00:00.000+00:00
1pph,1991-10-24T00:00:00.000+00:00
1ppi,1994-02-22T00:00:00.000+00:00
1ppk,1994-01-20T00:00:00.000+00:00
1ppl,1992-06-01T00:00:00.000+00:00
1ppm,1992-06-01T00:00:00.000+00:00
1ppw,2003-06-17T00:00:00.000+00:00
1ppx,2003-06-17T00:00:00.000+00:00
1pq3,2003-06-17T00:00:00.000+00:00
1pq6,2003-06-18T00:00:00.000+00:00
1pqc,2003-06-18T00:00:00.000+00:00
1pr1,2003-06-19T00:00:00.000+00:00
1pr5,2003-06-19T00:00:00.000+00:00
1prl,1994-10-10T00:00:00.000+00:00
1prm,1994-10-10T00:00:00.000+00:00
1pro,1995-07-18T00:00:00.000+00:00
1pu7,2003-06-24T00:00:00.000+00:00
1pu8,2003-06-24T00:00:00.000+00:00
1pum,2003-06-25T00:00:00.000+00:00
1pun,2003-06-25T00:00:00.000+00:00
1puq,2003-06-25T00:00:00.000+00:00
1pus,2003-06-25T00:00:00.000+00:00
1pvn,2003-06-27T00:00:00.000+00:00
1pw6,2003-06-30T00:00:00.000+00:00
1pwp,2003-07-02T00:00:00.000+00:00
1pwq,2003-07-02T00:00:00.000+00:00
1pwu,2003-07-02T00:00:00.000+00:00
1pwy,2003-07-02T00:00:00.000+00:00
1px4,2003-07-02T00:00:00.000+00:00
1pxh,2003-07-04T00:00:00.000+00:00
1pxi,2003-07-04T00:00:00.000+00:00
1pxj,2003-07-04T00:00:00.000+00:00
1pxk,2003-07-04T00:00:00.000+00:00
1pxl,2003-07-04T00:00:00.000+00:00
1pxm,2003-07-04T00:00:00.000+00:00
1pxo,2003-07-04T00:00:00.000+00:00
1pxp,2003-07-04T00:00:00.000+00:00
1py1,2003-07-07T00:00:00.000+00:00
1py2,2003-07-07T00:00:00.000+00:00
1py5,2003-07-08T00:00:00.000+00:00
1pye,2003-07-08T00:00:00.000+00:00
1pyg,1992-07-07T00:00:00.000+00:00
1pyn,2003-07-09T00:00:00.000+00:00
1pyw,2003-07-09T00:00:00.000+00:00
1pz5,2003-07-09T00:00:00.000+00:00
1pzi,2003-07-11T00:00:00.000+00:00
1pzj,2003-07-11T00:00:00.000+00:00
1pzo,2003-07-14T00:00:00.000+00:00
1pzp,2003-07-14T00:00:00.000+00:00
1q0b,2003-07-15T00:00:00.000+00:00
1q1g,2003-07-19T00:00:00.000+00:00
1q1m,2003-07-22T00:00:00.000+00:00
1q1y,2003-07-23T00:00:00.000+00:00
1q3d,2003-07-29T00:00:00.000+00:00
1q3w,2003-08-01T00:00:00.000+00:00
1q41,2003-08-01T00:00:00.000+00:00
1q4k,2003-08-04T00:00:00.000+00:00
1q4l,2003-08-04T00:00:00.000+00:00
1q4w,2003-08-04T00:00:00.000+00:00
1q4x,2003-08-04T00:00:00.000+00:00
1q54,2003-08-06T00:00:00.000+00:00
1q5k,2003-08-08T00:00:00.000+00:00
1q5l,2003-08-08T00:00:00.000+00:00
1q63,2003-08-12T00:00:00.000+00:00
1q65,2003-08-12T00:00:00.000+00:00
1q66,2003-08-12T00:00:00.000+00:00
1q6j,2003-08-13T00:00:00.000+00:00
1q6k,2003-08-13T00:00:00.000+00:00
1q6m,2003-08-13T00:00:00.000+00:00
1q6n,2003-08-13T00:00:00.000+00:00
1q6p,2003-08-13T00:00:00.000+00:00
1q6s,2003-08-13T00:00:00.000+00:00
1q6t,2003-08-13T00:00:00.000+00:00
1q72,2003-08-15T00:00:00.000+00:00
1q7a,2003-08-17T00:00:00.000+00:00
1q83,2003-08-20T00:00:00.000+00:00
1q84,2003-08-20T00:00:00.000+00:00
1q8w,2003-08-22T00:00:00.000+00:00
1q91,2003-08-22T00:00:00.000+00:00
1q95,2003-08-22T00:00:00.000+00:00
1q9d,2003-08-25T00:00:00.000+00:00
1q9m,2003-08-25T00:00:00.000+00:00
1qan,1999-03-26T00:00:00.000+00:00
1qaq,1999-03-28T00:00:00.000+00:00
1qaw,1999-03-31T00:00:00.000+00:00
1qb1,1999-04-28T00:00:00.000+00:00
1qb6,1999-04-29T00:00:00.000+00:00
1qb9,1999-04-30T00:00:00.000+00:00
1qbn,1999-04-25T00:00:00.000+00:00
1qbo,1999-04-26T00:00:00.000+00:00
1qbq,1999-04-27T00:00:00.000+00:00
1qbr,1997-04-25T00:00:00.000+00:00
1qbs,1997-04-25T00:00:00.000+00:00
1qbt,1997-04-25T00:00:00.000+00:00
1qbu,1997-04-25T00:00:00.000+00:00
1qbv,1999-04-27T00:00:00.000+00:00
1qca,1995-08-03T00:00:00.000+00:00
1qcp,1999-05-10T00:00:00.000+00:00
1qf0,1999-04-06T00:00:00.000+00:00
1qf2,1999-04-06T00:00:00.000+00:00
1qf4,1999-04-06T00:00:00.000+00:00
1qf5,1999-04-06T00:00:00.000+00:00
1qfs,1999-04-13T00:00:00.000+00:00
1qft,1999-04-14T00:00:00.000+00:00
1qhc,1999-05-12T00:00:00.000+00:00
1qhr,1999-05-26T00:00:00.000+00:00
1qin,1999-06-14T00:00:00.000+00:00
1qiw,1999-06-17T00:00:00.000+00:00
1qj1,1999-06-21T00:00:00.000+00:00
1qj6,1999-06-22T00:00:00.000+00:00
1qj7,1999-06-22T00:00:00.000+00:00
1qji,1999-06-24T00:00:00.000+00:00
1qk3,1999-07-09T00:00:00.000+00:00
1qk4,1999-07-09T00:00:00.000+00:00
1qka,1999-07-14T00:00:00.000+00:00
1qkb,1999-07-14T00:00:00.000+00:00
1qkn,1999-07-27T00:00:00.000+00:00
1qku,1999-08-05T00:00:00.000+00:00
1ql7,1999-08-24T00:00:00.000+00:00
1ql9,1999-08-24T00:00:00.000+00:00
1qm4,1999-09-20T00:00:00.000+00:00
1qm5,1999-09-20T00:00:00.000+00:00
1qng,1999-10-14T00:00:00.000+00:00
1qnh,1999-10-14T00:00:00.000+00:00
1qon,
1qpb,1999-11-26T00:00:00.000+00:00
1qpe,1999-05-24T00:00:00.000+00:00
1qpl,1999-05-25T00:00:00.000+00:00
1qq9,1999-06-12T00:00:00.000+00:00
1qr3,1999-06-18T00:00:00.000+00:00
1qs4,1999-06-25T00:00:00.000+00:00
1qsc,1999-06-20T00:00:00.000+00:00
1qti,1999-06-28T00:00:00.000+00:00
1qtn,1999-06-28T00:00:00.000+00:00
1qvt,2003-08-28T00:00:00.000+00:00
1qvu,2003-08-28T00:00:00.000+00:00
1qw7,2003-09-01T00:00:00.000+00:00
1qwe,1995-11-09T00:00:00.000+00:00
1qwf,1995-11-09T00:00:00.000+00:00
1qwu,2003-09-03T00:00:00.000+00:00
1qx1,2003-09-04T00:00:00.000+00:00
1qxk,2003-09-08T00:00:00.000+00:00
1qxl,2003-09-08T00:00:00.000+00:00
1qxw,2003-09-09T00:00:00.000+00:00
1qxy,2003-09-09T00:00:00.000+00:00
1qxz,2003-09-09T00:00:00.000+00:00
1qy1,2003-09-09T00:00:00.000+00:00
1qy2,2003-09-09T00:00:00.000+00:00
1qyg,2003-09-10T00:00:00.000+00:00
1r0p,2003-09-22T00:00:00.000+00:00
1r0x,2003-09-23T00:00:00.000+00:00
1r10,2003-09-23T00:00:00.000+00:00
1r17,2003-09-23T00:00:00.000+00:00
1r1h,2003-09-24T00:00:00.000+00:00
1r1i,2003-09-24T00:00:00.000+00:00
1r1j,2003-09-24T00:00:00.000+00:00
1r2b,2003-09-26T00:00:00.000+00:00
1r4w,2003-10-08T00:00:00.000+00:00
1r58,2003-10-09T00:00:00.000+00:00
1r5g,2003-10-10T00:00:00.000+00:00
1r5h,2003-10-10T00:00:00.000+00:00
1r5n,2003-10-10T00:00:00.000+00:00
1r5v,2003-10-13T00:00:00.000+00:00
1r5w,2003-10-13T00:00:00.000+00:00
1r6g,2003-10-15T00:00:00.000+00:00
1r6n,2003-10-15T00:00:00.000+00:00
1r6z,2003-10-17T00:00:00.000+00:00
1r78,2003-10-20T00:00:00.000+00:00
1r9l,2003-10-30T00:00:00.000+00:00
1rbo,1996-10-31T00:00:00.000+00:00
1rbp,1990-04-02T00:00:00.000+00:00
1rd4,2003-11-05T00:00:00.000+00:00
1rdi,1995-09-05T00:00:00.000+00:00
1rdj,1995-09-05T00:00:00.000+00:00
1rdl,1995-09-05T00:00:00.000+00:00
1rdn,1995-09-05T00:00:00.000+00:00
1rdt,2003-11-06T00:00:00.000+00:00
1re1,2003-11-06T00:00:00.000+00:00
1re8,2003-11-06T00:00:00.000+00:00
1rej,2003-11-06T00:00:00.000+00:00
1rek,2003-11-06T00:00:00.000+00:00
1rev,1995-09-17T00:00:00.000+00:00
1rgj,2003-11-12T00:00:00.000+00:00
1rgk,1992-02-19T00:00:00.000+00:00
1rgl,1992-02-19T00:00:00.000+00:00
1rhj,2003-11-14T00:00:00.000+00:00
1rhk,2003-11-14T00:00:00.000+00:00
1rhm,2003-11-14T00:00:00.000+00:00
1rhq,2003-11-14T00:00:00.000+00:00
1rhr,2003-11-14T00:00:00.000+00:00
1rhu,2003-11-14T00:00:00.000+00:00
1rin,1993-01-27T00:00:00.000+00:00
1riw,2003-11-18T00:00:00.000+00:00
1rjk,2003-11-19T00:00:00.000+00:00
1rlp,1994-10-10T00:00:00.000+00:00
1rlq,1994-10-10T00:00:00.000+00:00
1rm8,2003-11-27T00:00:00.000+00:00
1rmz,2003-11-28T00:00:00.000+00:00
1rne,1991-12-12T00:00:00.000+00:00
1rnm,1995-11-08T00:00:00.000+00:00
1rnt,1987-07-10T00:00:00.000+00:00
1ro6,2003-12-01T00:00:00.000+00:00
1ro7,2003-12-01T00:00:00.000+00:00
1ros,2003-12-02T00:00:00.000+00:00
1rp7,2003-12-03T00:00:00.000+00:00
1rpa,1993-06-12T00:00:00.000+00:00
1rpf,1994-08-29T00:00:00.000+00:00
1rpj,1999-02-04T00:00:00.000+00:00
1rq2,2003-12-04T00:00:00.000+00:00
1rql,2003-12-05T00:00:00.000+00:00
1rr6,2003-12-08T00:00:00.000+00:00
1rri,2003-12-08T00:00:00.000+00:00
1rrw,2003-12-09T00:00:00.000+00:00
1rry,2003-12-09T00:00:00.000+00:00
1rs2,2003-12-09T00:00:00.000+00:00
1rs4,2003-12-09T00:00:00.000+00:00
1rsd,2003-12-09T00:00:00.000+00:00
1rsi,2003-12-09T00:00:00.000+00:00
1rst,1995-10-19T00:00:00.000+00:00
1rt1,1996-03-16T00:00:00.000+00:00
1rt2,1996-03-16T00:00:00.000+00:00
1rt9,2003-12-10T00:00:00.000+00:00
1rtf,1995-11-10T00:00:00.000+00:00
1rth,1995-05-03T00:00:00.000+00:00
1rti,1995-05-03T00:00:00.000+00:00
1rtl,2003-12-10T00:00:00.000+00:00
1ru1,2003-12-10T00:00:00.000+00:00
1ru2,2003-12-10T00:00:00.000+00:00
1rv1,2003-12-12T00:00:00.000+00:00
1rw8,2003-12-16T00:00:00.000+00:00
1rwq,2003-12-17T00:00:00.000+00:00
1rww,2003-12-17T00:00:00.000+00:00
1rwx,2003-12-17T00:00:00.000+00:00
1rxp,2003-12-18T00:00:00.000+00:00
1ryf,2003-12-22T00:00:00.000+00:00
1ryh,2003-12-22T00:00:00.000+00:00
1rzx,2003-12-29T00:00:00.000+00:00
1s17,2004-01-05T00:00:00.000+00:00
1s19,2004-01-06T00:00:00.000+00:00
1s26,2004-01-08T00:00:00.000+00:00
1s39,2004-01-12T00:00:00.000+00:00
1s3k,2004-01-13T00:00:00.000+00:00
1s4d,2004-01-16T00:00:00.000+00:00
1s50,2004-01-19T00:00:00.000+00:00
1s5q,2004-01-21T00:00:00.000+00:00
1s5z,2004-01-22T00:00:00.000+00:00
1s63,2004-01-22T00:00:00.000+00:00
1s64,2004-01-22T00:00:00.000+00:00
1s89,2004-01-31T00:00:00.000+00:00
1s9t,2004-02-05T00:00:00.000+00:00
1s9v,2004-02-05T00:00:00.000+00:00
1sb1,2004-02-09T00:00:00.000+00:00
1sbg,1994-05-24T00:00:00.000+00:00
1sbr,2004-02-11T00:00:00.000+00:00
1sc8,2004-02-12T00:00:00.000+00:00
1sdt,2004-02-14T00:00:00.000+00:00
1sdu,2004-02-14T00:00:00.000+00:00
1sdv,2004-02-14T00:00:00.000+00:00
1sfi,1998-12-16T00:00:00.000+00:00
1sgu,2004-02-24T00:00:00.000+00:00
1sh9,2004-02-25T00:00:00.000+00:00
1shd,1994-11-10T00:00:00.000+00:00
1siv,1993-08-24T00:00:00.000+00:00
1sj0,2004-03-02T00:00:00.000+00:00
1sje,2004-03-03T00:00:00.000+00:00
1sjh,2004-03-03T00:00:00.000+00:00
1skj,1997-09-18T00:00:00.000+00:00
1sl3,2004-03-05T00:00:00.000+00:00
1sld,1995-03-10T00:00:00.000+00:00
1sle,1995-03-10T00:00:00.000+00:00
1slg,1995-03-10T00:00:00.000+00:00
1sm2,2004-03-08T00:00:00.000+00:00
1sm3,1997-12-23T00:00:00.000+00:00
1sme,1996-06-11T00:00:00.000+00:00
1snk,2004-03-11T00:00:00.000+00:00
1so2,2004-03-12T00:00:00.000+00:00
1soj,2004-03-15T00:00:00.000+00:00
1sps,1993-03-05T00:00:00.000+00:00
1sqb,2004-03-18T00:00:00.000+00:00
1sqc,1997-09-01T00:00:00.000+00:00
1sqi,2004-03-18T00:00:00.000+00:00
1sqn,2004-03-19T00:00:00.000+00:00
1sqo,2004-03-19T00:00:00.000+00:00
1sqp,2004-03-19T00:00:00.000+00:00
1sqq,2004-03-19T00:00:00.000+00:00
1sqt,2004-03-19T00:00:00.000+00:00
1sr7,2004-03-22T00:00:00.000+00:00
1sre,1994-02-17T00:00:00.000+00:00
1srg,1994-02-17T00:00:00.000+00:00
1sri,1994-02-17T00:00:00.000+00:00
1ssq,2004-03-24T00:00:00.000+00:00
1stc,1997-10-10T00:00:00.000+00:00
1std,1994-08-19T00:00:00.000+00:00
1stp,1992-03-12T00:00:00.000+00:00
1str,1995-09-12T00:00:00.000+00:00
1sts,1995-09-12T00:00:00.000+00:00
1sv3,2004-03-27T00:00:00.000+00:00
1sve,2004-03-29T00:00:00.000+00:00
1svg,2004-03-29T00:00:00.000+00:00
1svh,2004-03-29T00:00:00.000+00:00
1sw1,2004-03-30T00:00:00.000+00:00
1sw2,2004-03-30T00:00:00.000+00:00
1swg,1997-07-12T00:00:00.000+00:00
1swi,1996-05-09T00:00:00.000+00:00
1swk,1998-01-27T00:00:00.000+00:00
1swn,1998-01-27T00:00:00.000+00:00
1swp,1998-01-27T00:00:00.000+00:00
1swr,1998-01-27T00:00:00.000+00:00
1syh,2004-04-01T00:00:00.000+00:00
1syo,2004-04-01T00:00:00.000+00:00
1sz0,2004-04-01T00:00:00.000+00:00
1szd,2004-04-05T00:00:00.000+00:00
1szm,2004-04-06T00:00:00.000+00:00
1t08,2004-04-07T00:00:00.000+00:00
1t13,2004-04-15T00:00:00.000+00:00
1t1r,2004-04-17T00:00:00.000+00:00
1t1s,2004-04-17T00:00:00.000+00:00
1t29,2004-04-20T00:00:00.000+00:00
1t2v,2004-04-22T00:00:00.000+00:00
1t31,2004-04-23T00:00:00.000+00:00
1t32,2004-04-23T00:00:00.000+00:00
1t37,2004-04-25T00:00:00.000+00:00
1t3t,2004-04-27T00:00:00.000+00:00
1t46,2004-04-28T00:00:00.000+00:00
1t48,2004-04-28T00:00:00.000+00:00
1t49,2004-04-28T00:00:00.000+00:00
1t4e,2004-04-29T00:00:00.000+00:00
1t4j,2004-04-29T00:00:00.000+00:00
1t4s,2004-04-30T00:00:00.000+00:00
1t4v,2004-04-30T00:00:00.000+00:00
1t5a,2004-05-03T00:00:00.000+00:00
1t5f,2004-05-04T00:00:00.000+00:00
1t69,2004-05-05T00:00:00.000+00:00
1t79,2004-05-08T00:00:00.000+00:00
1t7d,2004-05-09T00:00:00.000+00:00
1t7f,2004-05-10T00:00:00.000+00:00
1t7j,2004-05-10T00:00:00.000+00:00
1t7r,2004-05-10T00:00:00.000+00:00
1ta2,2004-05-19T00:00:00.000+00:00
1ta6,2004-05-19T00:00:00.000+00:00
1tbz,1998-02-05T00:00:00.000+00:00
1tc1,1998-09-30T00:00:00.000+00:00
1tcw,1996-06-05T00:00:00.000+00:00
1tcx,1996-06-05T00:00:00.000+00:00
1td7,2004-05-21T00:00:00.000+00:00
1tet,1993-06-21T00:00:00.000+00:00
1tfq,2004-05-27T00:00:00.000+00:00
1tft,2004-05-27T00:00:00.000+00:00
1tfz,2004-05-27T00:00:00.000+00:00
1tg5,2004-05-28T00:00:00.000+00:00
1thl,1993-11-17T00:00:00.000+00:00
1thr,1993-06-16T00:00:00.000+00:00
1ths,1993-06-16T00:00:00.000+00:00
1thz,2004-06-01T00:00:00.000+00:00
1tjp,2004-06-07T00:00:00.000+00:00
1tka,1994-02-07T00:00:00.000+00:00
1tkb,1994-02-07T00:00:00.000+00:00
1tkc,1994-02-07T00:00:00.000+00:00
1tkt,2004-06-09T00:00:00.000+00:00
1tkx,2004-06-09T00:00:00.000+00:00
1tkz,2004-06-09T00:00:00.000+00:00
1tl1,2004-06-09T00:00:00.000+00:00
1tl3,2004-06-09T00:00:00.000+00:00
1tl7,2004-06-09T00:00:00.000+00:00
1tl9,2004-06-09T00:00:00.000+00:00
1tlo,2004-06-09T00:00:00.000+00:00
1tmb,1993-05-27T00:00:00.000+00:00
1tmm,2004-06-10T00:00:00.000+00:00
1tmn,1987-06-29T00:00:00.000+00:00
1tng,1994-07-21T00:00:00.000+00:00
1tnh,1994-07-21T00:00:00.000+00:00
1tni,1994-07-21T00:00:00.000+00:00
1tnj,1994-07-21T00:00:00.000+00:00
1tnk,1994-07-21T00:00:00.000+00:00
1tnl,1994-07-21T00:00:00.000+00:00
1tog,2004-06-14T00:00:00.000+00:00
1toi,2004-06-14T00:00:00.000+00:00
1toj,2004-06-14T00:00:00.000+00:00
1tok,2004-06-14T00:00:00.000+00:00
1tom,1996-12-06T00:00:00.000+00:00
1tou,2004-06-15T00:00:00.000+00:00
1tow,2004-06-15T00:00:00.000+00:00
1tps,1994-09-04T00:00:00.000+00:00
1tpw,1994-11-07T00:00:00.000+00:00
1tpz,2004-06-16T00:00:00.000+00:00
1tq4,2004-06-16T00:00:00.000+00:00
1tqf,2004-06-17T00:00:00.000+00:00
1tr7,2004-06-21T00:00:00.000+00:00
1trd,1992-10-06T00:00:00.000+00:00
1tsi,1992-11-19T00:00:00.000+00:00
1tsl,1997-06-12T00:00:00.000+00:00
1tsm,1997-06-12T00:00:00.000+00:00
1tsv,1995-12-05T00:00:00.000+00:00
1tsy,1995-12-05T00:00:00.000+00:00
1tt1,2004-06-21T00:00:00.000+00:00
1ttm,2004-06-23T00:00:00.000+00:00
1ttv,2004-06-23T00:00:00.000+00:00
1tu6,2004-06-24T00:00:00.000+00:00
1tuf,2004-06-24T00:00:00.000+00:00
1tv6,2004-06-28T00:00:00.000+00:00
1tve,2004-06-29T00:00:00.000+00:00
1tvo,2004-06-30T00:00:00.000+00:00
1tvr,1996-04-16T00:00:00.000+00:00
1tx7,2004-07-02T00:00:00.000+00:00
1txr,2004-07-06T00:00:00.000+00:00
1tyn,1994-09-19T00:00:00.000+00:00
1tyr,1995-05-12T00:00:00.000+00:00
1tys,1993-05-07T00:00:00.000+00:00
1tze,1996-06-06T00:00:00.000+00:00
1u0g,2004-07-13T00:00:00.000+00:00
1u0h,2004-07-13T00:00:00.000+00:00
1u1w,2004-07-16T00:00:00.000+00:00
1u2r,2004-07-20T00:00:00.000+00:00
1u2y,2004-07-20T00:00:00.000+00:00
1u32,2004-07-20T00:00:00.000+00:00
1u3q,2004-07-22T00:00:00.000+00:00
1u3r,2004-07-22T00:00:00.000+00:00
1u3s,2004-07-22T00:00:00.000+00:00
1u59,2004-07-27T00:00:00.000+00:00
1u65,2004-07-29T00:00:00.000+00:00
1u6q,2004-07-30T00:00:00.000+00:00
1u71,2004-08-02T00:00:00.000+00:00
1u8t,2004-08-06T00:00:00.000+00:00
1u9e,2004-08-09T00:00:00.000+00:00
1u9l,2004-08-10T00:00:00.000+00:00
1u9q,2004-08-10T00:00:00.000+00:00
1u9v,2004-08-11T00:00:00.000+00:00
1u9w,2004-08-11T00:00:00.000+00:00
1u9x,2004-08-11T00:00:00.000+00:00
1ua4,2003-02-27T00:00:00.000+00:00
1ucn,2003-04-16T00:00:00.000+00:00
1udt,2003-05-06T00:00:00.000+00:00
1udu,2003-05-06T00:00:00.000+00:00
1uef,2003-05-14T00:00:00.000+00:00
1ugp,2003-06-17T00:00:00.000+00:00
1ugw,2003-06-22T00:00:00.000+00:00
1ugx,2003-06-22T00:00:00.000+00:00
1ugy,2003-06-23T00:00:00.000+00:00
1uh1,2003-06-23T00:00:00.000+00:00
1uho,2003-07-09T00:00:00.000+00:00
1ui0,2003-07-14T00:00:00.000+00:00
1uj0,2003-07-24T00:00:00.000+00:00
1uj5,2003-07-26T00:00:00.000+00:00
1uj6,2003-07-26T00:00:00.000+00:00
1ujj,2003-08-05T00:00:00.000+00:00
1ujk,2003-08-05T00:00:00.000+00:00
1uk0,2003-08-13T00:00:00.000+00:00
1uk1,2003-08-14T00:00:00.000+00:00
1ukh,2003-08-23T00:00:00.000+00:00
1ukt,2003-09-01T00:00:00.000+00:00
1ule,2003-09-12T00:00:00.000+00:00
1ulg,2003-09-12T00:00:00.000+00:00
1uml,2003-10-03T00:00:00.000+00:00
1umw,2003-08-29T00:00:00.000+00:00
1ung,2003-09-10T00:00:00.000+00:00
1unh,2003-09-10T00:00:00.000+00:00
1unl,2003-09-10T00:00:00.000+00:00
1uod,2003-09-16T00:00:00.000+00:00
1uom,2003-04-11T00:00:00.000+00:00
1uou,2003-09-23T00:00:00.000+00:00
1upf,1998-06-17T00:00:00.000+00:00
1upk,2003-10-07T00:00:00.000+00:00
1ur9,2003-10-27T00:00:00.000+00:00
1urc,2003-10-28T00:00:00.000+00:00
1urg,2003-10-29T00:00:00.000+00:00
1urw,2003-11-11T00:00:00.000+00:00
1usi,2003-11-24T00:00:00.000+00:00
1usk,2003-11-25T00:00:00.000+00:00
1usn,1998-06-09T00:00:00.000+00:00
1utc,2003-12-08T00:00:00.000+00:00
1uti,2003-12-09T00:00:00.000+00:00
1utj,2003-12-09T00:00:00.000+00:00
1utl,2003-12-09T00:00:00.000+00:00
1utm,2003-12-09T00:00:00.000+00:00
1utn,2003-12-09T00:00:00.000+00:00
1utp,2003-12-09T00:00:00.000+00:00
1utr,1995-09-01T00:00:00.000+00:00
1utt,2003-12-10T00:00:00.000+00:00
1utz,2003-12-12T00:00:00.000+00:00
1uu3,2003-12-15T00:00:00.000+00:00
1uu7,2003-12-16T00:00:00.000+00:00
1uu8,2003-12-16T00:00:00.000+00:00
1uu9,2003-12-16T00:00:00.000+00:00
1uv5,2004-01-14T00:00:00.000+00:00
1uv6,2004-01-15T00:00:00.000+00:00
1uvr,2004-01-22T00:00:00.000+00:00
1uvs,1996-10-16T00:00:00.000+00:00
1uvt,1996-10-16T00:00:00.000+00:00
1uvu,1996-10-16T00:00:00.000+00:00
1uw6,2004-01-30T00:00:00.000+00:00
1uwb,1996-11-21T00:00:00.000+00:00
1uwf,2004-02-05T00:00:00.000+00:00
1uwh,2004-02-05T00:00:00.000+00:00
1uwt,2004-02-11T00:00:00.000+00:00
1uwu,2004-02-11T00:00:00.000+00:00
1ux7,2004-02-19T00:00:00.000+00:00
1uxa,2004-02-24T00:00:00.000+00:00
1uxb,2004-02-24T00:00:00.000+00:00
1uy6,2004-03-02T00:00:00.000+00:00
1uy7,2004-03-02T00:00:00.000+00:00
1uy8,2004-03-02T00:00:00.000+00:00
1uy9,2004-03-02T00:00:00.000+00:00
1uyc,2004-03-02T00:00:00.000+00:00
1uyd,2004-03-02T00:00:00.000+00:00
1uye,2004-03-02T00:00:00.000+00:00
1uyf,2004-03-02T00:00:00.000+00:00
1uyg,2004-03-02T00:00:00.000+00:00
1uyh,2004-03-02T00:00:00.000+00:00
1uyi,2004-03-02T00:00:00.000+00:00
1uyk,2004-03-02T00:00:00.000+00:00
1uym,2004-03-02T00:00:00.000+00:00
1uys,2004-03-02T00:00:00.000+00:00
1uz1,2004-03-03T00:00:00.000+00:00
1uz4,2004-03-04T00:00:00.000+00:00
1uz8,2004-03-05T00:00:00.000+00:00
1uze,2004-03-11T00:00:00.000+00:00
1v0k,2004-03-31T00:00:00.000+00:00
1v0l,2004-03-31T00:00:00.000+00:00
1v0m,2004-03-31T00:00:00.000+00:00
1v0n,2004-03-31T00:00:00.000+00:00
1v0o,2004-03-31T00:00:00.000+00:00
1v0p,2004-04-01T00:00:00.000+00:00
1v11,2004-04-05T00:00:00.000+00:00
1v16,2004-04-07T00:00:00.000+00:00
1v1j,2004-04-16T00:00:00.000+00:00
1v1k,2004-04-16T00:00:00.000+00:00
1v1m,2004-04-20T00:00:00.000+00:00
1v2h,2003-10-16T00:00:00.000+00:00
1v2j,2003-10-17T00:00:00.000+00:00
1v2k,2003-10-17T00:00:00.000+00:00
1v2l,2003-10-17T00:00:00.000+00:00
1v2m,2003-10-17T00:00:00.000+00:00
1v2n,2003-10-17T00:00:00.000+00:00
1v2o,2003-10-17T00:00:00.000+00:00
1v2p,2003-10-17T00:00:00.000+00:00
1v2q,2003-10-17T00:00:00.000+00:00
1v2r,2003-10-17T00:00:00.000+00:00
1v2s,2003-10-17T00:00:00.000+00:00
1v2t,2003-10-17T00:00:00.000+00:00
1v2u,2003-10-17T00:00:00.000+00:00
1v2v,2003-10-17T00:00:00.000+00:00
1v2w,2003-10-17T00:00:00.000+00:00
1v3x,2003-11-07T00:00:00.000+00:00
1v41,2003-11-08T00:00:00.000+00:00
1v48,2003-11-11T00:00:00.000+00:00
1v79,2003-12-14T00:00:00.000+00:00
1v7a,2003-12-14T00:00:00.000+00:00
1vcj,2004-03-09T00:00:00.000+00:00
1vcu,2004-03-12T00:00:00.000+00:00
1vea,2004-03-29T00:00:00.000+00:00
1veb,2004-03-29T00:00:00.000+00:00
1vfn,1996-10-08T00:00:00.000+00:00
1vgc,1997-05-01T00:00:00.000+00:00
1vij,1997-05-07T00:00:00.000+00:00
1vik,1997-05-07T00:00:00.000+00:00
1vj5,2004-02-03T00:00:00.000+00:00
1vj6,2004-02-03T00:00:00.000+00:00
1vj9,2004-02-03T00:00:00.000+00:00
1vja,2004-02-03T00:00:00.000+00:00
1vjb,2004-02-03T00:00:00.000+00:00
1vjc,2004-02-03T00:00:00.000+00:00
1vjd,2004-02-03T00:00:00.000+00:00
1vjy,2004-04-07T00:00:00.000+00:00
1vkj,2004-05-25T00:00:00.000+00:00
1vot,1996-06-23T00:00:00.000+00:00
1vr1,1998-12-11T00:00:00.000+00:00
1vrt,1995-04-19T00:00:00.000+00:00
1vru,1995-04-19T00:00:00.000+00:00
1vsn,2007-03-19T00:00:00.000+00:00
1vwf,1997-03-03T00:00:00.000+00:00
1vwl,1997-03-03T00:00:00.000+00:00
1vwn,1997-03-03T00:00:00.000+00:00
1vyf,2004-04-29T00:00:00.000+00:00
1vyg,2004-04-29T00:00:00.000+00:00
1vyj,2004-04-30T00:00:00.000+00:00
1vyq,2004-05-05T00:00:00.000+00:00
1vyw,2004-05-07T00:00:00.000+00:00
1vyz,2004-05-07T00:00:00.000+00:00
1vzq,2004-05-24T00:00:00.000+00:00
1w0x,2004-06-14T00:00:00.000+00:00
1w0y,2004-05-27T00:00:00.000+00:00
1w0z,2004-06-15T00:00:00.000+00:00
1w10,2004-06-15T00:00:00.000+00:00
1w11,2004-06-15T00:00:00.000+00:00
1w12,2004-06-15T00:00:00.000+00:00
1w13,2004-06-15T00:00:00.000+00:00
1w14,2004-06-15T00:00:00.000+00:00
1w1d,2004-06-21T00:00:00.000+00:00
1w1g,2004-06-21T00:00:00.000+00:00
1w1p,2004-06-23T00:00:00.000+00:00
1w1t,2004-06-24T00:00:00.000+00:00
1w1v,2004-06-24T00:00:00.000+00:00
1w1y,2004-06-24T00:00:00.000+00:00
1w22,2004-06-25T00:00:00.000+00:00
1w25,2004-06-28T00:00:00.000+00:00
1w2g,2004-07-06T00:00:00.000+00:00
1w2h,2004-07-06T00:00:00.000+00:00
1w2k,2004-07-06T00:00:00.000+00:00
1w2x,2004-07-09T00:00:00.000+00:00
1w31,2004-07-11T00:00:00.000+00:00
1w3j,2004-07-16T00:00:00.000+00:00
1w4l,2004-07-25T00:00:00.000+00:00
1w4p,2004-07-27T00:00:00.000+00:00
1w4q,2004-07-27T00:00:00.000+00:00
1w51,2004-08-04T00:00:00.000+00:00
1w5v,2004-08-10T00:00:00.000+00:00
1w5w,2004-08-10T00:00:00.000+00:00
1w5x,2004-08-10T00:00:00.000+00:00
1w5y,2004-08-10T00:00:00.000+00:00
1w6h,2004-08-18T00:00:00.000+00:00
1w6j,2004-08-18T00:00:00.000+00:00
1w6r,2004-08-23T00:00:00.000+00:00
1w6y,2004-08-25T00:00:00.000+00:00
1w70,2004-08-26T00:00:00.000+00:00
1w76,2004-08-30T00:00:00.000+00:00
1w7g,2004-09-02T00:00:00.000+00:00
1w7h,2004-09-02T00:00:00.000+00:00
1w7x,2004-09-14T00:00:00.000+00:00
1w80,2004-09-14T00:00:00.000+00:00
1w82,2004-09-16T00:00:00.000+00:00
1w83,2004-09-16T00:00:00.000+00:00
1w84,2004-09-16T00:00:00.000+00:00
1w8l,2004-09-23T00:00:00.000+00:00
1w8m,2004-09-24T00:00:00.000+00:00
1w96,2004-10-06T00:00:00.000+00:00
1w9u,2004-10-19T00:00:00.000+00:00
1w9v,2004-10-19T00:00:00.000+00:00
1waw,2004-10-28T00:00:00.000+00:00
1wax,2004-10-28T00:00:00.000+00:00
1way,2004-10-28T00:00:00.000+00:00
1wb0,2004-10-29T00:00:00.000+00:00
1wbg,2004-11-01T00:00:00.000+00:00
1wbn,2004-11-04T00:00:00.000+00:00
1wbo,2004-11-04T00:00:00.000+00:00
1wbs,2004-11-05T00:00:00.000+00:00
1wbt,2004-11-05T00:00:00.000+00:00
1wbv,2004-11-05T00:00:00.000+00:00
1wbw,2004-11-05T00:00:00.000+00:00
1wc6,2004-11-08T00:00:00.000+00:00
1wcc,2004-11-12T00:00:00.000+00:00
1wcq,2004-11-19T00:00:00.000+00:00
1wdn,1997-05-17T00:00:00.000+00:00
1wdq,2004-05-17T00:00:00.000+00:00
1wdr,2004-05-17T00:00:00.000+00:00
1wdy,2004-05-19T00:00:00.000+00:00
1we2,2004-05-22T00:00:00.000+00:00
1wht,1994-03-07T00:00:00.000+00:00
1wkm,2004-06-01T00:00:00.000+00:00
1wm1,2004-07-01T00:00:00.000+00:00
1wn6,2004-07-27T00:00:00.000+00:00
1wok,2004-08-20T00:00:00.000+00:00
1wqv,2004-10-02T00:00:00.000+00:00
1ws1,2004-10-29T00:00:00.000+00:00
1ws4,2004-10-31T00:00:00.000+00:00
1ws5,2004-10-31T00:00:00.000+00:00
1wss,2004-11-10T00:00:00.000+00:00
1wtg,2004-11-23T00:00:00.000+00:00
1wu1,2004-11-29T00:00:00.000+00:00
1wug,2004-12-07T00:00:00.000+00:00
1wum,2004-12-08T00:00:00.000+00:00
1wun,2004-12-08T00:00:00.000+00:00
1wv7,2004-12-11T00:00:00.000+00:00
1wva,2004-12-14T00:00:00.000+00:00
1wvc,2004-12-14T00:00:00.000+00:00
1wvj,2004-12-15T00:00:00.000+00:00
1wxz,2005-02-02T00:00:00.000+00:00
1wzy,2005-03-10T00:00:00.000+00:00
1x07,2005-03-15T00:00:00.000+00:00
1x0n,2005-03-24T00:00:00.000+00:00
1x11,1997-07-28T00:00:00.000+00:00
1x1z,2005-04-15T00:00:00.000+00:00
1x38,2005-05-02T00:00:00.000+00:00
1x39,2005-05-02T00:00:00.000+00:00
1x6u,2004-08-12T00:00:00.000+00:00
1x70,2004-08-12T00:00:00.000+00:00
1x76,2004-08-13T00:00:00.000+00:00
1x78,2004-08-13T00:00:00.000+00:00
1x7a,2004-08-13T00:00:00.000+00:00
1x7b,2004-08-13T00:00:00.000+00:00
1x7e,2004-08-13T00:00:00.000+00:00
1x7q,2004-08-16T00:00:00.000+00:00
1x7r,2004-08-16T00:00:00.000+00:00
1x81,2004-08-16T00:00:00.000+00:00
1x8b,2004-08-17T00:00:00.000+00:00
1x8d,2004-08-18T00:00:00.000+00:00
1x8j,2004-08-18T00:00:00.000+00:00
1x8r,2004-08-18T00:00:00.000+00:00
1x8s,2004-08-18T00:00:00.000+00:00
1x8t,2004-08-18T00:00:00.000+00:00
1x9d,2004-08-20T00:00:00.000+00:00
1xa5,2004-08-25T00:00:00.000+00:00
1xap,2004-08-26T00:00:00.000+00:00
1xb7,2004-08-30T00:00:00.000+00:00
1xbb,2004-08-30T00:00:00.000+00:00
1xbc,2004-08-30T00:00:00.000+00:00
1xbo,2004-08-31T00:00:00.000+00:00
1xdd,2004-09-06T00:00:00.000+00:00
1xdg,2004-09-06T00:00:00.000+00:00
1xff,2004-09-14T00:00:00.000+00:00
1xfv,2004-09-15T00:00:00.000+00:00
1xge,2004-09-17T00:00:00.000+00:00
1xgi,2004-09-17T00:00:00.000+00:00
1xgj,2004-09-17T00:00:00.000+00:00
1xh3,2004-09-17T00:00:00.000+00:00
1xh4,2004-09-17T00:00:00.000+00:00
1xh5,2004-09-17T00:00:00.000+00:00
1xh6,2004-09-17T00:00:00.000+00:00
1xh7,2004-09-17T00:00:00.000+00:00
1xh8,2004-09-17T00:00:00.000+00:00
1xh9,2004-09-17T00:00:00.000+00:00
1xhm,2004-09-20T00:00:00.000+00:00
1xhy,2004-09-21T00:00:00.000+00:00
1xjd,2004-09-23T00:00:00.000+00:00
1xk5,2004-09-27T00:00:00.000+00:00
1xk9,2004-09-28T00:00:00.000+00:00
1xka,1998-03-19T00:00:00.000+00:00
1xkk,2004-09-29T00:00:00.000+00:00
1xlx,2004-09-30T00:00:00.000+00:00
1xlz,2004-09-30T00:00:00.000+00:00
1xm4,2004-10-01T00:00:00.000+00:00
1xm6,2004-10-01T00:00:00.000+00:00
1xmu,2004-10-04T00:00:00.000+00:00
1xmy,2004-10-04T00:00:00.000+00:00
1xn0,2004-10-04T00:00:00.000+00:00
1xn2,2004-10-04T00:00:00.000+00:00
1xn3,2004-10-04T00:00:00.000+00:00
1xnx,2004-10-05T00:00:00.000+00:00
1xnz,2004-10-05T00:00:00.000+00:00
1xo2,2004-10-05T00:00:00.000+00:00
1xoe,2004-10-06T00:00:00.000+00:00
1xog,2004-10-06T00:00:00.000+00:00
1xom,2004-10-06T00:00:00.000+00:00
1xon,2004-10-06T00:00:00.000+00:00
1xoq,2004-10-06T00:00:00.000+00:00
1xor,2004-10-06T00:00:00.000+00:00
1xos,2004-10-06T00:00:00.000+00:00
1xot,2004-10-06T00:00:00.000+00:00
1xow,2004-10-07T00:00:00.000+00:00
1xoz,2004-10-07T00:00:00.000+00:00
1xp0,2004-10-07T00:00:00.000+00:00
1xp1,2004-10-07T00:00:00.000+00:00
1xp6,2004-10-08T00:00:00.000+00:00
1xp9,2004-10-08T00:00:00.000+00:00
1xpc,2004-10-08T00:00:00.000+00:00
1xpz,2004-10-11T00:00:00.000+00:00
1xq0,2004-10-11T00:00:00.000+00:00
1xqc,2004-10-12T00:00:00.000+00:00
1xr8,2004-10-14T00:00:00.000+00:00
1xr9,2004-10-14T00:00:00.000+00:00
1xs7,2004-10-18T00:00:00.000+00:00
1xsc,2004-10-18T00:00:00.000+00:00
1xt3,2004-10-21T00:00:00.000+00:00
1xt8,2004-10-21T00:00:00.000+00:00
1xuc,2004-10-26T00:00:00.000+00:00
1xud,2004-10-26T00:00:00.000+00:00
1xug,1997-10-10T00:00:00.000+00:00
1xuo,2004-10-26T00:00:00.000+00:00
1xur,2004-10-26T00:00:00.000+00:00
1xws,2004-11-02T00:00:00.000+00:00
1xxe,2004-11-04T00:00:00.000+00:00
1xxh,2004-11-05T00:00:00.000+00:00
1xxi,2004-11-05T00:00:00.000+00:00
1xz8,2004-11-11T00:00:00.000+00:00
1xzx,2004-11-12T00:00:00.000+00:00
1y0l,2004-11-15T00:00:00.000+00:00
1y0x,2004-11-16T00:00:00.000+00:00
1y19,2004-11-17T00:00:00.000+00:00
1y1m,2004-11-18T00:00:00.000+00:00
1y1z,2004-11-19T00:00:00.000+00:00
1y20,2004-11-19T00:00:00.000+00:00
1y2a,2004-11-22T00:00:00.000+00:00
1y2b,2004-11-22T00:00:00.000+00:00
1y2c,2004-11-22T00:00:00.000+00:00
1y2d,2004-11-22T00:00:00.000+00:00
1y2e,2004-11-22T00:00:00.000+00:00
1y2f,2004-11-22T00:00:00.000+00:00
1y2g,2004-11-22T00:00:00.000+00:00
1y2h,2004-11-22T00:00:00.000+00:00
1y2j,2004-11-22T00:00:00.000+00:00
1y2k,2004-11-22T00:00:00.000+00:00
1y3a,2004-11-24T00:00:00.000+00:00
1y3g,2004-11-24T00:00:00.000+00:00
1y3n,2004-11-26T00:00:00.000+00:00
1y3p,2004-11-26T00:00:00.000+00:00
1y3v,2004-11-26T00:00:00.000+00:00
1y3w,2004-11-26T00:00:00.000+00:00
1y3x,2004-11-26T00:00:00.000+00:00
1y3y,2004-11-26T00:00:00.000+00:00
1y4z,2004-12-01T00:00:00.000+00:00
1y57,2004-12-02T00:00:00.000+00:00
1y6a,2004-12-05T00:00:00.000+00:00
1y6b,2004-12-05T00:00:00.000+00:00
1y6q,2004-12-06T00:00:00.000+00:00
1y8o,2004-12-13T00:00:00.000+00:00
1y8p,2004-12-13T00:00:00.000+00:00
1y91,2004-12-14T00:00:00.000+00:00
1y98,2004-12-14T00:00:00.000+00:00
1ya4,2004-12-17T00:00:00.000+00:00
1ybg,2004-12-20T00:00:00.000+00:00
1ybo,2004-12-21T00:00:00.000+00:00
1yc4,2004-12-21T00:00:00.000+00:00
1yc5,2004-12-21T00:00:00.000+00:00
1yci,2004-12-22T00:00:00.000+00:00
1ycm,2004-12-22T00:00:00.000+00:00
1yda,1994-12-22T00:00:00.000+00:00
1ydb,1994-12-22T00:00:00.000+00:00
1ydd,1994-12-22T00:00:00.000+00:00
1ydk,2004-12-24T00:00:00.000+00:00
1yds,1996-07-24T00:00:00.000+00:00
1yei,1998-08-13T00:00:00.000+00:00
1yej,1998-08-13T00:00:00.000+00:00
1yet,1997-03-25T00:00:00.000+00:00
1yfz,2005-01-04T00:00:00.000+00:00
1yhm,2005-01-09T00:00:00.000+00:00
1yhs,2005-01-10T00:00:00.000+00:00
1yi3,2005-01-11T00:00:00.000+00:00
1yid,2005-01-11T00:00:00.000+00:00
1yk7,2005-01-17T00:00:00.000+00:00
1ykp,2005-01-18T00:00:00.000+00:00
1ykr,2005-01-18T00:00:00.000+00:00
1ylv,1999-02-22T00:00:00.000+00:00
1yly,2005-01-19T00:00:00.000+00:00
1ym1,2005-01-20T00:00:00.000+00:00
1ym2,2005-01-20T00:00:00.000+00:00
1ym4,2005-01-20T00:00:00.000+00:00
1yms,2005-01-21T00:00:00.000+00:00
1ymx,2005-01-21T00:00:00.000+00:00
1ynd,2005-01-24T00:00:00.000+00:00
1yon,2005-01-28T00:00:00.000+00:00
1you,2005-01-28T00:00:00.000+00:00
1yp9,2005-01-31T00:00:00.000+00:00
1ype,2005-01-31T00:00:00.000+00:00
1ypg,2005-01-31T00:00:00.000+00:00
1ypj,2005-01-31T00:00:00.000+00:00
1yq7,2005-02-01T00:00:00.000+00:00
1yqj,2005-02-01T00:00:00.000+00:00
1yqy,2005-02-02T00:00:00.000+00:00
1yrs,2005-02-04T00:00:00.000+00:00
1ysg,2005-02-08T00:00:00.000+00:00
1ysi,2005-02-08T00:00:00.000+00:00
1yt7,2005-02-10T00:00:00.000+00:00
1yt9,2005-02-10T00:00:00.000+00:00
1yvf,2005-02-15T00:00:00.000+00:00
1yvh,2005-02-15T00:00:00.000+00:00
1yvm,2005-02-16T00:00:00.000+00:00
1yvx,2005-02-16T00:00:00.000+00:00
1yvz,2005-02-16T00:00:00.000+00:00
1yw2,2005-02-16T00:00:00.000+00:00
1yw7,2005-02-17T00:00:00.000+00:00
1yw8,2005-02-17T00:00:00.000+00:00
1ywh,2005-02-18T00:00:00.000+00:00
1ywi,2005-02-18T00:00:00.000+00:00
1ywr,2005-02-18T00:00:00.000+00:00
1yxd,2005-02-20T00:00:00.000+00:00
1yy4,2005-02-23T00:00:00.000+00:00
1yy6,2005-02-23T00:00:00.000+00:00
1yye,2005-02-24T00:00:00.000+00:00
1yyr,2005-02-25T00:00:00.000+00:00
1yys,2005-02-25T00:00:00.000+00:00
1yyy,1998-06-03T00:00:00.000+00:00
1yz3,2005-02-27T00:00:00.000+00:00
1z1h,2005-03-04T00:00:00.000+00:00
1z1r,2005-03-06T00:00:00.000+00:00
1z2b,2005-03-08T00:00:00.000+00:00
1z34,2005-03-10T00:00:00.000+00:00
1z3c,2005-03-11T00:00:00.000+00:00
1z3j,2005-03-13T00:00:00.000+00:00
1z3t,2005-03-14T00:00:00.000+00:00
1z3v,2005-03-14T00:00:00.000+00:00
1z4n,2005-03-16T00:00:00.000+00:00
1z4o,2005-03-16T00:00:00.000+00:00
1z4u,2005-03-16T00:00:00.000+00:00
1z5m,2005-03-18T00:00:00.000+00:00
1z6d,2005-03-22T00:00:00.000+00:00
1z6f,2005-03-22T00:00:00.000+00:00
1z6j,2005-03-22T00:00:00.000+00:00
1z6p,2005-03-23T00:00:00.000+00:00
1z6q,2005-03-23T00:00:00.000+00:00
1z6s,2005-03-23T00:00:00.000+00:00
1z71,2005-03-23T00:00:00.000+00:00
1z9h,2005-04-02T00:00:00.000+00:00
1z9y,2005-04-05T00:00:00.000+00:00
1zaf,2005-04-06T00:00:00.000+00:00
1zaj,2005-04-06T00:00:00.000+00:00
1zc9,2005-04-11T00:00:00.000+00:00
1zd2,2005-04-14T00:00:00.000+00:00
1zd3,2005-04-14T00:00:00.000+00:00
1zd4,2005-04-14T00:00:00.000+00:00
1zd5,2005-04-14T00:00:00.000+00:00
1zdp,2005-04-14T00:00:00.000+00:00
1ze8,2005-04-18T00:00:00.000+00:00
1zeo,2005-04-19T00:00:00.000+00:00
1zfk,2005-04-20T00:00:00.000+00:00
1zfp,1998-03-26T00:00:00.000+00:00
1zfq,2005-04-20T00:00:00.000+00:00
1zgb,2005-04-21T00:00:00.000+00:00
1zge,2005-04-21T00:00:00.000+00:00
1zgi,2005-04-21T00:00:00.000+00:00
1zgv,2005-04-22T00:00:00.000+00:00
1zh7,2005-04-22T00:00:00.000+00:00
1zhk,2005-04-26T00:00:00.000+00:00
1zhl,2005-04-26T00:00:00.000+00:00
1zhy,2005-04-26T00:00:00.000+00:00
1zkk,2005-05-03T00:00:00.000+00:00
1zkl,2005-05-03T00:00:00.000+00:00
1zkn,2005-05-03T00:00:00.000+00:00
1zky,2005-05-04T00:00:00.000+00:00
1zm6,2005-05-10T00:00:00.000+00:00
1zm7,2005-05-10T00:00:00.000+00:00
1zoe,2005-05-13T00:00:00.000+00:00
1zog,2005-05-13T00:00:00.000+00:00
1zoh,2005-05-13T00:00:00.000+00:00
1zom,2005-05-13T00:00:00.000+00:00
1zp5,2005-05-16T00:00:00.000+00:00
1zp8,2005-05-16T00:00:00.000+00:00
1zpa,2005-05-16T00:00:00.000+00:00
1zpb,2005-05-16T00:00:00.000+00:00
1zpc,2005-05-16T00:00:00.000+00:00
1zrz,2005-05-23T00:00:00.000+00:00
1zs0,2005-05-23T00:00:00.000+00:00
1zsb,1996-01-09T00:00:00.000+00:00
1zsf,2005-05-24T00:00:00.000+00:00
1zsh,2005-05-24T00:00:00.000+00:00
1zsr,2005-05-24T00:00:00.000+00:00
1ztq,2005-05-27T00:00:00.000+00:00
1zub,2005-05-30T00:00:00.000+00:00
1zuc,2005-05-30T00:00:00.000+00:00
1zvx,2005-06-03T00:00:00.000+00:00
1zxc,2005-06-07T00:00:00.000+00:00
1zxv,2005-06-08T00:00:00.000+00:00
1zyj,2005-06-10T00:00:00.000+00:00
1zyr,2005-06-10T00:00:00.000+00:00
1zz1,2005-06-13T00:00:00.000+00:00
1zz2,2005-06-13T00:00:00.000+00:00
1zz3,2005-06-13T00:00:00.000+00:00
1zzl,2005-06-14T00:00:00.000+00:00
1zzz,1998-06-02T00:00:00.000+00:00
220l,1997-06-25T00:00:00.000+00:00
223l,1997-06-25T00:00:00.000+00:00
2a0c,2005-06-16T00:00:00.000+00:00
2a0t,2005-06-16T00:00:00.000+00:00
2a14,2005-06-17T00:00:00.000+00:00
2a25,2005-06-21T00:00:00.000+00:00
2a29,2005-06-22T00:00:00.000+00:00
2a2g,1998-11-19T00:00:00.000+00:00
2a2x,2005-06-23T00:00:00.000+00:00
2a3a,2005-06-24T00:00:00.000+00:00
2a3b,2005-06-24T00:00:00.000+00:00
2a3c,2005-06-24T00:00:00.000+00:00
2a3i,2005-06-24T00:00:00.000+00:00
2a3w,2005-06-27T00:00:00.000+00:00
2a3x,2005-06-27T00:00:00.000+00:00
2a4g,2005-06-28T00:00:00.000+00:00
2a4l,2005-06-29T00:00:00.000+00:00
2a4m,2005-06-29T00:00:00.000+00:00
2a4q,2005-06-29T00:00:00.000+00:00
2a4r,2005-06-29T00:00:00.000+00:00
2a4w,2005-06-30T00:00:00.000+00:00
2a4z,2005-06-30T00:00:00.000+00:00
2a58,2005-06-30T00:00:00.000+00:00
2a5b,2005-06-30T00:00:00.000+00:00
2a5c,2005-06-30T00:00:00.000+00:00
2a5s,2005-06-30T00:00:00.000+00:00
2a5u,2005-07-01T00:00:00.000+00:00
2a8g,2005-07-08T00:00:00.000+00:00
2a8h,2005-07-08T00:00:00.000+00:00
2aa6,2005-07-13T00:00:00.000+00:00
2aa9,2005-07-13T00:00:00.000+00:00
2aac,1996-10-31T00:00:00.000+00:00
2aay,2005-07-14T00:00:00.000+00:00
2ad5,2005-07-19T00:00:00.000+00:00
2ada,1994-12-02T00:00:00.000+00:00
2adm,1996-07-15T00:00:00.000+00:00
2adu,2005-07-20T00:00:00.000+00:00
2aeb,2005-07-21T00:00:00.000+00:00
2aei,2005-07-22T00:00:00.000+00:00
2ael,2005-07-22T00:00:00.000+00:00
2aez,2005-07-25T00:00:00.000+00:00
2afw,2005-07-26T00:00:00.000+00:00
2afx,2005-07-26T00:00:00.000+00:00
2agv,2005-07-27T00:00:00.000+00:00
2ai7,2005-07-29T00:00:00.000+00:00
2ai8,2005-07-29T00:00:00.000+00:00
2aia,2005-07-29T00:00:00.000+00:00
2aie,2005-07-29T00:00:00.000+00:00
2aig,1997-10-12T00:00:00.000+00:00
2aj8,2005-08-01T00:00:00.000+00:00
2ajb,2005-08-01T00:00:00.000+00:00
2ajd,2005-08-01T00:00:00.000+00:00
2ajl,2005-08-02T00:00:00.000+00:00
2alv,2005-08-08T00:00:00.000+00:00
2am1,2005-08-08T00:00:00.000+00:00
2am2,2005-08-08T00:00:00.000+00:00
2am4,2005-08-08T00:00:00.000+00:00
2am9,2005-08-09T00:00:00.000+00:00
2ama,2005-08-09T00:00:00.000+00:00
2amt,2005-08-10T00:00:00.000+00:00
2amv,1998-10-13T00:00:00.000+00:00
2an5,2005-08-11T00:00:00.000+00:00
2ank,2005-08-11T00:00:00.000+00:00
2anl,2005-08-11T00:00:00.000+00:00
2anm,2005-08-11T00:00:00.000+00:00
2ans,1999-01-19T00:00:00.000+00:00
2ao6,2005-08-12T00:00:00.000+00:00
2aoc,2005-08-12T00:00:00.000+00:00
2aod,2005-08-12T00:00:00.000+00:00
2aoe,2005-08-12T00:00:00.000+00:00
2aof,2005-08-12T00:00:00.000+00:00
2aog,2005-08-12T00:00:00.000+00:00
2aoi,2005-08-12T00:00:00.000+00:00
2aoj,2005-08-12T00:00:00.000+00:00
2aou,2005-08-14T00:00:00.000+00:00
2aov,2005-08-14T00:00:00.000+00:00
2aow,2005-08-14T00:00:00.000+00:00
2aox,2005-08-14T00:00:00.000+00:00
2aq7,2005-08-17T00:00:00.000+00:00
2aq9,2005-08-17T00:00:00.000+00:00
2aqb,2005-08-17T00:00:00.000+00:00
2aqu,2005-08-18T00:00:00.000+00:00
2arm,2005-08-20T00:00:00.000+00:00
2asu,2005-08-24T00:00:00.000+00:00
2ate,2005-08-24T00:00:00.000+00:00
2ath,2005-08-25T00:00:00.000+00:00
2auc,2005-08-27T00:00:00.000+00:00
2aux,2005-08-29T00:00:00.000+00:00
2auz,2005-08-29T00:00:00.000+00:00
2avi,1993-04-23T00:00:00.000+00:00
2avm,2005-08-30T00:00:00.000+00:00
2avo,2005-08-30T00:00:00.000+00:00
2avq,2005-08-30T00:00:00.000+00:00
2avs,2005-08-30T00:00:00.000+00:00
2avv,2005-08-30T00:00:00.000+00:00
2aw1,2005-08-31T00:00:00.000+00:00
2ax6,2005-09-03T00:00:00.000+00:00
2ax9,2005-09-03T00:00:00.000+00:00
2axi,2005-09-05T00:00:00.000+00:00
2ay1,1998-08-06T00:00:00.000+00:00
2ay2,1998-08-06T00:00:00.000+00:00
2ay3,1998-08-06T00:00:00.000+00:00
2ay4,1998-08-06T00:00:00.000+00:00
2ay5,1998-08-06T00:00:00.000+00:00
2ay6,1998-08-06T00:00:00.000+00:00
2ay7,1998-08-06T00:00:00.000+00:00
2ay8,1998-08-06T00:00:00.000+00:00
2ay9,1998-08-06T00:00:00.000+00:00
2ayp,2005-09-07T00:00:00.000+00:00
2ayr,2005-09-07T00:00:00.000+00:00
2az5,2005-09-09T00:00:00.000+00:00
2az8,2005-09-09T00:00:00.000+00:00
2az9,2005-09-09T00:00:00.000+00:00
2azb,2005-09-09T00:00:00.000+00:00
2azc,2005-09-10T00:00:00.000+00:00
2azm,2005-09-12T00:00:00.000+00:00
2azr,2005-09-12T00:00:00.000+00:00
2b07,2005-09-13T00:00:00.000+00:00
2b17,2005-09-15T00:00:00.000+00:00
2b1g,2005-09-15T00:00:00.000+00:00
2b1i,2005-09-15T00:00:00.000+00:00
2b1p,2005-09-16T00:00:00.000+00:00
2b1q,2005-09-16T00:00:00.000+00:00
2b1r,2005-09-16T00:00:00.000+00:00
2b1v,2005-09-16T00:00:00.000+00:00
2b1z,2005-09-16T00:00:00.000+00:00
2b2v,2005-09-19T00:00:00.000+00:00
2b4l,2005-09-26T00:00:00.000+00:00
2b4m,2005-09-26T00:00:00.000+00:00
2b52,2005-09-27T00:00:00.000+00:00
2b53,2005-09-27T00:00:00.000+00:00
2b54,2005-09-27T00:00:00.000+00:00
2b55,2005-09-27T00:00:00.000+00:00
2b5j,2005-09-28T00:00:00.000+00:00
2b7a,2005-10-04T00:00:00.000+00:00
2b7d,2005-10-04T00:00:00.000+00:00
2b7f,2005-10-04T00:00:00.000+00:00
2b8l,2005-10-07T00:00:00.000+00:00
2b8v,2005-10-10T00:00:00.000+00:00
2b9a,2005-10-11T00:00:00.000+00:00
2baj,2005-10-14T00:00:00.000+00:00
2bak,2005-10-14T00:00:00.000+00:00
2bal,2005-10-14T00:00:00.000+00:00
2ban,2005-10-14T00:00:00.000+00:00
2bb7,2005-10-17T00:00:00.000+00:00
2bba,2005-10-17T00:00:00.000+00:00
2bbb,2005-10-17T00:00:00.000+00:00
2bcd,2005-10-19T00:00:00.000+00:00
2bdf,2005-10-20T00:00:00.000+00:00
2bdj,2005-10-20T00:00:00.000+00:00
2bdl,2005-10-20T00:00:00.000+00:00
2bdy,2005-10-21T00:00:00.000+00:00
2be2,2005-10-21T00:00:00.000+00:00
2bed,2005-10-24T00:00:00.000+00:00
2bes,2004-11-30T00:00:00.000+00:00
2bet,2004-11-30T00:00:00.000+00:00
2bfq,2004-12-10T00:00:00.000+00:00
2bfr,2004-12-10T00:00:00.000+00:00
2bgd,2004-12-21T00:00:00.000+00:00
2bge,2004-12-21T00:00:00.000+00:00
2bgn,2005-01-03T00:00:00.000+00:00
2bgr,2005-01-04T00:00:00.000+00:00
2bj4,2005-01-28T00:00:00.000+00:00
2bjm,2005-02-04T00:00:00.000+00:00
2bks,2005-02-18T00:00:00.000+00:00
2bkt,2005-02-18T00:00:00.000+00:00
2bkz,2005-02-23T00:00:00.000+00:00
2bmc,2005-03-11T00:00:00.000+00:00
2bmg,2005-03-14T00:00:00.000+00:00
2bmk,2005-03-14T00:00:00.000+00:00
2bmv,2005-03-16T00:00:00.000+00:00
2bmz,2005-03-17T00:00:00.000+00:00
2bo4,2005-04-07T00:00:00.000+00:00
2boh,2005-04-11T00:00:00.000+00:00
2boi,2005-04-12T00:00:00.000+00:00
2boj,2005-04-12T00:00:00.000+00:00
2bok,2005-04-12T00:00:00.000+00:00
2bow,1998-08-06T00:00:00.000+00:00
2bpm,2005-04-21T00:00:00.000+00:00
2bpv,1998-01-22T00:00:00.000+00:00
2bpx,1998-01-22T00:00:00.000+00:00
2bpy,1998-01-22T00:00:00.000+00:00
2bq6,2005-04-27T00:00:00.000+00:00
2bq7,2005-04-27T00:00:00.000+00:00
2bqv,2005-04-28T00:00:00.000+00:00
2bqw,2005-04-28T00:00:00.000+00:00
2br6,2005-05-03T00:00:00.000+00:00
2br8,2005-05-03T00:00:00.000+00:00
2brc,2005-05-04T00:00:00.000+00:00
2brg,2005-05-05T00:00:00.000+00:00
2brh,2005-05-05T00:00:00.000+00:00
2brm,2005-05-09T00:00:00.000+00:00
2brn,2005-05-09T00:00:00.000+00:00
2bro,2005-05-09T00:00:00.000+00:00
2brp,2005-05-10T00:00:00.000+00:00
2bt9,2005-05-27T00:00:00.000+00:00
2btr,2005-06-06T00:00:00.000+00:00
2bts,2005-06-06T00:00:00.000+00:00
2bu5,2005-06-08T00:00:00.000+00:00
2bua,2005-06-09T00:00:00.000+00:00
2bub,2005-06-09T00:00:00.000+00:00
2buc,2005-06-09T00:00:00.000+00:00
2buv,2005-06-17T00:00:00.000+00:00
2bv4,2005-06-22T00:00:00.000+00:00
2bvd,2005-06-27T00:00:00.000+00:00
2bve,2005-06-27T00:00:00.000+00:00
2bvr,2005-07-04T00:00:00.000+00:00
2bvs,2005-07-04T00:00:00.000+00:00
2bvx,2005-07-04T00:00:00.000+00:00
2bw7,2005-07-12T00:00:00.000+00:00
2bxt,2005-07-27T00:00:00.000+00:00
2bxu,2005-07-27T00:00:00.000+00:00
2byh,2005-08-02T00:00:00.000+00:00
2byi,2005-08-02T00:00:00.000+00:00
2byp,2005-08-03T00:00:00.000+00:00
2byr,2005-08-03T00:00:00.000+00:00
2bys,2005-08-04T00:00:00.000+00:00
2bz5,2005-08-11T00:00:00.000+00:00
2bz6,2005-08-11T00:00:00.000+00:00
2bz8,2005-08-12T00:00:00.000+00:00
2bza,1999-03-16T00:00:00.000+00:00
2bzz,2005-08-24T00:00:00.000+00:00
2c02,2005-08-24T00:00:00.000+00:00
2c0o,2005-09-06T00:00:00.000+00:00
2c1a,2005-09-12T00:00:00.000+00:00
2c1b,2005-09-12T00:00:00.000+00:00
2c1n,2005-09-16T00:00:00.000+00:00
2c1p,2005-09-19T00:00:00.000+00:00
2c1q,2005-09-19T00:00:00.000+00:00
2c2l,2005-09-29T00:00:00.000+00:00
2c3j,2005-10-10T00:00:00.000+00:00
2c3k,2005-10-10T00:00:00.000+00:00
2c3l,2005-10-10T00:00:00.000+00:00
2c4f,2005-10-18T00:00:00.000+00:00
2c4g,2005-10-19T00:00:00.000+00:00
2c4v,2005-10-24T00:00:00.000+00:00
2c4w,2005-10-24T00:00:00.000+00:00
2c57,2005-10-26T00:00:00.000+00:00
2c5n,2005-10-30T00:00:00.000+00:00
2c5o,2005-10-30T00:00:00.000+00:00
2c5x,2005-11-03T00:00:00.000+00:00
2c5y,2005-11-03T00:00:00.000+00:00
2c68,2005-11-08T00:00:00.000+00:00
2c69,2005-11-08T00:00:00.000+00:00
2c6c,2005-11-09T00:00:00.000+00:00
2c6e,2005-11-09T00:00:00.000+00:00
2c6g,2005-11-09T00:00:00.000+00:00
2c6i,2005-11-10T00:00:00.000+00:00
2c6k,2005-11-10T00:00:00.000+00:00
2c6l,2005-11-10T00:00:00.000+00:00
2c6m,2005-11-10T00:00:00.000+00:00
2c6n,2005-11-10T00:00:00.000+00:00
2c6o,2005-11-10T00:00:00.000+00:00
2c80,2005-11-30T00:00:00.000+00:00
2c8w,2005-12-08T00:00:00.000+00:00
2c8x,2005-12-08T00:00:00.000+00:00
2c8y,2005-12-08T00:00:00.000+00:00
2c90,2005-12-08T00:00:00.000+00:00
2c92,2005-12-09T00:00:00.000+00:00
2c93,2005-12-09T00:00:00.000+00:00
2c94,2005-12-09T00:00:00.000+00:00
2c97,2005-12-09T00:00:00.000+00:00
2c9b,2005-12-09T00:00:00.000+00:00
2c9d,2005-12-09T00:00:00.000+00:00
2c9t,2005-12-14T00:00:00.000+00:00
2ca8,2005-12-20T00:00:00.000+00:00
2cbr,1999-02-22T00:00:00.000+00:00
2cbs,1999-02-22T00:00:00.000+00:00
2cbu,2006-01-09T00:00:00.000+00:00
2cbz,2006-01-10T00:00:00.000+00:00
2cc7,2006-01-13T00:00:00.000+00:00
2ccb,2006-01-13T00:00:00.000+00:00
2ccc,2006-01-13T00:00:00.000+00:00
2ccs,2006-01-18T00:00:00.000+00:00
2cct,2006-01-18T00:00:00.000+00:00
2ccu,2006-01-18T00:00:00.000+00:00
2ce9,2006-02-03T00:00:00.000+00:00
2cej,2006-02-07T00:00:00.000+00:00
2cem,2006-02-08T00:00:00.000+00:00
2cen,2006-02-08T00:00:00.000+00:00
2ceo,2006-02-08T00:00:00.000+00:00
2ceq,2006-02-10T00:00:00.000+00:00
2cer,2006-02-10T00:00:00.000+00:00
2ces,2006-02-10T00:00:00.000+00:00
2cex,2006-02-10T00:00:00.000+00:00
2cf8,2006-02-17T00:00:00.000+00:00
2cf9,2006-02-17T00:00:00.000+00:00
2cfd,2006-02-20T00:00:00.000+00:00
2cfg,2006-02-21T00:00:00.000+00:00
2cgf,2006-03-02T00:00:00.000+00:00
2cgr,1993-11-23T00:00:00.000+00:00
2cgu,2006-03-09T00:00:00.000+00:00
2cgv,2006-03-09T00:00:00.000+00:00
2cgw,2006-03-09T00:00:00.000+00:00
2cgx,2006-03-09T00:00:00.000+00:00
2chm,2006-03-15T00:00:00.000+00:00
2cht,1994-04-08T00:00:00.000+00:00
2chw,2006-03-16T00:00:00.000+00:00
2chx,2006-03-16T00:00:00.000+00:00
2chz,2006-03-16T00:00:00.000+00:00
2cji,2006-04-03T00:00:00.000+00:00
2ckm,2006-04-20T00:00:00.000+00:00
2cle,2006-04-27T00:00:00.000+00:00
2clf,2006-04-27T00:00:00.000+00:00
2clh,2006-04-27T00:00:00.000+00:00
2cli,2006-04-27T00:00:00.000+00:00
2clk,2006-04-27T00:00:00.000+00:00
2cll,2006-04-28T00:00:00.000+00:00
2clm,2006-04-28T00:00:00.000+00:00
2clo,2006-04-28T00:00:00.000+00:00
2clv,2006-05-02T00:00:00.000+00:00
2clx,2006-05-02T00:00:00.000+00:00
2cm7,2006-05-04T00:00:00.000+00:00
2cm8,2006-05-04T00:00:00.000+00:00
2cma,2006-05-04T00:00:00.000+00:00
2cmb,2006-05-04T00:00:00.000+00:00
2cmc,2006-05-04T00:00:00.000+00:00
2cmf,2006-05-08T00:00:00.000+00:00
2cmo,2006-05-11T00:00:00.000+00:00
2cn0,2006-05-17T00:00:00.000+00:00
2cn8,2006-05-18T00:00:00.000+00:00
2cne,2006-05-21T00:00:00.000+00:00
2cnf,2006-05-21T00:00:00.000+00:00
2cng,2006-05-21T00:00:00.000+00:00
2cnh,2006-05-21T00:00:00.000+00:00
2cni,2006-05-21T00:00:00.000+00:00
2co0,2006-05-25T00:00:00.000+00:00
2csm,1995-11-24T00:00:00.000+00:00
2csn,1995-10-11T00:00:00.000+00:00
2ctc,1993-04-02T00:00:00.000+00:00
2cv3,2005-05-31T00:00:00.000+00:00
2cvd,2005-06-02T00:00:00.000+00:00
2d06,2005-07-25T00:00:00.000+00:00
2d0k,2005-08-04T00:00:00.000+00:00
2d1n,2005-08-29T00:00:00.000+00:00
2d1x,2005-09-01T00:00:00.000+00:00
2d2v,2005-09-16T00:00:00.000+00:00
2d3z,2005-10-04T00:00:00.000+00:00
2d41,2005-10-05T00:00:00.000+00:00
2dbl,1994-02-08T00:00:00.000+00:00
2ddf,2006-01-28T00:00:00.000+00:00
2df6,2006-02-25T00:00:00.000+00:00
2doo,2006-05-01T00:00:00.000+00:00
2dq7,2006-05-23T00:00:00.000+00:00
2drc,1992-06-10T00:00:00.000+00:00
2dri,1994-09-23T00:00:00.000+00:00
2ds1,2006-06-17T00:00:00.000+00:00
2dua,2006-07-21T00:00:00.000+00:00
2duv,2006-07-27T00:00:00.000+00:00
2dw7,2006-08-07T00:00:00.000+00:00
2dwx,2006-08-21T00:00:00.000+00:00
2dxs,2006-08-30T00:00:00.000+00:00
2e1w,2006-10-30T00:00:00.000+00:00
2e27,2006-11-08T00:00:00.000+00:00
2e2b,2006-11-10T00:00:00.000+00:00
2e2p,2006-11-15T00:00:00.000+00:00
2e2r,2006-11-16T00:00:00.000+00:00
2e5y,2006-12-25T00:00:00.000+00:00
2e7f,2007-01-09T00:00:00.000+00:00
2e7l,2007-01-11T00:00:00.000+00:00
2e91,2007-01-24T00:00:00.000+00:00
2e92,2007-01-24T00:00:00.000+00:00
2e93,2007-01-24T00:00:00.000+00:00
2e95,2007-01-24T00:00:00.000+00:00
2e98,2007-01-24T00:00:00.000+00:00
2e99,2007-01-24T00:00:00.000+00:00
2e9a,2007-01-24T00:00:00.000+00:00
2e9c,2007-01-24T00:00:00.000+00:00
2e9d,2007-01-24T00:00:00.000+00:00
2e9n,2007-01-26T00:00:00.000+00:00
2e9o,2007-01-26T00:00:00.000+00:00
2e9u,2007-01-27T00:00:00.000+00:00
2e9v,2007-01-27T00:00:00.000+00:00
2ea2,2007-01-30T00:00:00.000+00:00
2ea4,2007-01-30T00:00:00.000+00:00
2eep,2007-02-16T00:00:00.000+00:00
2eg7,2007-02-28T00:00:00.000+00:00
2eg8,2007-02-28T00:00:00.000+00:00
2eh8,2007-03-05T00:00:00.000+00:00
2ei6,2007-03-12T00:00:00.000+00:00
2emt,2007-03-28T00:00:00.000+00:00
2epn,2007-03-30T00:00:00.000+00:00
2er0,1990-10-20T00:00:00.000+00:00
2er6,1990-10-13T00:00:00.000+00:00
2er9,1990-10-20T00:00:00.000+00:00
2erz,2005-10-25T00:00:00.000+00:00
2esm,2005-10-26T00:00:00.000+00:00
2etk,2005-10-27T00:00:00.000+00:00
2etm,2005-10-27T00:00:00.000+00:00
2etr,2005-10-27T00:00:00.000+00:00
2euf,2005-10-28T00:00:00.000+00:00
2euk,2005-10-28T00:00:00.000+00:00
2eum,2005-10-28T00:00:00.000+00:00
2evc,2005-10-31T00:00:00.000+00:00
2evl,2005-10-31T00:00:00.000+00:00
2evm,2005-10-31T00:00:00.000+00:00
2evo,2005-10-31T00:00:00.000+00:00
2ew5,2005-11-02T00:00:00.000+00:00
2ew6,2005-11-02T00:00:00.000+00:00
2ewa,2005-11-02T00:00:00.000+00:00
2ewb,2005-11-02T00:00:00.000+00:00
2ewp,2005-11-04T00:00:00.000+00:00
2ews,2005-11-06T00:00:00.000+00:00
2ewy,2005-11-07T00:00:00.000+00:00
2exc,2005-11-08T00:00:00.000+00:00
2exg,2005-11-08T00:00:00.000+00:00
2exm,2005-11-08T00:00:00.000+00:00
2ez5,2005-11-10T00:00:00.000+00:00
2ez7,2005-11-10T00:00:00.000+00:00
2f01,2005-11-10T00:00:00.000+00:00
2f0z,2005-11-14T00:00:00.000+00:00
2f10,2005-11-14T00:00:00.000+00:00
2f14,2005-11-14T00:00:00.000+00:00
2f18,2005-11-14T00:00:00.000+00:00
2f1a,2005-11-14T00:00:00.000+00:00
2f1b,2005-11-14T00:00:00.000+00:00
2f1g,2005-11-14T00:00:00.000+00:00
2f2c,2005-11-16T00:00:00.000+00:00
2f2h,2005-11-16T00:00:00.000+00:00
2f34,2005-11-18T00:00:00.000+00:00
2f35,2005-11-18T00:00:00.000+00:00
2f3e,2005-11-21T00:00:00.000+00:00
2f3f,2005-11-21T00:00:00.000+00:00
2f3k,2005-11-21T00:00:00.000+00:00
2f3r,2005-11-22T00:00:00.000+00:00
2f4b,2005-11-23T00:00:00.000+00:00
2f4j,2005-11-23T00:00:00.000+00:00
2f5t,2005-11-27T00:00:00.000+00:00
2f6j,2005-11-29T00:00:00.000+00:00
2f6t,2005-11-29T00:00:00.000+00:00
2f6v,2005-11-29T00:00:00.000+00:00
2f6y,2005-11-29T00:00:00.000+00:00
2f6z,2005-11-29T00:00:00.000+00:00
2f70,2005-11-29T00:00:00.000+00:00
2f71,2005-11-29T00:00:00.000+00:00
2f7i,2005-11-30T00:00:00.000+00:00
2f7o,2005-12-01T00:00:00.000+00:00
2f7p,2005-12-01T00:00:00.000+00:00
2f80,2005-12-01T00:00:00.000+00:00
2f81,2005-12-01T00:00:00.000+00:00
2f89,2005-12-02T00:00:00.000+00:00
2f8g,2005-12-02T00:00:00.000+00:00
2f8i,2005-12-02T00:00:00.000+00:00
2f94,2005-12-05T00:00:00.000+00:00
2f9b,2005-12-05T00:00:00.000+00:00
2f9k,2005-12-06T00:00:00.000+00:00
2f9u,2005-12-06T00:00:00.000+00:00
2f9v,2005-12-06T00:00:00.000+00:00
2fah,2005-12-07T00:00:00.000+00:00
2fai,2005-12-07T00:00:00.000+00:00
2fb8,2005-12-08T00:00:00.000+00:00
2fci,2005-12-12T00:00:00.000+00:00
2fda,2005-12-13T00:00:00.000+00:00
2fdd,2005-12-13T00:00:00.000+00:00
2fde,2005-12-13T00:00:00.000+00:00
2fdp,2005-12-14T00:00:00.000+00:00
2feq,2005-12-16T00:00:00.000+00:00
2fes,2005-12-16T00:00:00.000+00:00
2ff1,2005-12-18T00:00:00.000+00:00
2ff2,2005-12-18T00:00:00.000+00:00
2fgh,2005-12-22T00:00:00.000+00:00
2fgi,1998-09-15T00:00:00.000+00:00
2fgu,2005-12-22T00:00:00.000+00:00
2fgv,2005-12-22T00:00:00.000+00:00
2fhy,2005-12-27T00:00:00.000+00:00
2fie,2005-12-29T00:00:00.000+00:00
2fix,2005-12-30T00:00:00.000+00:00
2fj0,2005-12-30T00:00:00.000+00:00
2fjm,2006-01-03T00:00:00.000+00:00
2fjn,2006-01-03T00:00:00.000+00:00
2fjp,2006-01-03T00:00:00.000+00:00
2fkf,2006-01-04T00:00:00.000+00:00
2fky,2006-01-05T00:00:00.000+00:00
2fl2,2006-01-05T00:00:00.000+00:00
2fl5,2006-01-05T00:00:00.000+00:00
2fl6,2006-01-05T00:00:00.000+00:00
2flb,2006-01-05T00:00:00.000+00:00
2fle,2006-01-05T00:00:00.000+00:00
2flh,2006-01-06T00:00:00.000+00:00
2flr,2006-01-06T00:00:00.000+00:00
2flu,2006-01-06T00:00:00.000+00:00
2fm0,2006-01-06T00:00:00.000+00:00
2fm2,2006-01-06T00:00:00.000+00:00
2fm5,2006-01-07T00:00:00.000+00:00
2fmb,1998-07-13T00:00:00.000+00:00
2fme,2006-01-09T00:00:00.000+00:00
2fo4,2006-01-12T00:00:00.000+00:00
2fpz,2006-01-17T00:00:00.000+00:00
2fq6,2006-01-17T00:00:00.000+00:00
2fqo,2006-01-18T00:00:00.000+00:00
2fqt,2006-01-18T00:00:00.000+00:00
2fqw,2006-01-18T00:00:00.000+00:00
2fqx,2006-01-18T00:00:00.000+00:00
2fqy,2006-01-18T00:00:00.000+00:00
2fr3,2006-01-18T00:00:00.000+00:00
2fr8,2006-01-19T00:00:00.000+00:00
2fs8,2006-01-21T00:00:00.000+00:00
2fs9,2006-01-21T00:00:00.000+00:00
2fsa,2006-01-21T00:00:00.000+00:00
2fsv,2006-01-23T00:00:00.000+00:00
2ftd,2006-01-24T00:00:00.000+00:00
2fts,2006-01-24T00:00:00.000+00:00
2fu8,2006-01-26T00:00:00.000+00:00
2fum,2006-01-27T00:00:00.000+00:00
2fuu,2006-01-27T00:00:00.000+00:00
2fv5,2006-01-30T00:00:00.000+00:00
2fv9,2006-01-30T00:00:00.000+00:00
2fvc,2006-01-30T00:00:00.000+00:00
2fw3,2006-02-01T00:00:00.000+00:00
2fw6,2006-02-01T00:00:00.000+00:00
2fwp,2006-02-02T00:00:00.000+00:00
2fwy,2006-02-03T00:00:00.000+00:00
2fwz,2006-02-03T00:00:00.000+00:00
2fx6,2006-02-03T00:00:00.000+00:00
2fx7,2006-02-03T00:00:00.000+00:00
2fx8,2006-02-03T00:00:00.000+00:00
2fx9,2006-02-03T00:00:00.000+00:00
2fxr,2006-02-06T00:00:00.000+00:00
2fxu,2006-02-06T00:00:00.000+00:00
2fxv,2006-02-06T00:00:00.000+00:00
2fys,2006-02-08T00:00:00.000+00:00
2fyv,2006-02-08T00:00:00.000+00:00
2fzc,2006-02-09T00:00:00.000+00:00
2fzg,2006-02-09T00:00:00.000+00:00
2fzk,2006-02-09T00:00:00.000+00:00
2fzz,2006-02-10T00:00:00.000+00:00
2g00,2006-02-10T00:00:00.000+00:00
2g01,2006-02-10T00:00:00.000+00:00
2g0g,2006-02-13T00:00:00.000+00:00
2g0h,2006-02-13T00:00:00.000+00:00
2g19,2006-02-14T00:00:00.000+00:00
2g1q,2006-02-14T00:00:00.000+00:00
2g1r,2006-02-14T00:00:00.000+00:00
2g1y,2006-02-15T00:00:00.000+00:00
2g24,2006-02-15T00:00:00.000+00:00
2g2r,2006-02-16T00:00:00.000+00:00
2g5p,2006-02-23T00:00:00.000+00:00
2g5t,2006-02-23T00:00:00.000+00:00
2g5u,2006-02-23T00:00:00.000+00:00
2g63,2006-02-24T00:00:00.000+00:00
2g6p,2006-02-24T00:00:00.000+00:00
2g6q,2006-02-24T00:00:00.000+00:00
2g71,2006-02-27T00:00:00.000+00:00
2g72,2006-02-27T00:00:00.000+00:00
2g78,2006-02-27T00:00:00.000+00:00
2g79,2006-02-27T00:00:00.000+00:00
2g83,2006-03-01T00:00:00.000+00:00
2g8n,2006-03-02T00:00:00.000+00:00
2g8r,2006-03-03T00:00:00.000+00:00
2g94,2006-03-05T00:00:00.000+00:00
2g96,2006-03-05T00:00:00.000+00:00
2g97,2006-03-05T00:00:00.000+00:00
2g9q,2006-03-07T00:00:00.000+00:00
2g9r,2006-03-07T00:00:00.000+00:00
2g9u,2006-03-07T00:00:00.000+00:00
2g9v,2006-03-07T00:00:00.000+00:00
2g9x,2006-03-07T00:00:00.000+00:00
2ga2,2006-03-07T00:00:00.000+00:00
2gbf,2006-03-10T00:00:00.000+00:00
2gbg,2006-03-10T00:00:00.000+00:00
2gbi,2006-03-10T00:00:00.000+00:00
2gc8,2006-03-13T00:00:00.000+00:00
2gcd,2006-03-14T00:00:00.000+00:00
2gd8,2006-03-15T00:00:00.000+00:00
2gde,2006-03-16T00:00:00.000+00:00
2gdo,2006-03-16T00:00:00.000+00:00
2gfa,2006-03-21T00:00:00.000+00:00
2gfd,2006-03-21T00:00:00.000+00:00
2gfj,2006-03-22T00:00:00.000+00:00
2gfk,2006-03-22T00:00:00.000+00:00
2gfs,2006-03-23T00:00:00.000+00:00
2gg0,2006-03-23T00:00:00.000+00:00
2gg2,2006-03-23T00:00:00.000+00:00
2gg3,2006-03-23T00:00:00.000+00:00
2gg5,2006-03-23T00:00:00.000+00:00
2gg7,2006-03-23T00:00:00.000+00:00
2gg8,2006-03-23T00:00:00.000+00:00
2gg9,2006-03-23T00:00:00.000+00:00
2gga,2006-03-23T00:00:00.000+00:00
2ggb,2006-03-23T00:00:00.000+00:00
2ggd,2006-03-23T00:00:00.000+00:00
2ggu,2006-03-24T00:00:00.000+00:00
2ggx,2006-03-24T00:00:00.000+00:00
2gh6,2006-03-26T00:00:00.000+00:00
2gh7,2006-03-26T00:00:00.000+00:00
2gh9,2006-03-27T00:00:00.000+00:00
2ghg,2006-03-27T00:00:00.000+00:00
2giu,2006-03-29T00:00:00.000+00:00
2gj4,2006-03-30T00:00:00.000+00:00
2gj5,2006-03-30T00:00:00.000+00:00
2gkl,2006-04-03T00:00:00.000+00:00
2gl0,2006-04-04T00:00:00.000+00:00
2glm,2006-04-05T00:00:00.000+00:00
2glp,2006-04-05T00:00:00.000+00:00
2gm1,2006-04-05T00:00:00.000+00:00
2gm9,2006-04-06T00:00:00.000+00:00
2gmk,2006-04-06T00:00:00.000+00:00
2gmv,2006-04-07T00:00:00.000+00:00
2gmx,2006-04-07T00:00:00.000+00:00
2gnf,2006-04-10T00:00:00.000+00:00
2gnh,2006-04-10T00:00:00.000+00:00
2gni,2006-04-10T00:00:00.000+00:00
2gnj,2006-04-10T00:00:00.000+00:00
2gnl,2006-04-10T00:00:00.000+00:00
2go4,2006-04-12T00:00:00.000+00:00
2gph,2006-04-17T00:00:00.000+00:00
2gpp,2006-04-18T00:00:00.000+00:00
2gqn,2006-04-21T00:00:00.000+00:00
2gst,1993-06-07T00:00:00.000+00:00
2gsu,2006-04-26T00:00:00.000+00:00
2gtk,2006-04-28T00:00:00.000+00:00
2gtv,2006-04-28T00:00:00.000+00:00
2gu8,2006-04-28T00:00:00.000+00:00
2gv6,2006-05-02T00:00:00.000+00:00
2gv7,2006-05-02T00:00:00.000+00:00
2gvd,2006-05-02T00:00:00.000+00:00
2gvf,2006-05-02T00:00:00.000+00:00
2gvj,2006-05-02T00:00:00.000+00:00
2gvv,2006-05-03T00:00:00.000+00:00
2gvz,2006-05-03T00:00:00.000+00:00
2gyi,1994-09-01T00:00:00.000+00:00
2gz2,2006-05-10T00:00:00.000+00:00
2gz7,2006-05-11T00:00:00.000+00:00
2gz8,2006-05-11T00:00:00.000+00:00
2gzl,2006-05-11T00:00:00.000+00:00
2h02,2006-05-13T00:00:00.000+00:00
2h03,2006-05-13T00:00:00.000+00:00
2h13,2006-05-15T00:00:00.000+00:00
2h15,2006-05-16T00:00:00.000+00:00
2h1h,2006-05-16T00:00:00.000+00:00
2h21,2006-05-17T00:00:00.000+00:00
2h23,2006-05-17T00:00:00.000+00:00
2h2d,2006-05-18T00:00:00.000+00:00
2h2e,2006-05-18T00:00:00.000+00:00
2h2g,2006-05-18T00:00:00.000+00:00
2h2h,2006-05-18T00:00:00.000+00:00
2h2j,2006-05-18T00:00:00.000+00:00
2h3e,2006-05-22T00:00:00.000+00:00
2h42,2006-05-23T00:00:00.000+00:00
2h44,2006-05-23T00:00:00.000+00:00
2h4g,2006-05-24T00:00:00.000+00:00
2h4k,2006-05-24T00:00:00.000+00:00
2h4n,1997-05-29T00:00:00.000+00:00
2h5a,2006-05-25T00:00:00.000+00:00
2h5d,2006-05-25T00:00:00.000+00:00
2h5i,2006-05-26T00:00:00.000+00:00
2h5j,2006-05-26T00:00:00.000+00:00
2h65,2006-05-30T00:00:00.000+00:00
2h6b,2006-05-31T00:00:00.000+00:00
2h6k,2006-05-31T00:00:00.000+00:00
2h6q,2006-06-01T00:00:00.000+00:00
2h6t,2006-06-01T00:00:00.000+00:00
2h8h,2006-06-07T00:00:00.000+00:00
2h96,2006-06-09T00:00:00.000+00:00
2h9m,2006-06-10T00:00:00.000+00:00
2h9n,2006-06-10T00:00:00.000+00:00
2h9p,2006-06-10T00:00:00.000+00:00
2h9t,2006-06-11T00:00:00.000+00:00
2ha0,2006-06-12T00:00:00.000+00:00
2ha2,2006-06-12T00:00:00.000+00:00
2ha3,2006-06-12T00:00:00.000+00:00
2ha4,2006-06-12T00:00:00.000+00:00
2ha5,2006-06-12T00:00:00.000+00:00
2ha6,2006-06-12T00:00:00.000+00:00
2ha7,2006-06-12T00:00:00.000+00:00
2hah,2006-06-12T00:00:00.000+00:00
2hai,2006-06-12T00:00:00.000+00:00
2haw,2006-06-13T00:00:00.000+00:00
2hb3,2006-06-13T00:00:00.000+00:00
2hb9,2006-06-14T00:00:00.000+00:00
2hd1,2006-06-19T00:00:00.000+00:00
2hd6,2006-06-20T00:00:00.000+00:00
2hdq,2006-06-20T00:00:00.000+00:00
2hdr,2006-06-20T00:00:00.000+00:00
2hds,2006-06-20T00:00:00.000+00:00
2hdu,2006-06-20T00:00:00.000+00:00
2hdx,2006-06-21T00:00:00.000+00:00
2hf8,2006-06-23T00:00:00.000+00:00
2hfp,2006-06-25T00:00:00.000+00:00
2hh5,2006-06-27T00:00:00.000+00:00
2hha,2006-06-28T00:00:00.000+00:00
2hhn,2006-06-28T00:00:00.000+00:00
2hiw,2006-06-29T00:00:00.000+00:00
2hiz,2006-06-29T00:00:00.000+00:00
2hj4,2006-06-30T00:00:00.000+00:00
2hjb,2006-06-30T00:00:00.000+00:00
2hk5,2006-07-03T00:00:00.000+00:00
2hkf,2006-07-04T00:00:00.000+00:00
2hl4,2006-07-06T00:00:00.000+00:00
2hm1,2006-07-10T00:00:00.000+00:00
2hmb,1992-09-11T00:00:00.000+00:00
2hmu,2006-07-11T00:00:00.000+00:00
2hmv,2006-07-11T00:00:00.000+00:00
2hmw,2006-07-11T00:00:00.000+00:00
2hnc,2006-07-12T00:00:00.000+00:00
2hnx,2006-07-13T00:00:00.000+00:00
2hny,2006-07-13T00:00:00.000+00:00
2hob,2006-07-14T00:00:00.000+00:00
2hoc,2006-07-14T00:00:00.000+00:00
2hog,2006-07-14T00:00:00.000+00:00
2hpa,1998-09-11T00:00:00.000+00:00
2hqu,2006-07-19T00:00:00.000+00:00
2hr6,2006-07-19T00:00:00.000+00:00
2hrm,2006-07-20T00:00:00.000+00:00
2hrp,1996-12-27T00:00:00.000+00:00
2hs1,2006-07-20T00:00:00.000+00:00
2hs2,2006-07-20T00:00:00.000+00:00
2hu6,2006-07-26T00:00:00.000+00:00
2hug,2006-07-26T00:00:00.000+00:00
2hvc,2006-07-28T00:00:00.000+00:00
2hvx,2006-07-31T00:00:00.000+00:00
2hw2,2006-07-31T00:00:00.000+00:00
2hwg,2006-08-01T00:00:00.000+00:00
2hwh,2006-08-01T00:00:00.000+00:00
2hwi,2006-08-01T00:00:00.000+00:00
2hwo,2006-08-01T00:00:00.000+00:00
2hwp,2006-08-01T00:00:00.000+00:00
2hxl,2006-08-03T00:00:00.000+00:00
2hxm,2006-08-03T00:00:00.000+00:00
2hxq,2006-08-03T00:00:00.000+00:00
2hy0,2006-08-04T00:00:00.000+00:00
2hyy,2006-08-08T00:00:00.000+00:00
2hz0,2006-08-08T00:00:00.000+00:00
2hz4,2006-08-08T00:00:00.000+00:00
2hzi,2006-08-09T00:00:00.000+00:00
2hzl,2006-08-09T00:00:00.000+00:00
2hzn,2006-08-09T00:00:00.000+00:00
2hzy,2006-08-09T00:00:00.000+00:00
2i03,2006-08-09T00:00:00.000+00:00
2i0a,2006-08-10T00:00:00.000+00:00
2i0d,2006-08-10T00:00:00.000+00:00
2i0e,2006-08-10T00:00:00.000+00:00
2i0g,2006-08-10T00:00:00.000+00:00
2i0h,2006-08-10T00:00:00.000+00:00
2i0j,2006-08-10T00:00:00.000+00:00
2i0v,2006-08-11T00:00:00.000+00:00
2i0y,2006-08-11T00:00:00.000+00:00
2i19,2006-08-13T00:00:00.000+00:00
2i1m,2006-08-14T00:00:00.000+00:00
2i1r,2006-08-14T00:00:00.000+00:00
2i2b,2006-08-16T00:00:00.000+00:00
2i2c,2006-08-16T00:00:00.000+00:00
2i3h,2006-08-18T00:00:00.000+00:00
2i3i,2006-08-18T00:00:00.000+00:00
2i3v,2006-08-21T00:00:00.000+00:00
2i3z,2006-08-21T00:00:00.000+00:00
2i40,2006-08-21T00:00:00.000+00:00
2i47,2006-08-21T00:00:00.000+00:00
2i4d,2006-08-21T00:00:00.000+00:00
2i4j,2006-08-22T00:00:00.000+00:00
2i4p,2006-08-22T00:00:00.000+00:00
2i4t,2006-08-22T00:00:00.000+00:00
2i4u,2006-08-22T00:00:00.000+00:00
2i4v,2006-08-22T00:00:00.000+00:00
2i4w,2006-08-22T00:00:00.000+00:00
2i4x,2006-08-22T00:00:00.000+00:00
2i4z,2006-08-23T00:00:00.000+00:00
2i5f,2006-08-24T00:00:00.000+00:00
2i5j,2006-08-24T00:00:00.000+00:00
2i6a,2006-08-28T00:00:00.000+00:00
2i6b,2006-08-28T00:00:00.000+00:00
2i72,2006-08-30T00:00:00.000+00:00
2i7c,2006-08-30T00:00:00.000+00:00
2i80,2006-08-31T00:00:00.000+00:00
2ica,2006-09-12T00:00:00.000+00:00
2idk,2006-09-15T00:00:00.000+00:00
2idw,2006-09-15T00:00:00.000+00:00
2ie4,2006-09-17T00:00:00.000+00:00
2ieh,2006-09-19T00:00:00.000+00:00
2ien,2006-09-19T00:00:00.000+00:00
2ieo,2006-09-19T00:00:00.000+00:00
2ig0,2006-09-22T00:00:00.000+00:00
2igv,2006-09-25T00:00:00.000+00:00
2igw,2006-09-25T00:00:00.000+00:00
2igx,2006-09-25T00:00:00.000+00:00
2igy,2006-09-25T00:00:00.000+00:00
2ihj,2006-09-26T00:00:00.000+00:00
2ihq,2006-09-27T00:00:00.000+00:00
2iit,2006-09-28T00:00:00.000+00:00
2iiv,2006-09-28T00:00:00.000+00:00
2iko,2006-10-02T00:00:00.000+00:00
2iku,2006-10-02T00:00:00.000+00:00
2il2,2006-10-02T00:00:00.000+00:00
2ilp,2006-10-03T00:00:00.000+00:00
2ima,2006-10-04T00:00:00.000+00:00
2imb,2006-10-04T00:00:00.000+00:00
2imd,2006-10-04T00:00:00.000+00:00
2in6,2006-10-05T00:00:00.000+00:00
2io6,2006-10-10T00:00:00.000+00:00
2ioa,2006-10-10T00:00:00.000+00:00
2iog,2006-10-10T00:00:00.000+00:00
2iok,2006-10-10T00:00:00.000+00:00
2ipo,2006-10-12T00:00:00.000+00:00
2iqg,2006-10-13T00:00:00.000+00:00
2irz,2006-10-16T00:00:00.000+00:00
2is0,2006-10-16T00:00:00.000+00:00
2isc,2006-10-17T00:00:00.000+00:00
2isv,2006-10-18T00:00:00.000+00:00
2isw,2006-10-18T00:00:00.000+00:00
2it4,2006-10-19T00:00:00.000+00:00
2itk,2006-10-19T00:00:00.000+00:00
2ito,2006-05-25T00:00:00.000+00:00
2itp,2006-05-25T00:00:00.000+00:00
2itt,2006-05-25T00:00:00.000+00:00
2ity,2006-05-25T00:00:00.000+00:00
2itz,2006-05-25T00:00:00.000+00:00
2iu0,2006-05-26T00:00:00.000+00:00
2iuz,2006-06-08T00:00:00.000+00:00
2iv9,2006-06-08T00:00:00.000+00:00
2ivu,2006-06-16T00:00:00.000+00:00
2ivz,2006-06-23T00:00:00.000+00:00
2iw6,2006-06-26T00:00:00.000+00:00
2iw8,2006-06-27T00:00:00.000+00:00
2iw9,2006-06-27T00:00:00.000+00:00
2iws,2006-07-04T00:00:00.000+00:00
2iwu,2006-07-04T00:00:00.000+00:00
2iyf,2006-07-17T00:00:00.000+00:00
2izl,1997-08-13T00:00:00.000+00:00
2izx,2006-07-27T00:00:00.000+00:00
2j27,2006-08-16T00:00:00.000+00:00
2j2i,2006-08-16T00:00:00.000+00:00
2j2u,2006-08-17T00:00:00.000+00:00
2j34,2006-08-18T00:00:00.000+00:00
2j3q,2006-08-23T00:00:00.000+00:00
2j47,2006-08-25T00:00:00.000+00:00
2j4a,2006-08-28T00:00:00.000+00:00
2j4g,2006-08-31T00:00:00.000+00:00
2j4i,2006-08-31T00:00:00.000+00:00
2j4k,2006-09-01T00:00:00.000+00:00
2j4q,2006-09-05T00:00:00.000+00:00
2j4z,2006-09-08T00:00:00.000+00:00
2j50,2006-09-08T00:00:00.000+00:00
2j6m,2006-09-29T00:00:00.000+00:00
2j75,2006-10-06T00:00:00.000+00:00
2j77,2006-10-06T00:00:00.000+00:00
2j79,2006-10-06T00:00:00.000+00:00
2j7b,2006-10-06T00:00:00.000+00:00
2j7d,2006-10-06T00:00:00.000+00:00
2j7e,2006-10-07T00:00:00.000+00:00
2j7f,2006-10-07T00:00:00.000+00:00
2j7g,2006-10-07T00:00:00.000+00:00
2j7w,2006-10-17T00:00:00.000+00:00
2j7x,2006-10-17T00:00:00.000+00:00
2j83,2006-10-18T00:00:00.000+00:00
2j87,2006-10-23T00:00:00.000+00:00
2j94,2006-11-02T00:00:00.000+00:00
2j95,2006-11-02T00:00:00.000+00:00
2j9a,2006-11-06T00:00:00.000+00:00
2j9h,2006-11-08T00:00:00.000+00:00
2j9l,2006-11-13T00:00:00.000+00:00
2j9n,2006-11-14T00:00:00.000+00:00
2ja3,2006-11-21T00:00:00.000+00:00
2jaj,2006-11-29T00:00:00.000+00:00
2jal,2006-11-29T00:00:00.000+00:00
2jb5,2006-12-03T00:00:00.000+00:00
2jb6,2006-12-03T00:00:00.000+00:00
2jbj,2006-12-07T00:00:00.000+00:00
2jbk,2006-12-07T00:00:00.000+00:00
2jbl,2006-12-08T00:00:00.000+00:00
2jbo,2006-12-09T00:00:00.000+00:00
2jbp,2006-12-09T00:00:00.000+00:00
2jbu,2006-12-11T00:00:00.000+00:00
2jbv,2006-12-13T00:00:00.000+00:00
2jc0,2006-12-18T00:00:00.000+00:00
2jdh,2007-01-09T00:00:00.000+00:00
2jdk,2007-01-10T00:00:00.000+00:00
2jdl,2007-01-11T00:00:00.000+00:00
2jdn,2007-01-11T00:00:00.000+00:00
2jdo,2007-01-11T00:00:00.000+00:00
2jdp,2007-01-11T00:00:00.000+00:00
2jds,2007-01-12T00:00:00.000+00:00
2jdt,2007-01-12T00:00:00.000+00:00
2jdv,2007-01-12T00:00:00.000+00:00
2jew,2007-01-24T00:00:00.000+00:00
2jf4,2007-01-25T00:00:00.000+00:00
2jfh,2007-02-01T00:00:00.000+00:00
2jfz,2007-02-06T00:00:00.000+00:00
2jg0,2007-02-07T00:00:00.000+00:00
2jg8,2007-02-09T00:00:00.000+00:00
2jgs,2007-02-14T00:00:00.000+00:00
2jh0,2007-02-19T00:00:00.000+00:00
2jh5,2007-02-20T00:00:00.000+00:00
2jh6,2007-02-20T00:00:00.000+00:00
2jiu,2007-07-01T00:00:00.000+00:00
2jiw,2007-07-02T00:00:00.000+00:00
2jj3,2007-07-03T00:00:00.000+00:00
2jjb,2008-03-28T00:00:00.000+00:00
2jjk,2008-04-09T00:00:00.000+00:00
2jjr,2008-04-21T00:00:00.000+00:00
2jk7,2008-08-21T00:00:00.000+00:00
2jk9,2008-08-22T00:00:00.000+00:00
2jke,2008-08-28T00:00:00.000+00:00
2jkh,2008-08-28T00:00:00.000+00:00
2jkk,2008-08-28T00:00:00.000+00:00
2jkm,2008-08-28T00:00:00.000+00:00
2jko,2008-08-28T00:00:00.000+00:00
2jkp,2008-08-29T00:00:00.000+00:00
2jkq,2008-08-29T00:00:00.000+00:00
2jkr,2008-08-29T00:00:00.000+00:00
2jkt,2008-08-29T00:00:00.000+00:00
2jld,2008-09-08T00:00:00.000+00:00
2jle,2008-09-08T00:00:00.000+00:00
2jmj,2006-11-15T00:00:00.000+00:00
2jnp,2007-01-30T00:00:00.000+00:00
2jnw,2007-02-07T00:00:00.000+00:00
2jo9,2007-03-01T00:00:00.000+00:00
2joa,2007-03-01T00:00:00.000+00:00
2jq9,2007-05-30T00:00:00.000+00:00
2jqi,2007-06-01T00:00:00.000+00:00
2jqk,2007-06-02T00:00:00.000+00:00
2jql,2007-06-02T00:00:00.000+00:00
2jsd,2007-07-03T00:00:00.000+00:00
2jst,2007-07-12T00:00:00.000+00:00
2jt5,2007-07-20T00:00:00.000+00:00
2jt6,2007-07-23T00:00:00.000+00:00
2jup,2007-09-01T00:00:00.000+00:00
2jxr,1997-04-24T00:00:00.000+00:00
2k00,2008-01-23T00:00:00.000+00:00
2k0g,2008-02-02T00:00:00.000+00:00
2k0x,2008-02-15T00:00:00.000+00:00
2k1q,2008-03-13T00:00:00.000+00:00
2k2g,2008-04-01T00:00:00.000+00:00
2k2r,2008-04-10T00:00:00.000+00:00
2k3w,2008-05-19T00:00:00.000+00:00
2k46,2008-05-28T00:00:00.000+00:00
2k4i,2008-06-08T00:00:00.000+00:00
2k62,2008-07-03T00:00:00.000+00:00
2kaw,2008-11-17T00:00:00.000+00:00
2kbr,2008-12-05T00:00:00.000+00:00
2kbs,2008-12-05T00:00:00.000+00:00
2kce,1997-06-09T00:00:00.000+00:00
2kdh,2009-01-09T00:00:00.000+00:00
2ke1,2009-01-22T00:00:00.000+00:00
2kff,2009-02-20T00:00:00.000+00:00
2kfg,2009-02-20T00:00:00.000+00:00
2kfh,2009-02-20T00:00:00.000+00:00
2kfx,2009-02-28T00:00:00.000+00:00
2kgi,2009-03-12T00:00:00.000+00:00
2khh,2009-04-06T00:00:00.000+00:00
2kmx,2009-08-05T00:00:00.000+00:00
2knh,2009-08-25T00:00:00.000+00:00
2ko7,2009-09-11T00:00:00.000+00:00
2koh,2009-09-22T00:00:00.000+00:00
2kp8,2009-10-09T00:00:00.000+00:00
2kpl,2009-10-16T00:00:00.000+00:00
2krd,2009-12-16T00:00:00.000+00:00
2ks9,2009-12-31T00:00:00.000+00:00
2ksa,2009-12-31T00:00:00.000+00:00
2ksb,2009-12-31T00:00:00.000+00:00
2ksp,2010-01-11T00:00:00.000+00:00
2kup,2010-02-24T00:00:00.000+00:00
2kvm,2010-03-17T00:00:00.000+00:00
2kwn,2010-04-13T00:00:00.000+00:00
2kzu,2010-06-25T00:00:00.000+00:00
2l0i,2010-07-06T00:00:00.000+00:00
2l11,2010-07-22T00:00:00.000+00:00
2l12,2010-07-22T00:00:00.000+00:00
2l1b,2010-07-27T00:00:00.000+00:00
2l1r,2010-08-03T00:00:00.000+00:00
2l3r,2010-09-21T00:00:00.000+00:00
2l65,2010-11-15T00:00:00.000+00:00
2l6e,2010-11-18T00:00:00.000+00:00
2l6j,2010-11-22T00:00:00.000+00:00
2l75,2010-12-02T00:00:00.000+00:00
2l7u,2010-12-23T00:00:00.000+00:00
2l84,2011-01-03T00:00:00.000+00:00
2l8j,2011-01-17T00:00:00.000+00:00
2l8r,2011-01-22T00:00:00.000+00:00
2l98,2011-02-02T00:00:00.000+00:00
2las,2011-03-20T00:00:00.000+00:00
2lbm,2011-04-08T00:00:00.000+00:00
2lbv,2011-04-07T00:00:00.000+00:00
2lcs,2011-05-07T00:00:00.000+00:00
2lct,2011-05-09T00:00:00.000+00:00
2lgf,2011-07-25T00:00:00.000+00:00
2lh8,2011-08-05T00:00:00.000+00:00
2lha,2011-08-08T00:00:00.000+00:00
2liq,2011-08-30T00:00:00.000+00:00
2lk1,2011-09-30T00:00:00.000+00:00
2lkk,2011-10-13T00:00:00.000+00:00
2lko,2011-10-17T00:00:00.000+00:00
2ll6,2011-10-29T00:00:00.000+00:00
2ll7,2011-10-29T00:00:00.000+00:00
2llo,2011-11-15T00:00:00.000+00:00
2llq,2011-11-15T00:00:00.000+00:00
2lnw,2012-01-05T00:00:00.000+00:00
2lo6,2012-01-17T00:00:00.000+00:00
2loz,2012-01-29T00:00:00.000+00:00
2lp8,2012-02-03T00:00:00.000+00:00
2lpr,1991-08-05T00:00:00.000+00:00
2lsk,2012-05-01T00:00:00.000+00:00
2lsp,2012-05-03T00:00:00.000+00:00
2lsr,2012-05-04T00:00:00.000+00:00
2lsv,2012-05-07T00:00:00.000+00:00
2lto,2012-05-30T00:00:00.000+00:00
2ltv,2012-06-04T00:00:00.000+00:00
2ltw,2012-06-04T00:00:00.000+00:00
2ltx,2012-06-04T00:00:00.000+00:00
2lty,2012-06-04T00:00:00.000+00:00
2ltz,2012-06-04T00:00:00.000+00:00
2lwi,2012-08-01T00:00:00.000+00:00
2ly0,2012-09-10T00:00:00.000+00:00
2lya,2012-09-14T00:00:00.000+00:00
2lyb,2012-09-14T00:00:00.000+00:00
2lyw,2012-09-20T00:00:00.000+00:00
2lzg,2012-10-02T00:00:00.000+00:00
2m0o,2012-10-30T00:00:00.000+00:00
2m0u,2012-11-06T00:00:00.000+00:00
2m0v,2012-11-06T00:00:00.000+00:00
2m3m,2013-01-22T00:00:00.000+00:00
2m3o,2013-01-23T00:00:00.000+00:00
2m3z,2013-01-28T00:00:00.000+00:00
2m41,2013-01-28T00:00:00.000+00:00
2mas,1996-10-17T00:00:00.000+00:00
2mc1,2013-08-13T00:00:00.000+00:00
2mg5,2013-10-28T00:00:00.000+00:00
2mip,1993-06-03T00:00:00.000+00:00
2mji,2014-01-09T00:00:00.000+00:00
2mkr,2014-02-12T00:00:00.000+00:00
2mlm,2014-03-03T00:00:00.000+00:00
2mnz,2014-04-16T00:00:00.000+00:00
2mov,2014-05-05T00:00:00.000+00:00
2mow,2014-05-06T00:00:00.000+00:00
2mpa,1999-06-09T00:00:00.000+00:00
2mpm,2014-05-26T00:00:00.000+00:00
2mps,2014-06-02T00:00:00.000+00:00
2ms4,2014-07-22T00:00:00.000+00:00
2mwo,2014-11-15T00:00:00.000+00:00
2mwp,2014-11-15T00:00:00.000+00:00
2mwy,2014-12-03T00:00:00.000+00:00
2n06,2015-03-04T00:00:00.000+00:00
2n0u,2015-03-17T00:00:00.000+00:00
2n0w,2015-03-17T00:00:00.000+00:00
2n14,2015-03-20T00:00:00.000+00:00
2n1g,2015-04-01T00:00:00.000+00:00
2n27,2015-04-29T00:00:00.000+00:00
2n3k,2015-06-03T00:00:00.000+00:00
2n7b,2015-09-07T00:00:00.000+00:00
2n8t,2015-10-27T00:00:00.000+00:00
2n9e,2015-11-15T00:00:00.000+00:00
2n9x,2015-12-14T00:00:00.000+00:00
2ncz,2016-04-18T00:00:00.000+00:00
2nd0,2016-04-18T00:00:00.000+00:00
2ndf,2016-05-19T00:00:00.000+00:00
2ndg,2016-05-19T00:00:00.000+00:00
2ndo,2016-08-22T00:00:00.000+00:00
2nm1,2006-10-20T00:00:00.000+00:00
2nmb,1998-10-29T00:00:00.000+00:00
2nmx,2006-10-23T00:00:00.000+00:00
2nmy,2006-10-23T00:00:00.000+00:00
2nmz,2006-10-23T00:00:00.000+00:00
2nn1,2006-10-23T00:00:00.000+00:00
2nn7,2006-10-23T00:00:00.000+00:00
2nn8,2006-10-24T00:00:00.000+00:00
2nnd,2006-10-24T00:00:00.000+00:00
2nng,2006-10-24T00:00:00.000+00:00
2nnk,2006-10-24T00:00:00.000+00:00
2nno,2006-10-24T00:00:00.000+00:00
2nnp,2006-10-24T00:00:00.000+00:00
2nnq,2006-10-24T00:00:00.000+00:00
2nns,2006-10-24T00:00:00.000+00:00
2nnv,2006-10-24T00:00:00.000+00:00
2no3,2006-10-24T00:00:00.000+00:00
2np8,2006-10-26T00:00:00.000+00:00
2np9,2006-10-26T00:00:00.000+00:00
2nq6,2006-10-30T00:00:00.000+00:00
2nq7,2006-10-30T00:00:00.000+00:00
2nqg,2006-10-31T00:00:00.000+00:00
2nqi,2006-10-31T00:00:00.000+00:00
2nsj,2006-11-04T00:00:00.000+00:00
2nsl,2006-11-04T00:00:00.000+00:00
2nsx,2006-11-06T00:00:00.000+00:00
2nt7,2006-11-07T00:00:00.000+00:00
2nta,2006-11-07T00:00:00.000+00:00
2ntf,2006-11-07T00:00:00.000+00:00
2nv7,2006-11-10T00:00:00.000+00:00
2nw4,2006-11-14T00:00:00.000+00:00
2nwl,2006-11-15T00:00:00.000+00:00
2nwn,2006-11-16T00:00:00.000+00:00
2nww,2006-11-16T00:00:00.000+00:00
2nxd,2006-11-17T00:00:00.000+00:00
2nxl,2006-11-17T00:00:00.000+00:00
2nxm,2006-11-17T00:00:00.000+00:00
2nyr,2006-11-21T00:00:00.000+00:00
2o0u,2006-11-28T00:00:00.000+00:00
2o1c,2006-11-28T00:00:00.000+00:00
2o1v,2006-11-29T00:00:00.000+00:00
2o22,2006-11-29T00:00:00.000+00:00
2o2u,2006-11-30T00:00:00.000+00:00
2o3p,2006-12-01T00:00:00.000+00:00
2o3z,2006-12-02T00:00:00.000+00:00
2o48,2006-12-04T00:00:00.000+00:00
2o4h,2006-12-04T00:00:00.000+00:00
2o4j,2006-12-04T00:00:00.000+00:00
2o4k,2006-12-04T00:00:00.000+00:00
2o4l,2006-12-04T00:00:00.000+00:00
2o4n,2006-12-04T00:00:00.000+00:00
2o4p,2006-12-04T00:00:00.000+00:00
2o4r,2006-12-04T00:00:00.000+00:00
2o4s,2006-12-04T00:00:00.000+00:00
2o4z,2006-12-05T00:00:00.000+00:00
2o5d,2006-12-05T00:00:00.000+00:00
2o5k,2006-12-06T00:00:00.000+00:00
2o63,2006-12-06T00:00:00.000+00:00
2o64,2006-12-06T00:00:00.000+00:00
2o65,2006-12-06T00:00:00.000+00:00
2o7e,2006-12-11T00:00:00.000+00:00
2o7n,2006-12-11T00:00:00.000+00:00
2o7v,2006-12-11T00:00:00.000+00:00
2o8h,2006-12-12T00:00:00.000+00:00
2o9a,2006-12-13T00:00:00.000+00:00
2o9i,2006-12-13T00:00:00.000+00:00
2o9j,2006-12-13T00:00:00.000+00:00
2o9k,2006-12-13T00:00:00.000+00:00
2o9r,2006-12-14T00:00:00.000+00:00
2o9v,2006-12-14T00:00:00.000+00:00
2oa0,2006-12-14T00:00:00.000+00:00
2oag,2006-12-15T00:00:00.000+00:00
2oah,2006-12-15T00:00:00.000+00:00
2oax,2006-12-18T00:00:00.000+00:00
2oaz,2006-12-18T00:00:00.000+00:00
2obj,2006-12-19T00:00:00.000+00:00
2obo,2006-12-19T00:00:00.000+00:00
2oc0,2006-12-20T00:00:00.000+00:00
2oc1,2006-12-20T00:00:00.000+00:00
2oc4,2006-12-20T00:00:00.000+00:00
2oc7,2006-12-20T00:00:00.000+00:00
2oc9,2006-12-20T00:00:00.000+00:00
2odd,2006-12-22T00:00:00.000+00:00
2oei,2006-12-29T00:00:00.000+00:00
2of2,2007-01-02T00:00:00.000+00:00
2of4,2007-01-02T00:00:00.000+00:00
2off,2007-01-03T00:00:00.000+00:00
2ofu,2007-01-04T00:00:00.000+00:00
2ofv,2007-01-04T00:00:00.000+00:00
2og8,2007-01-05T00:00:00.000+00:00
2ogy,2007-01-09T00:00:00.000+00:00
2ogz,2007-01-09T00:00:00.000+00:00
2oh0,2007-01-09T00:00:00.000+00:00
2oh4,2007-01-09T00:00:00.000+00:00
2ohk,2007-01-10T00:00:00.000+00:00
2ohl,2007-01-10T00:00:00.000+00:00
2ohm,2007-01-10T00:00:00.000+00:00
2ohp,2007-01-10T00:00:00.000+00:00
2ohq,2007-01-10T00:00:00.000+00:00
2ohr,2007-01-10T00:00:00.000+00:00
2ohs,2007-01-10T00:00:00.000+00:00
2oht,2007-01-10T00:00:00.000+00:00
2ohu,2007-01-10T00:00:00.000+00:00
2ohv,2007-01-10T00:00:00.000+00:00
2oi0,2007-01-10T00:00:00.000+00:00
2oi2,2007-01-10T00:00:00.000+00:00
2oi3,2007-01-10T00:00:00.000+00:00
2oi9,2007-01-10T00:00:00.000+00:00
2oic,2007-01-10T00:00:00.000+00:00
2oiq,2007-01-11T00:00:00.000+00:00
2oj9,2007-01-12T00:00:00.000+00:00
2ojf,2007-01-12T00:00:00.000+00:00
2ojg,2007-01-12T00:00:00.000+00:00
2oji,2007-01-12T00:00:00.000+00:00
2ojj,2007-01-12T00:00:00.000+00:00
2ok1,2007-01-15T00:00:00.000+00:00
2olb,1995-09-10T00:00:00.000+00:00
2on3,2007-01-23T00:00:00.000+00:00
2on6,2007-01-23T00:00:00.000+00:00
2onb,2007-01-23T00:00:00.000+00:00
2onc,2007-01-23T00:00:00.000+00:00
2ony,2007-01-24T00:00:00.000+00:00
2onz,2007-01-25T00:00:00.000+00:00
2oo8,2007-01-25T00:00:00.000+00:00
2ooh,2007-01-25T00:00:00.000+00:00
2ooz,2007-01-26T00:00:00.000+00:00
2op3,2007-01-26T00:00:00.000+00:00
2op9,2007-01-27T00:00:00.000+00:00
2opb,2007-01-28T00:00:00.000+00:00
2oph,2007-01-29T00:00:00.000+00:00
2opy,2007-01-30T00:00:00.000+00:00
2oq6,2007-01-31T00:00:00.000+00:00
2oqi,2007-01-31T00:00:00.000+00:00
2oqs,2007-02-01T00:00:00.000+00:00
2oqv,2007-02-01T00:00:00.000+00:00
2or4,2007-02-01T00:00:00.000+00:00
2or9,2007-02-02T00:00:00.000+00:00
2ork,2007-02-02T00:00:00.000+00:00
2os9,2007-02-05T00:00:00.000+00:00
2osc,2007-02-05T00:00:00.000+00:00
2osf,2007-02-05T00:00:00.000+00:00
2osm,2007-02-06T00:00:00.000+00:00
2ot1,2007-02-07T00:00:00.000+00:00
2ou7,2007-02-09T00:00:00.000+00:00
2ov4,2007-02-12T00:00:00.000+00:00
2ovq,2007-02-14T00:00:00.000+00:00
2ovv,2007-02-15T00:00:00.000+00:00
2ovx,2007-02-15T00:00:00.000+00:00
2ovy,2007-02-15T00:00:00.000+00:00
2ow0,2007-02-15T00:00:00.000+00:00
2ow1,2007-02-15T00:00:00.000+00:00
2ow2,2007-02-15T00:00:00.000+00:00
2ow3,2007-02-15T00:00:00.000+00:00
2ow6,2007-02-15T00:00:00.000+00:00
2ow7,2007-02-15T00:00:00.000+00:00
2ow9,2007-02-15T00:00:00.000+00:00
2owb,2007-02-15T00:00:00.000+00:00
2oxd,2007-02-20T00:00:00.000+00:00
2oxn,2007-02-20T00:00:00.000+00:00
2oxx,2007-02-21T00:00:00.000+00:00
2oxy,2007-02-21T00:00:00.000+00:00
2oyk,2007-02-22T00:00:00.000+00:00
2oyl,2007-02-22T00:00:00.000+00:00
2oym,2007-02-22T00:00:00.000+00:00
2oz2,2007-02-23T00:00:00.000+00:00
2oz5,2007-02-23T00:00:00.000+00:00
2oz6,2007-02-24T00:00:00.000+00:00
2oz7,2007-02-25T00:00:00.000+00:00
2ozr,2007-02-27T00:00:00.000+00:00
2p09,2007-02-28T00:00:00.000+00:00
2p0d,2007-02-28T00:00:00.000+00:00
2p0x,2007-03-01T00:00:00.000+00:00
2p16,2007-03-02T00:00:00.000+00:00
2p1c,2007-03-04T00:00:00.000+00:00
2p2a,2007-03-07T00:00:00.000+00:00
2p2h,2007-03-07T00:00:00.000+00:00
2p2i,2007-03-07T00:00:00.000+00:00
2p33,2007-03-08T00:00:00.000+00:00
2p3a,2007-03-08T00:00:00.000+00:00
2p3b,2007-03-08T00:00:00.000+00:00
2p3c,2007-03-08T00:00:00.000+00:00
2p3d,2007-03-08T00:00:00.000+00:00
2p3g,2007-03-08T00:00:00.000+00:00
2p3i,2007-03-09T00:00:00.000+00:00
2p4i,2007-03-12T00:00:00.000+00:00
2p4j,2007-03-12T00:00:00.000+00:00
2p4s,2007-03-13T00:00:00.000+00:00
2p53,2007-03-14T00:00:00.000+00:00
2p59,2007-03-14T00:00:00.000+00:00
2p7a,2007-03-20T00:00:00.000+00:00
2p7g,2007-03-20T00:00:00.000+00:00
2p7z,2007-03-21T00:00:00.000+00:00
2p83,2007-03-21T00:00:00.000+00:00
2p8h,2007-03-22T00:00:00.000+00:00
2p8n,2007-03-22T00:00:00.000+00:00
2p8o,2007-03-22T00:00:00.000+00:00
2p8s,2007-03-23T00:00:00.000+00:00
2p93,2007-03-23T00:00:00.000+00:00
2p94,2007-03-23T00:00:00.000+00:00
2p95,2007-03-23T00:00:00.000+00:00
2p98,2007-03-24T00:00:00.000+00:00
2p99,2007-03-24T00:00:00.000+00:00
2p9a,2007-03-24T00:00:00.000+00:00
2pax,1997-11-25T00:00:00.000+00:00
2pbw,2007-03-29T00:00:00.000+00:00
2pcu,2007-03-30T00:00:00.000+00:00
2pe0,2007-04-01T00:00:00.000+00:00
2pe1,2007-04-01T00:00:00.000+00:00
2pe2,2007-04-01T00:00:00.000+00:00
2peh,2007-04-03T00:00:00.000+00:00
2pem,2007-04-03T00:00:00.000+00:00
2pfy,2007-04-06T00:00:00.000+00:00
2pg2,2007-04-06T00:00:00.000+00:00
2pgj,2007-04-09T00:00:00.000+00:00
2pgl,2007-04-09T00:00:00.000+00:00
2pgz,2007-04-10T00:00:00.000+00:00
2ph6,2007-04-10T00:00:00.000+00:00
2ph8,2007-04-10T00:00:00.000+00:00
2ph9,2007-04-10T00:00:00.000+00:00
2phb,2007-04-10T00:00:00.000+00:00
2pix,2007-04-13T00:00:00.000+00:00
2piy,2007-04-15T00:00:00.000+00:00
2piz,2007-04-15T00:00:00.000+00:00
2pj0,2007-04-15T00:00:00.000+00:00
2pj1,2007-04-15T00:00:00.000+00:00
2pj2,2007-04-15T00:00:00.000+00:00
2pj3,2007-04-15T00:00:00.000+00:00
2pj4,2007-04-15T00:00:00.000+00:00
2pj5,2007-04-15T00:00:00.000+00:00
2pj6,2007-04-15T00:00:00.000+00:00
2pj7,2007-04-15T00:00:00.000+00:00
2pj8,2007-04-15T00:00:00.000+00:00
2pj9,2007-04-15T00:00:00.000+00:00
2pja,2007-04-15T00:00:00.000+00:00
2pjb,2007-04-15T00:00:00.000+00:00
2pjc,2007-04-15T00:00:00.000+00:00
2pjl,2007-04-16T00:00:00.000+00:00
2pjt,2007-04-16T00:00:00.000+00:00
2pk5,2007-04-17T00:00:00.000+00:00
2pk6,2007-04-17T00:00:00.000+00:00
2pks,2007-04-18T00:00:00.000+00:00
2pl0,2007-04-18T00:00:00.000+00:00
2pl9,2007-04-19T00:00:00.000+00:00
2pmc,2007-04-20T00:00:00.000+00:00
2pmk,2007-04-23T00:00:00.000+00:00
2pmn,2007-04-23T00:00:00.000+00:00
2pnc,2007-04-24T00:00:00.000+00:00
2pnx,2007-04-25T00:00:00.000+00:00
2poq,2007-04-27T00:00:00.000+00:00
2pou,2007-04-27T00:00:00.000+00:00
2pov,2007-04-27T00:00:00.000+00:00
2pow,2007-04-27T00:00:00.000+00:00
2pqb,2007-05-01T00:00:00.000+00:00
2pqc,2007-05-01T00:00:00.000+00:00
2pqj,2007-05-02T00:00:00.000+00:00
2pql,2007-05-02T00:00:00.000+00:00
2pqz,2007-05-03T00:00:00.000+00:00
2pr9,2007-05-04T00:00:00.000+00:00
2pre,2007-05-04T00:00:00.000+00:00
2pri,1998-12-11T00:00:00.000+00:00
2prj,1998-12-11T00:00:00.000+00:00
2psj,2007-05-06T00:00:00.000+00:00
2psu,2007-05-07T00:00:00.000+00:00
2psv,2007-05-07T00:00:00.000+00:00
2psx,2007-05-07T00:00:00.000+00:00
2pt9,2007-05-08T00:00:00.000+00:00
2ptz,2007-05-08T00:00:00.000+00:00
2pu0,2007-05-08T00:00:00.000+00:00
2pu1,2007-05-08T00:00:00.000+00:00
2pu2,2007-05-08T00:00:00.000+00:00
2puy,2007-05-09T00:00:00.000+00:00
2pv1,2007-05-09T00:00:00.000+00:00
2pv2,2007-05-09T00:00:00.000+00:00
2pv3,2007-05-09T00:00:00.000+00:00
2pvh,2007-05-09T00:00:00.000+00:00
2pvj,2007-05-09T00:00:00.000+00:00
2pvk,2007-05-09T00:00:00.000+00:00
2pvl,2007-05-09T00:00:00.000+00:00
2pvm,2007-05-09T00:00:00.000+00:00
2pvn,2007-05-09T00:00:00.000+00:00
2pvu,2007-05-10T00:00:00.000+00:00
2pvv,2007-05-10T00:00:00.000+00:00
2pvw,2007-05-10T00:00:00.000+00:00
2pwc,2007-05-11T00:00:00.000+00:00
2pwd,2007-05-11T00:00:00.000+00:00
2pwg,2007-05-11T00:00:00.000+00:00
2pwr,2007-05-12T00:00:00.000+00:00
2py4,2007-05-15T00:00:00.000+00:00
2pyi,2007-05-16T00:00:00.000+00:00
2pym,2007-05-16T00:00:00.000+00:00
2pyn,2007-05-16T00:00:00.000+00:00
2pyy,2007-05-17T00:00:00.000+00:00
2pze,2007-05-17T00:00:00.000+00:00
2pzi,2007-05-18T00:00:00.000+00:00
2pzy,2007-05-18T00:00:00.000+00:00
2q11,2007-05-23T00:00:00.000+00:00
2q15,2007-05-23T00:00:00.000+00:00
2q1j,2007-05-24T00:00:00.000+00:00
2q1l,2007-05-24T00:00:00.000+00:00
2q1q,2007-05-25T00:00:00.000+00:00
2q2a,2007-05-26T00:00:00.000+00:00
2q2c,2007-05-28T00:00:00.000+00:00
2q2n,2007-05-29T00:00:00.000+00:00
2q2y,2007-05-29T00:00:00.000+00:00
2q2z,2007-05-29T00:00:00.000+00:00
2q38,2007-05-30T00:00:00.000+00:00
2q3z,2007-05-30T00:00:00.000+00:00
2q54,2007-05-31T00:00:00.000+00:00
2q55,2007-05-31T00:00:00.000+00:00
2q5k,2007-06-01T00:00:00.000+00:00
2q63,2007-06-04T00:00:00.000+00:00
2q64,2007-06-04T00:00:00.000+00:00
2q6b,2007-06-04T00:00:00.000+00:00
2q6c,2007-06-04T00:00:00.000+00:00
2q6f,2007-06-05T00:00:00.000+00:00
2q6h,2007-06-05T00:00:00.000+00:00
2q70,2007-06-05T00:00:00.000+00:00
2q72,2007-06-05T00:00:00.000+00:00
2q7m,2007-06-07T00:00:00.000+00:00
2q7o,2007-06-07T00:00:00.000+00:00
2q7q,2007-06-07T00:00:00.000+00:00
2q7y,2007-06-07T00:00:00.000+00:00
2q80,2007-06-08T00:00:00.000+00:00
2q88,2007-06-09T00:00:00.000+00:00
2q89,2007-06-09T00:00:00.000+00:00
2q8g,2007-06-10T00:00:00.000+00:00
2q8h,2007-06-10T00:00:00.000+00:00
2q8i,2007-06-10T00:00:00.000+00:00
2q8m,2007-06-11T00:00:00.000+00:00
2q8s,2007-06-11T00:00:00.000+00:00
2q8y,2007-06-12T00:00:00.000+00:00
2q8z,2007-06-12T00:00:00.000+00:00
2q92,2007-06-12T00:00:00.000+00:00
2q93,2007-06-12T00:00:00.000+00:00
2q94,2007-06-12T00:00:00.000+00:00
2q95,2007-06-12T00:00:00.000+00:00
2q96,2007-06-12T00:00:00.000+00:00
2q9m,2007-06-13T00:00:00.000+00:00
2q9n,2007-06-13T00:00:00.000+00:00
2q9y,2007-06-14T00:00:00.000+00:00
2qa8,2007-06-14T00:00:00.000+00:00
2qaf,2007-06-15T00:00:00.000+00:00
2qbs,2007-06-18T00:00:00.000+00:00
2qbu,2007-06-18T00:00:00.000+00:00
2qbw,2007-06-18T00:00:00.000+00:00
2qbx,2007-06-18T00:00:00.000+00:00
2qc6,2007-06-19T00:00:00.000+00:00
2qcd,2007-06-19T00:00:00.000+00:00
2qcf,2007-06-19T00:00:00.000+00:00
2qcg,2007-06-19T00:00:00.000+00:00
2qch,2007-06-19T00:00:00.000+00:00
2qci,2007-06-19T00:00:00.000+00:00
2qcm,2007-06-19T00:00:00.000+00:00
2qcn,2007-06-19T00:00:00.000+00:00
2qd6,2007-06-20T00:00:00.000+00:00
2qd7,2007-06-20T00:00:00.000+00:00
2qd8,2007-06-20T00:00:00.000+00:00
2qd9,2007-06-20T00:00:00.000+00:00
2qdt,2007-06-21T00:00:00.000+00:00
2qe2,2007-06-22T00:00:00.000+00:00
2qe5,2007-06-22T00:00:00.000+00:00
2qf6,2007-06-26T00:00:00.000+00:00
2qfo,2007-06-27T00:00:00.000+00:00
2qfu,2007-06-28T00:00:00.000+00:00
2qg0,2007-06-28T00:00:00.000+00:00
2qg2,2007-06-28T00:00:00.000+00:00
2qh6,2007-06-29T00:00:00.000+00:00
2qhc,2007-07-02T00:00:00.000+00:00
2qhd,2007-07-02T00:00:00.000+00:00
2qhm,2007-07-02T00:00:00.000+00:00
2qhn,2007-07-02T00:00:00.000+00:00
2qhr,2007-07-02T00:00:00.000+00:00
2qhy,2007-07-03T00:00:00.000+00:00
2qhz,2007-07-03T00:00:00.000+00:00
2qi0,2007-07-03T00:00:00.000+00:00
2qi1,2007-07-03T00:00:00.000+00:00
2qi3,2007-07-03T00:00:00.000+00:00
2qi4,2007-07-03T00:00:00.000+00:00
2qi5,2007-07-03T00:00:00.000+00:00
2qi6,2007-07-03T00:00:00.000+00:00
2qi7,2007-07-03T00:00:00.000+00:00
2qic,2007-07-03T00:00:00.000+00:00
2qiq,2007-07-05T00:00:00.000+00:00
2qju,2007-07-09T00:00:00.000+00:00
2qk5,2007-07-10T00:00:00.000+00:00
2qk8,2007-07-10T00:00:00.000+00:00
2qki,2007-07-11T00:00:00.000+00:00
2qky,2007-07-12T00:00:00.000+00:00
2ql5,2007-07-12T00:00:00.000+00:00
2ql7,2007-07-12T00:00:00.000+00:00
2ql9,2007-07-12T00:00:00.000+00:00
2qlb,2007-07-12T00:00:00.000+00:00
2qlf,2007-07-12T00:00:00.000+00:00
2qlj,2007-07-12T00:00:00.000+00:00
2qlm,2007-07-13T00:00:00.000+00:00
2qln,2007-07-13T00:00:00.000+00:00
2qlq,2007-07-13T00:00:00.000+00:00
2qm9,2007-07-14T00:00:00.000+00:00
2qmd,2007-07-16T00:00:00.000+00:00
2qmf,2007-07-16T00:00:00.000+00:00
2qmg,2007-07-16T00:00:00.000+00:00
2qn1,2007-07-17T00:00:00.000+00:00
2qn2,2007-07-17T00:00:00.000+00:00
2qn3,2007-07-17T00:00:00.000+00:00
2qnb,2007-07-18T00:00:00.000+00:00
2qnn,2007-07-19T00:00:00.000+00:00
2qnp,2007-07-19T00:00:00.000+00:00
2qnx,2007-07-19T00:00:00.000+00:00
2qnz,2007-07-19T00:00:00.000+00:00
2qo1,2007-07-19T00:00:00.000+00:00
2qo8,2007-07-20T00:00:00.000+00:00
2qoa,2007-07-20T00:00:00.000+00:00
2qoe,2007-07-20T00:00:00.000+00:00
2qoh,2007-07-20T00:00:00.000+00:00
2qp6,2007-07-23T00:00:00.000+00:00
2qp8,2007-07-23T00:00:00.000+00:00
2qpj,2007-07-24T00:00:00.000+00:00
2qpq,2007-07-25T00:00:00.000+00:00
2qpu,2007-07-25T00:00:00.000+00:00
2qq7,2007-07-26T00:00:00.000+00:00
2qqs,2007-07-26T00:00:00.000+00:00
2qrg,2007-07-28T00:00:00.000+00:00
2qrh,2007-07-28T00:00:00.000+00:00
2qrk,2007-07-28T00:00:00.000+00:00
2qrl,2007-07-28T00:00:00.000+00:00
2qrm,2007-07-28T00:00:00.000+00:00
2qrp,2007-07-28T00:00:00.000+00:00
2qrq,2007-07-28T00:00:00.000+00:00
2qry,2007-07-30T00:00:00.000+00:00
2qt5,2007-08-01T00:00:00.000+00:00
2qt9,2007-08-01T00:00:00.000+00:00
2qta,2007-08-01T00:00:00.000+00:00
2qtb,2007-08-01T00:00:00.000+00:00
2qtg,2007-08-02T00:00:00.000+00:00
2qtn,2007-08-02T00:00:00.000+00:00
2qtr,2007-08-02T00:00:00.000+00:00
2qtt,2007-08-02T00:00:00.000+00:00
2qtu,2007-08-02T00:00:00.000+00:00
2qu2,2007-08-03T00:00:00.000+00:00
2qu3,2007-08-03T00:00:00.000+00:00
2qu5,2007-08-03T00:00:00.000+00:00
2qu6,2007-08-03T00:00:00.000+00:00
2qv7,2007-08-07T00:00:00.000+00:00
2qve,2007-08-08T00:00:00.000+00:00
2qw1,2007-08-09T00:00:00.000+00:00
2qwb,1998-04-07T00:00:00.000+00:00
2qwc,1998-04-07T00:00:00.000+00:00
2qwd,1998-04-07T00:00:00.000+00:00
2qwe,1998-04-07T00:00:00.000+00:00
2qwf,1998-04-07T00:00:00.000+00:00
2qwg,1998-04-07T00:00:00.000+00:00
2qx0,2007-08-10T00:00:00.000+00:00
2qyk,2007-08-15T00:00:00.000+00:00
2qyl,2007-08-15T00:00:00.000+00:00
2qyn,2007-08-15T00:00:00.000+00:00
2qzk,2007-08-16T00:00:00.000+00:00
2qzl,2007-08-16T00:00:00.000+00:00
2qzr,2007-08-17T00:00:00.000+00:00
2qzx,2007-08-17T00:00:00.000+00:00
2r02,2007-08-17T00:00:00.000+00:00
2r03,2007-08-17T00:00:00.000+00:00
2r05,2007-08-17T00:00:00.000+00:00
2r0h,2007-08-20T00:00:00.000+00:00
2r0u,2007-08-21T00:00:00.000+00:00
2r0y,2007-08-21T00:00:00.000+00:00
2r0z,2007-08-21T00:00:00.000+00:00
2r1w,2007-08-23T00:00:00.000+00:00
2r1x,2007-08-23T00:00:00.000+00:00
2r1y,2007-08-23T00:00:00.000+00:00
2r2b,2007-08-24T00:00:00.000+00:00
2r2l,2007-08-27T00:00:00.000+00:00
2r2m,2007-08-27T00:00:00.000+00:00
2r2w,2007-08-28T00:00:00.000+00:00
2r38,2007-08-29T00:00:00.000+00:00
2r3c,2007-08-29T00:00:00.000+00:00
2r3f,2007-08-29T00:00:00.000+00:00
2r3g,2007-08-29T00:00:00.000+00:00
2r3h,2007-08-29T00:00:00.000+00:00
2r3i,2007-08-29T00:00:00.000+00:00
2r3j,2007-08-29T00:00:00.000+00:00
2r3k,2007-08-29T00:00:00.000+00:00
2r3l,2007-08-29T00:00:00.000+00:00
2r3m,2007-08-29T00:00:00.000+00:00
2r3n,2007-08-29T00:00:00.000+00:00
2r3o,2007-08-29T00:00:00.000+00:00
2r3p,2007-08-29T00:00:00.000+00:00
2r3t,2007-08-30T00:00:00.000+00:00
2r3w,2007-08-30T00:00:00.000+00:00
2r3y,2007-08-30T00:00:00.000+00:00
2r43,2007-08-30T00:00:00.000+00:00
2r4b,2007-08-31T00:00:00.000+00:00
2r4f,2007-08-31T00:00:00.000+00:00
2r58,2007-09-03T00:00:00.000+00:00
2r59,2007-09-03T00:00:00.000+00:00
2r5a,2007-09-03T00:00:00.000+00:00
2r5b,2007-09-03T00:00:00.000+00:00
2r5d,2007-09-03T00:00:00.000+00:00
2r5p,2007-09-04T00:00:00.000+00:00
2r5q,2007-09-04T00:00:00.000+00:00
2r64,2007-09-05T00:00:00.000+00:00
2r6f,2007-09-05T00:00:00.000+00:00
2r6n,2007-09-06T00:00:00.000+00:00
2r6w,2007-09-06T00:00:00.000+00:00
2r6y,2007-09-06T00:00:00.000+00:00
2r7b,2007-09-07T00:00:00.000+00:00
2r7g,2007-09-07T00:00:00.000+00:00
2r8q,2007-09-11T00:00:00.000+00:00
2r9b,2007-09-12T00:00:00.000+00:00
2r9m,2007-09-13T00:00:00.000+00:00
2r9s,2007-09-13T00:00:00.000+00:00
2r9x,2007-09-13T00:00:00.000+00:00
2ra0,2007-09-14T00:00:00.000+00:00
2ra6,2007-09-14T00:00:00.000+00:00
2rc8,2007-09-19T00:00:00.000+00:00
2rc9,2007-09-19T00:00:00.000+00:00
2rcb,2007-09-19T00:00:00.000+00:00
2rcu,2007-09-20T00:00:00.000+00:00
2rcw,2007-09-20T00:00:00.000+00:00
2rcx,2007-09-20T00:00:00.000+00:00
2rd6,2007-09-21T00:00:00.000+00:00
2reg,2007-09-26T00:00:00.000+00:00
2rf2,2007-09-27T00:00:00.000+00:00
2rfh,2007-09-29T00:00:00.000+00:00
2rfn,2007-10-01T00:00:00.000+00:00
2rfy,2007-10-02T00:00:00.000+00:00
2rg5,2007-10-02T00:00:00.000+00:00
2rg6,2007-10-02T00:00:00.000+00:00
2rgp,2007-10-04T00:00:00.000+00:00
2rgu,2007-10-05T00:00:00.000+00:00
2ri9,2007-10-10T00:00:00.000+00:00
2ria,2007-10-10T00:00:00.000+00:00
2rib,2007-10-10T00:00:00.000+00:00
2rin,2007-10-12T00:00:00.000+00:00
2rio,2007-10-12T00:00:00.000+00:00
2rip,2007-10-12T00:00:00.000+00:00
2rjp,2007-10-15T00:00:00.000+00:00
2rjr,2007-10-15T00:00:00.000+00:00
2rjs,2007-10-15T00:00:00.000+00:00
2rk7,2007-10-16T00:00:00.000+00:00
2rk8,2007-10-16T00:00:00.000+00:00
2rka,2007-10-16T00:00:00.000+00:00
2rkd,2007-10-16T00:00:00.000+00:00
2rke,2007-10-16T00:00:00.000+00:00
2rkf,2007-10-16T00:00:00.000+00:00
2rkg,2007-10-16T00:00:00.000+00:00
2rkm,1997-03-25T00:00:00.000+00:00
2rkn,2007-10-17T00:00:00.000+00:00
2rku,2007-10-17T00:00:00.000+00:00
2rl5,2007-10-18T00:00:00.000+00:00
2rly,2007-09-03T00:00:00.000+00:00
2rm0,2007-09-06T00:00:00.000+00:00
2rnw,2008-02-03T00:00:00.000+00:00
2rnx,2008-02-03T00:00:00.000+00:00
2rny,2008-02-03T00:00:00.000+00:00
2rol,2008-04-02T00:00:00.000+00:00
2rox,1996-10-23T00:00:00.000+00:00
2rqu,2009-12-14T00:00:00.000+00:00
2rr4,2010-03-24T00:00:00.000+00:00
2rt5,2013-04-22T00:00:00.000+00:00
2rvn,2015-12-18T00:00:00.000+00:00
2sfp,1999-02-16T00:00:00.000+00:00
2sim,1994-07-15T00:00:00.000+00:00
2srt,1995-03-22T00:00:00.000+00:00
2std,1997-12-21T00:00:00.000+00:00
2tmn,1987-06-29T00:00:00.000+00:00
2toh,1998-08-26T00:00:00.000+00:00
2tpi,1981-10-26T00:00:00.000+00:00
2tsr,1998-06-19T00:00:00.000+00:00
2upj,1996-03-04T00:00:00.000+00:00
2usn,1998-06-09T00:00:00.000+00:00
2uue,2007-03-02T00:00:00.000+00:00
2uuo,2007-03-06T00:00:00.000+00:00
2uup,2007-03-06T00:00:00.000+00:00
2uvm,2007-03-12T00:00:00.000+00:00
2uw0,2007-03-15T00:00:00.000+00:00
2uw3,2007-03-19T00:00:00.000+00:00
2uw4,2007-03-19T00:00:00.000+00:00
2uw5,2007-03-19T00:00:00.000+00:00
2uw6,2007-03-19T00:00:00.000+00:00
2uw7,2007-03-19T00:00:00.000+00:00
2uw8,2007-03-19T00:00:00.000+00:00
2uwd,2007-03-20T00:00:00.000+00:00
2uwl,2007-03-22T00:00:00.000+00:00
2uwo,2007-03-22T00:00:00.000+00:00
2uwp,2007-03-22T00:00:00.000+00:00
2uxi,2007-03-28T00:00:00.000+00:00
2uxu,2007-03-29T00:00:00.000+00:00
2uxx,2007-03-30T00:00:00.000+00:00
2uxz,2007-04-02T00:00:00.000+00:00
2uy0,2007-04-02T00:00:00.000+00:00
2uy3,2007-04-02T00:00:00.000+00:00
2uy4,2007-04-02T00:00:00.000+00:00
2uy5,2007-04-02T00:00:00.000+00:00
2uyi,2007-04-07T00:00:00.000+00:00
2uym,2007-04-10T00:00:00.000+00:00
2uyn,2007-04-11T00:00:00.000+00:00
2uyq,2007-04-11T00:00:00.000+00:00
2uyw,2007-04-20T00:00:00.000+00:00
2uz6,2007-04-25T00:00:00.000+00:00
2uz9,2007-04-26T00:00:00.000+00:00
2uzb,2007-04-27T00:00:00.000+00:00
2uzd,2007-04-27T00:00:00.000+00:00
2uze,2007-04-27T00:00:00.000+00:00
2uzj,2008-09-16T00:00:00.000+00:00
2uzl,2007-04-30T00:00:00.000+00:00
2uzn,2007-04-30T00:00:00.000+00:00
2uzo,2007-04-30T00:00:00.000+00:00
2uzv,2007-05-01T00:00:00.000+00:00
2v0c,2007-05-14T00:00:00.000+00:00
2v0z,2007-05-21T00:00:00.000+00:00
2v10,2007-05-21T00:00:00.000+00:00
2v11,2007-05-21T00:00:00.000+00:00
2v12,2007-05-21T00:00:00.000+00:00
2v13,2007-05-21T00:00:00.000+00:00
2v16,2007-05-22T00:00:00.000+00:00
2v22,2007-05-31T00:00:00.000+00:00
2v25,2007-06-01T00:00:00.000+00:00
2v2c,2007-06-05T00:00:00.000+00:00
2v2h,2007-06-06T00:00:00.000+00:00
2v2q,2007-06-06T00:00:00.000+00:00
2v2v,2007-06-07T00:00:00.000+00:00
2v3d,2007-06-17T00:00:00.000+00:00
2v3e,2007-06-17T00:00:00.000+00:00
2v3u,2007-06-22T00:00:00.000+00:00
2v54,2008-10-01T00:00:00.000+00:00
2v57,2008-10-02T00:00:00.000+00:00
2v58,2008-10-02T00:00:00.000+00:00
2v59,2008-10-02T00:00:00.000+00:00
2v5a,2008-10-02T00:00:00.000+00:00
2v5x,2007-07-10T00:00:00.000+00:00
2v6n,2007-07-19T00:00:00.000+00:00
2v77,2007-07-27T00:00:00.000+00:00
2v7d,2007-07-30T00:00:00.000+00:00
2v83,2007-08-02T00:00:00.000+00:00
2v85,2007-08-02T00:00:00.000+00:00
2v86,2007-08-02T00:00:00.000+00:00
2v87,2007-08-02T00:00:00.000+00:00
2v88,2007-08-03T00:00:00.000+00:00
2v8w,2007-08-16T00:00:00.000+00:00
2v95,2007-08-21T00:00:00.000+00:00
2v96,2007-08-22T00:00:00.000+00:00
2va5,2007-08-30T00:00:00.000+00:00
2va6,2007-08-30T00:00:00.000+00:00
2va7,2007-08-30T00:00:00.000+00:00
2vaq,2007-09-04T00:00:00.000+00:00
2vb8,2007-09-06T00:00:00.000+00:00
2vba,2007-09-06T00:00:00.000+00:00
2vc7,2007-09-19T00:00:00.000+00:00
2vc9,2007-09-19T00:00:00.000+00:00
2vcb,2007-09-19T00:00:00.000+00:00
2vcg,2007-09-24T00:00:00.000+00:00
2vci,2007-09-24T00:00:00.000+00:00
2vcj,2007-09-24T00:00:00.000+00:00
2vcq,2007-09-26T00:00:00.000+00:00
2vcw,2007-09-27T00:00:00.000+00:00
2vcx,2007-09-27T00:00:00.000+00:00
2vd0,2007-09-28T00:00:00.000+00:00
2vd1,2007-09-28T00:00:00.000+00:00
2vd4,2007-09-28T00:00:00.000+00:00
2vd7,2007-10-01T00:00:00.000+00:00
2ves,2007-10-26T00:00:00.000+00:00
2veu,2007-10-27T00:00:00.000+00:00
2vev,2007-10-27T00:00:00.000+00:00
2vew,2007-10-27T00:00:00.000+00:00
2vex,2007-10-27T00:00:00.000+00:00
2vey,2007-10-27T00:00:00.000+00:00
2vf6,2007-10-31T00:00:00.000+00:00
2vfk,2007-11-05T00:00:00.000+00:00
2vfz,2007-11-06T00:00:00.000+00:00
2vgc,1997-05-01T00:00:00.000+00:00
2vgo,2007-11-15T00:00:00.000+00:00
2vgp,2007-11-15T00:00:00.000+00:00
2vh0,2007-11-16T00:00:00.000+00:00
2vh6,2007-11-19T00:00:00.000+00:00
2vhj,2007-11-21T00:00:00.000+00:00
2vhq,2007-11-22T00:00:00.000+00:00
2vi5,2007-11-27T00:00:00.000+00:00
2vie,2007-11-30T00:00:00.000+00:00
2vin,2007-12-05T00:00:00.000+00:00
2vio,2007-12-05T00:00:00.000+00:00
2vip,2007-12-05T00:00:00.000+00:00
2viq,2007-12-05T00:00:00.000+00:00
2viv,2007-12-05T00:00:00.000+00:00
2viw,2007-12-05T00:00:00.000+00:00
2viy,2007-12-06T00:00:00.000+00:00
2viz,2007-12-06T00:00:00.000+00:00
2vj1,2007-12-06T00:00:00.000+00:00
2vj6,2007-12-06T00:00:00.000+00:00
2vj7,2007-12-06T00:00:00.000+00:00
2vj8,2007-12-07T00:00:00.000+00:00
2vj9,2007-12-07T00:00:00.000+00:00
2vjx,2007-12-14T00:00:00.000+00:00
2vk2,2007-12-16T00:00:00.000+00:00
2vk6,2007-12-17T00:00:00.000+00:00
2vl1,2008-01-07T00:00:00.000+00:00
2vl8,2008-01-09T00:00:00.000+00:00
2vle,2008-01-13T00:00:00.000+00:00
2vmc,2008-01-25T00:00:00.000+00:00
2vmd,2008-01-25T00:00:00.000+00:00
2vmf,2008-01-25T00:00:00.000+00:00
2vnf,2008-02-04T00:00:00.000+00:00
2vnm,2008-02-05T00:00:00.000+00:00
2vnn,2008-02-05T00:00:00.000+00:00
2vnp,2008-02-06T00:00:00.000+00:00
2vnt,2008-02-07T00:00:00.000+00:00
2vo4,2008-02-08T00:00:00.000+00:00
2vo7,2008-02-08T00:00:00.000+00:00
2vpe,2008-02-27T00:00:00.000+00:00
2vpg,2008-02-27T00:00:00.000+00:00
2vpn,2008-03-03T00:00:00.000+00:00
2vpo,2008-03-03T00:00:00.000+00:00
2vpp,2008-03-03T00:00:00.000+00:00
2vqj,2008-03-17T00:00:00.000+00:00
2vqm,2008-03-17T00:00:00.000+00:00
2vqt,2008-03-18T00:00:00.000+00:00
2vr0,2008-03-24T00:00:00.000+00:00
2vr3,2008-03-25T00:00:00.000+00:00
2vr4,2008-03-25T00:00:00.000+00:00
2vrj,2008-04-09T00:00:00.000+00:00
2vrx,2008-04-16T00:00:00.000+00:00
2vsl,2008-04-24T00:00:00.000+00:00
2vt3,2008-05-08T00:00:00.000+00:00
2vta,2008-05-13T00:00:00.000+00:00
2vtd,2008-05-14T00:00:00.000+00:00
2vte,2008-05-14T00:00:00.000+00:00
2vth,2008-05-15T00:00:00.000+00:00
2vti,2008-05-15T00:00:00.000+00:00
2vtj,2008-05-15T00:00:00.000+00:00
2vtl,2008-05-15T00:00:00.000+00:00
2vtm,2008-05-15T00:00:00.000+00:00
2vtn,2008-05-15T00:00:00.000+00:00
2vto,2008-05-15T00:00:00.000+00:00
2vtp,2008-05-15T00:00:00.000+00:00
2vtq,2008-05-15T00:00:00.000+00:00
2vtr,2008-05-15T00:00:00.000+00:00
2vts,2008-05-15T00:00:00.000+00:00
2vtt,2008-05-15T00:00:00.000+00:00
2vu3,2008-05-20T00:00:00.000+00:00
2vuk,2008-05-26T00:00:00.000+00:00
2vur,2008-05-29T00:00:00.000+00:00
2vv9,2008-06-04T00:00:00.000+00:00
2vvc,2008-06-05T00:00:00.000+00:00
2vvo,2008-06-10T00:00:00.000+00:00
2vvs,2008-06-11T00:00:00.000+00:00
2vvt,2008-06-11T00:00:00.000+00:00
2vvu,2008-06-11T00:00:00.000+00:00
2vvv,2008-06-12T00:00:00.000+00:00
2vw1,2008-06-13T00:00:00.000+00:00
2vw2,2008-06-13T00:00:00.000+00:00
2vwc,2008-06-20T00:00:00.000+00:00
2vwf,2008-06-24T00:00:00.000+00:00
2vwl,2008-06-26T00:00:00.000+00:00
2vwm,2008-06-26T00:00:00.000+00:00
2vwn,2008-06-26T00:00:00.000+00:00
2vwo,2008-06-26T00:00:00.000+00:00
2vwu,2008-06-27T00:00:00.000+00:00
2vwv,2008-06-27T00:00:00.000+00:00
2vww,2008-06-27T00:00:00.000+00:00
2vwx,2008-06-27T00:00:00.000+00:00
2vwy,2008-06-30T00:00:00.000+00:00
2vwz,2008-06-30T00:00:00.000+00:00
2vx0,2008-06-30T00:00:00.000+00:00
2vx1,2008-06-30T00:00:00.000+00:00
2vx9,2008-07-01T00:00:00.000+00:00
2vxa,2008-07-01T00:00:00.000+00:00
2vxj,2008-07-04T00:00:00.000+00:00
2vxn,2008-07-08T00:00:00.000+00:00
2vyt,2008-07-28T00:00:00.000+00:00
2vzr,2008-08-05T00:00:00.000+00:00
2w05,2008-08-08T00:00:00.000+00:00
2w06,2008-08-08T00:00:00.000+00:00
2w08,2008-08-12T00:00:00.000+00:00
2w0d,2008-08-13T00:00:00.000+00:00
2w0j,2008-08-18T00:00:00.000+00:00
2w0p,2008-08-20T00:00:00.000+00:00
2w0s,2008-10-08T00:00:00.000+00:00
2w0x,2008-10-10T00:00:00.000+00:00
2w0z,2008-10-13T00:00:00.000+00:00
2w10,2008-10-13T00:00:00.000+00:00
2w12,2008-10-14T00:00:00.000+00:00
2w16,2008-10-14T00:00:00.000+00:00
2w17,2008-10-15T00:00:00.000+00:00
2w1c,2008-10-17T00:00:00.000+00:00
2w1d,2008-10-17T00:00:00.000+00:00
2w1e,2008-10-17T00:00:00.000+00:00
2w1f,2008-10-17T00:00:00.000+00:00
2w1g,2008-10-17T00:00:00.000+00:00
2w1h,2008-10-17T00:00:00.000+00:00
2w1i,2008-10-17T00:00:00.000+00:00
2w26,2008-10-24T00:00:00.000+00:00
2w2i,2008-10-31T00:00:00.000+00:00
2w2u,2008-11-04T00:00:00.000+00:00
2w3i,2008-11-12T00:00:00.000+00:00
2w3k,2008-11-12T00:00:00.000+00:00
2w3l,2008-11-13T00:00:00.000+00:00
2w3o,2008-11-13T00:00:00.000+00:00
2w47,2008-11-21T00:00:00.000+00:00
2w4i,2008-11-25T00:00:00.000+00:00
2w54,2008-12-04T00:00:00.000+00:00
2w5g,2008-12-10T00:00:00.000+00:00
2w5i,2008-12-10T00:00:00.000+00:00
2w67,2008-12-17T00:00:00.000+00:00
2w68,2008-12-17T00:00:00.000+00:00
2w6c,2008-12-18T00:00:00.000+00:00
2w6m,2008-12-18T00:00:00.000+00:00
2w6n,2008-12-18T00:00:00.000+00:00
2w6o,2008-12-18T00:00:00.000+00:00
2w6p,2008-12-18T00:00:00.000+00:00
2w6q,2008-12-18T00:00:00.000+00:00
2w6t,2008-12-19T00:00:00.000+00:00
2w6u,2008-12-19T00:00:00.000+00:00
2w6z,2008-12-19T00:00:00.000+00:00
2w70,2008-12-19T00:00:00.000+00:00
2w71,2008-12-19T00:00:00.000+00:00
2w73,2008-12-19T00:00:00.000+00:00
2w76,2008-12-20T00:00:00.000+00:00
2w77,2008-12-20T00:00:00.000+00:00
2w78,2008-12-20T00:00:00.000+00:00
2w7x,2009-01-06T00:00:00.000+00:00
2w7y,2009-01-06T00:00:00.000+00:00
2w85,2009-01-09T00:00:00.000+00:00
2w87,2009-01-14T00:00:00.000+00:00
2w8f,2009-01-16T00:00:00.000+00:00
2w8g,2009-01-16T00:00:00.000+00:00
2w8j,2009-01-16T00:00:00.000+00:00
2w8w,2009-01-19T00:00:00.000+00:00
2w8y,2009-01-20T00:00:00.000+00:00
2w92,2009-01-21T00:00:00.000+00:00
2w97,2009-01-22T00:00:00.000+00:00
2w9h,2009-01-23T00:00:00.000+00:00
2w9r,2009-01-28T00:00:00.000+00:00
2wa3,2009-02-02T00:00:00.000+00:00
2wa4,2009-02-02T00:00:00.000+00:00
2wa8,2009-02-03T00:00:00.000+00:00
2waj,2009-02-08T00:00:00.000+00:00
2wap,2009-02-11T00:00:00.000+00:00
2wb5,2009-02-20T00:00:00.000+00:00
2wbb,2009-02-26T00:00:00.000+00:00
2wbd,2009-02-26T00:00:00.000+00:00
2wc3,2009-03-08T00:00:00.000+00:00
2wc4,2009-03-08T00:00:00.000+00:00
2wcg,2009-03-12T00:00:00.000+00:00
2wcx,2009-03-17T00:00:00.000+00:00
2wd1,2009-03-19T00:00:00.000+00:00
2wd3,2009-03-19T00:00:00.000+00:00
2wd7,2009-03-20T00:00:00.000+00:00
2we3,2009-03-27T00:00:00.000+00:00
2web,1998-02-03T00:00:00.000+00:00
2wec,1998-02-03T00:00:00.000+00:00
2wed,1998-02-03T00:00:00.000+00:00
2weh,2009-03-31T00:00:00.000+00:00
2wei,2009-03-31T00:00:00.000+00:00
2wej,2009-03-31T00:00:00.000+00:00
2weo,2009-04-01T00:00:00.000+00:00
2weq,2009-04-01T00:00:00.000+00:00
2wev,2009-04-01T00:00:00.000+00:00
2wey,2009-04-02T00:00:00.000+00:00
2wez,2009-04-02T00:00:00.000+00:00
2wf0,2009-04-02T00:00:00.000+00:00
2wf1,2009-04-02T00:00:00.000+00:00
2wf2,2009-04-02T00:00:00.000+00:00
2wf3,2009-04-02T00:00:00.000+00:00
2wf4,2009-04-02T00:00:00.000+00:00
2wf5,2009-04-03T00:00:00.000+00:00
2wfj,2009-04-06T00:00:00.000+00:00
2wgi,2009-04-20T00:00:00.000+00:00
2wgj,2009-04-20T00:00:00.000+00:00
2wgs,2009-04-27T00:00:00.000+00:00
2who,2009-05-05T00:00:00.000+00:00
2whp,2009-05-06T00:00:00.000+00:00
2wi1,2009-05-08T00:00:00.000+00:00
2wi2,2009-05-08T00:00:00.000+00:00
2wi3,2009-05-08T00:00:00.000+00:00
2wi4,2009-05-08T00:00:00.000+00:00
2wi5,2009-05-08T00:00:00.000+00:00
2wi6,2009-05-08T00:00:00.000+00:00
2wi7,2009-05-08T00:00:00.000+00:00
2wih,2009-05-13T00:00:00.000+00:00
2wj1,2009-05-19T00:00:00.000+00:00
2wj2,2009-05-19T00:00:00.000+00:00
2wk2,2009-06-04T00:00:00.000+00:00
2wk6,2009-06-05T00:00:00.000+00:00
2wks,2009-06-17T00:00:00.000+00:00
2wkt,2009-06-18T00:00:00.000+00:00
2wky,2009-06-18T00:00:00.000+00:00
2wkz,2009-06-19T00:00:00.000+00:00
2wl0,2009-06-19T00:00:00.000+00:00
2wl4,2009-06-22T00:00:00.000+00:00
2wl5,2009-06-22T00:00:00.000+00:00
2wly,2009-06-29T00:00:00.000+00:00
2wlz,2009-06-29T00:00:00.000+00:00
2wm0,2009-06-29T00:00:00.000+00:00
2wmr,2009-07-03T00:00:00.000+00:00
2wmu,2009-07-03T00:00:00.000+00:00
2wmv,2009-07-03T00:00:00.000+00:00
2wmw,2009-07-03T00:00:00.000+00:00
2wmx,2009-07-03T00:00:00.000+00:00
2wnj,2009-07-09T00:00:00.000+00:00
2wnl,2009-07-09T00:00:00.000+00:00
2wo8,2009-07-22T00:00:00.000+00:00
2wo9,2009-07-22T00:00:00.000+00:00
2woa,2009-07-22T00:00:00.000+00:00
2won,2009-07-27T00:00:00.000+00:00
2woq,2009-07-27T00:00:00.000+00:00
2wor,2009-07-27T00:00:00.000+00:00
2wos,2009-07-27T00:00:00.000+00:00
2wot,2009-07-28T00:00:00.000+00:00
2wou,2009-07-28T00:00:00.000+00:00
2wp1,2009-08-02T00:00:00.000+00:00
2wpa,2009-08-03T00:00:00.000+00:00
2wpb,2009-08-03T00:00:00.000+00:00
2wq4,2009-08-13T00:00:00.000+00:00
2wq5,2009-08-13T00:00:00.000+00:00
2wqb,2009-08-18T00:00:00.000+00:00
2wqp,2009-08-25T00:00:00.000+00:00
2wr8,2009-08-31T00:00:00.000+00:00
2wsx,2009-09-10T00:00:00.000+00:00
2wtc,2009-09-15T00:00:00.000+00:00
2wtd,2009-09-15T00:00:00.000+00:00
2wti,2009-09-16T00:00:00.000+00:00
2wtj,2009-09-16T00:00:00.000+00:00
2wtw,2009-09-24T00:00:00.000+00:00
2wtx,2009-09-25T00:00:00.000+00:00
2wu6,2009-09-30T00:00:00.000+00:00
2wu7,2009-09-30T00:00:00.000+00:00
2wuf,2009-10-02T00:00:00.000+00:00
2wuu,2009-10-09T00:00:00.000+00:00
2wva,2009-10-15T00:00:00.000+00:00
2wvz,2009-10-21T00:00:00.000+00:00
2ww0,2009-10-21T00:00:00.000+00:00
2ww2,2009-10-21T00:00:00.000+00:00
2wwj,2009-10-23T00:00:00.000+00:00
2wxd,2009-11-09T00:00:00.000+00:00
2wxf,2009-11-09T00:00:00.000+00:00
2wxg,2009-11-09T00:00:00.000+00:00
2wxh,2009-11-09T00:00:00.000+00:00
2wxi,2009-11-09T00:00:00.000+00:00
2wxj,2009-11-09T00:00:00.000+00:00
2wxk,2009-11-09T00:00:00.000+00:00
2wxl,2009-11-09T00:00:00.000+00:00
2wxm,2009-11-09T00:00:00.000+00:00
2wxn,2009-11-09T00:00:00.000+00:00
2wxo,2009-11-09T00:00:00.000+00:00
2wxp,2009-11-09T00:00:00.000+00:00
2wxq,2009-11-09T00:00:00.000+00:00
2wxv,2009-11-10T00:00:00.000+00:00
2wyf,2009-11-16T00:00:00.000+00:00
2wyg,2009-11-16T00:00:00.000+00:00
2wyi,2009-11-16T00:00:00.000+00:00
2wyj,2009-11-16T00:00:00.000+00:00
2wyn,2009-11-17T00:00:00.000+00:00
2wzf,2009-11-29T00:00:00.000+00:00
2wzm,2009-11-30T00:00:00.000+00:00
2wzs,2009-12-02T00:00:00.000+00:00
2wzx,2009-12-03T00:00:00.000+00:00
2wzy,2009-12-03T00:00:00.000+00:00
2wzz,2009-12-03T00:00:00.000+00:00
2x09,2009-12-07T00:00:00.000+00:00
2x24,2010-01-11T00:00:00.000+00:00
2x2c,2010-01-12T00:00:00.000+00:00
2x2i,2010-01-13T00:00:00.000+00:00
2x2k,2010-01-13T00:00:00.000+00:00
2x2l,2010-01-13T00:00:00.000+00:00
2x2m,2010-01-13T00:00:00.000+00:00
2x2r,2010-01-15T00:00:00.000+00:00
2x38,2010-01-22T00:00:00.000+00:00
2x39,2010-01-22T00:00:00.000+00:00
2x3t,2010-01-26T00:00:00.000+00:00
2x4o,2010-02-02T00:00:00.000+00:00
2x4r,2010-02-02T00:00:00.000+00:00
2x4s,2010-02-02T00:00:00.000+00:00
2x4t,2010-02-02T00:00:00.000+00:00
2x4u,2010-02-02T00:00:00.000+00:00
2x4z,2010-02-03T00:00:00.000+00:00
2x52,2010-02-05T00:00:00.000+00:00
2x5o,2010-02-10T00:00:00.000+00:00
2x6d,2010-02-17T00:00:00.000+00:00
2x6e,2010-02-17T00:00:00.000+00:00
2x6f,2010-02-17T00:00:00.000+00:00
2x6i,2010-02-17T00:00:00.000+00:00
2x6j,2010-02-17T00:00:00.000+00:00
2x6k,2010-02-17T00:00:00.000+00:00
2x6w,2010-02-22T00:00:00.000+00:00
2x6x,2010-02-22T00:00:00.000+00:00
2x6y,2010-02-22T00:00:00.000+00:00
2x7c,2010-02-26T00:00:00.000+00:00
2x7d,2010-02-26T00:00:00.000+00:00
2x7o,2010-03-03T00:00:00.000+00:00
2x7s,2010-03-03T00:00:00.000+00:00
2x7t,2010-03-03T00:00:00.000+00:00
2x7u,2010-03-03T00:00:00.000+00:00
2x7x,2010-03-04T00:00:00.000+00:00
2x81,2010-03-05T00:00:00.000+00:00
2x85,2010-03-05T00:00:00.000+00:00
2x8d,2010-03-08T00:00:00.000+00:00
2x8e,2010-03-09T00:00:00.000+00:00
2x8i,2010-03-09T00:00:00.000+00:00
2x91,2010-03-14T00:00:00.000+00:00
2x95,2010-03-14T00:00:00.000+00:00
2x9e,2010-03-17T00:00:00.000+00:00
2x9f,2010-03-17T00:00:00.000+00:00
2xa4,2010-03-26T00:00:00.000+00:00
2xab,2010-03-30T00:00:00.000+00:00
2xae,2010-03-31T00:00:00.000+00:00
2xaf,2010-03-31T00:00:00.000+00:00
2xag,2010-03-31T00:00:00.000+00:00
2xah,2010-03-31T00:00:00.000+00:00
2xaj,2010-03-31T00:00:00.000+00:00
2xaq,2010-03-31T00:00:00.000+00:00
2xas,2010-03-31T00:00:00.000+00:00
2xb7,2010-04-08T00:00:00.000+00:00
2xb9,2010-04-08T00:00:00.000+00:00
2xba,2010-04-08T00:00:00.000+00:00
2xbj,2010-04-12T00:00:00.000+00:00
2xbp,2010-04-14T00:00:00.000+00:00
2xbw,2010-04-15T00:00:00.000+00:00
2xbx,2010-04-15T00:00:00.000+00:00
2xc0,2010-04-15T00:00:00.000+00:00
2xc4,2010-04-16T00:00:00.000+00:00
2xcg,2010-04-23T00:00:00.000+00:00
2xch,2010-04-23T00:00:00.000+00:00
2xck,2010-04-23T00:00:00.000+00:00
2xcn,2010-04-23T00:00:00.000+00:00
2xcs,2010-04-25T00:00:00.000+00:00
2xct,2010-04-25T00:00:00.000+00:00
2xd6,2010-04-29T00:00:00.000+00:00
2xd9,2010-04-30T00:00:00.000+00:00
2xda,2010-04-30T00:00:00.000+00:00
2xde,2010-04-30T00:00:00.000+00:00
2xdk,2010-05-04T00:00:00.000+00:00
2xdm,2010-05-04T00:00:00.000+00:00
2xdw,2010-05-09T00:00:00.000+00:00
2xdx,2010-05-10T00:00:00.000+00:00
2xe4,2010-05-11T00:00:00.000+00:00
2xef,2010-05-14T00:00:00.000+00:00
2xeg,2010-05-14T00:00:00.000+00:00
2xei,2010-05-14T00:00:00.000+00:00
2xej,2010-05-14T00:00:00.000+00:00
2xel,2010-05-16T00:00:00.000+00:00
2xey,2010-05-19T00:00:00.000+00:00
2xez,2010-05-19T00:00:00.000+00:00
2xf0,2010-05-19T00:00:00.000+00:00
2xfi,2010-05-24T00:00:00.000+00:00
2xfj,2010-05-24T00:00:00.000+00:00
2xfk,2010-05-24T00:00:00.000+00:00
2xg3,2010-05-30T00:00:00.000+00:00
2xg5,2010-05-30T00:00:00.000+00:00
2xg9,2010-06-02T00:00:00.000+00:00
2xgm,2010-06-07T00:00:00.000+00:00
2xgo,2010-06-07T00:00:00.000+00:00
2xgs,2010-06-07T00:00:00.000+00:00
2xh5,2010-06-09T00:00:00.000+00:00
2xhr,2010-06-21T00:00:00.000+00:00
2xhs,2010-06-21T00:00:00.000+00:00
2xht,2010-06-21T00:00:00.000+00:00
2xhx,2010-06-21T00:00:00.000+00:00
2xi7,2010-06-28T00:00:00.000+00:00
2xib,2010-06-28T00:00:00.000+00:00
2xix,2010-07-01T00:00:00.000+00:00
2xiy,2010-07-01T00:00:00.000+00:00
2xiz,2010-07-01T00:00:00.000+00:00
2xj0,2010-07-01T00:00:00.000+00:00
2xj1,2010-07-01T00:00:00.000+00:00
2xj2,2010-07-01T00:00:00.000+00:00
2xjg,2010-07-06T00:00:00.000+00:00
2xjj,2010-07-06T00:00:00.000+00:00
2xjx,2010-07-06T00:00:00.000+00:00
2xk1,2010-07-07T00:00:00.000+00:00
2xk3,2010-07-07T00:00:00.000+00:00
2xk4,2010-07-07T00:00:00.000+00:00
2xk6,2010-07-07T00:00:00.000+00:00
2xk7,2010-07-07T00:00:00.000+00:00
2xk8,2010-07-07T00:00:00.000+00:00
2xk9,2010-07-07T00:00:00.000+00:00
2xkc,2010-07-07T00:00:00.000+00:00
2xkd,2010-07-07T00:00:00.000+00:00
2xke,2010-07-07T00:00:00.000+00:00
2xkf,2010-07-07T00:00:00.000+00:00
2xl2,2010-07-19T00:00:00.000+00:00
2xl3,2010-07-19T00:00:00.000+00:00
2xln,2010-07-21T00:00:00.000+00:00
2xm1,2010-07-22T00:00:00.000+00:00
2xm2,2010-07-22T00:00:00.000+00:00
2xm8,2010-07-26T00:00:00.000+00:00
2xm9,2010-07-26T00:00:00.000+00:00
2xml,2010-07-28T00:00:00.000+00:00
2xmy,2010-07-29T00:00:00.000+00:00
2xn3,2010-07-30T00:00:00.000+00:00
2xn5,2010-07-30T00:00:00.000+00:00
2xn6,2010-07-30T00:00:00.000+00:00
2xn7,2010-07-30T00:00:00.000+00:00
2xne,2010-08-02T00:00:00.000+00:00
2xng,2010-08-02T00:00:00.000+00:00
2xni,2010-08-02T00:00:00.000+00:00
2xnm,2010-08-05T00:00:00.000+00:00
2xnn,2010-08-05T00:00:00.000+00:00
2xno,2010-08-05T00:00:00.000+00:00
2xnp,2010-08-05T00:00:00.000+00:00
2xo8,2010-08-10T00:00:00.000+00:00
2xog,2010-08-16T00:00:00.000+00:00
2xoi,2010-08-17T00:00:00.000+00:00
2xow,2010-08-24T00:00:00.000+00:00
2xp2,2010-08-24T00:00:00.000+00:00
2xp3,2010-08-25T00:00:00.000+00:00
2xp4,2010-08-25T00:00:00.000+00:00
2xp5,2010-08-25T00:00:00.000+00:00
2xp6,2010-08-25T00:00:00.000+00:00
2xp7,2010-08-25T00:00:00.000+00:00
2xp8,2010-08-25T00:00:00.000+00:00
2xpa,2010-08-25T00:00:00.000+00:00
2xpb,2010-08-25T00:00:00.000+00:00
2xpc,2010-08-26T00:00:00.000+00:00
2xpk,2010-08-26T00:00:00.000+00:00
2xqq,2010-09-07T00:00:00.000+00:00
2xru,2010-09-22T00:00:00.000+00:00
2xrw,2010-09-23T00:00:00.000+00:00
2xs0,2010-09-24T00:00:00.000+00:00
2xs8,2010-09-24T00:00:00.000+00:00
2xsb,2010-09-27T00:00:00.000+00:00
2xtk,2010-10-11T00:00:00.000+00:00
2xu1,2010-10-14T00:00:00.000+00:00
2xu3,2010-10-14T00:00:00.000+00:00
2xu4,2010-10-14T00:00:00.000+00:00
2xu5,2010-10-14T00:00:00.000+00:00
2xuc,2010-10-18T00:00:00.000+00:00
2xuf,2010-10-19T00:00:00.000+00:00
2xui,2010-10-19T00:00:00.000+00:00
2xup,2010-10-19T00:00:00.000+00:00
2xuz,2010-10-22T00:00:00.000+00:00
2xv1,2010-10-22T00:00:00.000+00:00
2xvd,2010-10-25T00:00:00.000+00:00
2xvn,2010-10-26T00:00:00.000+00:00
2xwd,2010-11-01T00:00:00.000+00:00
2xwe,2010-11-02T00:00:00.000+00:00
2xwy,2010-11-06T00:00:00.000+00:00
2xx2,2010-11-08T00:00:00.000+00:00
2xx4,2010-11-08T00:00:00.000+00:00
2xx5,2010-11-08T00:00:00.000+00:00
2xxn,2010-11-11T00:00:00.000+00:00
2xxr,2010-11-11T00:00:00.000+00:00
2xxt,2010-11-12T00:00:00.000+00:00
2xxw,2010-11-12T00:00:00.000+00:00
2xxx,2010-11-12T00:00:00.000+00:00
2xxy,2010-11-12T00:00:00.000+00:00
2xyd,2010-11-17T00:00:00.000+00:00
2xye,2010-11-17T00:00:00.000+00:00
2xyf,2010-11-17T00:00:00.000+00:00
2xyn,2010-11-18T00:00:00.000+00:00
2xyr,2010-11-18T00:00:00.000+00:00
2xyt,2010-11-19T00:00:00.000+00:00
2xyu,2010-11-19T00:00:00.000+00:00
2xz5,2010-11-23T00:00:00.000+00:00
2xzg,2010-11-25T00:00:00.000+00:00
2xzq,2010-12-01T00:00:00.000+00:00
2xzw,2010-11-29T00:00:00.000+00:00
2y06,2010-11-30T00:00:00.000+00:00
2y07,2010-11-30T00:00:00.000+00:00
2y0j,2010-12-03T00:00:00.000+00:00
2y1d,2010-12-08T00:00:00.000+00:00
2y1g,2010-12-08T00:00:00.000+00:00
2y1n,2010-12-08T00:00:00.000+00:00
2y1o,2010-12-09T00:00:00.000+00:00
2y1w,2010-12-10T00:00:00.000+00:00
2y1x,2010-12-10T00:00:00.000+00:00
2y2h,2010-12-15T00:00:00.000+00:00
2y2i,2010-12-15T00:00:00.000+00:00
2y2j,2010-12-15T00:00:00.000+00:00
2y2k,2010-12-15T00:00:00.000+00:00
2y2n,2010-12-15T00:00:00.000+00:00
2y2p,2010-12-15T00:00:00.000+00:00
2y34,2010-12-18T00:00:00.000+00:00
2y36,2010-12-18T00:00:00.000+00:00
2y3p,2010-12-22T00:00:00.000+00:00
2y4a,2011-01-05T00:00:00.000+00:00
2y4m,2011-01-07T00:00:00.000+00:00
2y4s,2011-01-10T00:00:00.000+00:00
2y54,2011-01-12T00:00:00.000+00:00
2y55,2011-01-12T00:00:00.000+00:00
2y56,2011-01-12T00:00:00.000+00:00
2y57,2011-01-12T00:00:00.000+00:00
2y58,2011-01-12T00:00:00.000+00:00
2y59,2011-01-12T00:00:00.000+00:00
2y5f,2011-01-13T00:00:00.000+00:00
2y5g,2011-01-13T00:00:00.000+00:00
2y5k,2011-01-14T00:00:00.000+00:00
2y5l,2011-01-14T00:00:00.000+00:00
2y67,2011-01-20T00:00:00.000+00:00
2y68,2011-01-20T00:00:00.000+00:00
2y6c,2011-01-20T00:00:00.000+00:00
2y6d,2011-01-20T00:00:00.000+00:00
2y6o,2011-01-25T00:00:00.000+00:00
2y6s,2011-01-25T00:00:00.000+00:00
2y71,2011-01-28T00:00:00.000+00:00
2y76,2011-01-28T00:00:00.000+00:00
2y77,2011-01-28T00:00:00.000+00:00
2y7i,2011-01-31T00:00:00.000+00:00
2y7k,2011-01-31T00:00:00.000+00:00
2y7p,2011-02-01T00:00:00.000+00:00
2y7w,2011-02-02T00:00:00.000+00:00
2y7x,2011-02-02T00:00:00.000+00:00
2y7z,2011-02-02T00:00:00.000+00:00
2y80,2011-02-02T00:00:00.000+00:00
2y81,2011-02-02T00:00:00.000+00:00
2y82,2011-02-02T00:00:00.000+00:00
2y8c,2011-02-04T00:00:00.000+00:00
2y8i,2011-02-07T00:00:00.000+00:00
2y8l,2011-02-07T00:00:00.000+00:00
2y8o,2011-02-08T00:00:00.000+00:00
2y8q,2011-02-09T00:00:00.000+00:00
2y9g,2011-02-14T00:00:00.000+00:00
2y9q,2011-02-16T00:00:00.000+00:00
2ya6,2011-02-18T00:00:00.000+00:00
2ya7,2011-02-18T00:00:00.000+00:00
2ya8,2011-02-18T00:00:00.000+00:00
2yac,2011-02-18T00:00:00.000+00:00
2yak,2011-02-23T00:00:00.000+00:00
2yay,2011-02-25T00:00:00.000+00:00
2yaz,2011-02-25T00:00:00.000+00:00
2yb0,2011-02-25T00:00:00.000+00:00
2yb9,2011-03-02T00:00:00.000+00:00
2ybk,2011-03-08T00:00:00.000+00:00
2ybp,2011-03-09T00:00:00.000+00:00
2ybs,2011-03-10T00:00:00.000+00:00
2ybt,2011-03-10T00:00:00.000+00:00
2ybu,2011-03-10T00:00:00.000+00:00
2yc0,2011-03-10T00:00:00.000+00:00
2yc3,2011-03-11T00:00:00.000+00:00
2yc5,2011-03-11T00:00:00.000+00:00
2ycf,2011-03-14T00:00:00.000+00:00
2ych,2011-03-15T00:00:00.000+00:00
2ycm,2011-03-16T00:00:00.000+00:00
2ycq,2011-03-16T00:00:00.000+00:00
2ycr,2011-03-16T00:00:00.000+00:00
2ycs,2011-03-16T00:00:00.000+00:00
2yde,2011-03-18T00:00:00.000+00:00
2ydf,2011-03-18T00:00:00.000+00:00
2ydi,2011-03-21T00:00:00.000+00:00
2ydj,2011-03-22T00:00:00.000+00:00
2ydk,2011-03-22T00:00:00.000+00:00
2ydm,2011-03-22T00:00:00.000+00:00
2ydo,2011-03-23T00:00:00.000+00:00
2ydt,2011-03-24T00:00:00.000+00:00
2ydv,2011-03-24T00:00:00.000+00:00
2ydw,2011-03-24T00:00:00.000+00:00
2ye9,2011-03-25T00:00:00.000+00:00
2yek,2011-03-25T00:00:00.000+00:00
2yel,2011-03-25T00:00:00.000+00:00
2yem,2011-03-25T00:00:00.000+00:00
2yer,2011-03-30T00:00:00.000+00:00
2yex,2011-03-31T00:00:00.000+00:00
2yfa,2011-04-05T00:00:00.000+00:00
2yfx,2011-04-08T00:00:00.000+00:00
2yg2,2011-04-11T00:00:00.000+00:00
2yga,2011-04-12T00:00:00.000+00:00
2ygf,2011-04-14T00:00:00.000+00:00
2ygu,2011-04-20T00:00:00.000+00:00
2yhd,2011-04-28T00:00:00.000+00:00
2yhw,2011-05-08T00:00:00.000+00:00
2yhy,2011-05-10T00:00:00.000+00:00
2yi0,2011-05-10T00:00:00.000+00:00
2yi5,2011-05-10T00:00:00.000+00:00
2yi7,2011-05-10T00:00:00.000+00:00
2yig,2011-05-13T00:00:00.000+00:00
2yim,2011-05-16T00:00:00.000+00:00
2yiq,2011-05-16T00:00:00.000+00:00
2yir,2011-05-16T00:00:00.000+00:00
2yis,2011-05-16T00:00:00.000+00:00
2yit,2011-05-16T00:00:00.000+00:00
2yiu,2011-05-16T00:00:00.000+00:00
2yiv,2011-05-16T00:00:00.000+00:00
2yiw,2011-05-17T00:00:00.000+00:00
2yix,2011-05-17T00:00:00.000+00:00
2yj2,2011-05-18T00:00:00.000+00:00
2yj8,2011-05-19T00:00:00.000+00:00
2yj9,2011-05-19T00:00:00.000+00:00
2yjb,2011-05-19T00:00:00.000+00:00
2yjc,2011-05-19T00:00:00.000+00:00
2yjq,2011-05-23T00:00:00.000+00:00
2yjw,2011-05-24T00:00:00.000+00:00
2yjx,2011-05-24T00:00:00.000+00:00
2yk1,2011-05-25T00:00:00.000+00:00
2yk9,2011-05-26T00:00:00.000+00:00
2ykb,2011-05-26T00:00:00.000+00:00
2ykc,2011-05-26T00:00:00.000+00:00
2yke,2011-05-26T00:00:00.000+00:00
2ykj,2011-05-27T00:00:00.000+00:00
2ylc,2011-06-01T00:00:00.000+00:00
2yln,2011-06-03T00:00:00.000+00:00
2ylo,2011-06-04T00:00:00.000+00:00
2ylp,2011-06-04T00:00:00.000+00:00
2ylq,2011-06-04T00:00:00.000+00:00
2ym3,2011-06-06T00:00:00.000+00:00
2ym4,2011-06-06T00:00:00.000+00:00
2ym5,2011-06-06T00:00:00.000+00:00
2ym6,2011-06-06T00:00:00.000+00:00
2ym7,2011-06-06T00:00:00.000+00:00
2ym8,2011-06-06T00:00:00.000+00:00
2yme,2012-10-09T00:00:00.000+00:00
2ymt,2012-10-10T00:00:00.000+00:00
2ynd,2012-10-13T00:00:00.000+00:00
2yne,2012-10-13T00:00:00.000+00:00
2ynn,2012-10-17T00:00:00.000+00:00
2ynr,2012-10-18T00:00:00.000+00:00
2yns,2012-10-18T00:00:00.000+00:00
2yof,2012-10-24T00:00:00.000+00:00
2yog,2012-10-24T00:00:00.000+00:00
2yoh,2012-10-24T00:00:00.000+00:00
2yoj,2012-10-24T00:00:00.000+00:00
2yol,2012-10-25T00:00:00.000+00:00
2ypi,1990-01-12T00:00:00.000+00:00
2ypo,2012-10-31T00:00:00.000+00:00
2ypp,2012-10-31T00:00:00.000+00:00
2yq6,2012-11-06T00:00:00.000+00:00
2ywp,2007-04-21T00:00:00.000+00:00
2yxj,2007-04-26T00:00:00.000+00:00
2yz3,2007-05-02T00:00:00.000+00:00
2z1w,2007-05-16T00:00:00.000+00:00
2z3h,2007-06-04T00:00:00.000+00:00
2z3z,2007-06-09T00:00:00.000+00:00
2z4b,2007-06-14T00:00:00.000+00:00
2z4o,2007-06-20T00:00:00.000+00:00
2z4r,2007-06-25T00:00:00.000+00:00
2z4w,2007-06-26T00:00:00.000+00:00
2z4y,2007-06-26T00:00:00.000+00:00
2z4z,2007-06-26T00:00:00.000+00:00
2z50,2007-06-26T00:00:00.000+00:00
2z52,2007-06-26T00:00:00.000+00:00
2z5o,2007-07-14T00:00:00.000+00:00
2z5s,2007-07-17T00:00:00.000+00:00
2z5t,2007-07-17T00:00:00.000+00:00
2z60,2007-07-21T00:00:00.000+00:00
2z6w,2007-08-09T00:00:00.000+00:00
2z78,2007-08-16T00:00:00.000+00:00
2z7g,2007-08-20T00:00:00.000+00:00
2z7h,2007-08-23T00:00:00.000+00:00
2z7i,2007-08-23T00:00:00.000+00:00
2z7r,2007-08-28T00:00:00.000+00:00
2z8e,2007-09-05T00:00:00.000+00:00
2z92,2007-09-14T00:00:00.000+00:00
2z94,2007-09-17T00:00:00.000+00:00
2z97,2007-09-18T00:00:00.000+00:00
2z9g,2007-09-19T00:00:00.000+00:00
2za0,2007-09-26T00:00:00.000+00:00
2za3,2007-09-26T00:00:00.000+00:00
2za5,2007-10-02T00:00:00.000+00:00
2zas,2007-10-09T00:00:00.000+00:00
2zaz,2007-10-12T00:00:00.000+00:00
2zb0,2007-10-13T00:00:00.000+00:00
2zbk,2007-10-22T00:00:00.000+00:00
2zc9,2007-11-06T00:00:00.000+00:00
2zcs,2007-11-11T00:00:00.000+00:00
2zdk,2007-11-26T00:00:00.000+00:00
2zdl,2007-11-26T00:00:00.000+00:00
2zdm,2007-11-26T00:00:00.000+00:00
2zdn,2007-11-26T00:00:00.000+00:00
2zdt,2007-11-27T00:00:00.000+00:00
2zdx,2007-11-30T00:00:00.000+00:00
2zdz,2007-12-04T00:00:00.000+00:00
2ze1,2007-12-05T00:00:00.000+00:00
2zfp,2008-01-08T00:00:00.000+00:00
2zfs,2008-01-10T00:00:00.000+00:00
2zft,2008-01-11T00:00:00.000+00:00
2zg1,2008-01-17T00:00:00.000+00:00
2zg3,2008-01-17T00:00:00.000+00:00
2zga,2008-01-21T00:00:00.000+00:00
2zgm,2008-01-23T00:00:00.000+00:00
2zgx,2008-01-28T00:00:00.000+00:00
2zhd,2008-02-04T00:00:00.000+00:00
2zif,2008-02-15T00:00:00.000+00:00
2zir,2008-02-22T00:00:00.000+00:00
2zis,2008-02-22T00:00:00.000+00:00
2zjf,2008-03-07T00:00:00.000+00:00
2zju,2008-03-10T00:00:00.000+00:00
2zjv,2008-03-10T00:00:00.000+00:00
2zkj,2008-03-25T00:00:00.000+00:00
2zlf,2008-04-09T00:00:00.000+00:00
2zlg,2008-04-09T00:00:00.000+00:00
2zm1,2008-04-10T00:00:00.000+00:00
2zm3,2008-04-10T00:00:00.000+00:00
2zmd,2008-04-16T00:00:00.000+00:00
2zmj,2008-04-19T00:00:00.000+00:00
2zmm,2008-04-19T00:00:00.000+00:00
2zn7,2008-04-22T00:00:00.000+00:00
2zns,2008-05-01T00:00:00.000+00:00
2znt,2008-05-01T00:00:00.000+00:00
2znu,2008-05-01T00:00:00.000+00:00
2zo3,2008-05-05T00:00:00.000+00:00
2zof,2008-05-14T00:00:00.000+00:00
2zoq,2008-06-01T00:00:00.000+00:00
2zp0,2008-06-20T00:00:00.000+00:00
2zpk,2008-07-16T00:00:00.000+00:00
2zq0,2008-07-31T00:00:00.000+00:00
2zq1,2008-08-03T00:00:00.000+00:00
2zq2,2008-08-03T00:00:00.000+00:00
2zsc,2008-09-05T00:00:00.000+00:00
2zu3,2008-10-12T00:00:00.000+00:00
2zu4,2008-10-12T00:00:00.000+00:00
2zu5,2008-10-12T00:00:00.000+00:00
2zv2,2008-10-31T00:00:00.000+00:00
2zv9,2008-11-04T00:00:00.000+00:00
2zva,2008-11-04T00:00:00.000+00:00
2zvj,2008-11-07T00:00:00.000+00:00
2zx5,2008-12-19T00:00:00.000+00:00
2zx7,2008-12-19T00:00:00.000+00:00
2zx8,2008-12-19T00:00:00.000+00:00
2zx9,2008-12-22T00:00:00.000+00:00
2zxa,2008-12-22T00:00:00.000+00:00
2zxb,2008-12-22T00:00:00.000+00:00
2zxg,2008-12-24T00:00:00.000+00:00
2zyb,2009-01-19T00:00:00.000+00:00
2zym,2009-01-27T00:00:00.000+00:00
2zyn,2009-01-27T00:00:00.000+00:00
2zz1,2009-02-05T00:00:00.000+00:00
2zz2,2009-02-05T00:00:00.000+00:00
2zz6,2009-02-05T00:00:00.000+00:00
2zzu,2009-02-25T00:00:00.000+00:00
3a1c,2009-03-31T00:00:00.000+00:00
3a1d,2009-03-31T00:00:00.000+00:00
3a1e,2009-03-31T00:00:00.000+00:00
3a29,2009-05-08T00:00:00.000+00:00
3a2c,2009-05-12T00:00:00.000+00:00
3a2o,2009-05-26T00:00:00.000+00:00
3a3y,2009-06-23T00:00:00.000+00:00
3a4o,2009-07-11T00:00:00.000+00:00
3a4p,2009-07-13T00:00:00.000+00:00
3a5y,2009-08-17T00:00:00.000+00:00
3a6t,2009-09-09T00:00:00.000+00:00
3a73,2009-09-11T00:00:00.000+00:00
3a9i,2009-10-28T00:00:00.000+00:00
3aaq,2009-11-24T00:00:00.000+00:00
3aas,2009-11-26T00:00:00.000+00:00
3aau,2009-11-26T00:00:00.000+00:00
3aav,2009-11-26T00:00:00.000+00:00
3abt,2009-12-21T00:00:00.000+00:00
3abu,2009-12-21T00:00:00.000+00:00
3acl,2010-01-05T00:00:00.000+00:00
3acx,2010-01-13T00:00:00.000+00:00
3ad7,2010-01-15T00:00:00.000+00:00
3ad8,2010-01-15T00:00:00.000+00:00
3ads,2010-01-29T00:00:00.000+00:00
3adt,2010-01-29T00:00:00.000+00:00
3adu,2010-01-29T00:00:00.000+00:00
3adv,2010-01-29T00:00:00.000+00:00
3afk,2010-03-09T00:00:00.000+00:00
3agl,2010-04-02T00:00:00.000+00:00
3agm,2010-04-02T00:00:00.000+00:00
3ah8,2010-04-20T00:00:00.000+00:00
3ahn,2010-04-25T00:00:00.000+00:00
3aho,2010-04-25T00:00:00.000+00:00
3ai8,2010-05-11T00:00:00.000+00:00
3aid,1997-05-15T00:00:00.000+00:00
3aig,1997-10-12T00:00:00.000+00:00
3aje,2010-06-01T00:00:00.000+00:00
3al3,2010-07-22T00:00:00.000+00:00
3alt,2010-08-07T00:00:00.000+00:00
3ama,2010-08-18T00:00:00.000+00:00
3amb,2010-08-18T00:00:00.000+00:00
3amv,1999-02-18T00:00:00.000+00:00
3anq,2010-09-06T00:00:00.000+00:00
3anr,2010-09-06T00:00:00.000+00:00
3ans,2010-09-08T00:00:00.000+00:00
3ant,2010-09-08T00:00:00.000+00:00
3ao1,2010-09-17T00:00:00.000+00:00
3ao2,2010-09-20T00:00:00.000+00:00
3ao5,2010-09-21T00:00:00.000+00:00
3aox,2010-10-08T00:00:00.000+00:00
3ap4,2010-10-11T00:00:00.000+00:00
3ap7,2010-10-12T00:00:00.000+00:00
3apc,2010-10-14T00:00:00.000+00:00
3aqa,2010-10-27T00:00:00.000+00:00
3aqt,2010-11-18T00:00:00.000+00:00
3ara,2010-11-25T00:00:00.000+00:00
3arb,2010-11-26T00:00:00.000+00:00
3ard,2010-11-27T00:00:00.000+00:00
3are,2010-11-27T00:00:00.000+00:00
3arf,2010-11-27T00:00:00.000+00:00
3arg,2010-11-27T00:00:00.000+00:00
3arn,2010-12-03T00:00:00.000+00:00
3arr,2010-12-09T00:00:00.000+00:00
3art,2010-12-09T00:00:00.000+00:00
3arw,2010-12-09T00:00:00.000+00:00
3arx,2010-12-09T00:00:00.000+00:00
3arz,2010-12-09T00:00:00.000+00:00
3as0,2010-12-09T00:00:00.000+00:00
3as1,2010-12-09T00:00:00.000+00:00
3as2,2010-12-09T00:00:00.000+00:00
3as3,2010-12-09T00:00:00.000+00:00
3ask,2010-12-16T00:00:00.000+00:00
3asl,2010-12-16T00:00:00.000+00:00
3asx,2010-12-22T00:00:00.000+00:00
3at1,1989-09-22T00:00:00.000+00:00
3at3,2010-12-23T00:00:00.000+00:00
3at4,2010-12-23T00:00:00.000+00:00
3ati,2011-01-05T00:00:00.000+00:00
3atk,2011-01-05T00:00:00.000+00:00
3atl,2011-01-05T00:00:00.000+00:00
3atm,2011-01-05T00:00:00.000+00:00
3atp,2011-01-07T00:00:00.000+00:00
3atu,2011-01-13T00:00:00.000+00:00
3atv,2011-01-13T00:00:00.000+00:00
3atw,2011-01-20T00:00:00.000+00:00
3av9,2011-03-02T00:00:00.000+00:00
3ava,2011-03-02T00:00:00.000+00:00
3avb,2011-03-02T00:00:00.000+00:00
3avf,2011-03-05T00:00:00.000+00:00
3avg,2011-03-05T00:00:00.000+00:00
3avh,2011-03-05T00:00:00.000+00:00
3avi,2011-03-05T00:00:00.000+00:00
3avj,2011-03-05T00:00:00.000+00:00
3avk,2011-03-05T00:00:00.000+00:00
3avl,2011-03-05T00:00:00.000+00:00
3avm,2011-03-05T00:00:00.000+00:00
3avn,2011-03-05T00:00:00.000+00:00
3avz,2011-03-09T00:00:00.000+00:00
3aw0,2011-03-09T00:00:00.000+00:00
3ax5,2011-03-29T00:00:00.000+00:00
3axk,2011-04-11T00:00:00.000+00:00
3axm,2011-04-11T00:00:00.000+00:00
3axz,2011-04-21T00:00:00.000+00:00
3ay0,2011-04-21T00:00:00.000+00:00
3ay9,2011-05-03T00:00:00.000+00:00
3aya,2011-05-04T00:00:00.000+00:00
3ayc,2011-05-04T00:00:00.000+00:00
3ayd,2011-05-04T00:00:00.000+00:00
3az8,2011-05-20T00:00:00.000+00:00
3az9,2011-05-21T00:00:00.000+00:00
3aza,2011-05-21T00:00:00.000+00:00
3azb,2011-05-21T00:00:00.000+00:00
3b0w,2011-06-17T00:00:00.000+00:00
3b1t,2011-07-13T00:00:00.000+00:00
3b1u,2011-07-13T00:00:00.000+00:00
3b24,2011-07-21T00:00:00.000+00:00
3b25,2011-07-21T00:00:00.000+00:00
3b26,2011-07-21T00:00:00.000+00:00
3b28,2011-07-21T00:00:00.000+00:00
3b2q,2007-10-19T00:00:00.000+00:00
3b2t,2007-10-19T00:00:00.000+00:00
3b2w,2007-10-19T00:00:00.000+00:00
3b3c,2007-10-19T00:00:00.000+00:00
3b3x,2007-10-23T00:00:00.000+00:00
3b4f,2007-10-24T00:00:00.000+00:00
3b4p,2007-10-24T00:00:00.000+00:00
3b50,2007-10-25T00:00:00.000+00:00
3b5j,2007-10-26T00:00:00.000+00:00
3b66,2007-10-27T00:00:00.000+00:00
3b67,2007-10-27T00:00:00.000+00:00
3b7i,2007-10-30T00:00:00.000+00:00
3b7j,2007-10-31T00:00:00.000+00:00
3b7r,2007-10-31T00:00:00.000+00:00
3b7u,2007-10-31T00:00:00.000+00:00
3b8q,2007-11-01T00:00:00.000+00:00
3b8r,2007-11-01T00:00:00.000+00:00
3b8z,2007-11-02T00:00:00.000+00:00
3b92,2007-11-02T00:00:00.000+00:00
3b95,2007-11-02T00:00:00.000+00:00
3b9g,2007-11-05T00:00:00.000+00:00
3b9s,2007-11-06T00:00:00.000+00:00
3bar,2007-11-08T00:00:00.000+00:00
3bbt,2007-11-11T00:00:00.000+00:00
3bc3,2007-11-12T00:00:00.000+00:00
3bc4,2007-11-12T00:00:00.000+00:00
3bc5,2007-11-12T00:00:00.000+00:00
3bcn,2007-11-13T00:00:00.000+00:00
3bcs,2007-11-13T00:00:00.000+00:00
3be2,2007-11-16T00:00:00.000+00:00
3be9,2007-11-16T00:00:00.000+00:00
3bea,2007-11-16T00:00:00.000+00:00
3bel,2007-11-19T00:00:00.000+00:00
3bet,2007-11-20T00:00:00.000+00:00
3bex,2007-11-20T00:00:00.000+00:00
3bf1,2007-11-20T00:00:00.000+00:00
3bft,2007-11-23T00:00:00.000+00:00
3bg8,2007-11-26T00:00:00.000+00:00
3bgb,2007-11-26T00:00:00.000+00:00
3bgc,2007-11-26T00:00:00.000+00:00
3bgl,2007-11-26T00:00:00.000+00:00
3bgm,2007-11-27T00:00:00.000+00:00
3bgp,2007-11-27T00:00:00.000+00:00
3bgq,2007-11-27T00:00:00.000+00:00
3bgs,2007-11-27T00:00:00.000+00:00
3bh3,2007-11-27T00:00:00.000+00:00
3bh8,2007-11-28T00:00:00.000+00:00
3bh9,2007-11-28T00:00:00.000+00:00
3bhb,2007-11-28T00:00:00.000+00:00
3bhx,2007-11-29T00:00:00.000+00:00
3bi0,2007-11-29T00:00:00.000+00:00
3bi1,2007-11-29T00:00:00.000+00:00
3bi6,2007-11-29T00:00:00.000+00:00
3bim,2007-11-30T00:00:00.000+00:00
3biz,2007-12-02T00:00:00.000+00:00
3bjc,2007-12-03T00:00:00.000+00:00
3bjm,2007-12-04T00:00:00.000+00:00
3bki,2007-12-06T00:00:00.000+00:00
3bkl,2007-12-07T00:00:00.000+00:00
3bl0,2007-12-10T00:00:00.000+00:00
3bl1,2007-12-10T00:00:00.000+00:00
3bl2,2007-12-10T00:00:00.000+00:00
3bl7,2007-12-10T00:00:00.000+00:00
3bl9,2007-12-10T00:00:00.000+00:00
3bla,2007-12-10T00:00:00.000+00:00
3blr,2007-12-11T00:00:00.000+00:00
3bls,1998-06-04T00:00:00.000+00:00
3blt,2007-12-11T00:00:00.000+00:00
3blu,2007-12-11T00:00:00.000+00:00
3bm6,2007-12-12T00:00:00.000+00:00
3bm8,2007-12-12T00:00:00.000+00:00
3bm9,2007-12-12T00:00:00.000+00:00
3bmn,2007-12-13T00:00:00.000+00:00
3bmo,2007-12-13T00:00:00.000+00:00
3bmq,2007-12-13T00:00:00.000+00:00
3bmy,2007-12-13T00:00:00.000+00:00
3bpr,2007-12-19T00:00:00.000+00:00
3bqc,2007-12-20T00:00:00.000+00:00
3bqn,2007-12-20T00:00:00.000+00:00
3br9,2007-12-21T00:00:00.000+00:00
3bra,2007-12-21T00:00:00.000+00:00
3brn,2007-12-21T00:00:00.000+00:00
3bsc,2007-12-23T00:00:00.000+00:00
3bt9,2007-12-28T00:00:00.000+00:00
3btc,2007-12-28T00:00:00.000+00:00
3bti,2007-12-28T00:00:00.000+00:00
3btj,2007-12-28T00:00:00.000+00:00
3btl,2007-12-28T00:00:00.000+00:00
3btr,2007-12-30T00:00:00.000+00:00
3bu1,2007-12-31T00:00:00.000+00:00
3bu6,2007-12-31T00:00:00.000+00:00
3bu8,2008-01-02T00:00:00.000+00:00
3buf,2008-01-02T00:00:00.000+00:00
3bug,2008-01-02T00:00:00.000+00:00
3buh,2008-01-02T00:00:00.000+00:00
3bum,2008-01-03T00:00:00.000+00:00
3bun,2008-01-03T00:00:00.000+00:00
3buo,2008-01-03T00:00:00.000+00:00
3buw,2008-01-03T00:00:00.000+00:00
3bux,2008-01-03T00:00:00.000+00:00
3bv2,2008-01-04T00:00:00.000+00:00
3bv3,2008-01-04T00:00:00.000+00:00
3bva,2008-01-05T00:00:00.000+00:00
3bvb,2008-01-05T00:00:00.000+00:00
3bwj,2008-01-09T00:00:00.000+00:00
3bwk,2008-01-09T00:00:00.000+00:00
3bx5,2008-01-11T00:00:00.000+00:00
3bxe,2008-01-13T00:00:00.000+00:00
3bxf,2008-01-13T00:00:00.000+00:00
3bxg,2008-01-13T00:00:00.000+00:00
3bxh,2008-01-13T00:00:00.000+00:00
3bxs,2008-01-14T00:00:00.000+00:00
3bxz,2008-01-15T00:00:00.000+00:00
3bym,2008-01-16T00:00:00.000+00:00
3byo,2008-01-16T00:00:00.000+00:00
3bys,2008-01-16T00:00:00.000+00:00
3byu,2008-01-16T00:00:00.000+00:00
3bz3,2008-01-17T00:00:00.000+00:00
3bze,2008-01-17T00:00:00.000+00:00
3bzf,2008-01-17T00:00:00.000+00:00
3bzi,2008-01-18T00:00:00.000+00:00
3c0z,2008-01-21T00:00:00.000+00:00
3c10,2008-01-21T00:00:00.000+00:00
3c14,2008-01-22T00:00:00.000+00:00
3c1k,2008-01-23T00:00:00.000+00:00
3c1n,2008-01-23T00:00:00.000+00:00
3c1x,2008-01-24T00:00:00.000+00:00
3c2f,2008-01-24T00:00:00.000+00:00
3c2o,2008-01-25T00:00:00.000+00:00
3c2r,2008-01-25T00:00:00.000+00:00
3c2u,2008-01-25T00:00:00.000+00:00
3c39,2008-01-28T00:00:00.000+00:00
3c3o,2008-01-28T00:00:00.000+00:00
3c3q,2008-01-28T00:00:00.000+00:00
3c3r,2008-01-28T00:00:00.000+00:00
3c43,2008-01-29T00:00:00.000+00:00
3c45,2008-01-29T00:00:00.000+00:00
3c49,2008-01-29T00:00:00.000+00:00
3c4c,2008-01-29T00:00:00.000+00:00
3c4e,2008-01-29T00:00:00.000+00:00
3c4f,2008-01-29T00:00:00.000+00:00
3c4h,2008-01-30T00:00:00.000+00:00
3c52,2008-01-30T00:00:00.000+00:00
3c56,2008-01-30T00:00:00.000+00:00
3c5u,2008-02-01T00:00:00.000+00:00
3c6t,2008-02-05T00:00:00.000+00:00
3c6u,2008-02-05T00:00:00.000+00:00
3c6w,2008-02-05T00:00:00.000+00:00
3c72,2008-02-06T00:00:00.000+00:00
3c79,2008-02-06T00:00:00.000+00:00
3c7n,2008-02-07T00:00:00.000+00:00
3c7p,2008-02-08T00:00:00.000+00:00
3c7q,2008-02-08T00:00:00.000+00:00
3c84,2008-02-08T00:00:00.000+00:00
3c88,2008-02-11T00:00:00.000+00:00
3c89,2008-02-11T00:00:00.000+00:00
3c8a,2008-02-11T00:00:00.000+00:00
3c8b,2008-02-11T00:00:00.000+00:00
3c8e,2008-02-11T00:00:00.000+00:00
3c94,2008-02-15T00:00:00.000+00:00
3c9e,2008-02-15T00:00:00.000+00:00
3caj,2008-02-20T00:00:00.000+00:00
3cbp,2008-02-22T00:00:00.000+00:00
3cbs,1999-02-22T00:00:00.000+00:00
3ccb,2008-02-25T00:00:00.000+00:00
3ccc,2008-02-25T00:00:00.000+00:00
3ccn,2008-02-26T00:00:00.000+00:00
3cct,2008-02-26T00:00:00.000+00:00
3ccw,2008-02-26T00:00:00.000+00:00
3ccz,2008-02-26T00:00:00.000+00:00
3cd0,2008-02-26T00:00:00.000+00:00
3cd5,2008-02-26T00:00:00.000+00:00
3cd7,2008-02-26T00:00:00.000+00:00
3cd8,2008-02-26T00:00:00.000+00:00
3cda,2008-02-26T00:00:00.000+00:00
3cdb,2008-02-26T00:00:00.000+00:00
3cde,2008-02-26T00:00:00.000+00:00
3ce0,2008-02-27T00:00:00.000+00:00
3ce3,2008-02-28T00:00:00.000+00:00
3cen,2008-02-29T00:00:00.000+00:00
3cf1,2008-03-01T00:00:00.000+00:00
3cf8,2008-03-03T00:00:00.000+00:00
3cf9,2008-03-03T00:00:00.000+00:00
3cfn,2008-03-04T00:00:00.000+00:00
3cfs,2008-03-04T00:00:00.000+00:00
3cfv,2008-03-04T00:00:00.000+00:00
3cgf,2008-03-05T00:00:00.000+00:00
3cgo,2008-03-06T00:00:00.000+00:00
3cgy,2008-03-06T00:00:00.000+00:00
3ch9,2008-03-09T00:00:00.000+00:00
3chc,2008-03-09T00:00:00.000+00:00
3chd,2008-03-09T00:00:00.000+00:00
3che,2008-03-09T00:00:00.000+00:00
3chf,2008-03-09T00:00:00.000+00:00
3chg,2008-03-09T00:00:00.000+00:00
3cho,2008-03-10T00:00:00.000+00:00
3chp,2008-03-10T00:00:00.000+00:00
3chq,2008-03-10T00:00:00.000+00:00
3chr,2008-03-10T00:00:00.000+00:00
3chs,2008-03-10T00:00:00.000+00:00
3cib,2008-03-11T00:00:00.000+00:00
3cic,2008-03-11T00:00:00.000+00:00
3cid,2008-03-11T00:00:00.000+00:00
3cii,2008-03-11T00:00:00.000+00:00
3cj3,2008-03-12T00:00:00.000+00:00
3cj5,2008-03-12T00:00:00.000+00:00
3cjf,2008-03-12T00:00:00.000+00:00
3cjo,2008-03-13T00:00:00.000+00:00
3ck7,2008-03-14T00:00:00.000+00:00
3ck8,2008-03-14T00:00:00.000+00:00
3ckb,2008-03-14T00:00:00.000+00:00
3cke,2008-03-14T00:00:00.000+00:00
3ckp,2008-03-16T00:00:00.000+00:00
3ckr,2008-03-16T00:00:00.000+00:00
3ckt,2008-03-17T00:00:00.000+00:00
3ckz,2008-03-18T00:00:00.000+00:00
3cl0,2008-03-18T00:00:00.000+00:00
3cl2,2008-03-18T00:00:00.000+00:00
3clp,2008-03-19T00:00:00.000+00:00
3cm2,2008-03-20T00:00:00.000+00:00
3cm7,2008-03-21T00:00:00.000+00:00
3cn0,2008-03-24T00:00:00.000+00:00
3co9,2008-03-27T00:00:00.000+00:00
3coh,2008-03-28T00:00:00.000+00:00
3coj,2008-03-28T00:00:00.000+00:00
3cow,2008-03-29T00:00:00.000+00:00
3cp9,2008-03-31T00:00:00.000+00:00
3cpb,2008-03-31T00:00:00.000+00:00
3cpc,2008-03-31T00:00:00.000+00:00
3cqu,2008-04-03T00:00:00.000+00:00
3cqw,2008-04-03T00:00:00.000+00:00
3cr4,2008-04-04T00:00:00.000+00:00
3cr5,2008-04-04T00:00:00.000+00:00
3cs7,2008-04-09T00:00:00.000+00:00
3cs8,2008-04-09T00:00:00.000+00:00
3csl,2008-04-10T00:00:00.000+00:00
3cso,2008-04-10T00:00:00.000+00:00
3cth,2008-04-14T00:00:00.000+00:00
3ctj,2008-04-14T00:00:00.000+00:00
3ctq,2008-04-14T00:00:00.000+00:00
3ctt,2008-04-14T00:00:00.000+00:00
3cvk,2008-04-18T00:00:00.000+00:00
3cwe,2008-04-21T00:00:00.000+00:00
3cwj,2008-04-21T00:00:00.000+00:00
3cwk,2008-04-22T00:00:00.000+00:00
3cx9,2008-04-24T00:00:00.000+00:00
3cy2,2008-04-25T00:00:00.000+00:00
3cyu,2008-04-26T00:00:00.000+00:00
3cyw,2008-04-27T00:00:00.000+00:00
3cyy,2008-04-27T00:00:00.000+00:00
3cyz,2008-04-27T00:00:00.000+00:00
3cz1,2008-04-27T00:00:00.000+00:00
3czv,2008-04-30T00:00:00.000+00:00
3d04,2008-05-01T00:00:00.000+00:00
3d0b,2008-05-01T00:00:00.000+00:00
3d0e,2008-05-01T00:00:00.000+00:00
3d14,2008-05-04T00:00:00.000+00:00
3d1e,2008-05-05T00:00:00.000+00:00
3d1f,2008-05-05T00:00:00.000+00:00
3d1g,2008-05-05T00:00:00.000+00:00
3d1v,2008-05-06T00:00:00.000+00:00
3d1x,2008-05-06T00:00:00.000+00:00
3d1y,2008-05-06T00:00:00.000+00:00
3d1z,2008-05-07T00:00:00.000+00:00
3d20,2008-05-07T00:00:00.000+00:00
3d25,2008-05-07T00:00:00.000+00:00
3d27,2008-05-07T00:00:00.000+00:00
3d28,2008-05-07T00:00:00.000+00:00
3d2e,2008-05-08T00:00:00.000+00:00
3d2r,2008-05-08T00:00:00.000+00:00
3d2t,2008-05-08T00:00:00.000+00:00
3d32,2008-05-09T00:00:00.000+00:00
3d3p,2008-05-12T00:00:00.000+00:00
3d3x,2008-05-13T00:00:00.000+00:00
3d4f,2008-05-14T00:00:00.000+00:00
3d4l,2008-05-14T00:00:00.000+00:00
3d4q,2008-05-14T00:00:00.000+00:00
3d4y,2008-05-15T00:00:00.000+00:00
3d50,2008-05-15T00:00:00.000+00:00
3d51,2008-05-15T00:00:00.000+00:00
3d52,2008-05-15T00:00:00.000+00:00
3d5m,2008-05-16T00:00:00.000+00:00
3d62,2008-05-18T00:00:00.000+00:00
3d67,2008-05-19T00:00:00.000+00:00
3d6o,2008-05-20T00:00:00.000+00:00
3d6p,2008-05-20T00:00:00.000+00:00
3d78,2008-05-20T00:00:00.000+00:00
3d7b,2008-05-21T00:00:00.000+00:00
3d7d,2008-05-21T00:00:00.000+00:00
3d7f,2008-05-21T00:00:00.000+00:00
3d7g,2008-05-21T00:00:00.000+00:00
3d7h,2008-05-21T00:00:00.000+00:00
3d7k,2008-05-21T00:00:00.000+00:00
3d7z,2008-05-22T00:00:00.000+00:00
3d83,2008-05-22T00:00:00.000+00:00
3d8w,2008-05-26T00:00:00.000+00:00
3d8y,2008-05-26T00:00:00.000+00:00
3d8z,2008-05-26T00:00:00.000+00:00
3d91,2008-05-26T00:00:00.000+00:00
3d94,2008-05-26T00:00:00.000+00:00
3d9k,2008-05-27T00:00:00.000+00:00
3d9l,2008-05-27T00:00:00.000+00:00
3d9m,2008-05-27T00:00:00.000+00:00
3d9n,2008-05-27T00:00:00.000+00:00
3d9o,2008-05-27T00:00:00.000+00:00
3d9p,2008-05-27T00:00:00.000+00:00
3d9v,2008-05-27T00:00:00.000+00:00
3d9z,2008-05-28T00:00:00.000+00:00
3da6,2008-05-28T00:00:00.000+00:00
3da9,2008-05-29T00:00:00.000+00:00
3dab,2008-05-29T00:00:00.000+00:00
3daj,2008-05-29T00:00:00.000+00:00
3daz,2008-05-30T00:00:00.000+00:00
3db6,2008-05-30T00:00:00.000+00:00
3db8,2008-05-30T00:00:00.000+00:00
3dbd,2008-05-31T00:00:00.000+00:00
3dbs,2008-06-02T00:00:00.000+00:00
3dbu,2008-06-02T00:00:00.000+00:00
3dc2,2008-06-03T00:00:00.000+00:00
3dc3,2008-06-03T00:00:00.000+00:00
3dcc,2008-06-03T00:00:00.000+00:00
3dcq,2008-06-04T00:00:00.000+00:00
3dcr,2008-06-04T00:00:00.000+00:00
3dcs,2008-06-04T00:00:00.000+00:00
3dct,2008-06-04T00:00:00.000+00:00
3dcv,2008-06-04T00:00:00.000+00:00
3dcw,2008-06-04T00:00:00.000+00:00
3dd8,2008-06-05T00:00:00.000+00:00
3dda,2008-06-05T00:00:00.000+00:00
3ddb,2008-06-05T00:00:00.000+00:00
3ddf,2008-06-05T00:00:00.000+00:00
3ddg,2008-06-05T00:00:00.000+00:00
3ddp,2008-06-06T00:00:00.000+00:00
3ddq,2008-06-06T00:00:00.000+00:00
3ddu,2008-06-06T00:00:00.000+00:00
3deh,2008-06-10T00:00:00.000+00:00
3dei,2008-06-10T00:00:00.000+00:00
3dej,2008-06-10T00:00:00.000+00:00
3dek,2008-06-10T00:00:00.000+00:00
3dg8,2008-06-13T00:00:00.000+00:00
3dga,2008-06-13T00:00:00.000+00:00
3dgl,2008-06-13T00:00:00.000+00:00
3dgn,2008-06-13T00:00:00.000+00:00
3dgo,2008-06-13T00:00:00.000+00:00
3dgq,2008-06-15T00:00:00.000+00:00
3dhk,2008-06-18T00:00:00.000+00:00
3di6,2008-06-19T00:00:00.000+00:00
3diw,2008-06-21T00:00:00.000+00:00
3djf,2008-06-23T00:00:00.000+00:00
3djk,2008-06-23T00:00:00.000+00:00
3djo,2008-06-24T00:00:00.000+00:00
3djp,2008-06-24T00:00:00.000+00:00
3djq,2008-06-24T00:00:00.000+00:00
3djv,2008-06-24T00:00:00.000+00:00
3dk1,2008-06-24T00:00:00.000+00:00
3dkf,2008-06-24T00:00:00.000+00:00
3dkg,2008-06-24T00:00:00.000+00:00
3dkj,2008-06-25T00:00:00.000+00:00
3dln,2008-06-27T00:00:00.000+00:00
3dm6,2008-06-30T00:00:00.000+00:00
3dnd,2008-07-02T00:00:00.000+00:00
3dne,2008-07-02T00:00:00.000+00:00
3dng,2008-07-02T00:00:00.000+00:00
3dnj,2008-07-02T00:00:00.000+00:00
3dnt,2008-07-02T00:00:00.000+00:00
3dog,2008-07-04T00:00:00.000+00:00
3dow,2008-07-07T00:00:00.000+00:00
3doy,2008-07-07T00:00:00.000+00:00
3doz,2008-07-07T00:00:00.000+00:00
3dp0,2008-07-07T00:00:00.000+00:00
3dp1,2008-07-07T00:00:00.000+00:00
3dp2,2008-07-07T00:00:00.000+00:00
3dp3,2008-07-07T00:00:00.000+00:00
3dp4,2008-07-07T00:00:00.000+00:00
3dp9,2008-07-07T00:00:00.000+00:00
3dpd,2008-07-08T00:00:00.000+00:00
3dpe,2008-07-08T00:00:00.000+00:00
3dpf,2008-07-08T00:00:00.000+00:00
3dpk,2008-07-08T00:00:00.000+00:00
3dpo,2008-07-09T00:00:00.000+00:00
3drf,2008-07-11T00:00:00.000+00:00
3drg,2008-07-11T00:00:00.000+00:00
3dri,2008-07-11T00:00:00.000+00:00
3drp,2008-07-11T00:00:00.000+00:00
3drr,2008-07-11T00:00:00.000+00:00
3drs,2008-07-11T00:00:00.000+00:00
3ds0,2008-07-11T00:00:00.000+00:00
3ds1,2008-07-11T00:00:00.000+00:00
3ds3,2008-07-11T00:00:00.000+00:00
3ds4,2008-07-11T00:00:00.000+00:00
3ds6,2008-07-11T00:00:00.000+00:00
3ds9,2008-07-11T00:00:00.000+00:00
3dst,2008-07-14T00:00:00.000+00:00
3dsu,2008-07-14T00:00:00.000+00:00
3dsz,2008-07-14T00:00:00.000+00:00
3dt1,2008-07-14T00:00:00.000+00:00
3dtc,2008-07-14T00:00:00.000+00:00
3du8,2008-07-17T00:00:00.000+00:00
3dux,2008-07-18T00:00:00.000+00:00
3duy,2008-07-18T00:00:00.000+00:00
3dv1,2008-07-18T00:00:00.000+00:00
3dv5,2008-07-18T00:00:00.000+00:00
3dvp,2008-07-18T00:00:00.000+00:00
3dx0,2008-07-23T00:00:00.000+00:00
3dx3,2008-07-23T00:00:00.000+00:00
3dx4,2008-07-23T00:00:00.000+00:00
3dxh,2008-07-24T00:00:00.000+00:00
3dxj,2008-07-24T00:00:00.000+00:00
3dxk,2008-07-24T00:00:00.000+00:00
3dxm,2008-07-24T00:00:00.000+00:00
3dy6,2008-07-25T00:00:00.000+00:00
3dya,2008-07-25T00:00:00.000+00:00
3dyo,2008-07-28T00:00:00.000+00:00
3dz2,2008-07-29T00:00:00.000+00:00
3dz4,2008-07-29T00:00:00.000+00:00
3dz5,2008-07-29T00:00:00.000+00:00
3dz6,2008-07-29T00:00:00.000+00:00
3dzt,2008-07-30T00:00:00.000+00:00
3e01,2008-07-30T00:00:00.000+00:00
3e0p,2008-07-31T00:00:00.000+00:00
3e0q,2008-07-31T00:00:00.000+00:00
3e12,2008-08-01T00:00:00.000+00:00
3e16,2008-08-01T00:00:00.000+00:00
3e1r,2008-08-04T00:00:00.000+00:00
3e2m,2008-08-05T00:00:00.000+00:00
3e37,2008-08-06T00:00:00.000+00:00
3e3b,2008-08-07T00:00:00.000+00:00
3e3c,2008-08-07T00:00:00.000+00:00
3e3u,2008-08-08T00:00:00.000+00:00
3e4a,2008-08-11T00:00:00.000+00:00
3e51,2008-08-12T00:00:00.000+00:00
3e5u,2008-08-14T00:00:00.000+00:00
3e62,2008-08-14T00:00:00.000+00:00
3e63,2008-08-14T00:00:00.000+00:00
3e64,2008-08-14T00:00:00.000+00:00
3e6k,2008-08-15T00:00:00.000+00:00
3e6v,2008-08-16T00:00:00.000+00:00
3e6y,2008-08-17T00:00:00.000+00:00
3e73,2008-08-17T00:00:00.000+00:00
3e7a,2008-08-18T00:00:00.000+00:00
3e7b,2008-08-18T00:00:00.000+00:00
3e7o,2008-08-18T00:00:00.000+00:00
3e81,2008-08-19T00:00:00.000+00:00
3e85,2008-08-19T00:00:00.000+00:00
3e8n,2008-08-20T00:00:00.000+00:00
3e8r,2008-08-20T00:00:00.000+00:00
3e8u,2008-08-20T00:00:00.000+00:00
3e90,2008-08-21T00:00:00.000+00:00
3e9b,2008-08-21T00:00:00.000+00:00
3e9h,2008-08-22T00:00:00.000+00:00
3e9i,2008-08-22T00:00:00.000+00:00
3eax,2008-08-26T00:00:00.000+00:00
3eb1,2008-08-26T00:00:00.000+00:00
3ebb,2008-08-27T00:00:00.000+00:00
3ebh,2008-08-27T00:00:00.000+00:00
3ebi,2008-08-27T00:00:00.000+00:00
3ebl,2008-08-28T00:00:00.000+00:00
3ebo,2008-08-28T00:00:00.000+00:00
3ecn,2008-09-01T00:00:00.000+00:00
3ed0,2008-09-02T00:00:00.000+00:00
3ee2,2008-09-04T00:00:00.000+00:00
3eeb,2008-09-04T00:00:00.000+00:00
3efj,2008-09-09T00:00:00.000+00:00
3efk,2008-09-09T00:00:00.000+00:00
3efr,2008-09-10T00:00:00.000+00:00
3efs,2008-09-10T00:00:00.000+00:00
3eft,2008-09-10T00:00:00.000+00:00
3efw,2008-09-10T00:00:00.000+00:00
3eg6,2008-09-10T00:00:00.000+00:00
3egk,2008-09-10T00:00:00.000+00:00
3ehn,2008-09-13T00:00:00.000+00:00
3eht,2008-09-14T00:00:00.000+00:00
3ehw,2008-09-15T00:00:00.000+00:00
3ehx,2008-09-15T00:00:00.000+00:00
3eid,2008-09-15T00:00:00.000+00:00
3eig,2008-09-15T00:00:00.000+00:00
3eio,2008-09-17T00:00:00.000+00:00
3ej1,2008-09-17T00:00:00.000+00:00
3ej5,2008-09-17T00:00:00.000+00:00
3ejp,2008-09-18T00:00:00.000+00:00
3ejq,2008-09-18T00:00:00.000+00:00
3ejs,2008-09-18T00:00:00.000+00:00
3ejt,2008-09-18T00:00:00.000+00:00
3eju,2008-09-18T00:00:00.000+00:00
3eka,2008-09-19T00:00:00.000+00:00
3ekn,2008-09-19T00:00:00.000+00:00
3eko,2008-09-19T00:00:00.000+00:00
3ekp,2008-09-19T00:00:00.000+00:00
3ekq,2008-09-19T00:00:00.000+00:00
3ekr,2008-09-19T00:00:00.000+00:00
3eks,2008-09-19T00:00:00.000+00:00
3ekt,2008-09-19T00:00:00.000+00:00
3ekv,2008-09-19T00:00:00.000+00:00
3ekw,2008-09-19T00:00:00.000+00:00
3ekx,2008-09-19T00:00:00.000+00:00
3eky,2008-09-19T00:00:00.000+00:00
3el0,2008-09-19T00:00:00.000+00:00
3el1,2008-09-19T00:00:00.000+00:00
3el4,2008-09-19T00:00:00.000+00:00
3el5,2008-09-20T00:00:00.000+00:00
3el7,2008-09-20T00:00:00.000+00:00
3el8,2008-09-20T00:00:00.000+00:00
3el9,2008-09-21T00:00:00.000+00:00
3elc,2008-09-22T00:00:00.000+00:00
3elj,2008-09-22T00:00:00.000+00:00
3elm,2008-09-22T00:00:00.000+00:00
3emg,2008-09-24T00:00:00.000+00:00
3emh,2008-09-24T00:00:00.000+00:00
3eml,2008-09-24T00:00:00.000+00:00
3ens,2008-09-25T00:00:00.000+00:00
3eoc,2008-09-26T00:00:00.000+00:00
3eor,2008-09-29T00:00:00.000+00:00
3eos,2008-09-29T00:00:00.000+00:00
3eou,2008-09-29T00:00:00.000+00:00
3eov,2008-09-29T00:00:00.000+00:00
3eq7,2008-09-30T00:00:00.000+00:00
3eq8,2008-09-30T00:00:00.000+00:00
3eq9,2008-09-30T00:00:00.000+00:00
3eqb,2008-09-30T00:00:00.000+00:00
3eql,2008-09-30T00:00:00.000+00:00
3eqr,2008-10-01T00:00:00.000+00:00
3eqs,2008-10-01T00:00:00.000+00:00
3eqy,2008-10-01T00:00:00.000+00:00
3er3,1991-01-02T00:00:00.000+00:00
3er5,1991-01-05T00:00:00.000+00:00
3erd,1999-03-31T00:00:00.000+00:00
3erk,1998-07-09T00:00:00.000+00:00
3ern,2008-10-02T00:00:00.000+00:00
3ert,1999-03-30T00:00:00.000+00:00
3ery,2008-10-03T00:00:00.000+00:00
3esj,2008-10-06T00:00:00.000+00:00
3ess,2008-10-06T00:00:00.000+00:00
3et7,2008-10-07T00:00:00.000+00:00
3eta,2008-10-07T00:00:00.000+00:00
3eu5,2008-10-09T00:00:00.000+00:00
3eu7,2008-10-09T00:00:00.000+00:00
3evf,2008-10-13T00:00:00.000+00:00
3ew2,2008-10-14T00:00:00.000+00:00
3ewc,2008-10-14T00:00:00.000+00:00
3ewh,2008-10-15T00:00:00.000+00:00
3ewj,2008-10-15T00:00:00.000+00:00
3ewu,2008-10-16T00:00:00.000+00:00
3ewz,2008-10-16T00:00:00.000+00:00
3ex2,2008-10-16T00:00:00.000+00:00
3ex3,2008-10-16T00:00:00.000+00:00
3ex6,2008-10-16T00:00:00.000+00:00
3exe,2008-10-16T00:00:00.000+00:00
3exf,2008-10-16T00:00:00.000+00:00
3exh,2008-10-16T00:00:00.000+00:00
3exo,2008-10-16T00:00:00.000+00:00
3eyd,2008-10-20T00:00:00.000+00:00
3eyf,2008-10-20T00:00:00.000+00:00
3eyg,2008-10-20T00:00:00.000+00:00
3eyh,2008-10-20T00:00:00.000+00:00
3eyl,2008-10-21T00:00:00.000+00:00
3eys,2008-10-21T00:00:00.000+00:00
3eyu,2008-10-21T00:00:00.000+00:00
3ezr,2008-10-23T00:00:00.000+00:00
3ezv,2008-10-23T00:00:00.000+00:00
3f07,2008-10-24T00:00:00.000+00:00
3f0r,2008-10-25T00:00:00.000+00:00
3f15,2008-10-27T00:00:00.000+00:00
3f16,2008-10-27T00:00:00.000+00:00
3f18,2008-10-27T00:00:00.000+00:00
3f19,2008-10-27T00:00:00.000+00:00
3f1a,2008-10-27T00:00:00.000+00:00
3f2a,2008-10-29T00:00:00.000+00:00
3f33,2008-10-30T00:00:00.000+00:00
3f34,2008-10-30T00:00:00.000+00:00
3f35,2008-10-30T00:00:00.000+00:00
3f36,2008-10-30T00:00:00.000+00:00
3f37,2008-10-30T00:00:00.000+00:00
3f38,2008-10-30T00:00:00.000+00:00
3f39,2008-10-30T00:00:00.000+00:00
3f3t,2008-10-31T00:00:00.000+00:00
3f3u,2008-10-31T00:00:00.000+00:00
3f3v,2008-10-31T00:00:00.000+00:00
3f3w,2008-10-31T00:00:00.000+00:00
3f48,2008-10-31T00:00:00.000+00:00
3f5j,2008-11-03T00:00:00.000+00:00
3f5k,2008-11-03T00:00:00.000+00:00
3f5l,2008-11-04T00:00:00.000+00:00
3f5p,2008-11-04T00:00:00.000+00:00
3f66,2008-11-05T00:00:00.000+00:00
3f68,2008-11-05T00:00:00.000+00:00
3f69,2008-11-05T00:00:00.000+00:00
3f6e,2008-11-05T00:00:00.000+00:00
3f6g,2008-11-06T00:00:00.000+00:00
3f6h,2008-11-06T00:00:00.000+00:00
3f70,2008-11-07T00:00:00.000+00:00
3f78,2008-11-07T00:00:00.000+00:00
3f7b,2008-11-07T00:00:00.000+00:00
3f7g,2008-11-09T00:00:00.000+00:00
3f7h,2008-11-09T00:00:00.000+00:00
3f7i,2008-11-09T00:00:00.000+00:00
3f7u,2008-11-10T00:00:00.000+00:00
3f7z,2008-11-10T00:00:00.000+00:00
3f81,2008-11-11T00:00:00.000+00:00
3f82,2008-11-11T00:00:00.000+00:00
3f88,2008-11-11T00:00:00.000+00:00
3f8c,2008-11-12T00:00:00.000+00:00
3f8e,2008-11-12T00:00:00.000+00:00
3f8f,2008-11-12T00:00:00.000+00:00
3f8s,2008-11-13T00:00:00.000+00:00
3f8w,2008-11-13T00:00:00.000+00:00
3f9n,2008-11-14T00:00:00.000+00:00
3f9w,2008-11-14T00:00:00.000+00:00
3f9y,2008-11-14T00:00:00.000+00:00
3fa3,2008-11-14T00:00:00.000+00:00
3faa,2008-11-16T00:00:00.000+00:00
3fal,2008-11-17T00:00:00.000+00:00
3fas,2008-11-18T00:00:00.000+00:00
3fat,2008-11-18T00:00:00.000+00:00
3fbr,2008-11-19T00:00:00.000+00:00
3fc1,2008-11-20T00:00:00.000+00:00
3fc2,2008-11-21T00:00:00.000+00:00
3fc8,2008-11-21T00:00:00.000+00:00
3fcb,2008-11-21T00:00:00.000+00:00
3fcf,2008-11-21T00:00:00.000+00:00
3fci,2008-11-21T00:00:00.000+00:00
3fck,2008-11-21T00:00:00.000+00:00
3fcl,2008-11-21T00:00:00.000+00:00
3fdm,2008-11-26T00:00:00.000+00:00
3fdn,2008-11-26T00:00:00.000+00:00
3fdt,2008-11-26T00:00:00.000+00:00
3fed,2008-11-28T00:00:00.000+00:00
3fee,2008-11-28T00:00:00.000+00:00
3feg,2008-11-29T00:00:00.000+00:00
3fei,2008-11-30T00:00:00.000+00:00
3fej,2008-11-30T00:00:00.000+00:00
3ff3,2008-12-01T00:00:00.000+00:00
3ff6,2008-12-02T00:00:00.000+00:00
3ffg,2008-12-03T00:00:00.000+00:00
3ffp,2008-12-04T00:00:00.000+00:00
3fgc,2008-12-05T00:00:00.000+00:00
3fh5,2008-12-08T00:00:00.000+00:00
3fh7,2008-12-08T00:00:00.000+00:00
3fh8,2008-12-09T00:00:00.000+00:00
3fhb,2008-12-09T00:00:00.000+00:00
3fhe,2008-12-09T00:00:00.000+00:00
3fhr,2008-12-10T00:00:00.000+00:00
3fi2,2008-12-10T00:00:00.000+00:00
3fi3,2008-12-10T00:00:00.000+00:00
3fj7,2008-12-14T00:00:00.000+00:00
3fjg,2008-12-14T00:00:00.000+00:00
3fjz,2008-12-15T00:00:00.000+00:00
3fkt,2008-12-17T00:00:00.000+00:00
3fkv,2008-12-17T00:00:00.000+00:00
3fl5,2008-12-18T00:00:00.000+00:00
3fl8,2008-12-18T00:00:00.000+00:00
3fl9,2008-12-18T00:00:00.000+00:00
3fmq,2008-12-22T00:00:00.000+00:00
3fmr,2008-12-22T00:00:00.000+00:00
3fmz,2008-12-22T00:00:00.000+00:00
3fn0,2008-12-22T00:00:00.000+00:00
3fnm,2008-12-25T00:00:00.000+00:00
3fnu,2008-12-26T00:00:00.000+00:00
3fpd,2009-01-05T00:00:00.000+00:00
3fpm,2009-01-05T00:00:00.000+00:00
3fq7,2009-01-07T00:00:00.000+00:00
3fqa,2009-01-07T00:00:00.000+00:00
3fqe,2009-01-07T00:00:00.000+00:00
3fqh,2009-01-07T00:00:00.000+00:00
3fqk,2009-01-07T00:00:00.000+00:00
3fql,2009-01-07T00:00:00.000+00:00
3fqs,2009-01-07T00:00:00.000+00:00
3fr2,2009-01-08T00:00:00.000+00:00
3fr4,2009-01-08T00:00:00.000+00:00
3fr5,2009-01-08T00:00:00.000+00:00
3frg,2009-01-08T00:00:00.000+00:00
3frz,2009-01-08T00:00:00.000+00:00
3fsj,2009-01-09T00:00:00.000+00:00
3fsm,2009-01-10T00:00:00.000+00:00
3ft2,2009-01-12T00:00:00.000+00:00
3ft3,2009-01-12T00:00:00.000+00:00
3ft4,2009-01-12T00:00:00.000+00:00
3ft5,2009-01-12T00:00:00.000+00:00
3ft8,2009-01-12T00:00:00.000+00:00
3fts,2009-01-13T00:00:00.000+00:00
3ftu,2009-01-13T00:00:00.000+00:00
3ftv,2009-01-13T00:00:00.000+00:00
3ftw,2009-01-13T00:00:00.000+00:00
3fty,2009-01-13T00:00:00.000+00:00
3ftz,2009-01-13T00:00:00.000+00:00
3fu0,2009-01-13T00:00:00.000+00:00
3fu3,2009-01-13T00:00:00.000+00:00
3fu5,2009-01-14T00:00:00.000+00:00
3fu6,2009-01-14T00:00:00.000+00:00
3fud,2009-01-14T00:00:00.000+00:00
3fue,2009-01-14T00:00:00.000+00:00
3fuf,2009-01-14T00:00:00.000+00:00
3fuh,2009-01-14T00:00:00.000+00:00
3fui,2009-01-14T00:00:00.000+00:00
3fuj,2009-01-14T00:00:00.000+00:00
3fuk,2009-01-14T00:00:00.000+00:00
3ful,2009-01-14T00:00:00.000+00:00
3fum,2009-01-14T00:00:00.000+00:00
3fun,2009-01-14T00:00:00.000+00:00
3fup,2009-01-14T00:00:00.000+00:00
3fuz,2009-01-15T00:00:00.000+00:00
3fv3,2009-01-15T00:00:00.000+00:00
3fv7,2009-01-15T00:00:00.000+00:00
3fv8,2009-01-15T00:00:00.000+00:00
3fvg,2009-01-15T00:00:00.000+00:00
3fvk,2009-01-15T00:00:00.000+00:00
3fvl,2009-01-16T00:00:00.000+00:00
3fvn,2009-01-16T00:00:00.000+00:00
3fw3,2009-01-16T00:00:00.000+00:00
3fw4,2009-01-16T00:00:00.000+00:00
3fwv,2009-01-19T00:00:00.000+00:00
3fx6,2009-01-20T00:00:00.000+00:00
3fxb,2009-01-20T00:00:00.000+00:00
3fxv,2009-01-21T00:00:00.000+00:00
3fxw,2009-01-21T00:00:00.000+00:00
3fyj,2009-01-22T00:00:00.000+00:00
3fyk,2009-01-22T00:00:00.000+00:00
3fyz,2009-01-23T00:00:00.000+00:00
3fz1,2009-01-23T00:00:00.000+00:00
3fzc,2009-01-24T00:00:00.000+00:00
3fzn,2009-01-26T00:00:00.000+00:00
3fzr,2009-01-26T00:00:00.000+00:00
3fzs,2009-01-26T00:00:00.000+00:00
3fzt,2009-01-26T00:00:00.000+00:00
3fzy,2009-01-26T00:00:00.000+00:00
3g08,2009-01-27T00:00:00.000+00:00
3g0b,2009-01-27T00:00:00.000+00:00
3g0c,2009-01-27T00:00:00.000+00:00
3g0d,2009-01-27T00:00:00.000+00:00
3g0e,2009-01-27T00:00:00.000+00:00
3g0f,2009-01-27T00:00:00.000+00:00
3g0g,2009-01-27T00:00:00.000+00:00
3g0i,2009-01-28T00:00:00.000+00:00
3g15,2009-01-29T00:00:00.000+00:00
3g19,2009-01-29T00:00:00.000+00:00
3g1d,2009-01-29T00:00:00.000+00:00
3g1m,2009-01-30T00:00:00.000+00:00
3g1v,2009-01-30T00:00:00.000+00:00
3g2h,2009-01-31T00:00:00.000+00:00
3g2i,2009-01-31T00:00:00.000+00:00
3g2j,2009-01-31T00:00:00.000+00:00
3g2k,2009-01-31T00:00:00.000+00:00
3g2l,2009-01-31T00:00:00.000+00:00
3g2s,2009-02-01T00:00:00.000+00:00
3g2t,2009-02-01T00:00:00.000+00:00
3g2u,2009-02-01T00:00:00.000+00:00
3g2v,2009-02-01T00:00:00.000+00:00
3g2w,2009-02-01T00:00:00.000+00:00
3g2y,2009-02-01T00:00:00.000+00:00
3g30,2009-02-01T00:00:00.000+00:00
3g32,2009-02-01T00:00:00.000+00:00
3g34,2009-02-01T00:00:00.000+00:00
3g35,2009-02-01T00:00:00.000+00:00
3g3d,2009-02-02T00:00:00.000+00:00
3g3m,2009-02-02T00:00:00.000+00:00
3g3n,2009-02-02T00:00:00.000+00:00
3g3r,2009-02-02T00:00:00.000+00:00
3g42,2009-02-03T00:00:00.000+00:00
3g45,2009-02-03T00:00:00.000+00:00
3g4f,2009-02-03T00:00:00.000+00:00
3g4g,2009-02-03T00:00:00.000+00:00
3g4i,2009-02-03T00:00:00.000+00:00
3g4k,2009-02-03T00:00:00.000+00:00
3g4l,2009-02-03T00:00:00.000+00:00
3g58,2009-02-04T00:00:00.000+00:00
3g5d,2009-02-05T00:00:00.000+00:00
3g5k,2009-02-05T00:00:00.000+00:00
3g5v,2009-02-05T00:00:00.000+00:00
3g5y,2009-02-05T00:00:00.000+00:00
3g6g,2009-02-06T00:00:00.000+00:00
3g6h,2009-02-06T00:00:00.000+00:00
3g6m,2009-02-06T00:00:00.000+00:00
3g6z,2009-02-09T00:00:00.000+00:00
3g70,2009-02-09T00:00:00.000+00:00
3g72,2009-02-09T00:00:00.000+00:00
3g76,2009-02-09T00:00:00.000+00:00
3g7l,2009-02-10T00:00:00.000+00:00
3g86,2009-02-11T00:00:00.000+00:00
3g8e,2009-02-12T00:00:00.000+00:00
3g8i,2009-02-12T00:00:00.000+00:00
3g8o,2009-02-12T00:00:00.000+00:00
3g90,2009-02-12T00:00:00.000+00:00
3g9e,2009-02-13T00:00:00.000+00:00
3g9l,2009-02-13T00:00:00.000+00:00
3g9n,2009-02-13T00:00:00.000+00:00
3ga5,2009-02-16T00:00:00.000+00:00
3gb2,2009-02-18T00:00:00.000+00:00
3gba,2009-02-19T00:00:00.000+00:00
3gbe,2009-02-19T00:00:00.000+00:00
3gbq,1996-12-23T00:00:00.000+00:00
3gc4,2009-02-21T00:00:00.000+00:00
3gc7,2009-02-21T00:00:00.000+00:00
3gcp,2009-02-22T00:00:00.000+00:00
3gcq,2009-02-22T00:00:00.000+00:00
3gcu,2009-02-22T00:00:00.000+00:00
3gcv,2009-02-22T00:00:00.000+00:00
3gds,2009-02-24T00:00:00.000+00:00
3gdt,2009-02-24T00:00:00.000+00:00
3gen,2009-02-25T00:00:00.000+00:00
3gf2,2009-02-26T00:00:00.000+00:00
3gfe,2009-02-26T00:00:00.000+00:00
3gfw,2009-02-27T00:00:00.000+00:00
3ggc,2009-02-27T00:00:00.000+00:00
3ggu,2009-03-02T00:00:00.000+00:00
3ggv,2009-03-02T00:00:00.000+00:00
3ggw,2009-03-02T00:00:00.000+00:00
3ghe,2009-03-03T00:00:00.000+00:00
3gi4,2009-03-05T00:00:00.000+00:00
3gi5,2009-03-05T00:00:00.000+00:00
3gi6,2009-03-05T00:00:00.000+00:00
3gjd,2009-03-08T00:00:00.000+00:00
3gjq,2009-03-09T00:00:00.000+00:00
3gjs,2009-03-09T00:00:00.000+00:00
3gjt,2009-03-09T00:00:00.000+00:00
3gjw,2009-03-09T00:00:00.000+00:00
3gk1,2009-03-09T00:00:00.000+00:00
3gk2,2009-03-09T00:00:00.000+00:00
3gk4,2009-03-09T00:00:00.000+00:00
3gkz,2009-03-11T00:00:00.000+00:00
3gl6,2009-03-11T00:00:00.000+00:00
3gm0,2009-03-12T00:00:00.000+00:00
3gn7,2009-03-16T00:00:00.000+00:00
3gnv,2009-03-18T00:00:00.000+00:00
3gol,2009-03-19T00:00:00.000+00:00
3gp0,2009-03-20T00:00:00.000+00:00
3gpe,2009-03-23T00:00:00.000+00:00
3gpj,2009-03-23T00:00:00.000+00:00
3gpo,2009-03-23T00:00:00.000+00:00
3gqo,2009-03-24T00:00:00.000+00:00
3gqz,2009-03-24T00:00:00.000+00:00
3grj,2009-03-25T00:00:00.000+00:00
3gs6,2009-03-26T00:00:00.000+00:00
3gs7,2009-03-26T00:00:00.000+00:00
3gsg,2009-03-26T00:00:00.000+00:00
3gsm,2009-03-27T00:00:00.000+00:00
3gss,1996-10-29T00:00:00.000+00:00
3gst,1993-06-07T00:00:00.000+00:00
3gt9,2009-03-27T00:00:00.000+00:00
3gta,2009-03-27T00:00:00.000+00:00
3gtc,2009-03-27T00:00:00.000+00:00
3gur,2009-03-30T00:00:00.000+00:00
3gus,2009-03-30T00:00:00.000+00:00
3guz,2009-03-30T00:00:00.000+00:00
3gv6,2009-03-30T00:00:00.000+00:00
3gvb,2009-03-30T00:00:00.000+00:00
3gvu,2009-03-31T00:00:00.000+00:00
3gw5,2009-03-31T00:00:00.000+00:00
3gws,2009-04-01T00:00:00.000+00:00
3gwt,2009-04-01T00:00:00.000+00:00
3gwu,2009-04-01T00:00:00.000+00:00
3gwv,2009-04-01T00:00:00.000+00:00
3gww,2009-04-01T00:00:00.000+00:00
3gwx,1999-04-26T00:00:00.000+00:00
3gx0,2009-04-01T00:00:00.000+00:00
3gxl,2009-04-02T00:00:00.000+00:00
3gxt,2009-04-02T00:00:00.000+00:00
3gxy,2009-04-03T00:00:00.000+00:00
3gxz,2009-04-03T00:00:00.000+00:00
3gy2,2009-04-03T00:00:00.000+00:00
3gy3,2009-04-03T00:00:00.000+00:00
3gy7,2009-04-03T00:00:00.000+00:00
3gyn,2009-04-04T00:00:00.000+00:00
3gz9,2009-04-06T00:00:00.000+00:00
3gzn,2009-04-07T00:00:00.000+00:00
3h03,2009-04-08T00:00:00.000+00:00
3h06,2009-04-08T00:00:00.000+00:00
3h0a,2009-04-08T00:00:00.000+00:00
3h0b,2009-04-08T00:00:00.000+00:00
3h0e,2009-04-09T00:00:00.000+00:00
3h0j,2009-04-09T00:00:00.000+00:00
3h0q,2009-04-10T00:00:00.000+00:00
3h0s,2009-04-10T00:00:00.000+00:00
3h0v,2009-04-10T00:00:00.000+00:00
3h0w,2009-04-10T00:00:00.000+00:00
3h0y,2009-04-10T00:00:00.000+00:00
3h0z,2009-04-10T00:00:00.000+00:00
3h1x,2009-04-14T00:00:00.000+00:00
3h1z,2009-04-14T00:00:00.000+00:00
3h21,2009-04-14T00:00:00.000+00:00
3h22,2009-04-14T00:00:00.000+00:00
3h23,2009-04-14T00:00:00.000+00:00
3h26,2009-04-14T00:00:00.000+00:00
3h2a,2009-04-14T00:00:00.000+00:00
3h2c,2009-04-14T00:00:00.000+00:00
3h2f,2009-04-14T00:00:00.000+00:00
3h2m,2009-04-14T00:00:00.000+00:00
3h2n,2009-04-14T00:00:00.000+00:00
3h2o,2009-04-14T00:00:00.000+00:00
3h30,2009-04-15T00:00:00.000+00:00
3h3c,2009-04-16T00:00:00.000+00:00
3h52,2009-04-21T00:00:00.000+00:00
3h59,2009-04-21T00:00:00.000+00:00
3h5b,2009-04-21T00:00:00.000+00:00
3h5s,2009-04-22T00:00:00.000+00:00
3h5u,2009-04-22T00:00:00.000+00:00
3h6z,2009-04-24T00:00:00.000+00:00
3h78,2009-04-24T00:00:00.000+00:00
3h85,2009-04-28T00:00:00.000+00:00
3h89,2009-04-29T00:00:00.000+00:00
3h8b,2009-04-29T00:00:00.000+00:00
3h8c,2009-04-29T00:00:00.000+00:00
3h91,2009-04-29T00:00:00.000+00:00
3h98,2009-04-30T00:00:00.000+00:00
3h9f,2009-04-30T00:00:00.000+00:00
3h9k,2009-04-30T00:00:00.000+00:00
3h9o,2009-04-30T00:00:00.000+00:00
3ha6,2009-05-01T00:00:00.000+00:00
3hab,2009-05-01T00:00:00.000+00:00
3hac,2009-05-01T00:00:00.000+00:00
3hau,2009-05-02T00:00:00.000+00:00
3hav,2009-05-02T00:00:00.000+00:00
3haw,2009-05-02T00:00:00.000+00:00
3hb4,2009-05-04T00:00:00.000+00:00
3hb8,2009-05-04T00:00:00.000+00:00
3hbo,2009-05-04T00:00:00.000+00:00
3hc8,2009-05-05T00:00:00.000+00:00
3hcm,2009-05-06T00:00:00.000+00:00
3hd3,2009-05-06T00:00:00.000+00:00
3hdk,2009-05-07T00:00:00.000+00:00
3hdm,2009-05-07T00:00:00.000+00:00
3hdn,2009-05-07T00:00:00.000+00:00
3hdz,2009-05-07T00:00:00.000+00:00
3hec,2009-05-08T00:00:00.000+00:00
3heg,2009-05-08T00:00:00.000+00:00
3hek,2009-05-08T00:00:00.000+00:00
3hf6,2009-05-11T00:00:00.000+00:00
3hf8,2009-05-11T00:00:00.000+00:00
3hfb,2009-05-11T00:00:00.000+00:00
3hfj,2009-05-11T00:00:00.000+00:00
3hfv,2009-05-12T00:00:00.000+00:00
3hfz,2009-05-13T00:00:00.000+00:00
3hg1,2009-05-13T00:00:00.000+00:00
3hha,2009-05-15T00:00:00.000+00:00
3hhk,2009-05-15T00:00:00.000+00:00
3hhm,2009-05-15T00:00:00.000+00:00
3hhu,2009-05-17T00:00:00.000+00:00
3hig,2009-05-19T00:00:00.000+00:00
3hii,2009-05-20T00:00:00.000+00:00
3hj0,2009-05-20T00:00:00.000+00:00
3hjo,2009-05-22T00:00:00.000+00:00
3hk1,2009-05-22T00:00:00.000+00:00
3hkn,2009-05-25T00:00:00.000+00:00
3hkq,2009-05-25T00:00:00.000+00:00
3hkt,2009-05-25T00:00:00.000+00:00
3hku,2009-05-25T00:00:00.000+00:00
3hkw,2009-05-26T00:00:00.000+00:00
3hky,2009-05-26T00:00:00.000+00:00
3hl5,2009-05-26T00:00:00.000+00:00
3hl7,2009-05-26T00:00:00.000+00:00
3hl8,2009-05-27T00:00:00.000+00:00
3hll,2009-05-27T00:00:00.000+00:00
3hlo,2009-05-27T00:00:00.000+00:00
3hmm,2009-05-29T00:00:00.000+00:00
3hmo,2009-05-29T00:00:00.000+00:00
3hmp,2009-05-29T00:00:00.000+00:00
3hmv,2009-05-29T00:00:00.000+00:00
3hnb,2009-05-31T00:00:00.000+00:00
3hng,2009-05-31T00:00:00.000+00:00
3hnz,2009-06-01T00:00:00.000+00:00
3ho2,2009-06-01T00:00:00.000+00:00
3ho9,2009-06-01T00:00:00.000+00:00
3hp2,2009-06-03T00:00:00.000+00:00
3hp5,2009-06-03T00:00:00.000+00:00
3hp9,2009-06-03T00:00:00.000+00:00
3hpt,2009-06-04T00:00:00.000+00:00
3hq5,2009-06-05T00:00:00.000+00:00
3hqh,2009-06-06T00:00:00.000+00:00
3hqr,2009-06-08T00:00:00.000+00:00
3hqw,2009-06-08T00:00:00.000+00:00
3hqy,2009-06-08T00:00:00.000+00:00
3hqz,2009-06-08T00:00:00.000+00:00
3hr1,2009-06-08T00:00:00.000+00:00
3hrb,2009-06-09T00:00:00.000+00:00
3hrf,2009-06-09T00:00:00.000+00:00
3hs4,2009-06-10T00:00:00.000+00:00
3hs8,2009-06-10T00:00:00.000+00:00
3hs9,2009-06-10T00:00:00.000+00:00
3hu1,2009-06-12T00:00:00.000+00:00
3hu2,2009-06-12T00:00:00.000+00:00
3hu3,2009-06-12T00:00:00.000+00:00
3hub,2009-06-13T00:00:00.000+00:00
3hv3,2009-06-15T00:00:00.000+00:00
3hv4,2009-06-15T00:00:00.000+00:00
3hv5,2009-06-15T00:00:00.000+00:00
3hv6,2009-06-15T00:00:00.000+00:00
3hv7,2009-06-15T00:00:00.000+00:00
3hvc,2009-06-15T00:00:00.000+00:00
3hvg,2009-06-16T00:00:00.000+00:00
3hvh,2009-06-16T00:00:00.000+00:00
3hvi,2009-06-16T00:00:00.000+00:00
3hvj,2009-06-16T00:00:00.000+00:00
3hvk,2009-06-16T00:00:00.000+00:00
3hw1,2009-06-17T00:00:00.000+00:00
3hwn,2009-06-18T00:00:00.000+00:00
3hww,2009-06-19T00:00:00.000+00:00
3hwx,2009-06-19T00:00:00.000+00:00
3hx3,2009-06-19T00:00:00.000+00:00
3hxb,2009-06-20T00:00:00.000+00:00
3hxc,2009-06-20T00:00:00.000+00:00
3hxd,2009-06-20T00:00:00.000+00:00
3hxe,2009-06-20T00:00:00.000+00:00
3hxf,2009-06-20T00:00:00.000+00:00
3hy5,2009-06-22T00:00:00.000+00:00
3hy7,2009-06-22T00:00:00.000+00:00
3hy9,2009-06-22T00:00:00.000+00:00
3hyf,2009-06-22T00:00:00.000+00:00
3hyg,2009-06-22T00:00:00.000+00:00
3hzk,2009-06-23T00:00:00.000+00:00
3hzm,2009-06-23T00:00:00.000+00:00
3hzv,2009-06-24T00:00:00.000+00:00
3hzy,2009-06-24T00:00:00.000+00:00
3i02,2009-06-24T00:00:00.000+00:00
3i06,2009-06-24T00:00:00.000+00:00
3i0r,2009-06-25T00:00:00.000+00:00
3i0s,2009-06-25T00:00:00.000+00:00
3i1y,2009-06-28T00:00:00.000+00:00
3i25,2009-06-29T00:00:00.000+00:00
3i28,2009-06-29T00:00:00.000+00:00
3i3d,2009-06-30T00:00:00.000+00:00
3i4a,2009-07-01T00:00:00.000+00:00
3i4b,2009-07-01T00:00:00.000+00:00
3i4y,2009-07-03T00:00:00.000+00:00
3i51,2009-07-03T00:00:00.000+00:00
3i5n,2009-07-06T00:00:00.000+00:00
3i5r,2009-07-06T00:00:00.000+00:00
3i5z,2009-07-06T00:00:00.000+00:00
3i60,2009-07-06T00:00:00.000+00:00
3i6c,2009-07-06T00:00:00.000+00:00
3i6m,2009-07-07T00:00:00.000+00:00
3i6o,2009-07-07T00:00:00.000+00:00
3i6z,2009-07-07T00:00:00.000+00:00
3i73,2009-07-08T00:00:00.000+00:00
3i7b,2009-07-08T00:00:00.000+00:00
3i7c,2009-07-08T00:00:00.000+00:00
3i7e,2009-07-08T00:00:00.000+00:00
3i7g,2009-07-08T00:00:00.000+00:00
3i7i,2009-07-08T00:00:00.000+00:00
3i81,2009-07-09T00:00:00.000+00:00
3i8t,2009-07-10T00:00:00.000+00:00
3i90,2009-07-10T00:00:00.000+00:00
3i91,2009-07-10T00:00:00.000+00:00
3i97,2009-07-10T00:00:00.000+00:00
3i9g,2009-07-10T00:00:00.000+00:00
3ia6,2009-07-13T00:00:00.000+00:00
3iad,2009-07-13T00:00:00.000+00:00
3iae,2009-07-13T00:00:00.000+00:00
3iaf,2009-07-13T00:00:00.000+00:00
3iaw,2009-07-14T00:00:00.000+00:00
3ibc,2009-07-15T00:00:00.000+00:00
3ibi,2009-07-16T00:00:00.000+00:00
3ibl,2009-07-16T00:00:00.000+00:00
3ibn,2009-07-16T00:00:00.000+00:00
3ibu,2009-07-17T00:00:00.000+00:00
3idp,2009-07-21T00:00:00.000+00:00
3ie3,2009-07-22T00:00:00.000+00:00
3iej,2009-07-22T00:00:00.000+00:00
3ieo,2009-07-23T00:00:00.000+00:00
3ies,2009-07-23T00:00:00.000+00:00
3iet,2009-07-23T00:00:00.000+00:00
3if7,2009-07-24T00:00:00.000+00:00
3ifl,2009-07-24T00:00:00.000+00:00
3ifo,2009-07-24T00:00:00.000+00:00
3ifp,2009-07-24T00:00:00.000+00:00
3ig1,2009-07-27T00:00:00.000+00:00
3ig6,2009-07-27T00:00:00.000+00:00
3ig7,2009-07-27T00:00:00.000+00:00
3igb,2009-07-27T00:00:00.000+00:00
3igg,2009-07-27T00:00:00.000+00:00
3igp,2009-07-28T00:00:00.000+00:00
3igv,2009-07-28T00:00:00.000+00:00
3ihz,2009-07-31T00:00:00.000+00:00
3ii5,2009-07-31T00:00:00.000+00:00
3iit,2009-08-03T00:00:00.000+00:00
3iiw,2009-08-03T00:00:00.000+00:00
3iiy,2009-08-03T00:00:00.000+00:00
3ij0,2009-08-03T00:00:00.000+00:00
3ij1,2009-08-03T00:00:00.000+00:00
3ijg,2009-08-04T00:00:00.000+00:00
3ijh,2009-08-04T00:00:00.000+00:00
3ijy,2009-08-05T00:00:00.000+00:00
3ijz,2009-08-05T00:00:00.000+00:00
3ik1,2009-08-05T00:00:00.000+00:00
3ik3,2009-08-05T00:00:00.000+00:00
3ika,2009-08-05T00:00:00.000+00:00
3ikc,2009-08-05T00:00:00.000+00:00
3ikd,2009-08-05T00:00:00.000+00:00
3ikg,2009-08-05T00:00:00.000+00:00
3il5,2009-08-06T00:00:00.000+00:00
3il6,2009-08-06T00:00:00.000+00:00
3ilq,2009-08-07T00:00:00.000+00:00
3ime,2009-08-10T00:00:00.000+00:00
3img,2009-08-10T00:00:00.000+00:00
3imy,2009-08-11T00:00:00.000+00:00
3in3,2009-08-11T00:00:00.000+00:00
3in4,2009-08-11T00:00:00.000+00:00
3ind,2009-08-12T00:00:00.000+00:00
3ine,2009-08-12T00:00:00.000+00:00
3inf,2009-08-12T00:00:00.000+00:00
3inh,2009-08-12T00:00:00.000+00:00
3iny,2009-08-13T00:00:00.000+00:00
3io7,2009-08-13T00:00:00.000+00:00
3iob,2009-08-14T00:00:00.000+00:00
3ioc,2009-08-14T00:00:00.000+00:00
3iod,2009-08-14T00:00:00.000+00:00
3ioe,2009-08-14T00:00:00.000+00:00
3iof,2009-08-14T00:00:00.000+00:00
3iog,2009-08-14T00:00:00.000+00:00
3ioi,2009-08-14T00:00:00.000+00:00
3iok,2009-08-14T00:00:00.000+00:00
3ion,2009-08-14T00:00:00.000+00:00
3iop,2009-08-14T00:00:00.000+00:00
3ip5,2009-08-17T00:00:00.000+00:00
3ip6,2009-08-17T00:00:00.000+00:00
3ip8,2009-08-17T00:00:00.000+00:00
3ip9,2009-08-17T00:00:00.000+00:00
3ipa,2009-08-17T00:00:00.000+00:00
3ipb,2009-08-17T00:00:00.000+00:00
3ipe,2009-08-17T00:00:00.000+00:00
3iph,2009-08-17T00:00:00.000+00:00
3ipq,2009-08-18T00:00:00.000+00:00
3ips,2009-08-18T00:00:00.000+00:00
3ipu,2009-08-18T00:00:00.000+00:00
3ipx,2009-08-18T00:00:00.000+00:00
3ipy,2009-08-18T00:00:00.000+00:00
3iqg,2009-08-20T00:00:00.000+00:00
3iqh,2009-08-20T00:00:00.000+00:00
3iqi,2009-08-20T00:00:00.000+00:00
3iqj,2009-08-20T00:00:00.000+00:00
3iqq,2009-08-20T00:00:00.000+00:00
3iqu,2009-08-21T00:00:00.000+00:00
3iqv,2009-08-21T00:00:00.000+00:00
3irx,2009-08-24T00:00:00.000+00:00
3is9,2009-08-25T00:00:00.000+00:00
3isj,2009-08-26T00:00:00.000+00:00
3iss,2009-08-27T00:00:00.000+00:00
3isw,2009-08-27T00:00:00.000+00:00
3itc,2009-08-28T00:00:00.000+00:00
3ith,2009-08-28T00:00:00.000+00:00
3itu,2009-08-28T00:00:00.000+00:00
3itz,2009-08-28T00:00:00.000+00:00
3iu7,2009-08-30T00:00:00.000+00:00
3iu8,2009-08-30T00:00:00.000+00:00
3iu9,2009-08-30T00:00:00.000+00:00
3iub,2009-08-31T00:00:00.000+00:00
3iuc,2009-08-31T00:00:00.000+00:00
3iue,2009-08-31T00:00:00.000+00:00
3iut,2009-08-31T00:00:00.000+00:00
3iux,2009-08-31T00:00:00.000+00:00
3ivc,2009-08-31T00:00:00.000+00:00
3ivh,2009-09-01T00:00:00.000+00:00
3ivi,2009-09-01T00:00:00.000+00:00
3ivq,2009-09-01T00:00:00.000+00:00
3ivv,2009-09-01T00:00:00.000+00:00
3ivx,2009-09-02T00:00:00.000+00:00
3iw4,2009-09-02T00:00:00.000+00:00
3iw5,2009-09-02T00:00:00.000+00:00
3iw6,2009-09-02T00:00:00.000+00:00
3iw7,2009-09-02T00:00:00.000+00:00
3iw8,2009-09-02T00:00:00.000+00:00
3iww,2009-09-03T00:00:00.000+00:00
3iwy,2009-09-03T00:00:00.000+00:00
3ixg,2009-09-04T00:00:00.000+00:00
3ixj,2009-09-04T00:00:00.000+00:00
3ixk,2009-09-04T00:00:00.000+00:00
3jdw,1997-01-24T00:00:00.000+00:00
3jpv,2009-09-04T00:00:00.000+00:00
3jpx,2009-09-04T00:00:00.000+00:00
3jq7,2009-09-06T00:00:00.000+00:00
3jq8,2009-09-06T00:00:00.000+00:00
3jq9,2009-09-06T00:00:00.000+00:00
3jqa,2009-09-06T00:00:00.000+00:00
3jqb,2009-09-06T00:00:00.000+00:00
3jqf,2009-09-06T00:00:00.000+00:00
3jqg,2009-09-06T00:00:00.000+00:00
3jrs,2009-09-08T00:00:00.000+00:00
3jrx,2009-09-09T00:00:00.000+00:00
3jsi,2009-09-10T00:00:00.000+00:00
3jsw,2009-09-11T00:00:00.000+00:00
3juk,2009-09-15T00:00:00.000+00:00
3juo,2009-09-15T00:00:00.000+00:00
3jup,2009-09-15T00:00:00.000+00:00
3juq,2009-09-15T00:00:00.000+00:00
3jvk,2009-09-17T00:00:00.000+00:00
3jwq,2009-09-18T00:00:00.000+00:00
3jwr,2009-09-18T00:00:00.000+00:00
3jxw,2009-09-21T00:00:00.000+00:00
3jy0,2009-09-21T00:00:00.000+00:00
3jy9,2009-09-21T00:00:00.000+00:00
3jyj,2009-09-21T00:00:00.000+00:00
3jyr,2009-09-22T00:00:00.000+00:00
3jzb,2009-09-23T00:00:00.000+00:00
3jzc,2009-09-23T00:00:00.000+00:00
3jzf,2009-09-23T00:00:00.000+00:00
3jzg,2009-09-23T00:00:00.000+00:00
3jzh,2009-09-23T00:00:00.000+00:00
3jzi,2009-09-23T00:00:00.000+00:00
3jzj,2009-09-23T00:00:00.000+00:00
3jzk,2009-09-23T00:00:00.000+00:00
3jzo,2009-09-23T00:00:00.000+00:00
3jzp,2009-09-24T00:00:00.000+00:00
3jzq,2009-09-24T00:00:00.000+00:00
3jzr,2009-09-24T00:00:00.000+00:00
3jzs,2009-09-24T00:00:00.000+00:00
3k00,2009-09-24T00:00:00.000+00:00
3k02,2009-09-24T00:00:00.000+00:00
3k05,2009-09-24T00:00:00.000+00:00
3k0h,2009-09-24T00:00:00.000+00:00
3k0k,2009-09-24T00:00:00.000+00:00
3k15,2009-09-25T00:00:00.000+00:00
3k16,2009-09-25T00:00:00.000+00:00
3k1j,2009-09-28T00:00:00.000+00:00
3k22,2009-09-29T00:00:00.000+00:00
3k23,2009-09-29T00:00:00.000+00:00
3k26,2009-09-29T00:00:00.000+00:00
3k27,2009-09-29T00:00:00.000+00:00
3k2f,2009-09-30T00:00:00.000+00:00
3k37,2009-10-02T00:00:00.000+00:00
3k39,2009-10-02T00:00:00.000+00:00
3k3a,2009-10-02T00:00:00.000+00:00
3k3b,2009-10-02T00:00:00.000+00:00
3k3e,2009-10-02T00:00:00.000+00:00
3k3g,2009-10-02T00:00:00.000+00:00
3k3h,2009-10-02T00:00:00.000+00:00
3k3i,2009-10-02T00:00:00.000+00:00
3k3j,2009-10-02T00:00:00.000+00:00
3k41,2009-10-05T00:00:00.000+00:00
3k48,2009-10-05T00:00:00.000+00:00
3k4d,2009-10-05T00:00:00.000+00:00
3k4q,2009-10-06T00:00:00.000+00:00
3k54,2009-10-06T00:00:00.000+00:00
3k5c,2009-10-07T00:00:00.000+00:00
3k5d,2009-10-07T00:00:00.000+00:00
3k5f,2009-10-07T00:00:00.000+00:00
3k5g,2009-10-07T00:00:00.000+00:00
3k5i,2009-10-07T00:00:00.000+00:00
3k5k,2009-10-07T00:00:00.000+00:00
3k5u,2009-10-08T00:00:00.000+00:00
3k5x,2009-10-08T00:00:00.000+00:00
3k7f,2009-10-13T00:00:00.000+00:00
3k83,2009-10-13T00:00:00.000+00:00
3k84,2009-10-13T00:00:00.000+00:00
3k8c,2009-10-14T00:00:00.000+00:00
3k8d,2009-10-14T00:00:00.000+00:00
3k8o,2009-10-14T00:00:00.000+00:00
3k8q,2009-10-14T00:00:00.000+00:00
3k97,2009-10-15T00:00:00.000+00:00
3k98,2009-10-15T00:00:00.000+00:00
3k99,2009-10-15T00:00:00.000+00:00
3k9x,2009-10-16T00:00:00.000+00:00
3ka2,2009-10-18T00:00:00.000+00:00
3kab,2009-10-19T00:00:00.000+00:00
3kac,2009-10-19T00:00:00.000+00:00
3kad,2009-10-19T00:00:00.000+00:00
3kaf,2009-10-19T00:00:00.000+00:00
3kag,2009-10-19T00:00:00.000+00:00
3kah,2009-10-19T00:00:00.000+00:00
3kai,2009-10-19T00:00:00.000+00:00
3kb3,2009-10-20T00:00:00.000+00:00
3kb7,2009-10-20T00:00:00.000+00:00
3kba,2009-10-20T00:00:00.000+00:00
3kbz,2009-10-20T00:00:00.000+00:00
3kc0,2009-10-20T00:00:00.000+00:00
3kc1,2009-10-20T00:00:00.000+00:00
3kc3,2009-10-20T00:00:00.000+00:00
3kce,2009-10-21T00:00:00.000+00:00
3kcf,2009-10-21T00:00:00.000+00:00
3kd7,2009-10-22T00:00:00.000+00:00
3kdb,2009-10-22T00:00:00.000+00:00
3kdc,2009-10-22T00:00:00.000+00:00
3kdd,2009-10-22T00:00:00.000+00:00
3kdm,2009-10-23T00:00:00.000+00:00
3kdt,2009-10-23T00:00:00.000+00:00
3kdu,2009-10-23T00:00:00.000+00:00
3kec,2009-10-25T00:00:00.000+00:00
3ked,2009-10-25T00:00:00.000+00:00
3kej,2009-10-26T00:00:00.000+00:00
3kek,2009-10-26T00:00:00.000+00:00
3ken,2009-10-26T00:00:00.000+00:00
3kf4,2009-10-27T00:00:00.000+00:00
3kf7,2009-10-27T00:00:00.000+00:00
3kfa,2009-10-27T00:00:00.000+00:00
3kfc,2009-10-27T00:00:00.000+00:00
3kfn,2009-10-27T00:00:00.000+00:00
3kga,2009-10-28T00:00:00.000+00:00
3kgq,2009-10-29T00:00:00.000+00:00
3kgt,2009-10-29T00:00:00.000+00:00
3kgu,2009-10-29T00:00:00.000+00:00
3khj,2009-10-30T00:00:00.000+00:00
3khv,2009-10-30T00:00:00.000+00:00
3kid,2009-11-01T00:00:00.000+00:00
3kig,2009-11-02T00:00:00.000+00:00
3kiv,1998-09-08T00:00:00.000+00:00
3kjd,2009-11-03T00:00:00.000+00:00
3kjf,2009-11-03T00:00:00.000+00:00
3kjn,2009-11-03T00:00:00.000+00:00
3kjq,2009-11-03T00:00:00.000+00:00
3kku,2009-11-06T00:00:00.000+00:00
3kl6,2009-11-06T00:00:00.000+00:00
3kl8,2009-11-06T00:00:00.000+00:00
3km4,2009-11-09T00:00:00.000+00:00
3kmc,2009-11-10T00:00:00.000+00:00
3kme,2009-11-10T00:00:00.000+00:00
3kmm,2009-11-10T00:00:00.000+00:00
3kmx,2009-11-11T00:00:00.000+00:00
3kmy,2009-11-11T00:00:00.000+00:00
3kn0,2009-11-11T00:00:00.000+00:00
3koo,2009-11-13T00:00:00.000+00:00
3kpu,2009-11-17T00:00:00.000+00:00
3kpv,2009-11-17T00:00:00.000+00:00
3kpw,2009-11-17T00:00:00.000+00:00
3kqa,2009-11-17T00:00:00.000+00:00
3kqb,2009-11-17T00:00:00.000+00:00
3kqc,2009-11-17T00:00:00.000+00:00
3kqd,2009-11-17T00:00:00.000+00:00
3kqe,2009-11-17T00:00:00.000+00:00
3kqm,2009-11-17T00:00:00.000+00:00
3kqo,2009-11-17T00:00:00.000+00:00
3kqp,2009-11-17T00:00:00.000+00:00
3kqr,2009-11-17T00:00:00.000+00:00
3kqs,2009-11-17T00:00:00.000+00:00
3kqt,2009-11-17T00:00:00.000+00:00
3kqw,2009-11-17T00:00:00.000+00:00
3kqy,2009-11-17T00:00:00.000+00:00
3kr0,2009-11-17T00:00:00.000+00:00
3kr1,2009-11-17T00:00:00.000+00:00
3kr2,2009-11-17T00:00:00.000+00:00
3kr4,2009-11-17T00:00:00.000+00:00
3kr5,2009-11-17T00:00:00.000+00:00
3krd,2009-11-18T00:00:00.000+00:00
3krj,2009-11-18T00:00:00.000+00:00
3krl,2009-11-18T00:00:00.000+00:00
3krr,2009-11-19T00:00:00.000+00:00
3krw,2009-11-19T00:00:00.000+00:00
3krx,2009-11-19T00:00:00.000+00:00
3kry,2009-11-19T00:00:00.000+00:00
3ksl,2009-11-23T00:00:00.000+00:00
3ksq,2009-11-23T00:00:00.000+00:00
3ktr,2009-11-25T00:00:00.000+00:00
3kvw,2009-11-30T00:00:00.000+00:00
3kvx,2009-11-30T00:00:00.000+00:00
3kw9,2009-12-01T00:00:00.000+00:00
3kwb,2009-12-01T00:00:00.000+00:00
3kwf,2009-12-01T00:00:00.000+00:00
3kwj,2009-12-01T00:00:00.000+00:00
3kwz,2009-12-02T00:00:00.000+00:00
3kx1,2009-12-02T00:00:00.000+00:00
3kxz,2009-12-04T00:00:00.000+00:00
3kyq,2009-12-07T00:00:00.000+00:00
3kyr,2009-12-07T00:00:00.000+00:00
3kze,2009-12-08T00:00:00.000+00:00
3l08,2009-12-09T00:00:00.000+00:00
3l0e,2009-12-09T00:00:00.000+00:00
3l0k,2009-12-10T00:00:00.000+00:00
3l0n,2009-12-10T00:00:00.000+00:00
3l0v,2009-12-10T00:00:00.000+00:00
3l13,2009-12-10T00:00:00.000+00:00
3l16,2009-12-10T00:00:00.000+00:00
3l17,2009-12-10T00:00:00.000+00:00
3l1n,2009-12-14T00:00:00.000+00:00
3l1s,2009-12-14T00:00:00.000+00:00
3l2y,2009-12-15T00:00:00.000+00:00
3l38,2009-12-16T00:00:00.000+00:00
3l3a,2009-12-16T00:00:00.000+00:00
3l3l,2009-12-17T00:00:00.000+00:00
3l3m,2009-12-17T00:00:00.000+00:00
3l3q,2009-12-17T00:00:00.000+00:00
3l3x,2009-12-18T00:00:00.000+00:00
3l3z,2009-12-18T00:00:00.000+00:00
3l4t,2009-12-21T00:00:00.000+00:00
3l4v,2009-12-21T00:00:00.000+00:00
3l4x,2009-12-21T00:00:00.000+00:00
3l4y,2009-12-21T00:00:00.000+00:00
3l4z,2009-12-21T00:00:00.000+00:00
3l54,2009-12-21T00:00:00.000+00:00
3l58,2009-12-21T00:00:00.000+00:00
3l59,2009-12-21T00:00:00.000+00:00
3l5b,2009-12-21T00:00:00.000+00:00
3l5c,2009-12-21T00:00:00.000+00:00
3l5d,2009-12-21T00:00:00.000+00:00
3l5e,2009-12-21T00:00:00.000+00:00
3l5f,2009-12-21T00:00:00.000+00:00
3l5r,2009-12-22T00:00:00.000+00:00
3l6f,2009-12-23T00:00:00.000+00:00
3l6h,2009-12-23T00:00:00.000+00:00
3l6x,2009-12-27T00:00:00.000+00:00
3l79,2009-12-28T00:00:00.000+00:00
3l7a,2009-12-28T00:00:00.000+00:00
3l7c,2009-12-28T00:00:00.000+00:00
3l7d,2009-12-28T00:00:00.000+00:00
3l7g,2009-12-28T00:00:00.000+00:00
3l81,2009-12-29T00:00:00.000+00:00
3l8s,2010-01-03T00:00:00.000+00:00
3l8v,2010-01-04T00:00:00.000+00:00
3l8x,2010-01-04T00:00:00.000+00:00
3l9h,2010-01-05T00:00:00.000+00:00
3l9l,2010-01-05T00:00:00.000+00:00
3l9m,2010-01-05T00:00:00.000+00:00
3l9n,2010-01-05T00:00:00.000+00:00
3lau,2010-01-07T00:00:00.000+00:00
3lbj,2010-01-08T00:00:00.000+00:00
3lbk,2010-01-08T00:00:00.000+00:00
3lbl,2010-01-08T00:00:00.000+00:00
3lbz,2010-01-08T00:00:00.000+00:00
3lc3,2010-01-09T00:00:00.000+00:00
3lc5,2010-01-09T00:00:00.000+00:00
3lcd,2010-01-10T00:00:00.000+00:00
3lce,2010-01-10T00:00:00.000+00:00
3lco,2010-01-11T00:00:00.000+00:00
3lcu,2010-01-11T00:00:00.000+00:00
3lcv,2010-01-11T00:00:00.000+00:00
3ldp,2010-01-13T00:00:00.000+00:00
3ldq,2010-01-13T00:00:00.000+00:00
3ldw,2010-01-13T00:00:00.000+00:00
3le6,2010-01-14T00:00:00.000+00:00
3le8,2010-01-14T00:00:00.000+00:00
3le9,2010-01-14T00:00:00.000+00:00
3lea,2010-01-14T00:00:00.000+00:00
3lf0,2010-01-15T00:00:00.000+00:00
3lfn,2010-01-18T00:00:00.000+00:00
3lfs,2010-01-18T00:00:00.000+00:00
3lgl,2010-01-20T00:00:00.000+00:00
3lgp,2010-01-21T00:00:00.000+00:00
3lgs,2010-01-21T00:00:00.000+00:00
3lhg,2010-01-22T00:00:00.000+00:00
3lhj,2010-01-22T00:00:00.000+00:00
3lhs,2010-01-23T00:00:00.000+00:00
3li2,2010-01-23T00:00:00.000+00:00
3lik,2010-01-25T00:00:00.000+00:00
3lil,2010-01-25T00:00:00.000+00:00
3lir,2010-01-25T00:00:00.000+00:00
3liw,2010-01-25T00:00:00.000+00:00
3lj3,2010-01-25T00:00:00.000+00:00
3lj7,2010-01-25T00:00:00.000+00:00
3ljg,2010-01-26T00:00:00.000+00:00
3ljj,2010-01-26T00:00:00.000+00:00
3ljo,2010-01-26T00:00:00.000+00:00
3ljt,2010-01-26T00:00:00.000+00:00
3ljz,2010-01-26T00:00:00.000+00:00
3lk0,2010-01-26T00:00:00.000+00:00
3lk1,2010-01-26T00:00:00.000+00:00
3lk8,2010-01-27T00:00:00.000+00:00
3lkh,2010-01-27T00:00:00.000+00:00
3lkj,2010-01-27T00:00:00.000+00:00
3lkz,2010-01-28T00:00:00.000+00:00
3ll8,2010-01-28T00:00:00.000+00:00
3lle,2010-01-28T00:00:00.000+00:00
3llm,2010-01-29T00:00:00.000+00:00
3lm1,2010-01-29T00:00:00.000+00:00
3lmk,2010-01-30T00:00:00.000+00:00
3lmp,2010-01-31T00:00:00.000+00:00
3lnj,2010-02-02T00:00:00.000+00:00
3lnk,2010-02-02T00:00:00.000+00:00
3lnz,2010-02-03T00:00:00.000+00:00
3lok,2010-02-04T00:00:00.000+00:00
3loo,2010-02-04T00:00:00.000+00:00
3lox,2010-02-04T00:00:00.000+00:00
3lp0,2010-02-04T00:00:00.000+00:00
3lp1,2010-02-04T00:00:00.000+00:00
3lp2,2010-02-04T00:00:00.000+00:00
3lp4,2010-02-04T00:00:00.000+00:00
3lp7,2010-02-04T00:00:00.000+00:00
3lpb,2010-02-05T00:00:00.000+00:00
3lpf,2010-02-05T00:00:00.000+00:00
3lpg,2010-02-05T00:00:00.000+00:00
3lpi,2010-02-05T00:00:00.000+00:00
3lpj,2010-02-05T00:00:00.000+00:00
3lpk,2010-02-05T00:00:00.000+00:00
3lpl,2010-02-05T00:00:00.000+00:00
3lpp,2010-02-05T00:00:00.000+00:00
3lpr,1991-08-05T00:00:00.000+00:00
3lpt,2010-02-05T00:00:00.000+00:00
3lpu,2010-02-06T00:00:00.000+00:00
3lq2,2010-02-08T00:00:00.000+00:00
3lq4,2010-02-08T00:00:00.000+00:00
3lq5,2010-02-08T00:00:00.000+00:00
3lq8,2010-02-08T00:00:00.000+00:00
3lqi,2010-02-09T00:00:00.000+00:00
3lqj,2010-02-09T00:00:00.000+00:00
3lrh,2010-02-11T00:00:00.000+00:00
3ls4,2010-02-12T00:00:00.000+00:00
3luo,2010-02-18T00:00:00.000+00:00
3lvp,2010-02-22T00:00:00.000+00:00
3lvw,2010-02-22T00:00:00.000+00:00
3lw0,2010-02-23T00:00:00.000+00:00
3lxe,2010-02-25T00:00:00.000+00:00
3lxg,2010-02-25T00:00:00.000+00:00
3lxk,2010-02-25T00:00:00.000+00:00
3lxl,2010-02-25T00:00:00.000+00:00
3lxo,2010-02-25T00:00:00.000+00:00
3lxs,2010-02-25T00:00:00.000+00:00
3ly2,2010-02-26T00:00:00.000+00:00
3lzb,2010-03-01T00:00:00.000+00:00
3lzs,2010-03-01T00:00:00.000+00:00
3lzu,2010-03-01T00:00:00.000+00:00
3lzv,2010-03-01T00:00:00.000+00:00
3m11,2010-03-03T00:00:00.000+00:00
3m17,2010-03-04T00:00:00.000+00:00
3m1k,2010-03-05T00:00:00.000+00:00
3m1s,2010-03-05T00:00:00.000+00:00
3m2u,2010-03-08T00:00:00.000+00:00
3m2w,2010-03-08T00:00:00.000+00:00
3m35,2010-03-08T00:00:00.000+00:00
3m36,2010-03-08T00:00:00.000+00:00
3m37,2010-03-08T00:00:00.000+00:00
3m3c,2010-03-09T00:00:00.000+00:00
3m3e,2010-03-09T00:00:00.000+00:00
3m3o,2010-03-09T00:00:00.000+00:00
3m3r,2010-03-09T00:00:00.000+00:00
3m3x,2010-03-10T00:00:00.000+00:00
3m3z,2010-03-10T00:00:00.000+00:00
3m40,2010-03-10T00:00:00.000+00:00
3m53,2010-03-12T00:00:00.000+00:00
3m54,2010-03-12T00:00:00.000+00:00
3m55,2010-03-12T00:00:00.000+00:00
3m56,2010-03-12T00:00:00.000+00:00
3m57,2010-03-12T00:00:00.000+00:00
3m58,2010-03-12T00:00:00.000+00:00
3m59,2010-03-12T00:00:00.000+00:00
3m5a,2010-03-12T00:00:00.000+00:00
3m5e,2010-03-12T00:00:00.000+00:00
3m67,2010-03-15T00:00:00.000+00:00
3m6f,2010-03-15T00:00:00.000+00:00
3m6p,2010-03-16T00:00:00.000+00:00
3m6q,2010-03-16T00:00:00.000+00:00
3m6r,2010-03-16T00:00:00.000+00:00
3m8p,2010-03-18T00:00:00.000+00:00
3m8q,2010-03-18T00:00:00.000+00:00
3m8u,2010-03-19T00:00:00.000+00:00
3m94,2010-03-19T00:00:00.000+00:00
3m96,2010-03-20T00:00:00.000+00:00
3m9f,2010-03-22T00:00:00.000+00:00
3ma3,2010-03-23T00:00:00.000+00:00
3mag,1998-07-12T00:00:00.000+00:00
3mam,2010-03-24T00:00:00.000+00:00
3max,2010-03-24T00:00:00.000+00:00
3mb6,2010-03-25T00:00:00.000+00:00
3mb7,2010-03-25T00:00:00.000+00:00
3mbl,2010-03-25T00:00:00.000+00:00
3mbp,1997-06-25T00:00:00.000+00:00
3mbz,2010-03-26T00:00:00.000+00:00
3mct,1999-01-05T00:00:00.000+00:00
3mdz,2010-03-31T00:00:00.000+00:00
3me9,2010-03-31T00:00:00.000+00:00
3mea,2010-03-31T00:00:00.000+00:00
3met,2010-03-31T00:00:00.000+00:00
3meu,2010-03-31T00:00:00.000+00:00
3mf5,2010-04-01T00:00:00.000+00:00
3mfw,2010-04-04T00:00:00.000+00:00
3mg0,2010-04-05T00:00:00.000+00:00
3mg4,2010-04-05T00:00:00.000+00:00
3mg6,2010-04-05T00:00:00.000+00:00
3mg7,2010-04-05T00:00:00.000+00:00
3mg8,2010-04-05T00:00:00.000+00:00
3mhc,2010-04-07T00:00:00.000+00:00
3mhi,2010-04-08T00:00:00.000+00:00
3mhl,2010-04-08T00:00:00.000+00:00
3mhm,2010-04-08T00:00:00.000+00:00
3mho,2010-04-08T00:00:00.000+00:00
3mhw,2010-04-09T00:00:00.000+00:00
3mi3,2010-04-09T00:00:00.000+00:00
3miy,2010-04-12T00:00:00.000+00:00
3mj1,2010-04-12T00:00:00.000+00:00
3mj2,2010-04-12T00:00:00.000+00:00
3mj5,2010-04-12T00:00:00.000+00:00
3mjl,2010-04-13T00:00:00.000+00:00
3mke,2010-04-14T00:00:00.000+00:00
3mkf,2010-04-14T00:00:00.000+00:00
3mkn,2010-04-15T00:00:00.000+00:00
3mks,2010-04-15T00:00:00.000+00:00
3ml2,2010-04-16T00:00:00.000+00:00
3ml5,2010-04-16T00:00:00.000+00:00
3mlb,2010-04-16T00:00:00.000+00:00
3mle,2010-04-16T00:00:00.000+00:00
3mmf,2010-04-19T00:00:00.000+00:00
3mn8,2010-04-21T00:00:00.000+00:00
3mna,2010-04-21T00:00:00.000+00:00
3mnu,2010-04-22T00:00:00.000+00:00
3mo0,2010-04-22T00:00:00.000+00:00
3mo2,2010-04-22T00:00:00.000+00:00
3mo5,2010-04-22T00:00:00.000+00:00
3mo8,2010-04-22T00:00:00.000+00:00
3moe,2010-04-22T00:00:00.000+00:00
3mof,2010-04-22T00:00:00.000+00:00
3moh,2010-04-22T00:00:00.000+00:00
3mp1,2010-04-24T00:00:00.000+00:00
3mp6,2010-04-25T00:00:00.000+00:00
3mpm,2010-04-27T00:00:00.000+00:00
3mpt,2010-04-27T00:00:00.000+00:00
3mqf,2010-04-28T00:00:00.000+00:00
3mrt,2010-04-29T00:00:00.000+00:00
3mrv,2010-04-29T00:00:00.000+00:00
3mrx,2010-04-29T00:00:00.000+00:00
3ms2,2010-04-29T00:00:00.000+00:00
3ms4,2010-04-29T00:00:00.000+00:00
3ms7,2010-04-29T00:00:00.000+00:00
3ms9,2010-04-29T00:00:00.000+00:00
3msc,2010-04-29T00:00:00.000+00:00
3msj,2010-04-29T00:00:00.000+00:00
3msk,2010-04-29T00:00:00.000+00:00
3msl,2010-04-29T00:00:00.000+00:00
3mt7,2010-04-30T00:00:00.000+00:00
3mt8,2010-04-30T00:00:00.000+00:00
3mt9,2010-04-30T00:00:00.000+00:00
3mta,2010-04-30T00:00:00.000+00:00
3mtb,2010-04-30T00:00:00.000+00:00
3mtd,2010-04-30T00:00:00.000+00:00
3mtw,2010-05-01T00:00:00.000+00:00
3muf,2010-05-03T00:00:00.000+00:00
3muk,2010-05-03T00:00:00.000+00:00
3mv0,2010-05-03T00:00:00.000+00:00
3mv5,2010-05-03T00:00:00.000+00:00
3mvh,2010-05-04T00:00:00.000+00:00
3mvj,2010-05-04T00:00:00.000+00:00
3mvl,2010-05-04T00:00:00.000+00:00
3mvm,2010-05-04T00:00:00.000+00:00
3mw1,2010-05-05T00:00:00.000+00:00
3mwe,2010-05-05T00:00:00.000+00:00
3mwu,2010-05-06T00:00:00.000+00:00
3mww,2010-05-06T00:00:00.000+00:00
3mxc,2010-05-07T00:00:00.000+00:00
3mxd,2010-05-07T00:00:00.000+00:00
3mxe,2010-05-07T00:00:00.000+00:00
3mxf,2010-05-07T00:00:00.000+00:00
3mxr,2010-05-07T00:00:00.000+00:00
3mxs,2010-05-07T00:00:00.000+00:00
3mxy,2010-05-08T00:00:00.000+00:00
3my1,2010-05-09T00:00:00.000+00:00
3my5,2010-05-09T00:00:00.000+00:00
3myq,2010-05-11T00:00:00.000+00:00
3mz3,2010-05-11T00:00:00.000+00:00
3mz6,2010-05-11T00:00:00.000+00:00
3mzc,2010-05-12T00:00:00.000+00:00
3n0h,2010-05-14T00:00:00.000+00:00
3n0n,2010-05-14T00:00:00.000+00:00
3n1c,2010-05-15T00:00:00.000+00:00
3n1v,2010-05-17T00:00:00.000+00:00
3n1w,2010-05-17T00:00:00.000+00:00
3n23,2010-05-17T00:00:00.000+00:00
3n2c,2010-05-17T00:00:00.000+00:00
3n2e,2010-05-18T00:00:00.000+00:00
3n2p,2010-05-18T00:00:00.000+00:00
3n2u,2010-05-19T00:00:00.000+00:00
3n2v,2010-05-19T00:00:00.000+00:00
3n35,2010-05-19T00:00:00.000+00:00
3n3g,2010-05-20T00:00:00.000+00:00
3n3j,2010-05-20T00:00:00.000+00:00
3n3l,2010-05-20T00:00:00.000+00:00
3n45,2010-05-21T00:00:00.000+00:00
3n46,2010-05-21T00:00:00.000+00:00
3n49,2010-05-21T00:00:00.000+00:00
3n4b,2010-05-21T00:00:00.000+00:00
3n4c,2010-05-21T00:00:00.000+00:00
3n4l,2010-05-21T00:00:00.000+00:00
3n51,2010-05-24T00:00:00.000+00:00
3n5e,2010-05-25T00:00:00.000+00:00
3n5h,2010-05-25T00:00:00.000+00:00
3n5j,2010-05-25T00:00:00.000+00:00
3n5k,2010-05-25T00:00:00.000+00:00
3n5u,2010-05-25T00:00:00.000+00:00
3n6k,2010-05-26T00:00:00.000+00:00
3n7h,2010-05-27T00:00:00.000+00:00
3n7o,2010-05-27T00:00:00.000+00:00
3n7r,2010-05-27T00:00:00.000+00:00
3n7s,2010-05-27T00:00:00.000+00:00
3n87,2010-05-27T00:00:00.000+00:00
3n8k,2010-05-28T00:00:00.000+00:00
3n8n,2010-05-28T00:00:00.000+00:00
3n9r,2010-05-31T00:00:00.000+00:00
3n9s,2010-05-31T00:00:00.000+00:00
3nal,2010-06-02T00:00:00.000+00:00
3nam,2010-06-02T00:00:00.000+00:00
3nan,2010-06-02T00:00:00.000+00:00
3nb5,2010-06-02T00:00:00.000+00:00
3nba,2010-06-03T00:00:00.000+00:00
3nc4,2010-06-04T00:00:00.000+00:00
3nc9,2010-06-04T00:00:00.000+00:00
3ncg,2010-06-04T00:00:00.000+00:00
3ncq,2010-06-05T00:00:00.000+00:00
3ncr,2010-06-05T00:00:00.000+00:00
3ncz,2010-06-06T00:00:00.000+00:00
3ndm,2010-06-07T00:00:00.000+00:00
3nee,2010-06-08T00:00:00.000+00:00
3nef,2010-06-08T00:00:00.000+00:00
3neg,2010-06-08T00:00:00.000+00:00
3neo,2010-06-09T00:00:00.000+00:00
3nes,2010-06-09T00:00:00.000+00:00
3new,2010-06-09T00:00:00.000+00:00
3nex,2010-06-09T00:00:00.000+00:00
3nf3,2010-06-09T00:00:00.000+00:00
3nf6,2010-06-09T00:00:00.000+00:00
3nf7,2010-06-09T00:00:00.000+00:00
3nf8,2010-06-09T00:00:00.000+00:00
3nf9,2010-06-10T00:00:00.000+00:00
3nfk,2010-06-10T00:00:00.000+00:00
3nfl,2010-06-10T00:00:00.000+00:00
3ng4,2010-06-10T00:00:00.000+00:00
3nga,2010-06-11T00:00:00.000+00:00
3nhi,2010-06-14T00:00:00.000+00:00
3nht,2010-06-14T00:00:00.000+00:00
3ni5,2010-06-15T00:00:00.000+00:00
3nif,2010-06-15T00:00:00.000+00:00
3nii,2010-06-16T00:00:00.000+00:00
3nij,2010-06-16T00:00:00.000+00:00
3nik,2010-06-16T00:00:00.000+00:00
3nil,2010-06-16T00:00:00.000+00:00
3nim,2010-06-16T00:00:00.000+00:00
3nin,2010-06-16T00:00:00.000+00:00
3njq,2010-06-17T00:00:00.000+00:00
3njy,2010-06-18T00:00:00.000+00:00
3nk8,2010-06-18T00:00:00.000+00:00
3nkk,2010-06-20T00:00:00.000+00:00
3nlb,2010-06-21T00:00:00.000+00:00
3nm6,2010-06-21T00:00:00.000+00:00
3nmq,2010-06-22T00:00:00.000+00:00
3nnu,2010-06-24T00:00:00.000+00:00
3nnv,2010-06-24T00:00:00.000+00:00
3nnw,2010-06-24T00:00:00.000+00:00
3nnx,2010-06-24T00:00:00.000+00:00
3np7,2010-06-28T00:00:00.000+00:00
3np9,2010-06-28T00:00:00.000+00:00
3npa,2010-06-28T00:00:00.000+00:00
3npc,2010-06-28T00:00:00.000+00:00
3nrm,2010-06-30T00:00:00.000+00:00
3nrz,2010-07-01T00:00:00.000+00:00
3ns7,2010-07-01T00:00:00.000+00:00
3ns9,2010-07-01T00:00:00.000+00:00
3nsh,2010-07-01T00:00:00.000+00:00
3nsn,2010-07-02T00:00:00.000+00:00
3nsq,2010-07-02T00:00:00.000+00:00
3nth,2010-07-05T00:00:00.000+00:00
3nti,2010-07-05T00:00:00.000+00:00
3nu3,2010-07-06T00:00:00.000+00:00
3nu4,2010-07-06T00:00:00.000+00:00
3nu5,2010-07-06T00:00:00.000+00:00
3nu6,2010-07-06T00:00:00.000+00:00
3nu9,2010-07-06T00:00:00.000+00:00
3nuj,2010-07-07T00:00:00.000+00:00
3nuo,2010-07-07T00:00:00.000+00:00
3nus,2010-07-07T00:00:00.000+00:00
3nuu,2010-07-07T00:00:00.000+00:00
3nuy,2010-07-07T00:00:00.000+00:00
3nw3,2010-07-09T00:00:00.000+00:00
3nw5,2010-07-09T00:00:00.000+00:00
3nw6,2010-07-09T00:00:00.000+00:00
3nw7,2010-07-09T00:00:00.000+00:00
3nwb,2010-07-09T00:00:00.000+00:00
3nwe,2010-07-09T00:00:00.000+00:00
3nww,2010-07-12T00:00:00.000+00:00
3nxq,2010-07-14T00:00:00.000+00:00
3ny3,2010-07-14T00:00:00.000+00:00
3nyd,2010-07-14T00:00:00.000+00:00
3nyn,2010-07-15T00:00:00.000+00:00
3nyx,2010-07-15T00:00:00.000+00:00
3nzc,2010-07-16T00:00:00.000+00:00
3nzi,2010-07-16T00:00:00.000+00:00
3nzk,2010-07-16T00:00:00.000+00:00
3nzs,2010-07-16T00:00:00.000+00:00
3nzu,2010-07-16T00:00:00.000+00:00
3nzw,2010-07-17T00:00:00.000+00:00
3nzx,2010-07-17T00:00:00.000+00:00
3o0e,2010-07-19T00:00:00.000+00:00
3o0g,2010-07-19T00:00:00.000+00:00
3o0j,2010-07-19T00:00:00.000+00:00
3o0u,2010-07-20T00:00:00.000+00:00
3o1d,2010-07-21T00:00:00.000+00:00
3o1e,2010-07-21T00:00:00.000+00:00
3o1g,2010-07-21T00:00:00.000+00:00
3o23,2010-07-22T00:00:00.000+00:00
3o2m,2010-07-22T00:00:00.000+00:00
3o3j,2010-07-24T00:00:00.000+00:00
3o4k,2010-07-27T00:00:00.000+00:00
3o4l,2010-07-27T00:00:00.000+00:00
3o56,2010-07-28T00:00:00.000+00:00
3o57,2010-07-28T00:00:00.000+00:00
3o5n,2010-07-28T00:00:00.000+00:00
3o5x,2010-07-28T00:00:00.000+00:00
3o64,2010-07-28T00:00:00.000+00:00
3o6l,2010-07-29T00:00:00.000+00:00
3o6m,2010-07-29T00:00:00.000+00:00
3o6t,2010-07-29T00:00:00.000+00:00
3o75,2010-07-30T00:00:00.000+00:00
3o7u,2010-07-31T00:00:00.000+00:00
3o84,2010-08-02T00:00:00.000+00:00
3o86,2010-08-02T00:00:00.000+00:00
3o87,2010-08-02T00:00:00.000+00:00
3o88,2010-08-02T00:00:00.000+00:00
3o8h,2010-08-03T00:00:00.000+00:00
3o8p,2010-08-03T00:00:00.000+00:00
3o95,2010-08-03T00:00:00.000+00:00
3o96,2010-08-03T00:00:00.000+00:00
3o99,2010-08-04T00:00:00.000+00:00
3o9a,2010-08-04T00:00:00.000+00:00
3o9b,2010-08-04T00:00:00.000+00:00
3o9c,2010-08-04T00:00:00.000+00:00
3o9d,2010-08-04T00:00:00.000+00:00
3o9e,2010-08-04T00:00:00.000+00:00
3o9f,2010-08-04T00:00:00.000+00:00
3o9g,2010-08-04T00:00:00.000+00:00
3o9h,2010-08-04T00:00:00.000+00:00
3o9l,2010-08-04T00:00:00.000+00:00
3o9p,2010-08-04T00:00:00.000+00:00
3o9v,2010-08-04T00:00:00.000+00:00
3oad,2010-08-05T00:00:00.000+00:00
3oaf,2010-08-05T00:00:00.000+00:00
3oag,2010-08-05T00:00:00.000+00:00
3oap,2010-08-05T00:00:00.000+00:00
3oaw,2010-08-05T00:00:00.000+00:00
3oay,2010-08-05T00:00:00.000+00:00
3ob0,2010-08-06T00:00:00.000+00:00
3ob1,2010-08-06T00:00:00.000+00:00
3ob2,2010-08-06T00:00:00.000+00:00
3obq,2010-08-09T00:00:00.000+00:00
3obu,2010-08-09T00:00:00.000+00:00
3obx,2010-08-09T00:00:00.000+00:00
3oc0,2010-08-09T00:00:00.000+00:00
3ocb,2010-08-09T00:00:00.000+00:00
3ocg,2010-08-10T00:00:00.000+00:00
3ocp,2010-08-10T00:00:00.000+00:00
3oct,2010-08-10T00:00:00.000+00:00
3ocz,2010-08-10T00:00:00.000+00:00
3odi,2010-08-11T00:00:00.000+00:00
3odk,2010-08-11T00:00:00.000+00:00
3odl,2010-08-11T00:00:00.000+00:00
3odu,2010-08-11T00:00:00.000+00:00
3oe0,2010-08-12T00:00:00.000+00:00
3oe6,2010-08-12T00:00:00.000+00:00
3oe8,2010-08-12T00:00:00.000+00:00
3oe9,2010-08-12T00:00:00.000+00:00
3oeu,2010-08-13T00:00:00.000+00:00
3oev,2010-08-13T00:00:00.000+00:00
3of8,2010-08-14T00:00:00.000+00:00
3og7,2010-08-16T00:00:00.000+00:00
3ogm,2010-08-17T00:00:00.000+00:00
3ogp,2010-08-17T00:00:00.000+00:00
3ogq,2010-08-17T00:00:00.000+00:00
3ogx,2010-08-17T00:00:00.000+00:00
3ohf,2010-08-17T00:00:00.000+00:00
3ohh,2010-08-17T00:00:00.000+00:00
3ohi,2010-08-17T00:00:00.000+00:00
3oik,2010-08-19T00:00:00.000+00:00
3oil,2010-08-19T00:00:00.000+00:00
3oim,2010-08-19T00:00:00.000+00:00
3oj8,2010-08-20T00:00:00.000+00:00
3ok9,2010-08-24T00:00:00.000+00:00
3okh,2010-08-25T00:00:00.000+00:00
3oki,2010-08-25T00:00:00.000+00:00
3oku,2010-08-25T00:00:00.000+00:00
3okv,2010-08-25T00:00:00.000+00:00
3old,2010-08-26T00:00:00.000+00:00
3ole,2010-08-26T00:00:00.000+00:00
3olf,2010-08-26T00:00:00.000+00:00
3olg,2010-08-26T00:00:00.000+00:00
3oli,2010-08-26T00:00:00.000+00:00
3omc,2010-08-26T00:00:00.000+00:00
3omg,2010-08-26T00:00:00.000+00:00
3omm,2010-08-27T00:00:00.000+00:00
3oob,2010-08-30T00:00:00.000+00:00
3oof,2010-08-31T00:00:00.000+00:00
3ook,2010-08-31T00:00:00.000+00:00
3oot,2010-08-31T00:00:00.000+00:00
3ooz,2010-08-31T00:00:00.000+00:00
3opm,2010-09-01T00:00:00.000+00:00
3opp,2010-09-01T00:00:00.000+00:00
3opr,2010-09-01T00:00:00.000+00:00
3oq5,2010-09-02T00:00:00.000+00:00
3oqf,2010-09-03T00:00:00.000+00:00
3oqk,2010-09-03T00:00:00.000+00:00
3orn,2010-09-07T00:00:00.000+00:00
3os3,2010-09-08T00:00:00.000+00:00
3osi,2010-09-09T00:00:00.000+00:00
3osw,2010-09-10T00:00:00.000+00:00
3ot3,2010-09-10T00:00:00.000+00:00
3ot8,2010-09-10T00:00:00.000+00:00
3otf,2010-09-11T00:00:00.000+00:00
3otq,2010-09-13T00:00:00.000+00:00
3otx,2010-09-14T00:00:00.000+00:00
3ouh,2010-09-14T00:00:00.000+00:00
3oui,2010-09-14T00:00:00.000+00:00
3ouj,2010-09-14T00:00:00.000+00:00
3ove,2010-09-16T00:00:00.000+00:00
3ovn,2010-09-16T00:00:00.000+00:00
3ovx,2010-09-17T00:00:00.000+00:00
3ovz,2010-09-17T00:00:00.000+00:00
3ow3,2010-09-17T00:00:00.000+00:00
3ow4,2010-09-17T00:00:00.000+00:00
3ow6,2010-09-17T00:00:00.000+00:00
3owb,2010-09-17T00:00:00.000+00:00
3owd,2010-09-17T00:00:00.000+00:00
3owk,2010-09-20T00:00:00.000+00:00
3owl,2010-09-20T00:00:00.000+00:00
3own,2010-09-20T00:00:00.000+00:00
3oxc,2010-09-21T00:00:00.000+00:00
3oxi,2010-09-21T00:00:00.000+00:00
3oxz,2010-09-22T00:00:00.000+00:00
3oy0,2010-09-22T00:00:00.000+00:00
3oy1,2010-09-22T00:00:00.000+00:00
3oy3,2010-09-22T00:00:00.000+00:00
3oy8,2010-09-23T00:00:00.000+00:00
3oyl,2010-09-23T00:00:00.000+00:00
3oyn,2010-09-23T00:00:00.000+00:00
3oyp,2010-09-23T00:00:00.000+00:00
3oyq,2010-09-23T00:00:00.000+00:00
3oys,2010-09-23T00:00:00.000+00:00
3oyw,2010-09-23T00:00:00.000+00:00
3oz1,2010-09-24T00:00:00.000+00:00
3ozj,2010-09-25T00:00:00.000+00:00
3ozp,2010-09-27T00:00:00.000+00:00
3ozr,2010-09-27T00:00:00.000+00:00
3p0g,2010-09-28T00:00:00.000+00:00
3p17,2010-09-30T00:00:00.000+00:00
3p1d,2010-09-30T00:00:00.000+00:00
3p23,2010-10-01T00:00:00.000+00:00
3p2e,2010-10-02T00:00:00.000+00:00
3p2h,2010-10-02T00:00:00.000+00:00
3p2k,2010-10-02T00:00:00.000+00:00
3p3g,2010-10-04T00:00:00.000+00:00
3p3h,2010-10-04T00:00:00.000+00:00
3p3j,2010-10-05T00:00:00.000+00:00
3p3r,2010-10-05T00:00:00.000+00:00
3p3s,2010-10-05T00:00:00.000+00:00
3p3t,2010-10-05T00:00:00.000+00:00
3p3u,2010-10-05T00:00:00.000+00:00
3p44,2010-10-06T00:00:00.000+00:00
3p4f,2010-10-06T00:00:00.000+00:00
3p4q,2010-10-06T00:00:00.000+00:00
3p4r,2010-10-07T00:00:00.000+00:00
3p4v,2010-10-07T00:00:00.000+00:00
3p4w,2010-10-07T00:00:00.000+00:00
3p50,2010-10-07T00:00:00.000+00:00
3p55,2010-10-07T00:00:00.000+00:00
3p58,2010-10-08T00:00:00.000+00:00
3p5k,2010-10-08T00:00:00.000+00:00
3p5l,2010-10-08T00:00:00.000+00:00
3p76,2010-10-12T00:00:00.000+00:00
3p78,2010-10-12T00:00:00.000+00:00
3p79,2010-10-12T00:00:00.000+00:00
3p7a,2010-10-12T00:00:00.000+00:00
3p7b,2010-10-12T00:00:00.000+00:00
3p7c,2010-10-12T00:00:00.000+00:00
3p7i,2010-10-12T00:00:00.000+00:00
3p8e,2010-10-13T00:00:00.000+00:00
3p8h,2010-10-13T00:00:00.000+00:00
3p8n,2010-10-14T00:00:00.000+00:00
3p8o,2010-10-14T00:00:00.000+00:00
3p8p,2010-10-14T00:00:00.000+00:00
3p8z,2010-10-15T00:00:00.000+00:00
3p9h,2010-10-17T00:00:00.000+00:00
3p9j,2010-10-17T00:00:00.000+00:00
3p9l,2010-10-18T00:00:00.000+00:00
3p9m,2010-10-18T00:00:00.000+00:00
3p9t,2010-10-18T00:00:00.000+00:00
3pa3,2010-10-18T00:00:00.000+00:00
3pa4,2010-10-18T00:00:00.000+00:00
3pa5,2010-10-18T00:00:00.000+00:00
3pa8,2010-10-18T00:00:00.000+00:00
3pab,2010-10-19T00:00:00.000+00:00
3pax,1997-11-25T00:00:00.000+00:00
3pb3,2010-10-20T00:00:00.000+00:00
3pb7,2010-10-20T00:00:00.000+00:00
3pb8,2010-10-20T00:00:00.000+00:00
3pb9,2010-10-20T00:00:00.000+00:00
3pbb,2010-10-20T00:00:00.000+00:00
3pcb,1997-04-25T00:00:00.000+00:00
3pcc,1997-04-29T00:00:00.000+00:00
3pce,1997-04-29T00:00:00.000+00:00
3pcf,1997-06-27T00:00:00.000+00:00
3pcg,1997-04-29T00:00:00.000+00:00
3pch,1997-07-01T00:00:00.000+00:00
3pcj,1997-07-18T00:00:00.000+00:00
3pck,1997-07-18T00:00:00.000+00:00
3pcn,1997-08-19T00:00:00.000+00:00
3pcu,2010-10-22T00:00:00.000+00:00
3pd2,2010-10-22T00:00:00.000+00:00
3pd3,2010-10-22T00:00:00.000+00:00
3pd4,2010-10-22T00:00:00.000+00:00
3pd8,2010-10-22T00:00:00.000+00:00
3pd9,2010-10-22T00:00:00.000+00:00
3pdc,2010-10-22T00:00:00.000+00:00
3pdh,2010-10-22T00:00:00.000+00:00
3pdq,2010-10-23T00:00:00.000+00:00
3pe1,2010-10-25T00:00:00.000+00:00
3peq,2010-10-27T00:00:00.000+00:00
3pfp,2010-10-28T00:00:00.000+00:00
3pgl,2010-11-02T00:00:00.000+00:00
3pgu,2010-11-02T00:00:00.000+00:00
3phe,2010-11-03T00:00:00.000+00:00
3pi5,2010-11-05T00:00:00.000+00:00
3pix,2010-11-08T00:00:00.000+00:00
3piy,2010-11-08T00:00:00.000+00:00
3piz,2010-11-08T00:00:00.000+00:00
3pj1,2010-11-08T00:00:00.000+00:00
3pj2,2010-11-08T00:00:00.000+00:00
3pj3,2010-11-08T00:00:00.000+00:00
3pj8,2010-11-09T00:00:00.000+00:00
3pjc,2010-11-09T00:00:00.000+00:00
3pjg,2010-11-10T00:00:00.000+00:00
3pjt,2010-11-10T00:00:00.000+00:00
3pju,2010-11-10T00:00:00.000+00:00
3pka,2010-11-11T00:00:00.000+00:00
3pkb,2010-11-11T00:00:00.000+00:00
3pkc,2010-11-11T00:00:00.000+00:00
3pkd,2010-11-11T00:00:00.000+00:00
3pke,2010-11-11T00:00:00.000+00:00
3pkn,2010-11-11T00:00:00.000+00:00
3plu,2010-11-15T00:00:00.000+00:00
3pm1,2010-11-15T00:00:00.000+00:00
3pma,2010-11-16T00:00:00.000+00:00
3pn1,2010-11-18T00:00:00.000+00:00
3pn3,2010-11-18T00:00:00.000+00:00
3pn4,2010-11-18T00:00:00.000+00:00
3po1,2010-11-21T00:00:00.000+00:00
3po6,2010-11-22T00:00:00.000+00:00
3poa,2010-11-22T00:00:00.000+00:00
3poz,2010-11-23T00:00:00.000+00:00
3pp0,2010-11-23T00:00:00.000+00:00
3pp1,2010-11-23T00:00:00.000+00:00
3pp7,2010-11-24T00:00:00.000+00:00
3ppj,2010-11-24T00:00:00.000+00:00
3ppk,2010-11-24T00:00:00.000+00:00
3ppm,2010-11-24T00:00:00.000+00:00
3ppo,2010-11-24T00:00:00.000+00:00
3ppp,2010-11-25T00:00:00.000+00:00
3ppq,2010-11-25T00:00:00.000+00:00
3ppr,2010-11-25T00:00:00.000+00:00
3pqz,2010-11-29T00:00:00.000+00:00
3pr0,2010-11-29T00:00:00.000+00:00
3prf,2010-11-29T00:00:00.000+00:00
3prz,2010-11-30T00:00:00.000+00:00
3ps1,2010-11-30T00:00:00.000+00:00
3ps6,2010-11-30T00:00:00.000+00:00
3psb,2010-12-01T00:00:00.000+00:00
3psd,2010-12-01T00:00:00.000+00:00
3psl,2010-12-01T00:00:00.000+00:00
3ptg,2010-12-02T00:00:00.000+00:00
3pty,2010-12-03T00:00:00.000+00:00
3puj,2010-12-05T00:00:00.000+00:00
3puk,2010-12-05T00:00:00.000+00:00
3pup,2010-12-06T00:00:00.000+00:00
3pvu,2010-12-07T00:00:00.000+00:00
3pvw,2010-12-07T00:00:00.000+00:00
3pwd,2010-12-08T00:00:00.000+00:00
3pwh,2010-12-08T00:00:00.000+00:00
3pwk,2010-12-08T00:00:00.000+00:00
3pwm,2010-12-08T00:00:00.000+00:00
3px8,2010-12-09T00:00:00.000+00:00
3px9,2010-12-09T00:00:00.000+00:00
3pxe,2010-12-09T00:00:00.000+00:00
3pxq,2010-12-10T00:00:00.000+00:00
3pxy,2010-12-10T00:00:00.000+00:00
3pxz,2010-12-10T00:00:00.000+00:00
3py0,2010-12-10T00:00:00.000+00:00
3py1,2010-12-10T00:00:00.000+00:00
3pz1,2010-12-14T00:00:00.000+00:00
3pz2,2010-12-14T00:00:00.000+00:00
3pz3,2010-12-14T00:00:00.000+00:00
3pz4,2010-12-14T00:00:00.000+00:00
3q0z,2010-12-16T00:00:00.000+00:00
3q1x,2010-12-18T00:00:00.000+00:00
3q2a,2010-12-19T00:00:00.000+00:00
3q2g,2010-12-20T00:00:00.000+00:00
3q2h,2010-12-20T00:00:00.000+00:00
3q2j,2010-12-20T00:00:00.000+00:00
3q2m,2010-12-20T00:00:00.000+00:00
3q32,2010-12-21T00:00:00.000+00:00
3q3b,2010-12-21T00:00:00.000+00:00
3q3k,2010-12-22T00:00:00.000+00:00
3q3t,2010-12-22T00:00:00.000+00:00
3q43,2010-12-22T00:00:00.000+00:00
3q44,2010-12-22T00:00:00.000+00:00
3q4b,2010-12-23T00:00:00.000+00:00
3q4c,2010-12-23T00:00:00.000+00:00
3q4j,2010-12-23T00:00:00.000+00:00
3q4k,2010-12-23T00:00:00.000+00:00
3q4l,2010-12-23T00:00:00.000+00:00
3q5h,2010-12-28T00:00:00.000+00:00
3q5u,2010-12-29T00:00:00.000+00:00
3q6k,2011-01-02T00:00:00.000+00:00
3q6s,2011-01-03T00:00:00.000+00:00
3q6w,2011-01-03T00:00:00.000+00:00
3q6z,2011-01-04T00:00:00.000+00:00
3q71,2011-01-04T00:00:00.000+00:00
3q77,2011-01-04T00:00:00.000+00:00
3q7j,2011-01-05T00:00:00.000+00:00
3q8d,2011-01-06T00:00:00.000+00:00
3q8h,2011-01-06T00:00:00.000+00:00
3q92,2011-01-07T00:00:00.000+00:00
3q96,2011-01-07T00:00:00.000+00:00
3qa2,2011-01-10T00:00:00.000+00:00
3qaa,2011-01-10T00:00:00.000+00:00
3qai,2011-01-11T00:00:00.000+00:00
3qak,2011-01-11T00:00:00.000+00:00
3qaq,2011-01-11T00:00:00.000+00:00
3qar,2011-01-11T00:00:00.000+00:00
3qbc,2011-01-12T00:00:00.000+00:00
3qbh,2011-01-13T00:00:00.000+00:00
3qbn,2011-01-13T00:00:00.000+00:00
3qc4,2011-01-15T00:00:00.000+00:00
3qc9,2011-01-15T00:00:00.000+00:00
3qce,2011-01-16T00:00:00.000+00:00
3qcf,2011-01-16T00:00:00.000+00:00
3qch,2011-01-16T00:00:00.000+00:00
3qci,2011-01-16T00:00:00.000+00:00
3qcj,2011-01-16T00:00:00.000+00:00
3qck,2011-01-16T00:00:00.000+00:00
3qcl,2011-01-16T00:00:00.000+00:00
3qcq,2011-01-17T00:00:00.000+00:00
3qcs,2011-01-17T00:00:00.000+00:00
3qcx,2011-01-17T00:00:00.000+00:00
3qcy,2011-01-17T00:00:00.000+00:00
3qd0,2011-01-17T00:00:00.000+00:00
3qd3,2011-01-17T00:00:00.000+00:00
3qd4,2011-01-17T00:00:00.000+00:00
3qdd,2011-01-18T00:00:00.000+00:00
3qel,2011-01-20T00:00:00.000+00:00
3qem,2011-01-20T00:00:00.000+00:00
3qfd,2011-01-21T00:00:00.000+00:00
3qfv,2011-01-23T00:00:00.000+00:00
3qfy,2011-01-24T00:00:00.000+00:00
3qfz,2011-01-24T00:00:00.000+00:00
3qg6,2011-01-24T00:00:00.000+00:00
3qgw,2011-01-25T00:00:00.000+00:00
3qi1,2011-01-26T00:00:00.000+00:00
3qi3,2011-01-26T00:00:00.000+00:00
3qi4,2011-01-26T00:00:00.000+00:00
3qin,2011-01-27T00:00:00.000+00:00
3qio,2011-01-27T00:00:00.000+00:00
3qip,2011-01-27T00:00:00.000+00:00
3qiy,2011-01-28T00:00:00.000+00:00
3qiz,2011-01-28T00:00:00.000+00:00
3qj0,2011-01-28T00:00:00.000+00:00
3qj9,2011-01-28T00:00:00.000+00:00
3qk0,2011-01-31T00:00:00.000+00:00
3qk5,2011-01-31T00:00:00.000+00:00
3qkd,2011-01-31T00:00:00.000+00:00
3qkk,2011-02-01T00:00:00.000+00:00
3qkl,2011-02-01T00:00:00.000+00:00
3qkm,2011-02-01T00:00:00.000+00:00
3qkv,2011-02-01T00:00:00.000+00:00
3ql9,2011-02-02T00:00:00.000+00:00
3qlc,2011-02-02T00:00:00.000+00:00
3qlm,2011-02-03T00:00:00.000+00:00
3qmk,2011-02-04T00:00:00.000+00:00
3qn7,2011-02-08T00:00:00.000+00:00
3qnd,2011-02-08T00:00:00.000+00:00
3qnj,2011-02-08T00:00:00.000+00:00
3qo2,2011-02-09T00:00:00.000+00:00
3qo3,2011-02-09T00:00:00.000+00:00
3qo9,2011-02-09T00:00:00.000+00:00
3qox,2011-02-11T00:00:00.000+00:00
3qpn,2011-02-14T00:00:00.000+00:00
3qpo,2011-02-14T00:00:00.000+00:00
3qpp,2011-02-14T00:00:00.000+00:00
3qps,2011-02-14T00:00:00.000+00:00
3qqa,2011-02-15T00:00:00.000+00:00
3qqk,2011-02-15T00:00:00.000+00:00
3qqu,2011-02-16T00:00:00.000+00:00
3qri,2011-02-18T00:00:00.000+00:00
3qrj,2011-02-18T00:00:00.000+00:00
3qrk,2011-02-18T00:00:00.000+00:00
3qs1,2011-02-19T00:00:00.000+00:00
3qs4,2011-02-19T00:00:00.000+00:00
3qs5,2011-02-19T00:00:00.000+00:00
3qs6,2011-02-19T00:00:00.000+00:00
3qs8,2011-02-20T00:00:00.000+00:00
3qsb,2011-02-20T00:00:00.000+00:00
3qsd,2011-02-21T00:00:00.000+00:00
3qt6,2011-02-22T00:00:00.000+00:00
3qt7,2011-02-22T00:00:00.000+00:00
3qtf,2011-02-22T00:00:00.000+00:00
3qti,2011-02-22T00:00:00.000+00:00
3qto,2011-02-23T00:00:00.000+00:00
3qtq,2011-02-23T00:00:00.000+00:00
3qtr,2011-02-23T00:00:00.000+00:00
3qts,2011-02-23T00:00:00.000+00:00
3qtu,2011-02-23T00:00:00.000+00:00
3qtv,2011-02-23T00:00:00.000+00:00
3qtw,2011-02-23T00:00:00.000+00:00
3qtx,2011-02-23T00:00:00.000+00:00
3qtz,2011-02-23T00:00:00.000+00:00
3qu0,2011-02-23T00:00:00.000+00:00
3que,2011-02-23T00:00:00.000+00:00
3qup,2011-02-24T00:00:00.000+00:00
3qvu,2011-02-26T00:00:00.000+00:00
3qvv,2011-02-26T00:00:00.000+00:00
3qw5,2011-02-26T00:00:00.000+00:00
3qw6,2011-02-26T00:00:00.000+00:00
3qw7,2011-02-27T00:00:00.000+00:00
3qw8,2011-02-27T00:00:00.000+00:00
3qwc,2011-02-28T00:00:00.000+00:00
3qx5,2011-03-01T00:00:00.000+00:00
3qx9,2011-03-01T00:00:00.000+00:00
3qxc,2011-03-01T00:00:00.000+00:00
3qxd,2011-03-01T00:00:00.000+00:00
3qxh,2011-03-01T00:00:00.000+00:00
3qxm,2011-03-02T00:00:00.000+00:00
3qxp,2011-03-02T00:00:00.000+00:00
3qxt,2011-03-02T00:00:00.000+00:00
3qxv,2011-03-02T00:00:00.000+00:00
3qzq,2011-03-07T00:00:00.000+00:00
3qzt,2011-03-07T00:00:00.000+00:00
3qzv,2011-03-07T00:00:00.000+00:00
3r00,2011-03-07T00:00:00.000+00:00
3r01,2011-03-07T00:00:00.000+00:00
3r02,2011-03-07T00:00:00.000+00:00
3r04,2011-03-07T00:00:00.000+00:00
3r0h,2011-03-08T00:00:00.000+00:00
3r0i,2011-03-08T00:00:00.000+00:00
3r0t,2011-03-09T00:00:00.000+00:00
3r0w,2011-03-09T00:00:00.000+00:00
3r0y,2011-03-09T00:00:00.000+00:00
3r16,2011-03-09T00:00:00.000+00:00
3r17,2011-03-09T00:00:00.000+00:00
3r1v,2011-03-11T00:00:00.000+00:00
3r21,2011-03-11T00:00:00.000+00:00
3r22,2011-03-11T00:00:00.000+00:00
3r24,2011-03-13T00:00:00.000+00:00
3r2a,2011-03-14T00:00:00.000+00:00
3r2b,2011-03-14T00:00:00.000+00:00
3r2f,2011-03-14T00:00:00.000+00:00
3r2y,2011-03-15T00:00:00.000+00:00
3r42,2011-03-17T00:00:00.000+00:00
3r4m,2011-03-17T00:00:00.000+00:00
3r4n,2011-03-17T00:00:00.000+00:00
3r4o,2011-03-17T00:00:00.000+00:00
3r4p,2011-03-17T00:00:00.000+00:00
3r5j,2011-03-18T00:00:00.000+00:00
3r5m,2011-03-18T00:00:00.000+00:00
3r5n,2011-03-18T00:00:00.000+00:00
3r5t,2011-03-19T00:00:00.000+00:00
3r6c,2011-03-21T00:00:00.000+00:00
3r6g,2011-03-21T00:00:00.000+00:00
3r6t,2011-03-22T00:00:00.000+00:00
3r6u,2011-03-22T00:00:00.000+00:00
3r7b,2011-03-22T00:00:00.000+00:00
3r7n,2011-03-22T00:00:00.000+00:00
3r7o,2011-03-22T00:00:00.000+00:00
3r7q,2011-03-22T00:00:00.000+00:00
3r7r,2011-03-22T00:00:00.000+00:00
3r8i,2011-03-24T00:00:00.000+00:00
3r8u,2011-03-24T00:00:00.000+00:00
3r8v,2011-03-24T00:00:00.000+00:00
3r8z,2011-03-24T00:00:00.000+00:00
3r91,2011-03-24T00:00:00.000+00:00
3r92,2011-03-24T00:00:00.000+00:00
3r93,2011-03-24T00:00:00.000+00:00
3r9d,2011-03-25T00:00:00.000+00:00
3r9h,2011-03-25T00:00:00.000+00:00
3r9n,2011-03-25T00:00:00.000+00:00
3r9o,2011-03-25T00:00:00.000+00:00
3rah,2011-03-28T00:00:00.000+00:00
3rak,2011-03-28T00:00:00.000+00:00
3ral,2011-03-28T00:00:00.000+00:00
3rbm,2011-03-29T00:00:00.000+00:00
3rbq,2011-03-29T00:00:00.000+00:00
3rbu,2011-03-30T00:00:00.000+00:00
3rcd,2011-03-30T00:00:00.000+00:00
3rcj,2011-03-31T00:00:00.000+00:00
3rde,2011-04-01T00:00:00.000+00:00
3rdh,2011-04-01T00:00:00.000+00:00
3rdo,2011-04-01T00:00:00.000+00:00
3rdq,2011-04-01T00:00:00.000+00:00
3rdv,2011-04-01T00:00:00.000+00:00
3re4,2011-04-02T00:00:00.000+00:00
3rey,2011-04-05T00:00:00.000+00:00
3rf4,2011-04-05T00:00:00.000+00:00
3rf5,2011-04-05T00:00:00.000+00:00
3rg2,2011-04-07T00:00:00.000+00:00
3rhk,2011-04-11T00:00:00.000+00:00
3rhx,2011-04-12T00:00:00.000+00:00
3ri1,2011-04-12T00:00:00.000+00:00
3rik,2011-04-13T00:00:00.000+00:00
3ril,2011-04-13T00:00:00.000+00:00
3rin,2011-04-14T00:00:00.000+00:00
3rj7,2011-04-15T00:00:00.000+00:00
3rjc,2011-04-15T00:00:00.000+00:00
3rjm,2011-04-15T00:00:00.000+00:00
3rjw,2011-04-15T00:00:00.000+00:00
3rk5,2011-04-17T00:00:00.000+00:00
3rk7,2011-04-17T00:00:00.000+00:00
3rk9,2011-04-17T00:00:00.000+00:00
3rkb,2011-04-17T00:00:00.000+00:00
3rkz,2011-04-18T00:00:00.000+00:00
3rl7,2011-04-19T00:00:00.000+00:00
3rl8,2011-04-19T00:00:00.000+00:00
3rlb,2011-04-19T00:00:00.000+00:00
3rlp,2011-04-20T00:00:00.000+00:00
3rlq,2011-04-20T00:00:00.000+00:00
3rm4,2011-04-20T00:00:00.000+00:00
3rm8,2011-04-20T00:00:00.000+00:00
3rm9,2011-04-20T00:00:00.000+00:00
3rme,2011-04-20T00:00:00.000+00:00
3rmf,2011-04-20T00:00:00.000+00:00
3rni,2011-04-22T00:00:00.000+00:00
3ro0,2011-04-25T00:00:00.000+00:00
3ro4,2011-04-25T00:00:00.000+00:00
3roc,2011-04-25T00:00:00.000+00:00
3rpr,2011-04-27T00:00:00.000+00:00
3rpv,2011-04-27T00:00:00.000+00:00
3rpy,2011-04-27T00:00:00.000+00:00
3rq7,2011-04-27T00:00:00.000+00:00
3rqe,2011-04-28T00:00:00.000+00:00
3rqf,2011-04-28T00:00:00.000+00:00
3rqg,2011-04-28T00:00:00.000+00:00
3rqw,2011-04-28T00:00:00.000+00:00
3rse,2011-05-02T00:00:00.000+00:00
3rsr,2011-05-02T00:00:00.000+00:00
3rsv,2011-05-02T00:00:00.000+00:00
3rt4,2011-05-03T00:00:00.000+00:00
3rt6,2011-05-03T00:00:00.000+00:00
3rt8,2011-05-03T00:00:00.000+00:00
3rtf,2011-05-03T00:00:00.000+00:00
3rth,2011-05-03T00:00:00.000+00:00
3rtm,2011-05-03T00:00:00.000+00:00
3rtn,2011-05-03T00:00:00.000+00:00
3rtp,2011-05-03T00:00:00.000+00:00
3rtx,2011-05-04T00:00:00.000+00:00
3ru1,2011-05-04T00:00:00.000+00:00
3rul,2011-05-05T00:00:00.000+00:00
3rum,2011-05-05T00:00:00.000+00:00
3run,2011-05-05T00:00:00.000+00:00
3rup,2011-05-05T00:00:00.000+00:00
3rux,2011-05-05T00:00:00.000+00:00
3rv3,2011-05-05T00:00:00.000+00:00
3rv4,2011-05-05T00:00:00.000+00:00
3rv6,2011-05-06T00:00:00.000+00:00
3rv7,2011-05-06T00:00:00.000+00:00
3rv8,2011-05-06T00:00:00.000+00:00
3rv9,2011-05-06T00:00:00.000+00:00
3rvg,2011-05-06T00:00:00.000+00:00
3rvi,2011-05-06T00:00:00.000+00:00
3rw9,2011-05-08T00:00:00.000+00:00
3rwc,2011-05-09T00:00:00.000+00:00
3rwd,2011-05-09T00:00:00.000+00:00
3rwe,2011-05-09T00:00:00.000+00:00
3rwf,2011-05-09T00:00:00.000+00:00
3rwg,2011-05-09T00:00:00.000+00:00
3rwh,2011-05-09T00:00:00.000+00:00
3rwi,2011-05-09T00:00:00.000+00:00
3rwj,2011-05-09T00:00:00.000+00:00
3rwp,2011-05-09T00:00:00.000+00:00
3rwq,2011-05-09T00:00:00.000+00:00
3rx5,2011-05-10T00:00:00.000+00:00
3rx7,2011-05-10T00:00:00.000+00:00
3rx8,2011-05-10T00:00:00.000+00:00
3rxa,2011-05-10T00:00:00.000+00:00
3rxb,2011-05-10T00:00:00.000+00:00
3rxd,2011-05-10T00:00:00.000+00:00
3rxe,2011-05-10T00:00:00.000+00:00
3rxf,2011-05-10T00:00:00.000+00:00
3rxg,2011-05-10T00:00:00.000+00:00
3rxh,2011-05-10T00:00:00.000+00:00
3rxi,2011-05-10T00:00:00.000+00:00
3rxj,2011-05-10T00:00:00.000+00:00
3rxk,2011-05-10T00:00:00.000+00:00
3rxl,2011-05-10T00:00:00.000+00:00
3rxm,2011-05-10T00:00:00.000+00:00
3rxo,2011-05-10T00:00:00.000+00:00
3rxp,2011-05-10T00:00:00.000+00:00
3ry8,2011-05-11T00:00:00.000+00:00
3ryv,2011-05-11T00:00:00.000+00:00
3ryw,2011-05-11T00:00:00.000+00:00
3ryx,2011-05-11T00:00:00.000+00:00
3ryy,2011-05-11T00:00:00.000+00:00
3ryz,2011-05-11T00:00:00.000+00:00
3rz0,2011-05-11T00:00:00.000+00:00
3rz1,2011-05-11T00:00:00.000+00:00
3rz3,2011-05-11T00:00:00.000+00:00
3rz5,2011-05-11T00:00:00.000+00:00
3rz7,2011-05-11T00:00:00.000+00:00
3rz8,2011-05-11T00:00:00.000+00:00
3rz9,2011-05-11T00:00:00.000+00:00
3rzb,2011-05-11T00:00:00.000+00:00
3rzi,2011-05-11T00:00:00.000+00:00
3s00,2011-05-12T00:00:00.000+00:00
3s0b,2011-05-13T00:00:00.000+00:00
3s0d,2011-05-13T00:00:00.000+00:00
3s0e,2011-05-13T00:00:00.000+00:00
3s0j,2011-05-13T00:00:00.000+00:00
3s0n,2011-05-13T00:00:00.000+00:00
3s0o,2011-05-13T00:00:00.000+00:00
3s1g,2011-05-15T00:00:00.000+00:00
3s1h,2011-05-15T00:00:00.000+00:00
3s1y,2011-05-16T00:00:00.000+00:00
3s22,2011-05-16T00:00:00.000+00:00
3s2a,2011-05-16T00:00:00.000+00:00
3s2o,2011-05-17T00:00:00.000+00:00
3s2p,2011-05-17T00:00:00.000+00:00
3s2v,2011-05-17T00:00:00.000+00:00
3s3i,2011-05-18T00:00:00.000+00:00
3s3k,2011-05-18T00:00:00.000+00:00
3s3m,2011-05-18T00:00:00.000+00:00
3s3n,2011-05-18T00:00:00.000+00:00
3s3o,2011-05-18T00:00:00.000+00:00
3s3q,2011-05-18T00:00:00.000+00:00
3s3r,2011-05-18T00:00:00.000+00:00
3s3v,2011-05-18T00:00:00.000+00:00
3s43,2011-05-18T00:00:00.000+00:00
3s45,2011-05-18T00:00:00.000+00:00
3s4q,2011-05-20T00:00:00.000+00:00
3s53,2011-05-20T00:00:00.000+00:00
3s54,2011-05-20T00:00:00.000+00:00
3s56,2011-05-20T00:00:00.000+00:00
3s5y,2011-05-23T00:00:00.000+00:00
3s68,2011-05-25T00:00:00.000+00:00
3s6t,2011-05-26T00:00:00.000+00:00
3s71,2011-05-26T00:00:00.000+00:00
3s72,2011-05-26T00:00:00.000+00:00
3s73,2011-05-26T00:00:00.000+00:00
3s74,2011-05-26T00:00:00.000+00:00
3s75,2011-05-26T00:00:00.000+00:00
3s76,2011-05-26T00:00:00.000+00:00
3s77,2011-05-26T00:00:00.000+00:00
3s78,2011-05-26T00:00:00.000+00:00
3s7a,2011-05-26T00:00:00.000+00:00
3s7b,2011-05-26T00:00:00.000+00:00
3s7f,2011-05-26T00:00:00.000+00:00
3s7l,2011-05-26T00:00:00.000+00:00
3s7m,2011-05-26T00:00:00.000+00:00
3s8l,2011-05-29T00:00:00.000+00:00
3s8n,2011-05-29T00:00:00.000+00:00
3s8x,2011-05-31T00:00:00.000+00:00
3s9e,2011-06-01T00:00:00.000+00:00
3s9i,2011-06-01T00:00:00.000+00:00
3s9t,2011-06-02T00:00:00.000+00:00
3s9y,2011-06-02T00:00:00.000+00:00
3s9z,2011-06-02T00:00:00.000+00:00
3sad,2011-06-02T00:00:00.000+00:00
3sap,2011-06-03T00:00:00.000+00:00
3sax,2011-06-03T00:00:00.000+00:00
3saz,2011-06-03T00:00:00.000+00:00
3sb0,2011-06-03T00:00:00.000+00:00
3sbh,2011-06-05T00:00:00.000+00:00
3sbi,2011-06-05T00:00:00.000+00:00
3sc1,2011-06-06T00:00:00.000+00:00
3sd5,2011-06-08T00:00:00.000+00:00
3sdg,2011-06-09T00:00:00.000+00:00
3sdi,2011-06-09T00:00:00.000+00:00
3sdk,2011-06-09T00:00:00.000+00:00
3sfc,2011-06-13T00:00:00.000+00:00
3sff,2011-06-13T00:00:00.000+00:00
3sfg,2011-06-13T00:00:00.000+00:00
3sfh,2011-06-13T00:00:00.000+00:00
3sfi,2011-06-13T00:00:00.000+00:00
3sgt,2011-06-15T00:00:00.000+00:00
3sgv,2011-06-15T00:00:00.000+00:00
3sgx,2011-06-15T00:00:00.000+00:00
3sh0,2011-06-15T00:00:00.000+00:00
3sh1,2011-06-15T00:00:00.000+00:00
3sha,2011-06-16T00:00:00.000+00:00
3shb,2011-06-16T00:00:00.000+00:00
3shc,2011-06-16T00:00:00.000+00:00
3shj,2011-06-16T00:00:00.000+00:00
3shv,2011-06-17T00:00:00.000+00:00
3shy,2011-06-17T00:00:00.000+00:00
3shz,2011-06-17T00:00:00.000+00:00
3si3,2011-06-17T00:00:00.000+00:00
3si4,2011-06-17T00:00:00.000+00:00
3sie,2011-06-17T00:00:00.000+00:00
3sio,2011-06-19T00:00:00.000+00:00
3sjf,2011-06-21T00:00:00.000+00:00
3sji,2011-06-21T00:00:00.000+00:00
3sjo,2011-06-21T00:00:00.000+00:00
3sjt,2011-06-21T00:00:00.000+00:00
3sk2,2011-06-22T00:00:00.000+00:00
3ska,2011-06-22T00:00:00.000+00:00
3skc,2011-06-22T00:00:00.000+00:00
3ske,2011-06-22T00:00:00.000+00:00
3skf,2011-06-22T00:00:00.000+00:00
3skg,2011-06-22T00:00:00.000+00:00
3skh,2011-06-22T00:00:00.000+00:00
3skk,2011-06-22T00:00:00.000+00:00
3sl0,2011-06-23T00:00:00.000+00:00
3sl1,2011-06-23T00:00:00.000+00:00
3sl4,2011-06-24T00:00:00.000+00:00
3sl5,2011-06-24T00:00:00.000+00:00
3sl8,2011-06-24T00:00:00.000+00:00
3slz,2011-06-27T00:00:00.000+00:00
3sm0,2011-06-27T00:00:00.000+00:00
3sm1,2011-06-27T00:00:00.000+00:00
3sm2,2011-06-27T00:00:00.000+00:00
3smq,2011-06-28T00:00:00.000+00:00
3sn7,2011-06-28T00:00:00.000+00:00
3sn8,2011-06-29T00:00:00.000+00:00
3sna,2011-06-29T00:00:00.000+00:00
3snb,2011-06-29T00:00:00.000+00:00
3snc,2011-06-29T00:00:00.000+00:00
3snd,2011-06-29T00:00:00.000+00:00
3sni,2011-06-29T00:00:00.000+00:00
3snl,2011-06-29T00:00:00.000+00:00
3so6,2011-06-29T00:00:00.000+00:00
3so9,2011-06-30T00:00:00.000+00:00
3soq,2011-06-30T00:00:00.000+00:00
3sou,2011-06-30T00:00:00.000+00:00
3sov,2011-06-30T00:00:00.000+00:00
3sow,2011-06-30T00:00:00.000+00:00
3spf,2011-07-01T00:00:00.000+00:00
3spk,2011-07-01T00:00:00.000+00:00
3sqq,2011-07-06T00:00:00.000+00:00
3sr4,2011-07-06T00:00:00.000+00:00
3srb,2011-07-07T00:00:00.000+00:00
3src,2011-07-07T00:00:00.000+00:00
3srg,2011-07-07T00:00:00.000+00:00
3srv,2011-07-07T00:00:00.000+00:00
3st5,2011-07-08T00:00:00.000+00:00
3st6,2011-07-08T00:00:00.000+00:00
3std,1998-10-16T00:00:00.000+00:00
3stj,2011-07-11T00:00:00.000+00:00
3str,2011-07-11T00:00:00.000+00:00
3su0,2011-07-11T00:00:00.000+00:00
3su1,2011-07-11T00:00:00.000+00:00
3su4,2011-07-11T00:00:00.000+00:00
3su6,2011-07-11T00:00:00.000+00:00
3sud,2011-07-11T00:00:00.000+00:00
3sue,2011-07-11T00:00:00.000+00:00
3suf,2011-07-11T00:00:00.000+00:00
3sug,2011-07-11T00:00:00.000+00:00
3sur,2011-07-11T00:00:00.000+00:00
3sus,2011-07-11T00:00:00.000+00:00
3sut,2011-07-11T00:00:00.000+00:00
3suu,2011-07-11T00:00:00.000+00:00
3suv,2011-07-11T00:00:00.000+00:00
3suw,2011-07-11T00:00:00.000+00:00
3sv2,2011-07-12T00:00:00.000+00:00
3sv6,2011-07-12T00:00:00.000+00:00
3sv7,2011-07-12T00:00:00.000+00:00
3sv8,2011-07-12T00:00:00.000+00:00
3sv9,2011-07-12T00:00:00.000+00:00
3svj,2011-07-12T00:00:00.000+00:00
3svv,2011-07-12T00:00:00.000+00:00
3sw2,2011-07-13T00:00:00.000+00:00
3sw8,2011-07-13T00:00:00.000+00:00
3sw9,2011-07-13T00:00:00.000+00:00
3sww,2011-07-14T00:00:00.000+00:00
3sx4,2011-07-14T00:00:00.000+00:00
3sx9,2011-07-14T00:00:00.000+00:00
3sxf,2011-07-14T00:00:00.000+00:00
3sxu,2011-07-15T00:00:00.000+00:00
3sym,2011-07-18T00:00:00.000+00:00
3sz1,2011-07-18T00:00:00.000+00:00
3sz9,2011-07-18T00:00:00.000+00:00
3szb,2011-07-18T00:00:00.000+00:00
3szm,2011-07-19T00:00:00.000+00:00
3t01,2011-07-19T00:00:00.000+00:00
3t03,2011-07-19T00:00:00.000+00:00
3t07,2011-07-19T00:00:00.000+00:00
3t08,2011-07-19T00:00:00.000+00:00
3t09,2011-07-19T00:00:00.000+00:00
3t0b,2011-07-19T00:00:00.000+00:00
3t0d,2011-07-20T00:00:00.000+00:00
3t0l,2011-07-20T00:00:00.000+00:00
3t0m,2011-07-20T00:00:00.000+00:00
3t0t,2011-07-20T00:00:00.000+00:00
3t0w,2011-07-20T00:00:00.000+00:00
3t0x,2011-07-20T00:00:00.000+00:00
3t19,2011-07-21T00:00:00.000+00:00
3t1a,2011-07-21T00:00:00.000+00:00
3t1l,2011-07-22T00:00:00.000+00:00
3t1m,2011-07-22T00:00:00.000+00:00
3t1n,2011-07-22T00:00:00.000+00:00
3t2c,2011-07-22T00:00:00.000+00:00
3t2p,2011-07-22T00:00:00.000+00:00
3t2q,2011-07-22T00:00:00.000+00:00
3t2t,2011-07-23T00:00:00.000+00:00
3t2v,2011-07-23T00:00:00.000+00:00
3t2w,2011-07-23T00:00:00.000+00:00
3t3c,2011-07-25T00:00:00.000+00:00
3t3d,2011-07-25T00:00:00.000+00:00
3t3e,2011-07-25T00:00:00.000+00:00
3t3g,2011-07-25T00:00:00.000+00:00
3t3h,2011-07-25T00:00:00.000+00:00
3t3i,2011-07-25T00:00:00.000+00:00
3t3u,2011-07-25T00:00:00.000+00:00
3t3v,2011-07-25T00:00:00.000+00:00
3t3y,2011-07-25T00:00:00.000+00:00
3t4h,2011-07-26T00:00:00.000+00:00
3t4n,2011-07-26T00:00:00.000+00:00
3t4p,2011-07-26T00:00:00.000+00:00
3t4v,2011-07-26T00:00:00.000+00:00
3t5i,2011-07-27T00:00:00.000+00:00
3t5u,2011-07-28T00:00:00.000+00:00
3t60,2011-07-28T00:00:00.000+00:00
3t64,2011-07-28T00:00:00.000+00:00
3t6b,2011-07-28T00:00:00.000+00:00
3t6j,2011-07-28T00:00:00.000+00:00
3t6r,2011-07-29T00:00:00.000+00:00
3t6y,2011-07-29T00:00:00.000+00:00
3t70,2011-07-29T00:00:00.000+00:00
3t7g,2011-07-30T00:00:00.000+00:00
3t82,2011-08-01T00:00:00.000+00:00
3t83,2011-08-01T00:00:00.000+00:00
3t84,2011-08-01T00:00:00.000+00:00
3t85,2011-08-01T00:00:00.000+00:00
3t8s,2011-08-01T00:00:00.000+00:00
3t8v,2011-08-01T00:00:00.000+00:00
3t8w,2011-08-01T00:00:00.000+00:00
3t9t,2011-08-03T00:00:00.000+00:00
3ta0,2011-08-03T00:00:00.000+00:00
3ta1,2011-08-03T00:00:00.000+00:00
3tam,2011-08-04T00:00:00.000+00:00
3tao,2011-08-04T00:00:00.000+00:00
3tay,2011-08-04T00:00:00.000+00:00
3tb6,2011-08-05T00:00:00.000+00:00
3tc5,2011-08-08T00:00:00.000+00:00
3tcg,2011-08-09T00:00:00.000+00:00
3tcp,2011-08-09T00:00:00.000+00:00
3tct,2011-08-09T00:00:00.000+00:00
3tcy,2011-08-09T00:00:00.000+00:00
3td4,2011-08-10T00:00:00.000+00:00
3tdc,2011-08-10T00:00:00.000+00:00
3tdh,2011-08-11T00:00:00.000+00:00
3tdj,2011-08-11T00:00:00.000+00:00
3tdu,2011-08-11T00:00:00.000+00:00
3tdz,2011-08-11T00:00:00.000+00:00
3te5,2011-08-12T00:00:00.000+00:00
3tf6,2011-08-15T00:00:00.000+00:00
3tf7,2011-08-15T00:00:00.000+00:00
3tfk,2011-08-15T00:00:00.000+00:00
3tfn,2011-08-16T00:00:00.000+00:00
3tfp,2011-08-16T00:00:00.000+00:00
3tfu,2011-08-16T00:00:00.000+00:00
3tfv,2011-08-16T00:00:00.000+00:00
3tg5,2011-08-17T00:00:00.000+00:00
3tge,2011-08-17T00:00:00.000+00:00
3tgs,2011-08-17T00:00:00.000+00:00
3th0,2011-08-18T00:00:00.000+00:00
3th8,2011-08-18T00:00:00.000+00:00
3th9,2011-08-18T00:00:00.000+00:00
3thb,2011-08-18T00:00:00.000+00:00
3thd,2011-08-18T00:00:00.000+00:00
3ti1,2011-08-19T00:00:00.000+00:00
3ti3,2011-08-20T00:00:00.000+00:00
3ti4,2011-08-20T00:00:00.000+00:00
3ti5,2011-08-20T00:00:00.000+00:00
3ti6,2011-08-20T00:00:00.000+00:00
3ti8,2011-08-20T00:00:00.000+00:00
3tia,2011-08-20T00:00:00.000+00:00
3tib,2011-08-20T00:00:00.000+00:00
3tic,2011-08-20T00:00:00.000+00:00
3tif,2011-08-20T00:00:00.000+00:00
3tiw,2011-08-22T00:00:00.000+00:00
3tiy,2011-08-22T00:00:00.000+00:00
3tiz,2011-08-22T00:00:00.000+00:00
3tjc,2011-08-24T00:00:00.000+00:00
3tjd,2011-08-24T00:00:00.000+00:00
3tjh,2011-08-24T00:00:00.000+00:00
3tk2,2011-08-25T00:00:00.000+00:00
3tkh,2011-08-26T00:00:00.000+00:00
3tki,2011-08-26T00:00:00.000+00:00
3tkm,2011-08-27T00:00:00.000+00:00
3tku,2011-08-29T00:00:00.000+00:00
3tkw,2011-08-29T00:00:00.000+00:00
3tkz,2011-08-29T00:00:00.000+00:00
3tl0,2011-08-29T00:00:00.000+00:00
3tl5,2011-08-29T00:00:00.000+00:00
3tlh,1998-12-03T00:00:00.000+00:00
3tll,2011-08-30T00:00:00.000+00:00
3tmk,1998-01-26T00:00:00.000+00:00
3tn8,2011-09-01T00:00:00.000+00:00
3tne,2011-09-01T00:00:00.000+00:00
3tnh,2011-09-01T00:00:00.000+00:00
3tpp,2011-09-08T00:00:00.000+00:00
3tpr,2011-09-08T00:00:00.000+00:00
3tpu,2011-09-08T00:00:00.000+00:00
3tpx,2011-09-08T00:00:00.000+00:00
3ts4,2011-09-12T00:00:00.000+00:00
3tsd,2011-09-13T00:00:00.000+00:00
3tsz,2011-09-13T00:00:00.000+00:00
3tt0,2011-09-13T00:00:00.000+00:00
3tt4,2011-09-14T00:00:00.000+00:00
3tti,2011-09-14T00:00:00.000+00:00
3ttj,2011-09-14T00:00:00.000+00:00
3ttm,2011-09-15T00:00:00.000+00:00
3ttn,2011-09-15T00:00:00.000+00:00
3ttp,2011-09-15T00:00:00.000+00:00
3ttz,2011-09-15T00:00:00.000+00:00
3tu1,2011-09-15T00:00:00.000+00:00
3tu7,2011-09-16T00:00:00.000+00:00
3tu9,2011-09-16T00:00:00.000+00:00
3tv4,2011-09-19T00:00:00.000+00:00
3tv5,2011-09-19T00:00:00.000+00:00
3tv6,2011-09-19T00:00:00.000+00:00
3tv7,2011-09-19T00:00:00.000+00:00
3tv8,2011-09-19T00:00:00.000+00:00
3tvc,2011-09-20T00:00:00.000+00:00
3tvl,2011-09-20T00:00:00.000+00:00
3tvw,2011-09-20T00:00:00.000+00:00
3tvx,2011-09-20T00:00:00.000+00:00
3twd,2011-09-21T00:00:00.000+00:00
3twj,2011-09-21T00:00:00.000+00:00
3twr,2011-09-22T00:00:00.000+00:00
3tws,2011-09-22T00:00:00.000+00:00
3twu,2011-09-22T00:00:00.000+00:00
3twv,2011-09-22T00:00:00.000+00:00
3tww,2011-09-22T00:00:00.000+00:00
3twx,2011-09-22T00:00:00.000+00:00
3txo,2011-09-23T00:00:00.000+00:00
3ty0,2011-09-23T00:00:00.000+00:00
3tyq,2011-09-26T00:00:00.000+00:00
3tyv,2011-09-26T00:00:00.000+00:00
3tz0,2011-09-26T00:00:00.000+00:00
3tz2,2011-09-26T00:00:00.000+00:00
3tz4,2011-09-27T00:00:00.000+00:00
3tza,2011-09-27T00:00:00.000+00:00
3tzd,2011-09-27T00:00:00.000+00:00
3tzm,2011-09-27T00:00:00.000+00:00
3u0d,2011-09-28T00:00:00.000+00:00
3u0p,2011-09-28T00:00:00.000+00:00
3u0t,2011-09-29T00:00:00.000+00:00
3u10,2011-09-29T00:00:00.000+00:00
3u15,2011-09-29T00:00:00.000+00:00
3u18,2011-09-29T00:00:00.000+00:00
3u1i,2011-09-29T00:00:00.000+00:00
3u1y,2011-09-30T00:00:00.000+00:00
3u2k,2011-10-03T00:00:00.000+00:00
3u2q,2011-10-04T00:00:00.000+00:00
3u3f,2011-10-05T00:00:00.000+00:00
3u3u,2011-10-06T00:00:00.000+00:00
3u3z,2011-10-06T00:00:00.000+00:00
3u4h,2011-10-08T00:00:00.000+00:00
3u4i,2011-10-08T00:00:00.000+00:00
3u4o,2011-10-10T00:00:00.000+00:00
3u4r,2011-10-10T00:00:00.000+00:00
3u4u,2011-10-10T00:00:00.000+00:00
3u4w,2011-10-10T00:00:00.000+00:00
3u51,2011-10-10T00:00:00.000+00:00
3u5l,2011-10-11T00:00:00.000+00:00
3u6a,2011-10-12T00:00:00.000+00:00
3u6h,2011-10-12T00:00:00.000+00:00
3u6i,2011-10-12T00:00:00.000+00:00
3u6j,2011-10-12T00:00:00.000+00:00
3u6w,2011-10-13T00:00:00.000+00:00
3u78,2011-10-13T00:00:00.000+00:00
3u7k,2011-10-14T00:00:00.000+00:00
3u7l,2011-10-14T00:00:00.000+00:00
3u7m,2011-10-14T00:00:00.000+00:00
3u7n,2011-10-14T00:00:00.000+00:00
3u7s,2011-10-14T00:00:00.000+00:00
3u81,2011-10-15T00:00:00.000+00:00
3u8d,2011-10-16T00:00:00.000+00:00
3u8h,2011-10-17T00:00:00.000+00:00
3u8j,2011-10-17T00:00:00.000+00:00
3u8l,2011-10-17T00:00:00.000+00:00
3u8m,2011-10-17T00:00:00.000+00:00
3u8w,2011-10-17T00:00:00.000+00:00
3u90,2011-10-17T00:00:00.000+00:00
3u92,2011-10-17T00:00:00.000+00:00
3u93,2011-10-17T00:00:00.000+00:00
3u9c,2011-10-18T00:00:00.000+00:00
3u9n,2011-10-19T00:00:00.000+00:00
3ua8,2011-10-21T00:00:00.000+00:00
3ua9,2011-10-21T00:00:00.000+00:00
3ual,2011-10-21T00:00:00.000+00:00
3ubd,2011-10-24T00:00:00.000+00:00
3ubx,2011-10-25T00:00:00.000+00:00
3ucj,2011-10-27T00:00:00.000+00:00
3ud5,2011-10-27T00:00:00.000+00:00
3ud7,2011-10-27T00:00:00.000+00:00
3ud8,2011-10-27T00:00:00.000+00:00
3ud9,2011-10-27T00:00:00.000+00:00
3uda,2011-10-27T00:00:00.000+00:00
3udd,2011-10-28T00:00:00.000+00:00
3udj,2011-10-28T00:00:00.000+00:00
3udk,2011-10-28T00:00:00.000+00:00
3udm,2011-10-28T00:00:00.000+00:00
3udn,2011-10-28T00:00:00.000+00:00
3udp,2011-10-28T00:00:00.000+00:00
3udq,2011-10-28T00:00:00.000+00:00
3udr,2011-10-28T00:00:00.000+00:00
3udv,2011-10-28T00:00:00.000+00:00
3udy,2011-10-28T00:00:00.000+00:00
3ue4,2011-10-28T00:00:00.000+00:00
3uec,2011-10-30T00:00:00.000+00:00
3ued,2011-10-30T00:00:00.000+00:00
3uef,2011-10-30T00:00:00.000+00:00
3ueo,2011-10-31T00:00:00.000+00:00
3uf9,2011-10-31T00:00:00.000+00:00
3ufa,2011-10-31T00:00:00.000+00:00
3ufl,2011-11-01T00:00:00.000+00:00
3ug2,2011-11-02T00:00:00.000+00:00
3ugc,2011-11-02T00:00:00.000+00:00
3uh2,2011-11-03T00:00:00.000+00:00
3uh4,2011-11-03T00:00:00.000+00:00
3uhm,2011-11-03T00:00:00.000+00:00
3ui2,2011-11-04T00:00:00.000+00:00
3uib,2011-11-04T00:00:00.000+00:00
3uig,2011-11-04T00:00:00.000+00:00
3uih,2011-11-04T00:00:00.000+00:00
3uii,2011-11-04T00:00:00.000+00:00
3uij,2011-11-04T00:00:00.000+00:00
3uik,2011-11-04T00:00:00.000+00:00
3uil,2011-11-05T00:00:00.000+00:00
3uix,2011-11-06T00:00:00.000+00:00
3uj9,2011-11-07T00:00:00.000+00:00
3ujb,2011-11-07T00:00:00.000+00:00
3ujc,2011-11-07T00:00:00.000+00:00
3ujd,2011-11-07T00:00:00.000+00:00
3ukr,2011-11-09T00:00:00.000+00:00
3uli,2011-11-10T00:00:00.000+00:00
3umo,2011-11-14T00:00:00.000+00:00
3ump,2011-11-14T00:00:00.000+00:00
3umq,2011-11-14T00:00:00.000+00:00
3umw,2011-11-14T00:00:00.000+00:00
3umx,2011-11-15T00:00:00.000+00:00
3unj,2011-11-15T00:00:00.000+00:00
3unk,2011-11-15T00:00:00.000+00:00
3unn,2011-11-16T00:00:00.000+00:00
3unz,2011-11-16T00:00:00.000+00:00
3uo5,2011-11-16T00:00:00.000+00:00
3uo6,2011-11-16T00:00:00.000+00:00
3uo9,2011-11-16T00:00:00.000+00:00
3uod,2011-11-16T00:00:00.000+00:00
3uoh,2011-11-16T00:00:00.000+00:00
3uoj,2011-11-16T00:00:00.000+00:00
3uok,2011-11-16T00:00:00.000+00:00
3uol,2011-11-16T00:00:00.000+00:00
3up7,2011-11-17T00:00:00.000+00:00
3upf,2011-11-18T00:00:00.000+00:00
3uph,2011-11-18T00:00:00.000+00:00
3upi,2011-11-18T00:00:00.000+00:00
3upk,2011-11-18T00:00:00.000+00:00
3upv,2011-11-18T00:00:00.000+00:00
3upx,2011-11-18T00:00:00.000+00:00
3upy,2011-11-18T00:00:00.000+00:00
3upz,2011-11-18T00:00:00.000+00:00
3uqf,2011-11-20T00:00:00.000+00:00
3uqg,2011-11-20T00:00:00.000+00:00
3uqp,2011-11-21T00:00:00.000+00:00
3uqr,2011-11-21T00:00:00.000+00:00
3ur0,2011-11-21T00:00:00.000+00:00
3ur9,2011-11-21T00:00:00.000+00:00
3usn,1998-06-18T00:00:00.000+00:00
3usx,2011-11-24T00:00:00.000+00:00
3ut5,2011-11-25T00:00:00.000+00:00
3uu1,2011-11-27T00:00:00.000+00:00
3uug,2011-11-28T00:00:00.000+00:00
3uvk,2011-11-30T00:00:00.000+00:00
3uvl,2011-11-30T00:00:00.000+00:00
3uvm,2011-11-30T00:00:00.000+00:00
3uvn,2011-11-30T00:00:00.000+00:00
3uvo,2011-11-30T00:00:00.000+00:00
3uvp,2011-11-30T00:00:00.000+00:00
3uvq,2011-11-30T00:00:00.000+00:00
3uvu,2011-11-30T00:00:00.000+00:00
3uvw,2011-11-30T00:00:00.000+00:00
3uvx,2011-11-30T00:00:00.000+00:00
3uw4,2011-11-30T00:00:00.000+00:00
3uw5,2011-11-30T00:00:00.000+00:00
3uw9,2011-12-01T00:00:00.000+00:00
3uwk,2011-12-02T00:00:00.000+00:00
3uwl,2011-12-02T00:00:00.000+00:00
3uwo,2011-12-02T00:00:00.000+00:00
3ux0,2011-12-03T00:00:00.000+00:00
3uxd,2011-12-05T00:00:00.000+00:00
3uxg,2011-12-05T00:00:00.000+00:00
3uxk,2011-12-05T00:00:00.000+00:00
3uxl,2011-12-05T00:00:00.000+00:00
3uxm,2011-12-05T00:00:00.000+00:00
3uyr,2011-12-06T00:00:00.000+00:00
3uyt,2011-12-06T00:00:00.000+00:00
3uz5,2011-12-07T00:00:00.000+00:00
3uza,2011-12-07T00:00:00.000+00:00
3uzc,2011-12-07T00:00:00.000+00:00
3uzd,2011-12-07T00:00:00.000+00:00
3uzj,2011-12-07T00:00:00.000+00:00
3uzp,2011-12-07T00:00:00.000+00:00
3v01,2011-12-07T00:00:00.000+00:00
3v04,2011-12-07T00:00:00.000+00:00
3v0l,2011-12-08T00:00:00.000+00:00
3v0p,2011-12-08T00:00:00.000+00:00
3v1r,2011-12-09T00:00:00.000+00:00
3v2n,2011-12-12T00:00:00.000+00:00
3v2o,2011-12-12T00:00:00.000+00:00
3v2p,2011-12-12T00:00:00.000+00:00
3v2q,2011-12-12T00:00:00.000+00:00
3v2w,2011-12-12T00:00:00.000+00:00
3v2x,2011-12-12T00:00:00.000+00:00
3v30,2011-12-12T00:00:00.000+00:00
3v31,2011-12-12T00:00:00.000+00:00
3v3b,2011-12-13T00:00:00.000+00:00
3v3l,2011-12-13T00:00:00.000+00:00
3v3m,2011-12-13T00:00:00.000+00:00
3v3q,2011-12-14T00:00:00.000+00:00
3v3v,2011-12-14T00:00:00.000+00:00
3v43,2011-12-14T00:00:00.000+00:00
3v49,2011-12-14T00:00:00.000+00:00
3v4j,2011-12-15T00:00:00.000+00:00
3v4t,2011-12-15T00:00:00.000+00:00
3v4v,2011-12-15T00:00:00.000+00:00
3v4x,2011-12-15T00:00:00.000+00:00
3v51,2011-12-15T00:00:00.000+00:00
3v5g,2011-12-16T00:00:00.000+00:00
3v5j,2011-12-16T00:00:00.000+00:00
3v5l,2011-12-16T00:00:00.000+00:00
3v5p,2011-12-16T00:00:00.000+00:00
3v5q,2011-12-16T00:00:00.000+00:00
3v5t,2011-12-16T00:00:00.000+00:00
3v66,2011-12-18T00:00:00.000+00:00
3v6r,2011-12-20T00:00:00.000+00:00
3v6s,2011-12-20T00:00:00.000+00:00
3v78,2011-12-20T00:00:00.000+00:00
3v7c,2011-12-20T00:00:00.000+00:00
3v7d,2011-12-20T00:00:00.000+00:00
3v7s,2011-12-21T00:00:00.000+00:00
3v7t,2011-12-22T00:00:00.000+00:00
3v7x,2011-12-22T00:00:00.000+00:00
3v8s,2011-12-23T00:00:00.000+00:00
3v8t,2011-12-23T00:00:00.000+00:00
3v8w,2011-12-23T00:00:00.000+00:00
3v9b,2011-12-25T00:00:00.000+00:00
3va4,2011-12-28T00:00:00.000+00:00
3vap,2011-12-29T00:00:00.000+00:00
3vb4,2011-12-31T00:00:00.000+00:00
3vb5,2011-12-31T00:00:00.000+00:00
3vb6,2011-12-31T00:00:00.000+00:00
3vb7,2011-12-31T00:00:00.000+00:00
3vbd,2012-01-02T00:00:00.000+00:00
3vbg,2012-01-02T00:00:00.000+00:00
3vbq,2012-01-02T00:00:00.000+00:00
3vbt,2012-01-02T00:00:00.000+00:00
3vbv,2012-01-02T00:00:00.000+00:00
3vbw,2012-01-02T00:00:00.000+00:00
3vbx,2012-01-02T00:00:00.000+00:00
3vby,2012-01-02T00:00:00.000+00:00
3vc4,2012-01-03T00:00:00.000+00:00
3vd7,2012-01-04T00:00:00.000+00:00
3vd9,2012-01-04T00:00:00.000+00:00
3vdb,2012-01-04T00:00:00.000+00:00
3vdc,2012-01-04T00:00:00.000+00:00
3veh,2012-01-08T00:00:00.000+00:00
3veu,2012-01-09T00:00:00.000+00:00
3vf3,2012-01-09T00:00:00.000+00:00
3vf5,2012-01-09T00:00:00.000+00:00
3vf7,2012-01-09T00:00:00.000+00:00
3vf8,2012-01-09T00:00:00.000+00:00
3vf9,2012-01-09T00:00:00.000+00:00
3vfa,2012-01-09T00:00:00.000+00:00
3vfb,2012-01-09T00:00:00.000+00:00
3vfj,2012-01-09T00:00:00.000+00:00
3vfq,2012-01-10T00:00:00.000+00:00
3vg1,2012-01-10T00:00:00.000+00:00
3vgc,1997-05-01T00:00:00.000+00:00
3vha,2011-08-24T00:00:00.000+00:00
3vhc,2011-08-24T00:00:00.000+00:00
3vhd,2011-08-24T00:00:00.000+00:00
3vhe,2011-08-24T00:00:00.000+00:00
3vhk,2011-08-25T00:00:00.000+00:00
3vhu,2011-09-07T00:00:00.000+00:00
3vhv,2011-09-07T00:00:00.000+00:00
3vi2,2011-09-16T00:00:00.000+00:00
3vi5,2011-09-21T00:00:00.000+00:00
3vi7,2011-09-21T00:00:00.000+00:00
3vid,2011-09-29T00:00:00.000+00:00
3vjc,2011-10-14T00:00:00.000+00:00
3vje,2011-10-14T00:00:00.000+00:00
3vjk,2011-10-24T00:00:00.000+00:00
3vjl,2011-10-24T00:00:00.000+00:00
3vjm,2011-10-24T00:00:00.000+00:00
3vnt,2012-01-17T00:00:00.000+00:00
3vo3,2012-01-19T00:00:00.000+00:00
3voz,2012-02-23T00:00:00.000+00:00
3vp1,2012-02-23T00:00:00.000+00:00
3vp2,2012-02-23T00:00:00.000+00:00
3vp3,2012-02-23T00:00:00.000+00:00
3vp4,2012-02-23T00:00:00.000+00:00
3vqh,2012-03-23T00:00:00.000+00:00
3vqs,2012-03-30T00:00:00.000+00:00
3vqu,2012-03-30T00:00:00.000+00:00
3vrt,2012-04-14T00:00:00.000+00:00
3vru,2012-04-14T00:00:00.000+00:00
3vrv,2012-04-14T00:00:00.000+00:00
3vrw,2012-04-16T00:00:00.000+00:00
3vry,2012-04-21T00:00:00.000+00:00
3vs3,2012-04-21T00:00:00.000+00:00
3vsw,2012-05-11T00:00:00.000+00:00
3vsx,2012-05-11T00:00:00.000+00:00
3vtb,2012-05-26T00:00:00.000+00:00
3vtc,2012-05-26T00:00:00.000+00:00
3vtd,2012-05-26T00:00:00.000+00:00
3vtr,2012-06-02T00:00:00.000+00:00
3vuc,2012-06-26T00:00:00.000+00:00
3vv6,2012-07-17T00:00:00.000+00:00
3vv7,2012-07-17T00:00:00.000+00:00
3vv8,2012-07-17T00:00:00.000+00:00
3vva,2012-07-17T00:00:00.000+00:00
3vvy,2012-07-30T00:00:00.000+00:00
3vvz,2012-07-30T00:00:00.000+00:00
3vw0,2012-07-30T00:00:00.000+00:00
3vw1,2012-07-30T00:00:00.000+00:00
3vw2,2012-07-30T00:00:00.000+00:00
3vw6,2012-08-06T00:00:00.000+00:00
3vw7,2012-08-07T00:00:00.000+00:00
3vw9,2012-08-10T00:00:00.000+00:00
3vws,2012-08-31T00:00:00.000+00:00
3vx3,2012-09-09T00:00:00.000+00:00
3vyd,2012-09-24T00:00:00.000+00:00
3vye,2012-09-24T00:00:00.000+00:00
3vyf,2012-09-24T00:00:00.000+00:00
3vzd,2012-10-11T00:00:00.000+00:00
3vzg,2012-10-11T00:00:00.000+00:00
3vzv,2012-10-16T00:00:00.000+00:00
3w07,2012-10-22T00:00:00.000+00:00
3w0l,2012-10-31T00:00:00.000+00:00
3w1f,2012-11-14T00:00:00.000+00:00
3w2o,2012-12-03T00:00:00.000+00:00
3w2p,2012-12-03T00:00:00.000+00:00
3w2q,2012-12-03T00:00:00.000+00:00
3w2r,2012-12-03T00:00:00.000+00:00
3w2s,2012-12-03T00:00:00.000+00:00
3w2t,2012-12-04T00:00:00.000+00:00
3w32,2012-12-07T00:00:00.000+00:00
3w33,2012-12-07T00:00:00.000+00:00
3w37,2012-12-13T00:00:00.000+00:00
3w54,2013-01-21T00:00:00.000+00:00
3w55,2013-01-21T00:00:00.000+00:00
3w5e,2013-01-28T00:00:00.000+00:00
3w5n,2013-01-31T00:00:00.000+00:00
3w5t,2013-02-06T00:00:00.000+00:00
3w69,2013-02-12T00:00:00.000+00:00
3w8o,2013-03-20T00:00:00.000+00:00
3w9k,2013-04-05T00:00:00.000+00:00
3w9r,2013-04-13T00:00:00.000+00:00
3wab,2013-05-01T00:00:00.000+00:00
3wav,2013-05-09T00:00:00.000+00:00
3waw,2013-05-09T00:00:00.000+00:00
3wax,2013-05-09T00:00:00.000+00:00
3way,2013-05-09T00:00:00.000+00:00
3wb4,2013-05-13T00:00:00.000+00:00
3wb5,2013-05-13T00:00:00.000+00:00
3wbl,2013-05-20T00:00:00.000+00:00
3wc5,2013-05-24T00:00:00.000+00:00
3wc7,2013-05-24T00:00:00.000+00:00
3wcb,2013-05-27T00:00:00.000+00:00
3wcf,2013-05-27T00:00:00.000+00:00
3wcg,2013-05-27T00:00:00.000+00:00
3wch,2013-05-27T00:00:00.000+00:00
3wci,2013-05-27T00:00:00.000+00:00
3wcl,2013-05-28T00:00:00.000+00:00
3wd1,2013-06-06T00:00:00.000+00:00
3wd9,2013-06-11T00:00:00.000+00:00
3wdc,2013-06-14T00:00:00.000+00:00
3wdd,2013-06-14T00:00:00.000+00:00
3wde,2013-06-14T00:00:00.000+00:00
3wdz,2013-06-26T00:00:00.000+00:00
3we4,2013-06-29T00:00:00.000+00:00
3wf5,2013-07-17T00:00:00.000+00:00
3wf6,2013-07-17T00:00:00.000+00:00
3wf7,2013-07-17T00:00:00.000+00:00
3wf8,2013-07-17T00:00:00.000+00:00
3wf9,2013-07-17T00:00:00.000+00:00
3wff,2013-07-19T00:00:00.000+00:00
3wfg,2013-07-19T00:00:00.000+00:00
3wgg,2013-08-05T00:00:00.000+00:00
3wgw,2013-08-12T00:00:00.000+00:00
3wha,2013-08-23T00:00:00.000+00:00
3whw,2013-09-03T00:00:00.000+00:00
3wi2,2013-09-04T00:00:00.000+00:00
3wi6,2013-09-06T00:00:00.000+00:00
3wig,2013-09-12T00:00:00.000+00:00
3wix,2013-09-26T00:00:00.000+00:00
3wiy,2013-09-26T00:00:00.000+00:00
3wiz,2013-09-26T00:00:00.000+00:00
3wjw,2013-10-17T00:00:00.000+00:00
3wk4,2013-10-17T00:00:00.000+00:00
3wk5,2013-10-17T00:00:00.000+00:00
3wk6,2013-10-17T00:00:00.000+00:00
3wk7,2013-10-17T00:00:00.000+00:00
3wk8,2013-10-17T00:00:00.000+00:00
3wk9,2013-10-18T00:00:00.000+00:00
3wka,2013-10-18T00:00:00.000+00:00
3wkb,2013-10-18T00:00:00.000+00:00
3wkc,2013-10-18T00:00:00.000+00:00
3wkd,2013-10-18T00:00:00.000+00:00
3wke,2013-10-18T00:00:00.000+00:00
3wmb,2013-11-16T00:00:00.000+00:00
3wmc,2013-11-16T00:00:00.000+00:00
3wnr,2013-12-16T00:00:00.000+00:00
3wns,2013-12-16T00:00:00.000+00:00
3wnt,2013-12-16T00:00:00.000+00:00
3wp0,2014-01-08T00:00:00.000+00:00
3wp1,2014-01-08T00:00:00.000+00:00
3wpn,2014-01-14T00:00:00.000+00:00
3wq5,2014-01-22T00:00:00.000+00:00
3wq6,2014-01-22T00:00:00.000+00:00
3wqh,2014-01-27T00:00:00.000+00:00
3wqm,2014-01-28T00:00:00.000+00:00
3wqv,2014-02-03T00:00:00.000+00:00
3wqw,2014-02-03T00:00:00.000+00:00
3ws8,2014-03-04T00:00:00.000+00:00
3ws9,2014-03-04T00:00:00.000+00:00
3wsy,2014-03-30T00:00:00.000+00:00
3wt5,2014-04-08T00:00:00.000+00:00
3wt7,2014-04-08T00:00:00.000+00:00
3wth,2014-04-11T00:00:00.000+00:00
3wti,2014-04-11T00:00:00.000+00:00
3wtk,2014-04-11T00:00:00.000+00:00
3wtl,2014-04-11T00:00:00.000+00:00
3wtm,2014-04-11T00:00:00.000+00:00
3wtn,2014-04-11T00:00:00.000+00:00
3wto,2014-04-11T00:00:00.000+00:00
3wut,2014-05-05T00:00:00.000+00:00
3wuu,2014-05-05T00:00:00.000+00:00
3wuv,2014-05-05T00:00:00.000+00:00
3wv1,2014-05-12T00:00:00.000+00:00
3wv2,2014-05-12T00:00:00.000+00:00
3wv3,2014-05-12T00:00:00.000+00:00
3wvm,2014-05-25T00:00:00.000+00:00
3wyj,2014-08-29T00:00:00.000+00:00
3wyk,2014-09-01T00:00:00.000+00:00
3wyl,2014-09-01T00:00:00.000+00:00
3wym,2014-09-01T00:00:00.000+00:00
3wyx,2014-09-09T00:00:00.000+00:00
3wyy,2014-09-10T00:00:00.000+00:00
3wz6,2014-09-19T00:00:00.000+00:00
3wz7,2014-09-19T00:00:00.000+00:00
3wzj,2014-09-29T00:00:00.000+00:00
3wzk,2014-09-29T00:00:00.000+00:00
3wzn,2014-10-01T00:00:00.000+00:00
3wzp,2014-10-01T00:00:00.000+00:00
3wzq,2014-10-01T00:00:00.000+00:00
3wzu,2014-10-07T00:00:00.000+00:00
3x00,2014-10-09T00:00:00.000+00:00
3x1k,2014-11-20T00:00:00.000+00:00
3zbf,2012-11-08T00:00:00.000+00:00
3zbx,2012-11-13T00:00:00.000+00:00
3zc5,2012-11-15T00:00:00.000+00:00
3zc6,2012-11-16T00:00:00.000+00:00
3zcl,2012-11-20T00:00:00.000+00:00
3zcw,2012-11-23T00:00:00.000+00:00
3zcz,2012-11-23T00:00:00.000+00:00
3zdh,2012-11-26T00:00:00.000+00:00
3zdv,2012-11-30T00:00:00.000+00:00
3zeb,2012-12-04T00:00:00.000+00:00
3zep,2012-12-06T00:00:00.000+00:00
3zev,2012-12-07T00:00:00.000+00:00
3zh8,2012-12-20T00:00:00.000+00:00
3zha,2012-12-20T00:00:00.000+00:00
3zhf,2012-12-21T00:00:00.000+00:00
3zhx,2012-12-30T00:00:00.000+00:00
3zhz,2012-12-30T00:00:00.000+00:00
3zi0,2012-12-30T00:00:00.000+00:00
3zi8,2013-01-07T00:00:00.000+00:00
3zim,2013-01-09T00:00:00.000+00:00
3zj6,2013-01-17T00:00:00.000+00:00
3zj8,2013-01-17T00:00:00.000+00:00
3zk6,2013-01-22T00:00:00.000+00:00
3zke,2013-01-22T00:00:00.000+00:00
3zki,2013-01-23T00:00:00.000+00:00
3zlk,2013-02-01T00:00:00.000+00:00
3zll,2013-02-01T00:00:00.000+00:00
3zln,2013-02-04T00:00:00.000+00:00
3zlo,2013-02-04T00:00:00.000+00:00
3zlq,2013-02-04T00:00:00.000+00:00
3zlr,2013-02-04T00:00:00.000+00:00
3zls,2013-02-04T00:00:00.000+00:00
3zlv,2013-02-04T00:00:00.000+00:00
3zlw,2013-02-04T00:00:00.000+00:00
3zlx,2013-02-04T00:00:00.000+00:00
3zly,2013-02-04T00:00:00.000+00:00
3zm4,2013-02-05T00:00:00.000+00:00
3zm5,2013-02-05T00:00:00.000+00:00
3zm6,2013-02-05T00:00:00.000+00:00
3zm9,2013-02-06T00:00:00.000+00:00
3zmg,2013-02-08T00:00:00.000+00:00
3zmh,2013-02-11T00:00:00.000+00:00
3zmi,2013-02-11T00:00:00.000+00:00
3zmj,2013-02-11T00:00:00.000+00:00
3zmm,2013-02-11T00:00:00.000+00:00
3zmp,2013-02-12T00:00:00.000+00:00
3zmq,2013-02-12T00:00:00.000+00:00
3zmt,2013-02-12T00:00:00.000+00:00
3zmu,2013-02-12T00:00:00.000+00:00
3zmv,2013-02-12T00:00:00.000+00:00
3zmz,2013-02-13T00:00:00.000+00:00
3zn0,2013-02-13T00:00:00.000+00:00
3zn1,2013-02-13T00:00:00.000+00:00
3znc,1998-02-10T00:00:00.000+00:00
3znr,2013-02-15T00:00:00.000+00:00
3zns,2013-02-15T00:00:00.000+00:00
3zo1,2013-02-20T00:00:00.000+00:00
3zo2,2013-02-20T00:00:00.000+00:00
3zo4,2013-02-20T00:00:00.000+00:00
3zos,2013-02-22T00:00:00.000+00:00
3zot,2013-02-24T00:00:00.000+00:00
3zov,2013-02-25T00:00:00.000+00:00
3zpq,2013-03-01T00:00:00.000+00:00
3zpr,2013-03-01T00:00:00.000+00:00
3zps,2013-03-01T00:00:00.000+00:00
3zpt,2013-03-01T00:00:00.000+00:00
3zpu,2013-03-01T00:00:00.000+00:00
3zq9,2011-06-08T00:00:00.000+00:00
3zqe,2011-06-09T00:00:00.000+00:00
3zqi,2011-06-09T00:00:00.000+00:00
3zqt,2011-06-10T00:00:00.000+00:00
3zrc,2011-06-15T00:00:00.000+00:00
3zrk,2011-06-16T00:00:00.000+00:00
3zrl,2011-06-17T00:00:00.000+00:00
3zrm,2011-06-17T00:00:00.000+00:00
3zs0,2011-06-21T00:00:00.000+00:00
3zs1,2011-06-21T00:00:00.000+00:00
3zsq,2011-06-30T00:00:00.000+00:00
3zst,2011-06-30T00:00:00.000+00:00
3zsw,2011-07-01T00:00:00.000+00:00
3zsy,2011-07-01T00:00:00.000+00:00
3zsz,2011-07-01T00:00:00.000+00:00
3zt1,2011-07-01T00:00:00.000+00:00
3zt3,2011-07-01T00:00:00.000+00:00
3zt4,2011-07-01T00:00:00.000+00:00
3ztc,2011-07-06T00:00:00.000+00:00
3ztd,2011-07-07T00:00:00.000+00:00
3ztx,2011-07-12T00:00:00.000+00:00
3zv7,2011-07-24T00:00:00.000+00:00
3zvt,2011-07-27T00:00:00.000+00:00
3zvv,2011-07-27T00:00:00.000+00:00
3zvw,2011-07-28T00:00:00.000+00:00
3zvy,2011-07-28T00:00:00.000+00:00
3zw3,2011-07-28T00:00:00.000+00:00
3zxe,2011-08-10T00:00:00.000+00:00
3zxh,2011-08-10T00:00:00.000+00:00
3zxr,2011-08-15T00:00:00.000+00:00
3zxv,2011-08-16T00:00:00.000+00:00
3zxz,2011-08-16T00:00:00.000+00:00
3zy2,2011-08-17T00:00:00.000+00:00
3zya,2011-08-18T00:00:00.000+00:00
3zyb,2011-08-19T00:00:00.000+00:00
3zyf,2011-08-22T00:00:00.000+00:00
3zyh,2011-08-23T00:00:00.000+00:00
3zyr,2011-08-24T00:00:00.000+00:00
3zyu,2011-08-25T00:00:00.000+00:00
3zze,2011-08-31T00:00:00.000+00:00
3zzf,2011-09-01T00:00:00.000+00:00
3zzh,2011-09-01T00:00:00.000+00:00
456c,1998-08-06T00:00:00.000+00:00
4a0j,2011-09-09T00:00:00.000+00:00
4a16,2011-09-14T00:00:00.000+00:00
4a1w,2011-09-20T00:00:00.000+00:00
4a22,2011-09-21T00:00:00.000+00:00
4a23,2011-09-22T00:00:00.000+00:00
4a2a,2011-09-23T00:00:00.000+00:00
4a4c,2011-10-08T00:00:00.000+00:00
4a4e,2011-10-12T00:00:00.000+00:00
4a4f,2011-10-12T00:00:00.000+00:00
4a4g,2011-10-12T00:00:00.000+00:00
4a4h,2011-10-12T00:00:00.000+00:00
4a4l,2011-10-17T00:00:00.000+00:00
4a4o,2011-10-18T00:00:00.000+00:00
4a4q,2011-10-19T00:00:00.000+00:00
4a4v,2011-10-20T00:00:00.000+00:00
4a4w,2011-10-20T00:00:00.000+00:00
4a4x,2011-10-20T00:00:00.000+00:00
4a50,2011-10-24T00:00:00.000+00:00
4a51,2011-10-24T00:00:00.000+00:00
4a6b,2011-11-01T00:00:00.000+00:00
4a6c,2011-11-01T00:00:00.000+00:00
4a6l,2011-11-04T00:00:00.000+00:00
4a6s,2011-11-08T00:00:00.000+00:00
4a6v,2011-11-09T00:00:00.000+00:00
4a6w,2011-11-09T00:00:00.000+00:00
4a7b,2011-11-11T00:00:00.000+00:00
4a7c,2011-11-12T00:00:00.000+00:00
4a7i,2011-11-14T00:00:00.000+00:00
4a7j,2011-11-14T00:00:00.000+00:00
4a95,2011-11-24T00:00:00.000+00:00
4a9c,2011-11-25T00:00:00.000+00:00
4a9i,2011-11-26T00:00:00.000+00:00
4a9m,2011-11-26T00:00:00.000+00:00
4a9n,2011-11-26T00:00:00.000+00:00
4a9r,2011-11-28T00:00:00.000+00:00
4a9s,2011-11-28T00:00:00.000+00:00
4a9t,2011-11-28T00:00:00.000+00:00
4a9u,2011-11-28T00:00:00.000+00:00
4aa0,2011-11-30T00:00:00.000+00:00
4aa1,2011-11-30T00:00:00.000+00:00
4aa2,2011-11-30T00:00:00.000+00:00
4aa4,2011-11-30T00:00:00.000+00:00
4aa5,2011-11-30T00:00:00.000+00:00
4aa7,2011-11-30T00:00:00.000+00:00
4aac,2011-12-01T00:00:00.000+00:00
4aaw,2011-12-05T00:00:00.000+00:00
4ab8,2011-12-08T00:00:00.000+00:00
4ab9,2011-12-08T00:00:00.000+00:00
4aba,2011-12-08T00:00:00.000+00:00
4abb,2011-12-08T00:00:00.000+00:00
4abd,2011-12-08T00:00:00.000+00:00
4abe,2011-12-08T00:00:00.000+00:00
4abf,2011-12-08T00:00:00.000+00:00
4abh,2011-12-08T00:00:00.000+00:00
4abi,2011-12-08T00:00:00.000+00:00
4abj,2011-12-08T00:00:00.000+00:00
4abk,2011-12-08T00:00:00.000+00:00
4abu,2011-12-11T00:00:00.000+00:00
4abv,2011-12-11T00:00:00.000+00:00
4ac3,2011-12-12T00:00:00.000+00:00
4acc,2011-12-14T00:00:00.000+00:00
4acd,2011-12-15T00:00:00.000+00:00
4acf,2011-12-15T00:00:00.000+00:00
4acg,2011-12-15T00:00:00.000+00:00
4ach,2011-12-15T00:00:00.000+00:00
4aci,2011-12-15T00:00:00.000+00:00
4acm,2011-12-16T00:00:00.000+00:00
4acu,2011-12-19T00:00:00.000+00:00
4acx,2011-12-20T00:00:00.000+00:00
4ad2,2011-12-21T00:00:00.000+00:00
4ad3,2011-12-21T00:00:00.000+00:00
4ad6,2011-12-22T00:00:00.000+00:00
4ael,2012-01-11T00:00:00.000+00:00
4af3,2012-01-16T00:00:00.000+00:00
4afe,2012-01-19T00:00:00.000+00:00
4afg,2012-01-19T00:00:00.000+00:00
4afh,2012-01-19T00:00:00.000+00:00
4afj,2012-01-19T00:00:00.000+00:00
4aft,2012-01-23T00:00:00.000+00:00
4ag8,2012-01-24T00:00:00.000+00:00
4agc,2012-01-26T00:00:00.000+00:00
4agd,2012-01-26T00:00:00.000+00:00
4agl,2012-01-30T00:00:00.000+00:00
4agm,2012-01-30T00:00:00.000+00:00
4ago,2012-01-30T00:00:00.000+00:00
4ah9,2012-02-06T00:00:00.000+00:00
4ahr,2012-02-07T00:00:00.000+00:00
4ahs,2012-02-07T00:00:00.000+00:00
4ahu,2012-02-07T00:00:00.000+00:00
4ahv,2012-02-07T00:00:00.000+00:00
4ai5,2012-02-08T00:00:00.000+00:00
4ai8,2012-02-08T00:00:00.000+00:00
4aia,2012-02-08T00:00:00.000+00:00
4aif,2012-02-09T00:00:00.000+00:00
4aj1,2012-02-15T00:00:00.000+00:00
4aj2,2012-02-15T00:00:00.000+00:00
4aj4,2012-02-15T00:00:00.000+00:00
4aje,2012-02-16T00:00:00.000+00:00
4aji,2012-02-16T00:00:00.000+00:00
4ajk,2012-02-16T00:00:00.000+00:00
4ajl,2012-02-16T00:00:00.000+00:00
4ajn,2012-02-16T00:00:00.000+00:00
4ajo,2012-02-16T00:00:00.000+00:00
4ajw,2012-02-20T00:00:00.000+00:00
4akn,2012-02-26T00:00:00.000+00:00
4al4,2012-03-01T00:00:00.000+00:00
4alg,2012-03-03T00:00:00.000+00:00
4alu,2012-03-05T00:00:00.000+00:00
4alv,2012-03-05T00:00:00.000+00:00
4alw,2012-03-05T00:00:00.000+00:00
4alx,2012-03-06T00:00:00.000+00:00
4aml,2012-03-12T00:00:00.000+00:00
4amw,2012-03-14T00:00:00.000+00:00
4amx,2012-03-14T00:00:00.000+00:00
4amy,2012-03-14T00:00:00.000+00:00
4amz,2012-03-14T00:00:00.000+00:00
4an0,2012-03-14T00:00:00.000+00:00
4an1,2012-03-14T00:00:00.000+00:00
4an2,2012-03-14T00:00:00.000+00:00
4an3,2012-03-15T00:00:00.000+00:00
4an9,2012-03-16T00:00:00.000+00:00
4anb,2012-03-16T00:00:00.000+00:00
4anm,2012-03-20T00:00:00.000+00:00
4anq,2012-03-21T00:00:00.000+00:00
4anu,2012-03-22T00:00:00.000+00:00
4anv,2012-03-22T00:00:00.000+00:00
4anw,2012-03-22T00:00:00.000+00:00
4anx,2012-03-22T00:00:00.000+00:00
4aoc,2012-03-26T00:00:00.000+00:00
4aof,2012-03-26T00:00:00.000+00:00
4aoi,2012-03-27T00:00:00.000+00:00
4aom,2012-03-29T00:00:00.000+00:00
4ap0,2012-03-30T00:00:00.000+00:00
4ap7,2012-03-30T00:00:00.000+00:00
4aph,2012-04-03T00:00:00.000+00:00
4apo,2012-04-04T00:00:00.000+00:00
4app,2012-04-04T00:00:00.000+00:00
4apr,1989-08-03T00:00:00.000+00:00
4aq3,2012-04-12T00:00:00.000+00:00
4aq4,2012-04-13T00:00:00.000+00:00
4aq6,2012-04-12T00:00:00.000+00:00
4aqc,2012-04-16T00:00:00.000+00:00
4aqh,2012-04-17T00:00:00.000+00:00
4ara,2012-04-23T00:00:00.000+00:00
4arb,2012-04-23T00:00:00.000+00:00
4ark,2012-04-24T00:00:00.000+00:00
4aro,2012-04-25T00:00:00.000+00:00
4arw,2012-04-26T00:00:00.000+00:00
4as9,2012-04-30T00:00:00.000+00:00
4asd,2012-04-30T00:00:00.000+00:00
4ase,2012-04-30T00:00:00.000+00:00
4asj,2012-05-01T00:00:00.000+00:00
4ask,2012-05-01T00:00:00.000+00:00
4asy,2012-05-03T00:00:00.000+00:00
4at3,2012-05-03T00:00:00.000+00:00
4at4,2012-05-03T00:00:00.000+00:00
4at5,2012-05-03T00:00:00.000+00:00
4att,2012-05-09T00:00:00.000+00:00
4au7,2012-05-14T00:00:00.000+00:00
4au8,2012-05-14T00:00:00.000+00:00
4aua,2012-05-15T00:00:00.000+00:00
4auj,2012-05-17T00:00:00.000+00:00
4auy,2012-05-22T00:00:00.000+00:00
4av0,2012-05-23T00:00:00.000+00:00
4av4,2012-05-23T00:00:00.000+00:00
4av5,2012-05-23T00:00:00.000+00:00
4avg,2012-05-25T00:00:00.000+00:00
4avh,2012-05-26T00:00:00.000+00:00
4avi,2012-05-26T00:00:00.000+00:00
4avj,2012-05-26T00:00:00.000+00:00
4avs,2012-05-29T00:00:00.000+00:00
4avt,2012-05-29T00:00:00.000+00:00
4avu,2012-05-29T00:00:00.000+00:00
4avw,2012-05-29T00:00:00.000+00:00
4aw5,2012-05-31T00:00:00.000+00:00
4aw8,2012-06-01T00:00:00.000+00:00
4awf,2012-06-03T00:00:00.000+00:00
4awg,2012-06-03T00:00:00.000+00:00
4awi,2012-06-03T00:00:00.000+00:00
4awj,2012-06-04T00:00:00.000+00:00
4awk,2012-06-04T00:00:00.000+00:00
4awm,2012-06-04T00:00:00.000+00:00
4awo,2012-06-05T00:00:00.000+00:00
4awp,2012-06-05T00:00:00.000+00:00
4awq,2012-06-05T00:00:00.000+00:00
4ax9,2012-06-11T00:00:00.000+00:00
4axa,2012-06-12T00:00:00.000+00:00
4axd,2012-06-12T00:00:00.000+00:00
4axm,2012-06-13T00:00:00.000+00:00
4ay5,2012-06-18T00:00:00.000+00:00
4ay6,2012-06-18T00:00:00.000+00:00
4ayp,2012-06-21T00:00:00.000+00:00
4ayq,2012-06-21T00:00:00.000+00:00
4ayr,2012-06-21T00:00:00.000+00:00
4ayt,2012-06-22T00:00:00.000+00:00
4ayu,2012-06-22T00:00:00.000+00:00
4ayv,2012-06-22T00:00:00.000+00:00
4ayw,2012-06-22T00:00:00.000+00:00
4ayx,2012-06-22T00:00:00.000+00:00
4ayy,2012-06-22T00:00:00.000+00:00
4az0,2012-06-22T00:00:00.000+00:00
4az2,2012-06-22T00:00:00.000+00:00
4az3,2012-06-22T00:00:00.000+00:00
4az5,2012-06-22T00:00:00.000+00:00
4az6,2012-06-23T00:00:00.000+00:00
4aza,2012-06-25T00:00:00.000+00:00
4azb,2012-06-25T00:00:00.000+00:00
4azc,2012-06-25T00:00:00.000+00:00
4aze,2012-06-25T00:00:00.000+00:00
4azf,2012-06-25T00:00:00.000+00:00
4azg,2012-06-25T00:00:00.000+00:00
4azi,2012-06-26T00:00:00.000+00:00
4azp,2012-06-26T00:00:00.000+00:00
4azt,2012-06-26T00:00:00.000+00:00
4azy,2012-06-27T00:00:00.000+00:00
4b00,2012-06-27T00:00:00.000+00:00
4b05,2012-06-28T00:00:00.000+00:00
4b0b,2012-07-01T00:00:00.000+00:00
4b0c,2012-07-01T00:00:00.000+00:00
4b0g,2012-07-02T00:00:00.000+00:00
4b0j,2012-07-02T00:00:00.000+00:00
4b11,2012-07-06T00:00:00.000+00:00
4b12,2012-07-06T00:00:00.000+00:00
4b13,2012-07-06T00:00:00.000+00:00
4b14,2012-07-06T00:00:00.000+00:00
4b1c,2012-07-10T00:00:00.000+00:00
4b1d,2012-07-10T00:00:00.000+00:00
4b1j,2012-07-10T00:00:00.000+00:00
4b2d,2012-07-13T00:00:00.000+00:00
4b2i,2012-07-16T00:00:00.000+00:00
4b2l,2012-07-16T00:00:00.000+00:00
4b32,2012-07-20T00:00:00.000+00:00
4b33,2012-07-20T00:00:00.000+00:00
4b34,2012-07-20T00:00:00.000+00:00
4b35,2012-07-20T00:00:00.000+00:00
4b3b,2012-07-23T00:00:00.000+00:00
4b3c,2012-07-23T00:00:00.000+00:00
4b3d,2012-07-23T00:00:00.000+00:00
4b3u,2012-07-26T00:00:00.000+00:00
4b4g,2012-07-30T00:00:00.000+00:00
4b4m,2012-07-31T00:00:00.000+00:00
4b4n,2012-07-31T00:00:00.000+00:00
4b4q,2012-07-31T00:00:00.000+00:00
4b5b,2012-08-03T00:00:00.000+00:00
4b5d,2012-08-03T00:00:00.000+00:00
4b5s,2012-08-07T00:00:00.000+00:00
4b5t,2012-08-07T00:00:00.000+00:00
4b5w,2012-08-07T00:00:00.000+00:00
4b60,2012-08-08T00:00:00.000+00:00
4b6c,2012-08-09T00:00:00.000+00:00
4b6e,2012-08-09T00:00:00.000+00:00
4b6f,2012-08-09T00:00:00.000+00:00
4b6o,2012-08-14T00:00:00.000+00:00
4b6p,2012-08-14T00:00:00.000+00:00
4b6q,2012-08-14T00:00:00.000+00:00
4b6r,2012-08-14T00:00:00.000+00:00
4b6s,2012-08-14T00:00:00.000+00:00
4b70,2012-08-16T00:00:00.000+00:00
4b71,2012-08-16T00:00:00.000+00:00
4b72,2012-08-16T00:00:00.000+00:00
4b73,2012-08-16T00:00:00.000+00:00
4b74,2012-08-16T00:00:00.000+00:00
4b76,2012-08-16T00:00:00.000+00:00
4b77,2012-08-16T00:00:00.000+00:00
4b78,2012-08-16T00:00:00.000+00:00
4b7j,2012-08-20T00:00:00.000+00:00
4b7n,2012-08-21T00:00:00.000+00:00
4b7p,2012-08-21T00:00:00.000+00:00
4b7q,2012-08-21T00:00:00.000+00:00
4b7r,2012-08-21T00:00:00.000+00:00
4b7z,2012-08-24T00:00:00.000+00:00
4b80,2012-08-24T00:00:00.000+00:00
4b81,2012-08-24T00:00:00.000+00:00
4b82,2012-08-24T00:00:00.000+00:00
4b83,2012-08-24T00:00:00.000+00:00
4b84,2012-08-24T00:00:00.000+00:00
4b85,2012-08-24T00:00:00.000+00:00
4b8o,2012-08-28T00:00:00.000+00:00
4b8p,2012-08-29T00:00:00.000+00:00
4b8y,2012-08-31T00:00:00.000+00:00
4b95,2012-08-31T00:00:00.000+00:00
4b9h,2012-09-04T00:00:00.000+00:00
4b9k,2012-09-05T00:00:00.000+00:00
4b9w,2012-09-08T00:00:00.000+00:00
4b9z,2012-09-09T00:00:00.000+00:00
4ba3,2012-09-11T00:00:00.000+00:00
4bae,2012-09-13T00:00:00.000+00:00
4bah,2012-09-14T00:00:00.000+00:00
4bak,2012-09-14T00:00:00.000+00:00
4bam,2012-09-14T00:00:00.000+00:00
4ban,2012-09-14T00:00:00.000+00:00
4bao,2012-09-14T00:00:00.000+00:00
4baq,2012-09-14T00:00:00.000+00:00
4bb2,2012-09-19T00:00:00.000+00:00
4bb4,2012-09-19T00:00:00.000+00:00
4bb9,2012-09-21T00:00:00.000+00:00
4bbe,2012-09-21T00:00:00.000+00:00
4bbf,2012-09-21T00:00:00.000+00:00
4bbg,2012-09-22T00:00:00.000+00:00
4bbh,2012-09-23T00:00:00.000+00:00
4bc5,2012-10-01T00:00:00.000+00:00
4bcc,2012-10-01T00:00:00.000+00:00
4bcd,2012-10-01T00:00:00.000+00:00
4bcf,2012-10-02T00:00:00.000+00:00
4bcg,2012-10-02T00:00:00.000+00:00
4bch,2012-10-02T00:00:00.000+00:00
4bci,2012-10-02T00:00:00.000+00:00
4bcj,2012-10-02T00:00:00.000+00:00
4bck,2012-10-02T00:00:00.000+00:00
4bcm,2012-10-02T00:00:00.000+00:00
4bcn,2012-10-02T00:00:00.000+00:00
4bco,2012-10-02T00:00:00.000+00:00
4bcp,2012-10-02T00:00:00.000+00:00
4bcq,2012-10-02T00:00:00.000+00:00
4bcs,2012-10-03T00:00:00.000+00:00
4bcw,2012-10-03T00:00:00.000+00:00
4bd3,2012-10-04T00:00:00.000+00:00
4bda,2012-10-05T00:00:00.000+00:00
4bdb,2012-10-05T00:00:00.000+00:00
4bdc,2012-10-05T00:00:00.000+00:00
4bdd,2012-10-05T00:00:00.000+00:00
4bde,2012-10-05T00:00:00.000+00:00
4bdf,2012-10-05T00:00:00.000+00:00
4bdg,2012-10-05T00:00:00.000+00:00
4bdh,2012-10-05T00:00:00.000+00:00
4bdi,2012-10-05T00:00:00.000+00:00
4bdj,2012-10-05T00:00:00.000+00:00
4bdk,2012-10-05T00:00:00.000+00:00
4bds,2012-10-06T00:00:00.000+00:00
4bdt,2012-10-06T00:00:00.000+00:00
4bea,2013-03-07T00:00:00.000+00:00
4bek,2013-03-11T00:00:00.000+00:00
4bf1,2013-03-13T00:00:00.000+00:00
4bf6,2013-03-15T00:00:00.000+00:00
4bfd,2013-03-18T00:00:00.000+00:00
4bfp,2013-03-21T00:00:00.000+00:00
4bfr,2013-03-22T00:00:00.000+00:00
4bfy,2013-03-22T00:00:00.000+00:00
4bfz,2013-03-22T00:00:00.000+00:00
4bg1,2013-03-22T00:00:00.000+00:00
4bg6,2013-03-23T00:00:00.000+00:00
4bgg,2013-03-26T00:00:00.000+00:00
4bgh,2013-03-26T00:00:00.000+00:00
4bgk,2013-03-27T00:00:00.000+00:00
4bgm,2013-03-27T00:00:00.000+00:00
4bgx,2013-03-29T00:00:00.000+00:00
4bgy,2013-03-29T00:00:00.000+00:00
4bh3,2013-03-29T00:00:00.000+00:00
4bh4,2013-03-29T00:00:00.000+00:00
4bhf,2013-04-02T00:00:00.000+00:00
4bhi,2013-04-03T00:00:00.000+00:00
4bhn,2013-04-04T00:00:00.000+00:00
4bhz,2013-04-09T00:00:00.000+00:00
4bi0,2013-04-09T00:00:00.000+00:00
4bi1,2013-04-09T00:00:00.000+00:00
4bi2,2013-04-09T00:00:00.000+00:00
4bi6,2013-04-09T00:00:00.000+00:00
4bi7,2013-04-09T00:00:00.000+00:00
4bib,2013-04-10T00:00:00.000+00:00
4bic,2013-04-10T00:00:00.000+00:00
4bid,2013-04-10T00:00:00.000+00:00
4bie,2013-04-10T00:00:00.000+00:00
4bio,2013-04-12T00:00:00.000+00:00
4bis,2013-04-12T00:00:00.000+00:00
4bj8,2013-04-17T00:00:00.000+00:00
4bj9,2013-04-17T00:00:00.000+00:00
4bjb,2013-04-17T00:00:00.000+00:00
4bjc,2013-04-18T00:00:00.000+00:00
4bjx,2013-04-20T00:00:00.000+00:00
4bkj,2013-04-25T00:00:00.000+00:00
4bks,2013-04-29T00:00:00.000+00:00
4bky,2013-04-30T00:00:00.000+00:00
4bkz,2013-04-30T00:00:00.000+00:00
4blb,2013-05-02T00:00:00.000+00:00
4bnt,2013-05-17T00:00:00.000+00:00
4bnu,2013-05-17T00:00:00.000+00:00
4bnv,2013-05-17T00:00:00.000+00:00
4bnx,2013-05-17T00:00:00.000+00:00
4bny,2013-05-17T00:00:00.000+00:00
4bnz,2013-05-17T00:00:00.000+00:00
4bo0,2013-05-17T00:00:00.000+00:00
4bo1,2013-05-18T00:00:00.000+00:00
4bo2,2013-05-18T00:00:00.000+00:00
4bo3,2013-05-18T00:00:00.000+00:00
4bo4,2013-05-18T00:00:00.000+00:00
4bo5,2013-05-18T00:00:00.000+00:00
4bo6,2013-05-18T00:00:00.000+00:00
4bo7,2013-05-18T00:00:00.000+00:00
4bo8,2013-05-18T00:00:00.000+00:00
4bo9,2013-05-18T00:00:00.000+00:00
4bpi,2013-05-27T00:00:00.000+00:00
4bpj,2013-05-27T00:00:00.000+00:00
4bps,2013-05-28T00:00:00.000+00:00
4bqg,2013-05-30T00:00:00.000+00:00
4bqh,2013-05-30T00:00:00.000+00:00
4bqs,2013-06-02T00:00:00.000+00:00
4bqt,2013-06-02T00:00:00.000+00:00
4bqw,2013-06-03T00:00:00.000+00:00
4bqx,2013-06-03T00:00:00.000+00:00
4bqy,2013-06-03T00:00:00.000+00:00
4br3,2013-06-03T00:00:00.000+00:00
4brx,2013-06-05T00:00:00.000+00:00
4bs0,2013-06-06T00:00:00.000+00:00
4bs4,2013-06-07T00:00:00.000+00:00
4bs5,2013-06-07T00:00:00.000+00:00
4bsq,2013-06-11T00:00:00.000+00:00
4bt3,2013-06-12T00:00:00.000+00:00
4bt4,2013-06-12T00:00:00.000+00:00
4bt5,2013-06-12T00:00:00.000+00:00
4bt9,2013-06-14T00:00:00.000+00:00
4btb,2013-06-14T00:00:00.000+00:00
4bti,2013-06-18T00:00:00.000+00:00
4btk,2013-06-18T00:00:00.000+00:00
4btl,2013-06-18T00:00:00.000+00:00
4btm,2013-06-18T00:00:00.000+00:00
4btt,2013-06-19T00:00:00.000+00:00
4btu,2013-06-19T00:00:00.000+00:00
4btw,2013-06-19T00:00:00.000+00:00
4btx,2013-06-19T00:00:00.000+00:00
4bty,2013-06-19T00:00:00.000+00:00
4bup,2013-06-21T00:00:00.000+00:00
4buq,2013-06-23T00:00:00.000+00:00
4bv2,2013-06-24T00:00:00.000+00:00
4bvb,2013-06-25T00:00:00.000+00:00
4bw1,2013-06-29T00:00:00.000+00:00
4bw2,2013-06-29T00:00:00.000+00:00
4bw3,2013-06-29T00:00:00.000+00:00
4bw4,2013-06-29T00:00:00.000+00:00
4bxn,2013-07-15T00:00:00.000+00:00
4bxu,2013-07-15T00:00:00.000+00:00
4byi,2013-07-19T00:00:00.000+00:00
4byj,2013-07-19T00:00:00.000+00:00
4bzn,2013-07-29T00:00:00.000+00:00
4bzo,2013-07-29T00:00:00.000+00:00
4bzr,2013-07-29T00:00:00.000+00:00
4bzs,2013-07-29T00:00:00.000+00:00
4c0r,2013-08-07T00:00:00.000+00:00
4c16,2013-08-09T00:00:00.000+00:00
4c1c,2013-08-12T00:00:00.000+00:00
4c1d,2013-08-12T00:00:00.000+00:00
4c1e,2013-08-12T00:00:00.000+00:00
4c1f,2013-08-12T00:00:00.000+00:00
4c1g,2013-08-12T00:00:00.000+00:00
4c1h,2013-08-12T00:00:00.000+00:00
4c1m,2013-08-13T00:00:00.000+00:00
4c1t,2013-08-13T00:00:00.000+00:00
4c1u,2013-08-13T00:00:00.000+00:00
4c1w,2013-08-14T00:00:00.000+00:00
4c1y,2013-08-14T00:00:00.000+00:00
4c2v,2013-08-20T00:00:00.000+00:00
4c35,2013-08-21T00:00:00.000+00:00
4c36,2013-08-21T00:00:00.000+00:00
4c37,2013-08-21T00:00:00.000+00:00
4c38,2013-08-21T00:00:00.000+00:00
4c3k,2013-08-25T00:00:00.000+00:00
4c4e,2013-09-05T00:00:00.000+00:00
4c4f,2013-09-05T00:00:00.000+00:00
4c4g,2013-09-05T00:00:00.000+00:00
4c4h,2013-09-05T00:00:00.000+00:00
4c4i,2013-09-05T00:00:00.000+00:00
4c4j,2013-09-05T00:00:00.000+00:00
4c4n,2013-09-05T00:00:00.000+00:00
4c52,2013-09-10T00:00:00.000+00:00
4c5d,2013-09-11T00:00:00.000+00:00
4c5w,2013-09-16T00:00:00.000+00:00
4c61,2013-09-17T00:00:00.000+00:00
4c66,2013-09-17T00:00:00.000+00:00
4c68,2013-09-17T00:00:00.000+00:00
4c6u,2013-09-19T00:00:00.000+00:00
4c6v,2013-09-19T00:00:00.000+00:00
4c6x,2013-09-19T00:00:00.000+00:00
4c6z,2013-09-19T00:00:00.000+00:00
4c70,2013-09-19T00:00:00.000+00:00
4c72,2013-09-19T00:00:00.000+00:00
4c73,2013-09-19T00:00:00.000+00:00
4c7t,2013-09-25T00:00:00.000+00:00
4c8r,2013-10-01T00:00:00.000+00:00
4c94,2013-10-02T00:00:00.000+00:00
4c9w,2013-10-03T00:00:00.000+00:00
4c9x,2013-10-03T00:00:00.000+00:00
4ca4,2013-10-06T00:00:00.000+00:00
4ca5,2013-10-07T00:00:00.000+00:00
4ca6,2013-10-07T00:00:00.000+00:00
4ca7,2013-10-07T00:00:00.000+00:00
4ca8,2013-10-07T00:00:00.000+00:00
4cae,2013-10-08T00:00:00.000+00:00
4caf,2013-10-08T00:00:00.000+00:00
4cbt,2013-10-16T00:00:00.000+00:00
4cby,2013-10-17T00:00:00.000+00:00
4cc2,2013-10-17T00:00:00.000+00:00
4cc3,2013-10-17T00:00:00.000+00:00
4cc5,2013-10-18T00:00:00.000+00:00
4cc6,2013-10-18T00:00:00.000+00:00
4cc7,2013-10-18T00:00:00.000+00:00
4ccd,2013-10-21T00:00:00.000+00:00
4cd0,2013-10-29T00:00:00.000+00:00
4cd1,2013-10-29T00:00:00.000+00:00
4cd4,2013-10-30T00:00:00.000+00:00
4cd5,2013-10-30T00:00:00.000+00:00
4cd6,2013-10-30T00:00:00.000+00:00
4cd8,2013-10-30T00:00:00.000+00:00
4cdr,2013-11-05T00:00:00.000+00:00
4ce1,2013-11-08T00:00:00.000+00:00
4ce2,2013-11-08T00:00:00.000+00:00
4ce3,2013-11-08T00:00:00.000+00:00
4ceb,2013-11-11T00:00:00.000+00:00
4cfe,2013-11-14T00:00:00.000+00:00
4cff,2013-11-14T00:00:00.000+00:00
4cfl,2013-11-18T00:00:00.000+00:00
4cfm,2013-11-18T00:00:00.000+00:00
4cft,2013-11-19T00:00:00.000+00:00
4cfu,2013-11-19T00:00:00.000+00:00
4cfv,2013-11-19T00:00:00.000+00:00
4cfw,2013-11-19T00:00:00.000+00:00
4cfx,2013-11-19T00:00:00.000+00:00
4cg8,2013-11-21T00:00:00.000+00:00
4cg9,2013-11-21T00:00:00.000+00:00
4cga,2013-11-21T00:00:00.000+00:00
4cgi,2013-11-25T00:00:00.000+00:00
4cgj,2013-11-25T00:00:00.000+00:00
4ch2,2013-11-28T00:00:00.000+00:00
4ch8,2013-11-29T00:00:00.000+00:00
4ci1,2013-12-05T00:00:00.000+00:00
4ci2,2013-12-05T00:00:00.000+00:00
4ci3,2013-12-05T00:00:00.000+00:00
4cik,2013-12-10T00:00:00.000+00:00
4civ,2013-12-17T00:00:00.000+00:00
4cix,2013-12-17T00:00:00.000+00:00
4ciy,2013-12-17T00:00:00.000+00:00
4ciz,2013-12-18T00:00:00.000+00:00
4cj4,2013-12-19T00:00:00.000+00:00
4cjn,2013-12-21T00:00:00.000+00:00
4cjp,2013-12-22T00:00:00.000+00:00
4cjq,2013-12-22T00:00:00.000+00:00
4cjr,2013-12-22T00:00:00.000+00:00
4ck3,2013-12-24T00:00:00.000+00:00
4cki,2014-01-06T00:00:00.000+00:00
4ckj,2014-01-06T00:00:00.000+00:00
4ckr,2014-01-07T00:00:00.000+00:00
4cku,2014-01-08T00:00:00.000+00:00
4cl6,2014-01-13T00:00:00.000+00:00
4cl9,2014-01-13T00:00:00.000+00:00
4clb,2014-01-13T00:00:00.000+00:00
4cli,2014-01-14T00:00:00.000+00:00
4clj,2014-01-14T00:00:00.000+00:00
4clp,2014-01-15T00:00:00.000+00:00
4clz,2014-01-15T00:00:00.000+00:00
4cmo,2014-01-16T00:00:00.000+00:00
4cmt,2014-01-17T00:00:00.000+00:00
4cmu,2014-01-17T00:00:00.000+00:00
4cnh,2014-01-22T00:00:00.000+00:00
4cp5,2014-01-31T00:00:00.000+00:00
4cp7,2014-01-31T00:00:00.000+00:00
4cpq,2014-02-08T00:00:00.000+00:00
4cpr,2014-02-08T00:00:00.000+00:00
4cps,2014-02-08T00:00:00.000+00:00
4cpt,2014-02-08T00:00:00.000+00:00
4cpu,2014-02-08T00:00:00.000+00:00
4cpw,2014-02-08T00:00:00.000+00:00
4cpx,2014-02-08T00:00:00.000+00:00
4cpy,2014-02-09T00:00:00.000+00:00
4cpz,2014-02-09T00:00:00.000+00:00
4cq0,2014-02-10T00:00:00.000+00:00
4cqe,2014-02-14T00:00:00.000+00:00
4cqf,2014-02-14T00:00:00.000+00:00
4cqg,2014-02-17T00:00:00.000+00:00
4cr5,2014-02-25T00:00:00.000+00:00
4crb,2014-02-26T00:00:00.000+00:00
4crd,2014-02-26T00:00:00.000+00:00
4crf,2014-02-26T00:00:00.000+00:00
4crj,2014-02-27T00:00:00.000+00:00
4crl,2014-02-27T00:00:00.000+00:00
4cs9,2014-03-05T00:00:00.000+00:00
4csd,2014-03-06T00:00:00.000+00:00
4csj,2014-03-07T00:00:00.000+00:00
4css,2014-03-10T00:00:00.000+00:00
4cst,2014-03-10T00:00:00.000+00:00
4csy,2014-03-11T00:00:00.000+00:00
4ctj,2014-03-14T00:00:00.000+00:00
4ctk,2014-03-14T00:00:00.000+00:00
4cts,1984-01-27T00:00:00.000+00:00
4cu1,2014-03-15T00:00:00.000+00:00
4cu7,2014-03-17T00:00:00.000+00:00
4cu8,2014-03-17T00:00:00.000+00:00
4cwb,2014-04-02T00:00:00.000+00:00
4cwf,2014-04-02T00:00:00.000+00:00
4cwn,2014-04-03T00:00:00.000+00:00
4cwo,2014-04-03T00:00:00.000+00:00
4cwp,2014-04-03T00:00:00.000+00:00
4cwq,2014-04-03T00:00:00.000+00:00
4cwr,2014-04-03T00:00:00.000+00:00
4cws,2014-04-03T00:00:00.000+00:00
4cwt,2014-04-03T00:00:00.000+00:00
4cxw,2014-04-09T00:00:00.000+00:00
4cxx,2014-04-09T00:00:00.000+00:00
4cxy,2014-04-09T00:00:00.000+00:00
4cy1,2014-04-09T00:00:00.000+00:00
4czs,2014-04-22T00:00:00.000+00:00
4d08,2014-04-24T00:00:00.000+00:00
4d09,2014-04-24T00:00:00.000+00:00
4d0w,2014-04-30T00:00:00.000+00:00
4d0x,2014-04-30T00:00:00.000+00:00
4d1a,2014-05-01T00:00:00.000+00:00
4d1b,2014-05-01T00:00:00.000+00:00
4d1c,2014-05-01T00:00:00.000+00:00
4d1d,2014-05-01T00:00:00.000+00:00
4d1j,2014-05-02T00:00:00.000+00:00
4d1s,2014-05-05T00:00:00.000+00:00
4d1y,2014-05-05T00:00:00.000+00:00
4d2d,2014-05-09T00:00:00.000+00:00
4d2p,2014-05-12T00:00:00.000+00:00
4d2r,2014-05-12T00:00:00.000+00:00
4d2s,2014-05-12T00:00:00.000+00:00
4d2t,2014-05-13T00:00:00.000+00:00
4d2v,2014-05-13T00:00:00.000+00:00
4d2w,2014-05-13T00:00:00.000+00:00
4d3h,2014-10-22T00:00:00.000+00:00
4d4d,2014-10-27T00:00:00.000+00:00
4d52,2014-11-01T00:00:00.000+00:00
4d62,2014-11-08T00:00:00.000+00:00
4d63,2014-11-08T00:00:00.000+00:00
4d7b,2014-11-21T00:00:00.000+00:00
4d83,2012-01-10T00:00:00.000+00:00
4d85,2012-01-10T00:00:00.000+00:00
4d88,2012-01-10T00:00:00.000+00:00
4d89,2012-01-10T00:00:00.000+00:00
4d8a,2012-01-10T00:00:00.000+00:00
4d8c,2012-01-10T00:00:00.000+00:00
4d8e,2012-01-10T00:00:00.000+00:00
4d8i,2012-01-10T00:00:00.000+00:00
4d8n,2012-01-11T00:00:00.000+00:00
4d8s,2012-01-11T00:00:00.000+00:00
4d8z,2012-01-11T00:00:00.000+00:00
4d9p,2012-01-11T00:00:00.000+00:00
4da5,2012-01-12T00:00:00.000+00:00
4daf,2012-01-12T00:00:00.000+00:00
4dai,2012-01-12T00:00:00.000+00:00
4daw,2012-01-13T00:00:00.000+00:00
4db7,2012-01-13T00:00:00.000+00:00
4dbm,2012-01-16T00:00:00.000+00:00
4dbn,2012-01-16T00:00:00.000+00:00
4dcd,2012-01-17T00:00:00.000+00:00
4dce,2012-01-17T00:00:00.000+00:00
4dcx,2012-01-18T00:00:00.000+00:00
4dcy,2012-01-18T00:00:00.000+00:00
4ddl,2012-01-18T00:00:00.000+00:00
4ddm,2012-01-18T00:00:00.000+00:00
4dds,2012-01-19T00:00:00.000+00:00
4ddy,2012-01-19T00:00:00.000+00:00
4de0,2012-01-19T00:00:00.000+00:00
4de5,2012-01-19T00:00:00.000+00:00
4de7,2012-01-20T00:00:00.000+00:00
4dea,2012-01-20T00:00:00.000+00:00
4deb,2012-01-20T00:00:00.000+00:00
4ded,2012-01-20T00:00:00.000+00:00
4deg,2012-01-20T00:00:00.000+00:00
4deh,2012-01-20T00:00:00.000+00:00
4dei,2012-01-20T00:00:00.000+00:00
4del,2012-01-20T00:00:00.000+00:00
4dem,2012-01-20T00:00:00.000+00:00
4der,2012-01-21T00:00:00.000+00:00
4det,2012-01-22T00:00:00.000+00:00
4deu,2012-01-22T00:00:00.000+00:00
4dfb,2012-01-23T00:00:00.000+00:00
4dff,2012-01-23T00:00:00.000+00:00
4dfg,2012-01-23T00:00:00.000+00:00
4dfl,2012-01-24T00:00:00.000+00:00
4dfn,2012-01-24T00:00:00.000+00:00
4dfu,2012-01-24T00:00:00.000+00:00
4dgb,2012-01-25T00:00:00.000+00:00
4dgg,2012-01-25T00:00:00.000+00:00
4dgm,2012-01-26T00:00:00.000+00:00
4dgn,2012-01-26T00:00:00.000+00:00
4dgr,2012-01-26T00:00:00.000+00:00
4dh6,2012-01-27T00:00:00.000+00:00
4dhf,2012-01-27T00:00:00.000+00:00
4dhl,2012-01-29T00:00:00.000+00:00
4dhm,2012-01-30T00:00:00.000+00:00
4dhn,2012-01-30T00:00:00.000+00:00
4dho,2012-01-30T00:00:00.000+00:00
4dhp,2012-01-30T00:00:00.000+00:00
4dhq,2012-01-30T00:00:00.000+00:00
4dhr,2012-01-30T00:00:00.000+00:00
4dhs,2012-01-30T00:00:00.000+00:00
4dht,2012-01-30T00:00:00.000+00:00
4dhu,2012-01-30T00:00:00.000+00:00
4di2,2012-01-30T00:00:00.000+00:00
4dij,2012-01-31T00:00:00.000+00:00
4dj7,2012-02-01T00:00:00.000+00:00
4djh,2012-02-01T00:00:00.000+00:00
4djo,2012-02-02T00:00:00.000+00:00
4djp,2012-02-02T00:00:00.000+00:00
4djq,2012-02-02T00:00:00.000+00:00
4djs,2012-02-02T00:00:00.000+00:00
4dju,2012-02-02T00:00:00.000+00:00
4djw,2012-02-02T00:00:00.000+00:00
4djx,2012-02-02T00:00:00.000+00:00
4djy,2012-02-02T00:00:00.000+00:00
4dk5,2012-02-03T00:00:00.000+00:00
4dk7,2012-02-03T00:00:00.000+00:00
4dk8,2012-02-03T00:00:00.000+00:00
4dko,2012-02-03T00:00:00.000+00:00
4dkp,2012-02-03T00:00:00.000+00:00
4dkq,2012-02-03T00:00:00.000+00:00
4dkr,2012-02-03T00:00:00.000+00:00
4dkt,2012-02-04T00:00:00.000+00:00
4dlj,2012-02-06T00:00:00.000+00:00
4dma,2012-02-07T00:00:00.000+00:00
4dmn,2012-02-08T00:00:00.000+00:00
4dmw,2012-02-08T00:00:00.000+00:00
4dmy,2012-02-08T00:00:00.000+00:00
4dn0,2012-02-08T00:00:00.000+00:00
4do3,2012-02-09T00:00:00.000+00:00
4do4,2012-02-09T00:00:00.000+00:00
4do5,2012-02-09T00:00:00.000+00:00
4dow,2012-02-10T00:00:00.000+00:00
4dpf,2012-02-13T00:00:00.000+00:00
4dpi,2012-02-13T00:00:00.000+00:00
4dpt,2012-02-14T00:00:00.000+00:00
4dpu,2012-02-14T00:00:00.000+00:00
4dpy,2012-02-14T00:00:00.000+00:00
4dq2,2012-02-14T00:00:00.000+00:00
4dr9,2012-02-17T00:00:00.000+00:00
4drk,2012-02-17T00:00:00.000+00:00
4drm,2012-02-17T00:00:00.000+00:00
4drn,2012-02-17T00:00:00.000+00:00
4dro,2012-02-17T00:00:00.000+00:00
4drp,2012-02-17T00:00:00.000+00:00
4dru,2012-02-17T00:00:00.000+00:00
4ds1,2012-02-17T00:00:00.000+00:00
4dst,2012-02-19T00:00:00.000+00:00
4dsu,2012-02-19T00:00:00.000+00:00
4dsy,2012-02-20T00:00:00.000+00:00
4dt2,2012-02-20T00:00:00.000+00:00
4dtk,2012-02-21T00:00:00.000+00:00
4dtt,2012-02-21T00:00:00.000+00:00
4du8,2012-02-21T00:00:00.000+00:00
4duh,2012-02-22T00:00:00.000+00:00
4dum,2012-02-22T00:00:00.000+00:00
4dus,2012-02-22T00:00:00.000+00:00
4dv8,2012-02-22T00:00:00.000+00:00
4dv9,2012-02-23T00:00:00.000+00:00
4dve,2012-02-23T00:00:00.000+00:00
4dvf,2012-02-23T00:00:00.000+00:00
4dvi,2012-02-23T00:00:00.000+00:00
4dwb,2012-02-24T00:00:00.000+00:00
4dwg,2012-02-24T00:00:00.000+00:00
4dwk,2012-02-24T00:00:00.000+00:00
4dx9,2012-02-27T00:00:00.000+00:00
4dxg,2012-02-27T00:00:00.000+00:00
4dxj,2012-02-27T00:00:00.000+00:00
4dy6,2012-02-28T00:00:00.000+00:00
4dzw,2012-03-01T00:00:00.000+00:00
4dzy,2012-03-01T00:00:00.000+00:00
4e0w,2012-03-05T00:00:00.000+00:00
4e0x,2012-03-05T00:00:00.000+00:00
4e1e,2012-03-06T00:00:00.000+00:00
4e1k,2012-03-06T00:00:00.000+00:00
4e1m,2012-03-06T00:00:00.000+00:00
4e1n,2012-03-06T00:00:00.000+00:00
4e1z,2012-03-07T00:00:00.000+00:00
4e20,2012-03-07T00:00:00.000+00:00
4e26,2012-03-07T00:00:00.000+00:00
4e28,2012-03-07T00:00:00.000+00:00
4e34,2012-03-09T00:00:00.000+00:00
4e35,2012-03-09T00:00:00.000+00:00
4e3b,2012-03-09T00:00:00.000+00:00
4e3d,2012-03-09T00:00:00.000+00:00
4e3f,2012-03-09T00:00:00.000+00:00
4e3g,2012-03-09T00:00:00.000+00:00
4e3h,2012-03-09T00:00:00.000+00:00
4e3i,2012-03-09T00:00:00.000+00:00
4e3j,2012-03-09T00:00:00.000+00:00
4e3k,2012-03-09T00:00:00.000+00:00
4e3l,2012-03-09T00:00:00.000+00:00
4e3m,2012-03-09T00:00:00.000+00:00
4e3n,2012-03-09T00:00:00.000+00:00
4e3o,2012-03-09T00:00:00.000+00:00
4e49,2012-03-12T00:00:00.000+00:00
4e4a,2012-03-12T00:00:00.000+00:00
4e4l,2012-03-13T00:00:00.000+00:00
4e4n,2012-03-13T00:00:00.000+00:00
4e4x,2012-03-13T00:00:00.000+00:00
4e5d,2012-03-14T00:00:00.000+00:00
4e5f,2012-03-14T00:00:00.000+00:00
4e5g,2012-03-14T00:00:00.000+00:00
4e5h,2012-03-14T00:00:00.000+00:00
4e5i,2012-03-14T00:00:00.000+00:00
4e5j,2012-03-14T00:00:00.000+00:00
4e6c,2012-03-15T00:00:00.000+00:00
4e6d,2012-03-15T00:00:00.000+00:00
4e70,2012-03-16T00:00:00.000+00:00
4e7r,2012-03-19T00:00:00.000+00:00
4e81,2012-03-19T00:00:00.000+00:00
4e8w,2012-03-20T00:00:00.000+00:00
4e8y,2012-03-20T00:00:00.000+00:00
4e8z,2012-03-20T00:00:00.000+00:00
4e90,2012-03-20T00:00:00.000+00:00
4e93,2012-03-20T00:00:00.000+00:00
4e96,2012-03-20T00:00:00.000+00:00
4e9u,2012-03-21T00:00:00.000+00:00
4ea1,2012-03-21T00:00:00.000+00:00
4ea3,2012-03-22T00:00:00.000+00:00
4ear,2012-03-22T00:00:00.000+00:00
4eb8,2012-03-23T00:00:00.000+00:00
4eb9,2012-03-23T00:00:00.000+00:00
4ebv,2012-03-25T00:00:00.000+00:00
4ebw,2012-03-25T00:00:00.000+00:00
4ec0,2012-03-26T00:00:00.000+00:00
4ec4,2012-03-26T00:00:00.000+00:00
4ede,2012-03-27T00:00:00.000+00:00
4edu,2012-03-27T00:00:00.000+00:00
4edy,2012-03-27T00:00:00.000+00:00
4edz,2012-03-27T00:00:00.000+00:00
4ee0,2012-03-28T00:00:00.000+00:00
4eeh,2012-03-28T00:00:00.000+00:00
4eej,2012-03-28T00:00:00.000+00:00
4eev,2012-03-28T00:00:00.000+00:00
4ef4,2012-03-29T00:00:00.000+00:00
4ef6,2012-03-29T00:00:00.000+00:00
4efg,2012-03-29T00:00:00.000+00:00
4efk,2012-03-29T00:00:00.000+00:00
4efs,2012-03-30T00:00:00.000+00:00
4eft,2012-03-30T00:00:00.000+00:00
4efu,2012-03-30T00:00:00.000+00:00
4eg4,2012-03-30T00:00:00.000+00:00
4eg5,2012-03-30T00:00:00.000+00:00
4eg6,2012-03-30T00:00:00.000+00:00
4eg7,2012-03-30T00:00:00.000+00:00
4ega,2012-03-30T00:00:00.000+00:00
4egh,2012-03-30T00:00:00.000+00:00
4egi,2012-03-31T00:00:00.000+00:00
4egk,2012-03-31T00:00:00.000+00:00
4eh2,2012-04-02T00:00:00.000+00:00
4eh3,2012-04-02T00:00:00.000+00:00
4eh4,2012-04-02T00:00:00.000+00:00
4eh5,2012-04-02T00:00:00.000+00:00
4eh6,2012-04-02T00:00:00.000+00:00
4eh7,2012-04-02T00:00:00.000+00:00
4eh8,2012-04-02T00:00:00.000+00:00
4eh9,2012-04-02T00:00:00.000+00:00
4ehe,2012-04-02T00:00:00.000+00:00
4ehg,2012-04-02T00:00:00.000+00:00
4ehm,2012-04-02T00:00:00.000+00:00
4ehr,2012-04-03T00:00:00.000+00:00
4ehv,2012-04-04T00:00:00.000+00:00
4ehz,2012-04-04T00:00:00.000+00:00
4ei4,2012-04-04T00:00:00.000+00:00
4ej2,2012-04-06T00:00:00.000+00:00
4ej8,2012-04-06T00:00:00.000+00:00
4ejf,2012-04-06T00:00:00.000+00:00
4ejl,2012-04-06T00:00:00.000+00:00
4ejn,2012-04-06T00:00:00.000+00:00
4ek9,2012-04-09T00:00:00.000+00:00
4eke,2012-04-09T00:00:00.000+00:00
4ekg,2012-04-09T00:00:00.000+00:00
4eki,2012-04-09T00:00:00.000+00:00
4el0,2012-04-10T00:00:00.000+00:00
4el5,2012-04-10T00:00:00.000+00:00
4el9,2012-04-10T00:00:00.000+00:00
4elb,2012-04-10T00:00:00.000+00:00
4ele,2012-04-10T00:00:00.000+00:00
4elf,2012-04-10T00:00:00.000+00:00
4elg,2012-04-10T00:00:00.000+00:00
4elh,2012-04-10T00:00:00.000+00:00
4em7,2012-04-11T00:00:00.000+00:00
4emt,2012-04-12T00:00:00.000+00:00
4emv,2012-04-12T00:00:00.000+00:00
4en4,2012-04-12T00:00:00.000+00:00
4enx,2012-04-13T00:00:00.000+00:00
4eny,2012-04-13T00:00:00.000+00:00
4eo4,2012-04-13T00:00:00.000+00:00
4eo6,2012-04-13T00:00:00.000+00:00
4eoh,2012-04-14T00:00:00.000+00:00
4eoi,2012-04-14T00:00:00.000+00:00
4eok,2012-04-14T00:00:00.000+00:00
4eol,2012-04-14T00:00:00.000+00:00
4eon,2012-04-14T00:00:00.000+00:00
4eop,2012-04-14T00:00:00.000+00:00
4eos,2012-04-14T00:00:00.000+00:00
4eox,2012-04-16T00:00:00.000+00:00
4eoy,2012-04-16T00:00:00.000+00:00
4ep2,2012-04-16T00:00:00.000+00:00
4epy,2012-04-17T00:00:00.000+00:00
4eqc,2012-04-18T00:00:00.000+00:00
4eqf,2012-04-18T00:00:00.000+00:00
4eqj,2012-04-19T00:00:00.000+00:00
4er1,1990-10-14T00:00:00.000+00:00
4er2,1990-10-20T00:00:00.000+00:00
4er4,1991-01-05T00:00:00.000+00:00
4ere,2012-04-20T00:00:00.000+00:00
4erf,2012-04-20T00:00:00.000+00:00
4erk,1998-07-09T00:00:00.000+00:00
4erq,2012-04-20T00:00:00.000+00:00
4erw,2012-04-20T00:00:00.000+00:00
4ery,2012-04-21T00:00:00.000+00:00
4erz,2012-04-21T00:00:00.000+00:00
4es0,2012-04-21T00:00:00.000+00:00
4esg,2012-04-23T00:00:00.000+00:00
4esi,2012-04-23T00:00:00.000+00:00
4est,1989-05-15T00:00:00.000+00:00
4etz,2012-04-24T00:00:00.000+00:00
4eu0,2012-04-24T00:00:00.000+00:00
4eu3,2012-04-25T00:00:00.000+00:00
4euc,2012-04-25T00:00:00.000+00:00
4euo,2012-04-25T00:00:00.000+00:00
4euv,2012-04-25T00:00:00.000+00:00
4ew2,2012-04-26T00:00:00.000+00:00
4ew3,2012-04-26T00:00:00.000+00:00
4ewh,2012-04-27T00:00:00.000+00:00
4ewn,2012-04-27T00:00:00.000+00:00
4ewo,2012-04-27T00:00:00.000+00:00
4ewr,2012-04-27T00:00:00.000+00:00
4exg,2012-04-30T00:00:00.000+00:00
4exh,2012-04-30T00:00:00.000+00:00
4exs,2012-04-30T00:00:00.000+00:00
4exz,2012-05-01T00:00:00.000+00:00
4eyj,2012-05-01T00:00:00.000+00:00
4eym,2012-05-01T00:00:00.000+00:00
4eyr,2012-05-01T00:00:00.000+00:00
4ez3,2012-05-02T00:00:00.000+00:00
4ez5,2012-05-02T00:00:00.000+00:00
4ezj,2012-05-02T00:00:00.000+00:00
4ezk,2012-05-02T00:00:00.000+00:00
4ezl,2012-05-02T00:00:00.000+00:00
4ezo,2012-05-03T00:00:00.000+00:00
4ezq,2012-05-03T00:00:00.000+00:00
4ezr,2012-05-03T00:00:00.000+00:00
4ezt,2012-05-03T00:00:00.000+00:00
4ezw,2012-05-03T00:00:00.000+00:00
4ezx,2012-05-03T00:00:00.000+00:00
4ezy,2012-05-03T00:00:00.000+00:00
4ezz,2012-05-03T00:00:00.000+00:00
4f08,2012-05-03T00:00:00.000+00:00
4f0c,2012-05-04T00:00:00.000+00:00
4f14,2012-05-06T00:00:00.000+00:00
4f1l,2012-05-07T00:00:00.000+00:00
4f1q,2012-05-07T00:00:00.000+00:00
4f1s,2012-05-07T00:00:00.000+00:00
4f20,2012-05-07T00:00:00.000+00:00
4f39,2012-05-09T00:00:00.000+00:00
4f3i,2012-05-09T00:00:00.000+00:00
4f3k,2012-05-09T00:00:00.000+00:00
4f49,2012-05-10T00:00:00.000+00:00
4f4p,2012-05-11T00:00:00.000+00:00
4f5y,2012-05-13T00:00:00.000+00:00
4f63,2012-05-14T00:00:00.000+00:00
4f64,2012-05-14T00:00:00.000+00:00
4f65,2012-05-14T00:00:00.000+00:00
4f6s,2012-05-15T00:00:00.000+00:00
4f6u,2012-05-15T00:00:00.000+00:00
4f6v,2012-05-15T00:00:00.000+00:00
4f6w,2012-05-15T00:00:00.000+00:00
4f6x,2012-05-15T00:00:00.000+00:00
4f70,2012-05-15T00:00:00.000+00:00
4f7j,2012-05-16T00:00:00.000+00:00
4f7l,2012-05-16T00:00:00.000+00:00
4f7n,2012-05-16T00:00:00.000+00:00
4f7v,2012-05-16T00:00:00.000+00:00
4f8h,2012-05-17T00:00:00.000+00:00
4f8j,2012-05-17T00:00:00.000+00:00
4f9g,2012-05-18T00:00:00.000+00:00
4f9u,2012-05-21T00:00:00.000+00:00
4f9v,2012-05-21T00:00:00.000+00:00
4f9y,2012-05-21T00:00:00.000+00:00
4fab,1989-04-10T00:00:00.000+00:00
4fai,2012-05-22T00:00:00.000+00:00
4fak,2012-05-22T00:00:00.000+00:00
4fbe,2012-05-23T00:00:00.000+00:00
4fbx,2012-05-23T00:00:00.000+00:00
4fc0,2012-05-23T00:00:00.000+00:00
4fcb,2012-05-24T00:00:00.000+00:00
4fcd,2012-05-24T00:00:00.000+00:00
4fcf,2012-05-24T00:00:00.000+00:00
4fci,2012-05-25T00:00:00.000+00:00
4fck,2012-05-25T00:00:00.000+00:00
4fcm,2012-05-25T00:00:00.000+00:00
4fcq,2012-05-25T00:00:00.000+00:00
4fcr,2012-05-25T00:00:00.000+00:00
4fe6,2012-05-29T00:00:00.000+00:00
4fe9,2012-05-29T00:00:00.000+00:00
4fea,2012-05-29T00:00:00.000+00:00
4fem,2012-05-30T00:00:00.000+00:00
4feq,2012-05-30T00:00:00.000+00:00
4fev,2012-05-30T00:00:00.000+00:00
4few,2012-05-30T00:00:00.000+00:00
4ff8,2012-05-31T00:00:00.000+00:00
4ffs,2012-06-01T00:00:00.000+00:00
4fgt,2012-06-04T00:00:00.000+00:00
4fgx,2012-06-05T00:00:00.000+00:00
4fgy,2012-06-05T00:00:00.000+00:00
4fgz,2012-06-05T00:00:00.000+00:00
4fhh,2012-06-06T00:00:00.000+00:00
4fhi,2012-06-06T00:00:00.000+00:00
4fht,2012-06-06T00:00:00.000+00:00
4fi9,2012-06-08T00:00:00.000+00:00
4fic,2012-06-08T00:00:00.000+00:00
4fil,2012-06-08T00:00:00.000+00:00
4fiv,1998-07-15T00:00:00.000+00:00
4fjz,2012-06-12T00:00:00.000+00:00
4fk6,2012-06-12T00:00:00.000+00:00
4fk7,2012-06-12T00:00:00.000+00:00
4fkk,2012-06-13T00:00:00.000+00:00
4fl1,2012-06-14T00:00:00.000+00:00
4fl2,2012-06-14T00:00:00.000+00:00
4fl3,2012-06-14T00:00:00.000+00:00
4flh,2012-06-14T00:00:00.000+00:00
4fli,2012-06-14T00:00:00.000+00:00
4flj,2012-06-14T00:00:00.000+00:00
4flk,2012-06-14T00:00:00.000+00:00
4fll,2012-06-14T00:00:00.000+00:00
4flp,2012-06-15T00:00:00.000+00:00
4fm7,2012-06-15T00:00:00.000+00:00
4fm8,2012-06-15T00:00:00.000+00:00
4fmn,2012-06-18T00:00:00.000+00:00
4fmo,2012-06-18T00:00:00.000+00:00
4fmq,2012-06-18T00:00:00.000+00:00
4fmu,2012-06-18T00:00:00.000+00:00
4fn5,2012-06-19T00:00:00.000+00:00
4fnn,2012-06-20T00:00:00.000+00:00
4fns,2012-06-20T00:00:00.000+00:00
4fny,2012-06-20T00:00:00.000+00:00
4fnz,2012-06-20T00:00:00.000+00:00
4fob,2012-06-20T00:00:00.000+00:00
4foc,2012-06-20T00:00:00.000+00:00
4fod,2012-06-20T00:00:00.000+00:00
4fp1,2012-06-21T00:00:00.000+00:00
4fpf,2012-06-22T00:00:00.000+00:00
4fpk,2012-06-22T00:00:00.000+00:00
4fqo,2012-06-25T00:00:00.000+00:00
4fr3,2012-06-26T00:00:00.000+00:00
4fri,2012-06-26T00:00:00.000+00:00
4frj,2012-06-26T00:00:00.000+00:00
4frk,2012-06-26T00:00:00.000+00:00
4frs,2012-06-26T00:00:00.000+00:00
4fs3,2012-06-26T00:00:00.000+00:00
4fs4,2012-06-26T00:00:00.000+00:00
4fse,2012-06-27T00:00:00.000+00:00
4fsl,2012-06-27T00:00:00.000+00:00
4ft2,2012-06-27T00:00:00.000+00:00
4fut,2012-06-28T00:00:00.000+00:00
4fvq,2012-06-29T00:00:00.000+00:00
4fvr,2012-06-29T00:00:00.000+00:00
4fxf,2012-07-03T00:00:00.000+00:00
4fxj,2012-07-03T00:00:00.000+00:00
4fxp,2012-07-03T00:00:00.000+00:00
4fxq,2012-07-03T00:00:00.000+00:00
4fxy,2012-07-03T00:00:00.000+00:00
4fxz,2012-07-03T00:00:00.000+00:00
4fyh,2012-07-04T00:00:00.000+00:00
4fyo,2012-07-05T00:00:00.000+00:00
4fys,2012-07-05T00:00:00.000+00:00
4fz3,2012-07-06T00:00:00.000+00:00
4fz6,2012-07-06T00:00:00.000+00:00
4fzc,2012-07-06T00:00:00.000+00:00
4fzg,2012-07-06T00:00:00.000+00:00
4fzj,2012-07-06T00:00:00.000+00:00
4g0c,2012-07-09T00:00:00.000+00:00
4g0k,2012-07-09T00:00:00.000+00:00
4g0l,2012-07-09T00:00:00.000+00:00
4g0p,2012-07-09T00:00:00.000+00:00
4g0y,2012-07-10T00:00:00.000+00:00
4g11,2012-07-10T00:00:00.000+00:00
4g16,2012-07-10T00:00:00.000+00:00
4g17,2012-07-10T00:00:00.000+00:00
4g19,2012-07-10T00:00:00.000+00:00
4g1f,2012-07-10T00:00:00.000+00:00
4g2f,2012-07-12T00:00:00.000+00:00
4g2j,2012-07-12T00:00:00.000+00:00
4g2l,2012-07-12T00:00:00.000+00:00
4g2r,2012-07-12T00:00:00.000+00:00
4g2w,2012-07-13T00:00:00.000+00:00
4g2y,2012-07-13T00:00:00.000+00:00
4g31,2012-07-13T00:00:00.000+00:00
4g34,2012-07-13T00:00:00.000+00:00
4g3e,2012-07-13T00:00:00.000+00:00
4g3f,2012-07-13T00:00:00.000+00:00
4g3g,2012-07-13T00:00:00.000+00:00
4g4p,2012-07-16T00:00:00.000+00:00
4g55,2012-07-17T00:00:00.000+00:00
4g5f,2012-07-17T00:00:00.000+00:00
4g5y,2012-07-18T00:00:00.000+00:00
4g68,2012-07-18T00:00:00.000+00:00
4g69,2012-07-18T00:00:00.000+00:00
4g8n,2012-07-23T00:00:00.000+00:00
4g8o,2012-07-23T00:00:00.000+00:00
4g8r,2012-07-23T00:00:00.000+00:00
4g8v,2012-07-23T00:00:00.000+00:00
4g8y,2012-07-23T00:00:00.000+00:00
4g90,2012-07-23T00:00:00.000+00:00
4g93,2012-07-23T00:00:00.000+00:00
4g95,2012-07-23T00:00:00.000+00:00
4g9c,2012-07-23T00:00:00.000+00:00
4ga3,2012-07-24T00:00:00.000+00:00
4gah,2012-07-25T00:00:00.000+00:00
4gao,2012-07-25T00:00:00.000+00:00
4gb9,2012-07-26T00:00:00.000+00:00
4gbd,2012-07-27T00:00:00.000+00:00
4gby,2012-07-28T00:00:00.000+00:00
4gbz,2012-07-28T00:00:00.000+00:00
4gcj,2012-07-30T00:00:00.000+00:00
4gd6,2012-07-31T00:00:00.000+00:00
4gdy,2012-08-01T00:00:00.000+00:00
4ge1,2012-08-01T00:00:00.000+00:00
4ge2,2012-08-01T00:00:00.000+00:00
4ge4,2012-08-01T00:00:00.000+00:00
4ge5,2012-08-01T00:00:00.000+00:00
4ge6,2012-08-01T00:00:00.000+00:00
4ge7,2012-08-01T00:00:00.000+00:00
4ge9,2012-08-01T00:00:00.000+00:00
4gee,2012-08-01T00:00:00.000+00:00
4gfd,2012-08-03T00:00:00.000+00:00
4gfn,2012-08-03T00:00:00.000+00:00
4gfo,2012-08-03T00:00:00.000+00:00
4gg5,2012-08-05T00:00:00.000+00:00
4gg7,2012-08-06T00:00:00.000+00:00
4ggl,2012-08-06T00:00:00.000+00:00
4ggz,2012-08-07T00:00:00.000+00:00
4gh6,2012-08-07T00:00:00.000+00:00
4ghi,2012-08-07T00:00:00.000+00:00
4ght,2012-08-08T00:00:00.000+00:00
4gih,2012-08-08T00:00:00.000+00:00
4gii,2012-08-08T00:00:00.000+00:00
4giu,2012-08-09T00:00:00.000+00:00
4gj2,2012-08-09T00:00:00.000+00:00
4gj3,2012-08-09T00:00:00.000+00:00
4gj6,2012-08-09T00:00:00.000+00:00
4gj7,2012-08-09T00:00:00.000+00:00
4gj8,2012-08-09T00:00:00.000+00:00
4gj9,2012-08-09T00:00:00.000+00:00
4gja,2012-08-09T00:00:00.000+00:00
4gjb,2012-08-09T00:00:00.000+00:00
4gjc,2012-08-09T00:00:00.000+00:00
4gjd,2012-08-09T00:00:00.000+00:00
4gk2,2012-08-10T00:00:00.000+00:00
4gk3,2012-08-10T00:00:00.000+00:00
4gk4,2012-08-10T00:00:00.000+00:00
4gk7,2012-08-10T00:00:00.000+00:00
4gkc,2012-08-10T00:00:00.000+00:00
4gkh,2012-08-11T00:00:00.000+00:00
4gki,2012-08-11T00:00:00.000+00:00
4glr,2012-08-14T00:00:00.000+00:00
4glw,2012-08-15T00:00:00.000+00:00
4glx,2012-08-15T00:00:00.000+00:00
4gly,2012-08-15T00:00:00.000+00:00
4gm3,2012-08-15T00:00:00.000+00:00
4gm8,2012-08-15T00:00:00.000+00:00
4gmc,2012-08-15T00:00:00.000+00:00
4gmy,2012-08-16T00:00:00.000+00:00
4gne,2012-08-17T00:00:00.000+00:00
4gnf,2012-08-17T00:00:00.000+00:00
4gng,2012-08-17T00:00:00.000+00:00
4gny,2012-08-17T00:00:00.000+00:00
4gpk,2012-08-21T00:00:00.000+00:00
4gpl,2012-08-21T00:00:00.000+00:00
4gq4,2012-08-22T00:00:00.000+00:00
4gq6,2012-08-22T00:00:00.000+00:00
4gql,2012-08-23T00:00:00.000+00:00
4gqp,2012-08-23T00:00:00.000+00:00
4gqr,2012-08-23T00:00:00.000+00:00
4gr3,2012-08-24T00:00:00.000+00:00
4gr8,2012-08-24T00:00:00.000+00:00
4gs6,2012-08-27T00:00:00.000+00:00
4gs8,2012-08-27T00:00:00.000+00:00
4gs9,2012-08-27T00:00:00.000+00:00
4gsc,2012-08-27T00:00:00.000+00:00
4gsy,2012-08-28T00:00:00.000+00:00
4gtm,2012-08-28T00:00:00.000+00:00
4gto,2012-08-29T00:00:00.000+00:00
4gtp,2012-08-29T00:00:00.000+00:00
4gtq,2012-08-29T00:00:00.000+00:00
4gtr,2012-08-29T00:00:00.000+00:00
4gts,2012-08-29T00:00:00.000+00:00
4gtt,2012-08-29T00:00:00.000+00:00
4gtv,2012-08-29T00:00:00.000+00:00
4gu6,2012-08-29T00:00:00.000+00:00
4gu9,2012-08-29T00:00:00.000+00:00
4gue,2012-08-29T00:00:00.000+00:00
4gui,2012-08-29T00:00:00.000+00:00
4guj,2012-08-29T00:00:00.000+00:00
4gv1,2012-08-30T00:00:00.000+00:00
4gv8,2012-08-30T00:00:00.000+00:00
4gvc,2012-08-30T00:00:00.000+00:00
4gvd,2012-08-30T00:00:00.000+00:00
4gvm,2012-08-30T00:00:00.000+00:00
4gvu,2012-08-31T00:00:00.000+00:00
4gw1,2012-08-31T00:00:00.000+00:00
4gw5,2012-08-31T00:00:00.000+00:00
4gw6,2012-08-31T00:00:00.000+00:00
4gw8,2012-09-01T00:00:00.000+00:00
4gwi,2012-09-03T00:00:00.000+00:00
4gwk,2012-09-03T00:00:00.000+00:00
4gxl,2012-09-04T00:00:00.000+00:00
4gxs,2012-09-04T00:00:00.000+00:00
4gy5,2012-09-05T00:00:00.000+00:00
4gye,2012-09-05T00:00:00.000+00:00
4gz3,2012-09-05T00:00:00.000+00:00
4gzf,2012-09-06T00:00:00.000+00:00
4gzp,2012-09-06T00:00:00.000+00:00
4gzt,2012-09-06T00:00:00.000+00:00
4gzw,2012-09-06T00:00:00.000+00:00
4gzx,2012-09-06T00:00:00.000+00:00
4h1e,2012-09-10T00:00:00.000+00:00
4h1j,2012-09-10T00:00:00.000+00:00
4h1m,2012-09-10T00:00:00.000+00:00
4h2j,2012-09-12T00:00:00.000+00:00
4h2m,2012-09-12T00:00:00.000+00:00
4h2o,2012-09-13T00:00:00.000+00:00
4h36,2012-09-13T00:00:00.000+00:00
4h38,2012-09-13T00:00:00.000+00:00
4h39,2012-09-13T00:00:00.000+00:00
4h3a,2012-09-13T00:00:00.000+00:00
4h3b,2012-09-13T00:00:00.000+00:00
4h3c,2012-09-13T00:00:00.000+00:00
4h3f,2012-09-13T00:00:00.000+00:00
4h3g,2012-09-13T00:00:00.000+00:00
4h3i,2012-09-13T00:00:00.000+00:00
4h3j,2012-09-13T00:00:00.000+00:00
4h3q,2012-09-14T00:00:00.000+00:00
4h42,2012-09-14T00:00:00.000+00:00
4h4b,2012-09-17T00:00:00.000+00:00
4h4d,2012-09-17T00:00:00.000+00:00
4h4e,2012-09-17T00:00:00.000+00:00
4h4m,2012-09-17T00:00:00.000+00:00
4h58,2012-09-18T00:00:00.000+00:00
4h5c,2012-09-18T00:00:00.000+00:00
4h5d,2012-09-18T00:00:00.000+00:00
4h5e,2012-09-18T00:00:00.000+00:00
4h71,2012-09-19T00:00:00.000+00:00
4h75,2012-09-20T00:00:00.000+00:00
4h7q,2012-09-20T00:00:00.000+00:00
4h81,2012-09-21T00:00:00.000+00:00
4h85,2012-09-21T00:00:00.000+00:00
4ha5,2012-09-25T00:00:00.000+00:00
4hai,2012-09-26T00:00:00.000+00:00
4hbm,2012-09-28T00:00:00.000+00:00
4hbn,2012-09-28T00:00:00.000+00:00
4hbp,2012-09-28T00:00:00.000+00:00
4hbv,2012-09-28T00:00:00.000+00:00
4hbw,2012-09-28T00:00:00.000+00:00
4hbx,2012-09-28T00:00:00.000+00:00
4hby,2012-09-28T00:00:00.000+00:00
4hco,2012-10-01T00:00:00.000+00:00
4hct,2012-10-01T00:00:00.000+00:00
4hcu,2012-10-01T00:00:00.000+00:00
4hcv,2012-10-01T00:00:00.000+00:00
4hcz,2012-10-01T00:00:00.000+00:00
4hdb,2012-10-02T00:00:00.000+00:00
4hdc,2012-10-02T00:00:00.000+00:00
4hdf,2012-10-02T00:00:00.000+00:00
4hdp,2012-10-02T00:00:00.000+00:00
4he9,2012-10-03T00:00:00.000+00:00
4heg,2012-10-03T00:00:00.000+00:00
4hej,2012-10-03T00:00:00.000+00:00
4heu,2012-10-04T00:00:00.000+00:00
4hev,2012-10-04T00:00:00.000+00:00
4hf4,2012-10-04T00:00:00.000+00:00
4hfp,2012-10-05T00:00:00.000+00:00
4hfz,2012-10-05T00:00:00.000+00:00
4hg7,2012-10-07T00:00:00.000+00:00
4hgc,2012-10-08T00:00:00.000+00:00
4hgl,2012-10-08T00:00:00.000+00:00
4hgs,2012-10-08T00:00:00.000+00:00
4hgt,2012-10-08T00:00:00.000+00:00
4hhy,2012-10-10T00:00:00.000+00:00
4hhz,2012-10-10T00:00:00.000+00:00
4hiq,2012-10-11T00:00:00.000+00:00
4his,2012-10-11T00:00:00.000+00:00
4hj2,2012-10-12T00:00:00.000+00:00
4hki,2012-10-15T00:00:00.000+00:00
4hkk,2012-10-15T00:00:00.000+00:00
4hkn,2012-10-15T00:00:00.000+00:00
4hkp,2012-10-15T00:00:00.000+00:00
4hl5,2012-10-16T00:00:00.000+00:00
4hla,2012-10-16T00:00:00.000+00:00
4hlc,2012-10-16T00:00:00.000+00:00
4hld,2012-10-16T00:00:00.000+00:00
4hlf,2012-10-17T00:00:00.000+00:00
4hlg,2012-10-17T00:00:00.000+00:00
4hlh,2012-10-17T00:00:00.000+00:00
4hlk,2012-10-17T00:00:00.000+00:00
4hlm,2012-10-17T00:00:00.000+00:00
4hlw,2012-10-17T00:00:00.000+00:00
4hmh,2012-10-18T00:00:00.000+00:00
4hmk,2012-10-18T00:00:00.000+00:00
4hmq,2012-10-18T00:00:00.000+00:00
4hn2,2012-10-18T00:00:00.000+00:00
4hnc,2012-10-19T00:00:00.000+00:00
4hnf,2012-10-19T00:00:00.000+00:00
4hni,2012-10-19T00:00:00.000+00:00
4hnn,2012-10-19T00:00:00.000+00:00
4hnp,2012-10-20T00:00:00.000+00:00
4hod,2012-10-22T00:00:00.000+00:00
4hp0,2012-10-23T00:00:00.000+00:00
4hpi,2012-10-23T00:00:00.000+00:00
4hpy,2012-10-24T00:00:00.000+00:00
4hra,2012-10-26T00:00:00.000+00:00
4hrc,2012-10-27T00:00:00.000+00:00
4hrd,2012-10-27T00:00:00.000+00:00
4hs6,2012-10-29T00:00:00.000+00:00
4hs8,2012-10-29T00:00:00.000+00:00
4hso,2012-10-30T00:00:00.000+00:00
4ht0,2012-10-31T00:00:00.000+00:00
4ht2,2012-10-31T00:00:00.000+00:00
4ht6,2012-10-31T00:00:00.000+00:00
4htp,2012-11-01T00:00:00.000+00:00
4htx,2012-11-02T00:00:00.000+00:00
4hu1,2012-11-02T00:00:00.000+00:00
4huo,2012-11-02T00:00:00.000+00:00
4hup,2012-11-02T00:00:00.000+00:00
4hv3,2012-11-05T00:00:00.000+00:00
4hv7,2012-11-05T00:00:00.000+00:00
4hva,2012-11-05T00:00:00.000+00:00
4hvb,2012-11-05T00:00:00.000+00:00
4hvd,2012-11-06T00:00:00.000+00:00
4hvg,2012-11-06T00:00:00.000+00:00
4hvh,2012-11-06T00:00:00.000+00:00
4hvi,2012-11-06T00:00:00.000+00:00
4hvs,2012-11-06T00:00:00.000+00:00
4hw2,2012-11-07T00:00:00.000+00:00
4hw3,2012-11-07T00:00:00.000+00:00
4hw7,2012-11-07T00:00:00.000+00:00
4hwb,2012-11-07T00:00:00.000+00:00
4hwo,2012-11-08T00:00:00.000+00:00
4hwp,2012-11-08T00:00:00.000+00:00
4hwr,2012-11-08T00:00:00.000+00:00
4hws,2012-11-08T00:00:00.000+00:00
4hwt,2012-11-08T00:00:00.000+00:00
4hww,2012-11-09T00:00:00.000+00:00
4hxj,2012-11-11T00:00:00.000+00:00
4hxl,2012-11-12T00:00:00.000+00:00
4hxm,2012-11-12T00:00:00.000+00:00
4hxq,2012-11-12T00:00:00.000+00:00
4hxr,2012-11-12T00:00:00.000+00:00
4hxs,2012-11-12T00:00:00.000+00:00
4hxw,2012-11-12T00:00:00.000+00:00
4hxz,2012-11-12T00:00:00.000+00:00
4hy0,2012-11-12T00:00:00.000+00:00
4hy1,2012-11-12T00:00:00.000+00:00
4hy4,2012-11-12T00:00:00.000+00:00
4hy5,2012-11-13T00:00:00.000+00:00
4hy9,2012-11-13T00:00:00.000+00:00
4hyb,2012-11-13T00:00:00.000+00:00
4hyf,2012-11-13T00:00:00.000+00:00
4hyh,2012-11-13T00:00:00.000+00:00
4hyi,2012-11-13T00:00:00.000+00:00
4hym,2012-11-13T00:00:00.000+00:00
4hys,2012-11-14T00:00:00.000+00:00
4hyu,2012-11-14T00:00:00.000+00:00
4hz5,2012-11-14T00:00:00.000+00:00
4hze,2012-11-15T00:00:00.000+00:00
4hzm,2012-11-15T00:00:00.000+00:00
4hzt,2012-11-15T00:00:00.000+00:00
4hzw,2012-11-15T00:00:00.000+00:00
4hzx,2012-11-15T00:00:00.000+00:00
4hzz,2012-11-16T00:00:00.000+00:00
4i06,2012-11-16T00:00:00.000+00:00
4i0d,2012-11-16T00:00:00.000+00:00
4i0f,2012-11-16T00:00:00.000+00:00
4i0r,2012-11-19T00:00:00.000+00:00
4i0s,2012-11-19T00:00:00.000+00:00
4i0t,2012-11-19T00:00:00.000+00:00
4i0z,2012-11-19T00:00:00.000+00:00
4i10,2012-11-19T00:00:00.000+00:00
4i11,2012-11-19T00:00:00.000+00:00
4i12,2012-11-19T00:00:00.000+00:00
4i1c,2012-11-20T00:00:00.000+00:00
4i1r,2012-11-21T00:00:00.000+00:00
4i2w,2012-11-23T00:00:00.000+00:00
4i2z,2012-11-23T00:00:00.000+00:00
4i31,2012-11-23T00:00:00.000+00:00
4i32,2012-11-23T00:00:00.000+00:00
4i33,2012-11-23T00:00:00.000+00:00
4i3z,2012-11-27T00:00:00.000+00:00
4i47,2012-11-27T00:00:00.000+00:00
4i4e,2012-11-27T00:00:00.000+00:00
4i4f,2012-11-27T00:00:00.000+00:00
4i54,2012-11-28T00:00:00.000+00:00
4i5c,2012-11-28T00:00:00.000+00:00
4i5h,2012-11-28T00:00:00.000+00:00
4i5m,2012-11-28T00:00:00.000+00:00
4i5p,2012-11-28T00:00:00.000+00:00
4i60,2012-11-29T00:00:00.000+00:00
4i6b,2012-11-29T00:00:00.000+00:00
4i6f,2012-11-29T00:00:00.000+00:00
4i6h,2012-11-29T00:00:00.000+00:00
4i6q,2012-11-30T00:00:00.000+00:00
4i71,2012-11-30T00:00:00.000+00:00
4i72,2012-11-30T00:00:00.000+00:00
4i73,2012-11-30T00:00:00.000+00:00
4i74,2012-11-30T00:00:00.000+00:00
4i7b,2012-11-30T00:00:00.000+00:00
4i7c,2012-11-30T00:00:00.000+00:00
4i7d,2012-11-30T00:00:00.000+00:00
4i7f,2012-11-30T00:00:00.000+00:00
4i7j,2012-11-30T00:00:00.000+00:00
4i7k,2012-11-30T00:00:00.000+00:00
4i7l,2012-11-30T00:00:00.000+00:00
4i7m,2012-11-30T00:00:00.000+00:00
4i7p,2012-11-30T00:00:00.000+00:00
4i80,2012-12-01T00:00:00.000+00:00
4i8n,2012-12-03T00:00:00.000+00:00
4i8w,2012-12-04T00:00:00.000+00:00
4i8x,2012-12-04T00:00:00.000+00:00
4i8z,2012-12-04T00:00:00.000+00:00
4i9c,2012-12-05T00:00:00.000+00:00
4i9h,2012-12-05T00:00:00.000+00:00
4i9i,2012-12-05T00:00:00.000+00:00
4i9o,2012-12-05T00:00:00.000+00:00
4i9r,2012-12-05T00:00:00.000+00:00
4i9s,2012-12-05T00:00:00.000+00:00
4i9u,2012-12-05T00:00:00.000+00:00
4i9z,2012-12-05T00:00:00.000+00:00
4ia0,2012-12-05T00:00:00.000+00:00
4iaw,2012-12-07T00:00:00.000+00:00
4iax,2012-12-07T00:00:00.000+00:00
4ib5,2012-12-08T00:00:00.000+00:00
4ibb,2012-12-08T00:00:00.000+00:00
4ibc,2012-12-08T00:00:00.000+00:00
4ibd,2012-12-08T00:00:00.000+00:00
4ibe,2012-12-08T00:00:00.000+00:00
4ibf,2012-12-08T00:00:00.000+00:00
4ibg,2012-12-08T00:00:00.000+00:00
4ibi,2012-12-08T00:00:00.000+00:00
4ibj,2012-12-08T00:00:00.000+00:00
4ibk,2012-12-08T00:00:00.000+00:00
4ibm,2012-12-08T00:00:00.000+00:00
4idt,2012-12-13T00:00:00.000+00:00
4idv,2012-12-13T00:00:00.000+00:00
4idz,2012-12-13T00:00:00.000+00:00
4ie0,2012-12-13T00:00:00.000+00:00
4ie2,2012-12-13T00:00:00.000+00:00
4ie3,2012-12-13T00:00:00.000+00:00
4ie4,2012-12-13T00:00:00.000+00:00
4ie5,2012-12-13T00:00:00.000+00:00
4ie6,2012-12-13T00:00:00.000+00:00
4ie7,2012-12-13T00:00:00.000+00:00
4ieh,2012-12-13T00:00:00.000+00:00
4ifh,2012-12-14T00:00:00.000+00:00
4ifi,2012-12-14T00:00:00.000+00:00
4igk,2012-12-17T00:00:00.000+00:00
4igq,2012-12-17T00:00:00.000+00:00
4igr,2012-12-18T00:00:00.000+00:00
4igt,2012-12-18T00:00:00.000+00:00
4ih3,2012-12-18T00:00:00.000+00:00
4ih6,2012-12-18T00:00:00.000+00:00
4iho,2012-12-19T00:00:00.000+00:00
4ii9,2012-12-20T00:00:00.000+00:00
4iic,2012-12-20T00:00:00.000+00:00
4iid,2012-12-20T00:00:00.000+00:00
4iie,2012-12-20T00:00:00.000+00:00
4iif,2012-12-20T00:00:00.000+00:00
4ij1,2012-12-20T00:00:00.000+00:00
4ijh,2012-12-21T00:00:00.000+00:00
4ijl,2012-12-21T00:00:00.000+00:00
4ijp,2012-12-22T00:00:00.000+00:00
4ijq,2012-12-22T00:00:00.000+00:00
4ikn,2012-12-26T00:00:00.000+00:00
4ikr,2012-12-28T00:00:00.000+00:00
4iks,2012-12-28T00:00:00.000+00:00
4ikt,2012-12-28T00:00:00.000+00:00
4iku,2012-12-28T00:00:00.000+00:00
4im0,2013-01-01T00:00:00.000+00:00
4imq,2013-01-03T00:00:00.000+00:00
4imz,2013-01-03T00:00:00.000+00:00
4in9,2013-01-04T00:00:00.000+00:00
4inb,2013-01-04T00:00:00.000+00:00
4inh,2013-01-04T00:00:00.000+00:00
4int,2013-01-06T00:00:00.000+00:00
4io2,2013-01-07T00:00:00.000+00:00
4io3,2013-01-07T00:00:00.000+00:00
4io4,2013-01-07T00:00:00.000+00:00
4io5,2013-01-07T00:00:00.000+00:00
4io6,2013-01-07T00:00:00.000+00:00
4io7,2013-01-07T00:00:00.000+00:00
4io8,2013-01-07T00:00:00.000+00:00
4ipf,2013-01-09T00:00:00.000+00:00
4ipi,2013-01-09T00:00:00.000+00:00
4ipj,2013-01-09T00:00:00.000+00:00
4ipn,2013-01-10T00:00:00.000+00:00
4iq6,2013-01-10T00:00:00.000+00:00
4iqt,2013-01-13T00:00:00.000+00:00
4iqu,2013-01-13T00:00:00.000+00:00
4ir5,2013-01-14T00:00:00.000+00:00
4ir6,2013-01-14T00:00:00.000+00:00
4irx,2013-01-15T00:00:00.000+00:00
4is6,2013-01-16T00:00:00.000+00:00
4ish,2013-01-16T00:00:00.000+00:00
4isi,2013-01-16T00:00:00.000+00:00
4isu,2013-01-17T00:00:00.000+00:00
4ith,2013-01-18T00:00:00.000+00:00
4iti,2013-01-18T00:00:00.000+00:00
4itj,2013-01-18T00:00:00.000+00:00
4itp,2013-01-18T00:00:00.000+00:00
4iu0,2013-01-19T00:00:00.000+00:00
4iu1,2013-01-19T00:00:00.000+00:00
4iu4,2013-01-19T00:00:00.000+00:00
4iue,2013-01-21T00:00:00.000+00:00
4iuo,2013-01-21T00:00:00.000+00:00
4iur,2013-01-21T00:00:00.000+00:00
4iut,2013-01-21T00:00:00.000+00:00
4iuu,2013-01-21T00:00:00.000+00:00
4iuv,2013-01-21T00:00:00.000+00:00
4iva,2013-01-22T00:00:00.000+00:00
4ivk,2013-01-23T00:00:00.000+00:00
4ivs,2013-01-23T00:00:00.000+00:00
4ivt,2013-01-23T00:00:00.000+00:00
4iwd,2013-01-23T00:00:00.000+00:00
4iwz,2013-01-24T00:00:00.000+00:00
4ixh,2013-01-25T00:00:00.000+00:00
4ixu,2013-01-28T00:00:00.000+00:00
4ixv,2013-01-28T00:00:00.000+00:00
4iz0,2013-01-29T00:00:00.000+00:00
4izm,2013-01-30T00:00:00.000+00:00
4izy,2013-01-30T00:00:00.000+00:00
4j03,2013-01-30T00:00:00.000+00:00
4j04,2013-01-30T00:00:00.000+00:00
4j06,2013-01-30T00:00:00.000+00:00
4j08,2013-01-30T00:00:00.000+00:00
4j09,2013-01-30T00:00:00.000+00:00
4j0a,2013-01-30T00:00:00.000+00:00
4j0p,2013-01-31T00:00:00.000+00:00
4j0r,2013-01-31T00:00:00.000+00:00
4j0s,2013-01-31T00:00:00.000+00:00
4j0t,2013-01-31T00:00:00.000+00:00
4j0v,2013-01-31T00:00:00.000+00:00
4j0y,2013-01-31T00:00:00.000+00:00
4j0z,2013-01-31T00:00:00.000+00:00
4j17,2013-02-01T00:00:00.000+00:00
4j1c,2013-02-01T00:00:00.000+00:00
4j1e,2013-02-01T00:00:00.000+00:00
4j1f,2013-02-01T00:00:00.000+00:00
4j1h,2013-02-01T00:00:00.000+00:00
4j1i,2013-02-01T00:00:00.000+00:00
4j1k,2013-02-01T00:00:00.000+00:00
4j1p,2013-02-01T00:00:00.000+00:00
4j22,2013-02-04T00:00:00.000+00:00
4j24,2013-02-04T00:00:00.000+00:00
4j26,2013-02-04T00:00:00.000+00:00
4j2c,2013-02-04T00:00:00.000+00:00
4j2t,2013-02-05T00:00:00.000+00:00
4j3d,2013-02-05T00:00:00.000+00:00
4j3e,2013-02-05T00:00:00.000+00:00
4j3i,2013-02-05T00:00:00.000+00:00
4j3j,2013-02-05T00:00:00.000+00:00
4j3m,2013-02-06T00:00:00.000+00:00
4j3u,2013-02-06T00:00:00.000+00:00
4j44,2013-02-06T00:00:00.000+00:00
4j45,2013-02-06T00:00:00.000+00:00
4j46,2013-02-06T00:00:00.000+00:00
4j47,2013-02-06T00:00:00.000+00:00
4j48,2013-02-06T00:00:00.000+00:00
4j4n,2013-02-07T00:00:00.000+00:00
4j4o,2013-02-07T00:00:00.000+00:00
4j4v,2013-02-07T00:00:00.000+00:00
4j51,2013-02-07T00:00:00.000+00:00
4j52,2013-02-07T00:00:00.000+00:00
4j53,2013-02-07T00:00:00.000+00:00
4j58,2013-02-08T00:00:00.000+00:00
4j59,2013-02-08T00:00:00.000+00:00
4j5b,2013-02-08T00:00:00.000+00:00
4j5c,2013-02-08T00:00:00.000+00:00
4j5d,2013-02-08T00:00:00.000+00:00
4j5e,2013-02-08T00:00:00.000+00:00
4j5p,2013-02-08T00:00:00.000+00:00
4j6i,2013-02-11T00:00:00.000+00:00
4j70,2013-02-12T00:00:00.000+00:00
4j73,2013-02-12T00:00:00.000+00:00
4j74,2013-02-12T00:00:00.000+00:00
4j77,2013-02-12T00:00:00.000+00:00
4j78,2013-02-12T00:00:00.000+00:00
4j79,2013-02-12T00:00:00.000+00:00
4j7d,2013-02-13T00:00:00.000+00:00
4j7e,2013-02-13T00:00:00.000+00:00
4j7i,2013-02-13T00:00:00.000+00:00
4j81,2013-02-14T00:00:00.000+00:00
4j82,2013-02-14T00:00:00.000+00:00
4j84,2013-02-14T00:00:00.000+00:00
4j86,2013-02-14T00:00:00.000+00:00
4j8b,2013-02-14T00:00:00.000+00:00
4j8g,2013-02-14T00:00:00.000+00:00
4j8m,2013-02-14T00:00:00.000+00:00
4j8r,2013-02-14T00:00:00.000+00:00
4j8s,2013-02-14T00:00:00.000+00:00
4j8t,2013-02-14T00:00:00.000+00:00
4j93,2013-02-15T00:00:00.000+00:00
4j9a,2013-02-15T00:00:00.000+00:00
4jai,2013-02-18T00:00:00.000+00:00
4jaj,2013-02-18T00:00:00.000+00:00
4jal,2013-02-18T00:00:00.000+00:00
4jaz,2013-02-19T00:00:00.000+00:00
4jbl,2013-02-19T00:00:00.000+00:00
4jbo,2013-02-20T00:00:00.000+00:00
4jbp,2013-02-20T00:00:00.000+00:00
4jc1,2013-02-21T00:00:00.000+00:00
4jck,2013-02-22T00:00:00.000+00:00
4jda,2013-02-24T00:00:00.000+00:00
4jdf,
4je7,2013-02-26T00:00:00.000+00:00
4je8,2013-02-26T00:00:00.000+00:00
4jfd,2013-02-28T00:00:00.000+00:00
4jfe,2013-02-28T00:00:00.000+00:00
4jff,2013-02-28T00:00:00.000+00:00
4jfi,2013-02-28T00:00:00.000+00:00
4jfj,2013-02-28T00:00:00.000+00:00
4jfk,2013-02-28T00:00:00.000+00:00
4jfl,2013-02-28T00:00:00.000+00:00
4jfm,2013-02-28T00:00:00.000+00:00
4jft,2013-02-28T00:00:00.000+00:00
4jfv,2013-02-28T00:00:00.000+00:00
4jfw,2013-02-28T00:00:00.000+00:00
4jfx,2013-02-28T00:00:00.000+00:00
4jg0,2013-02-28T00:00:00.000+00:00
4jg6,2013-02-28T00:00:00.000+00:00
4jg7,2013-02-28T00:00:00.000+00:00
4jg8,2013-02-28T00:00:00.000+00:00
4jgv,2013-03-04T00:00:00.000+00:00
4jh0,2013-03-04T00:00:00.000+00:00
4jhq,2013-03-05T00:00:00.000+00:00
4jht,2013-03-05T00:00:00.000+00:00
4jhz,2013-03-05T00:00:00.000+00:00
4jib,2013-03-05T00:00:00.000+00:00
4jik,2013-03-06T00:00:00.000+00:00
4jin,2013-03-06T00:00:00.000+00:00
4jit,2013-03-07T00:00:00.000+00:00
4jj7,2013-03-07T00:00:00.000+00:00
4jj8,2013-03-07T00:00:00.000+00:00
4jje,2013-03-07T00:00:00.000+00:00
4jjm,2013-03-08T00:00:00.000+00:00
4jjq,2013-03-08T00:00:00.000+00:00
4jjs,2013-03-08T00:00:00.000+00:00
4jju,2013-03-08T00:00:00.000+00:00
4jk5,2013-03-09T00:00:00.000+00:00
4jk6,2013-03-09T00:00:00.000+00:00
4jkt,2013-03-11T00:00:00.000+00:00
4jkw,2013-03-12T00:00:00.000+00:00
4jlg,2013-03-12T00:00:00.000+00:00
4jlh,2013-03-12T00:00:00.000+00:00
4jlj,2013-03-12T00:00:00.000+00:00
4jlm,2013-03-12T00:00:00.000+00:00
4jln,2013-03-12T00:00:00.000+00:00
4jls,2013-03-12T00:00:00.000+00:00
4jmg,2013-03-14T00:00:00.000+00:00
4jmu,2013-03-14T00:00:00.000+00:00
4jmx,2013-03-14T00:00:00.000+00:00
4jn2,2013-03-14T00:00:00.000+00:00
4jn4,2013-03-14T00:00:00.000+00:00
4jnc,2013-03-15T00:00:00.000+00:00
4jne,2013-03-15T00:00:00.000+00:00
4jnj,2013-03-15T00:00:00.000+00:00
4jnm,2013-03-15T00:00:00.000+00:00
4joa,2013-03-18T00:00:00.000+00:00
4joe,2013-03-18T00:00:00.000+00:00
4jof,2013-03-18T00:00:00.000+00:00
4jog,2013-03-18T00:00:00.000+00:00
4joh,2013-03-18T00:00:00.000+00:00
4joj,2013-03-18T00:00:00.000+00:00
4jok,2013-03-18T00:00:00.000+00:00
4joo,2013-03-18T00:00:00.000+00:00
4jp9,2013-03-19T00:00:00.000+00:00
4jpa,2013-03-19T00:00:00.000+00:00
4jpc,2013-03-19T00:00:00.000+00:00
4jpe,2013-03-19T00:00:00.000+00:00
4jps,2013-03-19T00:00:00.000+00:00
4jpx,2013-03-19T00:00:00.000+00:00
4jpy,2013-03-19T00:00:00.000+00:00
4jq7,2013-03-20T00:00:00.000+00:00
4jq8,2013-03-20T00:00:00.000+00:00
4jql,2013-03-20T00:00:00.000+00:00
4jr0,2013-03-20T00:00:00.000+00:00
4jr3,2013-03-21T00:00:00.000+00:00
4jr5,2013-03-21T00:00:00.000+00:00
4jrg,2013-03-21T00:00:00.000+00:00
4jrv,2013-03-22T00:00:00.000+00:00
4jsa,2013-03-22T00:00:00.000+00:00
4jsc,2013-03-22T00:00:00.000+00:00
4jsr,2013-03-22T00:00:00.000+00:00
4jss,2013-03-22T00:00:00.000+00:00
4jt8,2013-03-22T00:00:00.000+00:00
4jt9,2013-03-22T00:00:00.000+00:00
4ju3,2013-03-24T00:00:00.000+00:00
4ju4,2013-03-24T00:00:00.000+00:00
4ju6,2013-03-24T00:00:00.000+00:00
4ju7,2013-03-24T00:00:00.000+00:00
4jv6,2013-03-25T00:00:00.000+00:00
4jv7,2013-03-25T00:00:00.000+00:00
4jv8,2013-03-25T00:00:00.000+00:00
4jv9,2013-03-25T00:00:00.000+00:00
4jvb,2013-03-25T00:00:00.000+00:00
4jve,2013-03-25T00:00:00.000+00:00
4jvi,2013-03-25T00:00:00.000+00:00
4jvj,2013-03-25T00:00:00.000+00:00
4jvq,2013-03-26T00:00:00.000+00:00
4jwk,2013-03-27T00:00:00.000+00:00
4jwr,2013-03-27T00:00:00.000+00:00
4jx7,2013-03-27T00:00:00.000+00:00
4jx9,2013-03-28T00:00:00.000+00:00
4jxv,2013-03-28T00:00:00.000+00:00
4jxw,2013-03-28T00:00:00.000+00:00
4jym,2013-03-30T00:00:00.000+00:00
4jyt,2013-04-01T00:00:00.000+00:00
4jyu,2013-04-01T00:00:00.000+00:00
4jyv,2013-04-01T00:00:00.000+00:00
4jz1,2013-04-02T00:00:00.000+00:00
4jzd,2013-04-02T00:00:00.000+00:00
4jze,2013-04-02T00:00:00.000+00:00
4jzf,2013-04-02T00:00:00.000+00:00
4jzi,2013-04-03T00:00:00.000+00:00
4jzr,2013-04-03T00:00:00.000+00:00
4k0o,2013-04-04T00:00:00.000+00:00
4k0u,2013-04-04T00:00:00.000+00:00
4k0y,2013-04-04T00:00:00.000+00:00
4k19,2013-04-04T00:00:00.000+00:00
4k1b,2013-04-04T00:00:00.000+00:00
4k1e,2013-04-04T00:00:00.000+00:00
4k2f,2013-04-09T00:00:00.000+00:00
4k2g,2013-04-09T00:00:00.000+00:00
4k2y,2013-04-09T00:00:00.000+00:00
4k3h,2013-04-10T00:00:00.000+00:00
4k3k,2013-04-10T00:00:00.000+00:00
4k3l,2013-04-10T00:00:00.000+00:00
4k3m,2013-04-11T00:00:00.000+00:00
4k3n,2013-04-11T00:00:00.000+00:00
4k3o,2013-04-11T00:00:00.000+00:00
4k3p,2013-04-11T00:00:00.000+00:00
4k3q,2013-04-11T00:00:00.000+00:00
4k3r,2013-04-11T00:00:00.000+00:00
4k42,2013-04-11T00:00:00.000+00:00
4k43,2013-04-11T00:00:00.000+00:00
4k4e,2013-04-12T00:00:00.000+00:00
4k4f,2013-04-12T00:00:00.000+00:00
4k4j,2013-04-12T00:00:00.000+00:00
4k55,2013-04-13T00:00:00.000+00:00
4k5l,2013-04-14T00:00:00.000+00:00
4k5m,2013-04-14T00:00:00.000+00:00
4k5n,2013-04-15T00:00:00.000+00:00
4k5o,2013-04-15T00:00:00.000+00:00
4k5p,2013-04-15T00:00:00.000+00:00
4k5y,2013-04-15T00:00:00.000+00:00
4k5z,2013-04-15T00:00:00.000+00:00
4k60,2013-04-15T00:00:00.000+00:00
4k63,2013-04-15T00:00:00.000+00:00
4k64,2013-04-15T00:00:00.000+00:00
4k66,2013-04-15T00:00:00.000+00:00
4k67,2013-04-15T00:00:00.000+00:00
4k69,2013-04-15T00:00:00.000+00:00
4k6i,2013-04-15T00:00:00.000+00:00
4k6t,2013-04-16T00:00:00.000+00:00
4k6u,2013-04-16T00:00:00.000+00:00
4k6v,2013-04-16T00:00:00.000+00:00
4k6w,2013-04-16T00:00:00.000+00:00
4k6y,2013-04-16T00:00:00.000+00:00
4k6z,2013-04-16T00:00:00.000+00:00
4k72,2013-04-16T00:00:00.000+00:00
4k75,2013-04-16T00:00:00.000+00:00
4k76,2013-04-16T00:00:00.000+00:00
4k78,2013-04-16T00:00:00.000+00:00
4k7i,2013-04-17T00:00:00.000+00:00
4k7n,2013-04-17T00:00:00.000+00:00
4k7o,2013-04-17T00:00:00.000+00:00
4k8a,2013-04-18T00:00:00.000+00:00
4k8o,2013-04-18T00:00:00.000+00:00
4k8s,2013-04-18T00:00:00.000+00:00
4k9g,2013-04-19T00:00:00.000+00:00
4k9h,2013-04-19T00:00:00.000+00:00
4k9y,2013-04-21T00:00:00.000+00:00
4kab,2013-04-22T00:00:00.000+00:00
4kai,2013-04-22T00:00:00.000+00:00
4kao,2013-04-22T00:00:00.000+00:00
4kb7,2013-04-23T00:00:00.000+00:00
4kb8,2013-04-23T00:00:00.000+00:00
4kb9,2013-04-23T00:00:00.000+00:00
4kba,2013-04-23T00:00:00.000+00:00
4kbc,2013-04-23T00:00:00.000+00:00
4kbi,2013-04-23T00:00:00.000+00:00
4kbk,2013-04-23T00:00:00.000+00:00
4kby,2013-04-24T00:00:00.000+00:00
4kc1,2013-04-24T00:00:00.000+00:00
4kc2,2013-04-24T00:00:00.000+00:00
4kc4,2013-04-24T00:00:00.000+00:00
4kcg,2013-04-24T00:00:00.000+00:00
4kcx,2013-04-24T00:00:00.000+00:00
4ke0,2013-04-25T00:00:00.000+00:00
4ke1,2013-04-25T00:00:00.000+00:00
4keq,2013-04-26T00:00:00.000+00:00
4kfp,2013-04-27T00:00:00.000+00:00
4kfq,2013-04-27T00:00:00.000+00:00
4kif,2013-05-02T00:00:00.000+00:00
4kii,2013-05-02T00:00:00.000+00:00
4kij,2013-05-02T00:00:00.000+00:00
4kil,2013-05-02T00:00:00.000+00:00
4kin,2013-05-02T00:00:00.000+00:00
4kio,2013-05-02T00:00:00.000+00:00
4kip,2013-05-02T00:00:00.000+00:00
4kiq,2013-05-02T00:00:00.000+00:00
4kiu,2013-05-02T00:00:00.000+00:00
4kiw,2013-05-02T00:00:00.000+00:00
4kju,2013-05-03T00:00:00.000+00:00
4kjv,2013-05-03T00:00:00.000+00:00
4klb,2013-05-07T00:00:00.000+00:00
4kln,2013-05-07T00:00:00.000+00:00
4klv,2013-05-07T00:00:00.000+00:00
4km0,2013-05-07T00:00:00.000+00:00
4km2,2013-05-07T00:00:00.000+00:00
4kmd,2013-05-08T00:00:00.000+00:00
4kmu,2013-05-08T00:00:00.000+00:00
4kmz,2013-05-08T00:00:00.000+00:00
4kn0,2013-05-08T00:00:00.000+00:00
4kn1,2013-05-08T00:00:00.000+00:00
4kn2,2013-05-08T00:00:00.000+00:00
4kn4,2013-05-08T00:00:00.000+00:00
4kn7,2013-05-08T00:00:00.000+00:00
4knb,2013-05-09T00:00:00.000+00:00
4kne,2013-05-09T00:00:00.000+00:00
4kni,2013-05-10T00:00:00.000+00:00
4knj,2013-05-10T00:00:00.000+00:00
4knm,2013-05-10T00:00:00.000+00:00
4knn,2013-05-10T00:00:00.000+00:00
4knr,2013-05-10T00:00:00.000+00:00
4knx,2013-05-10T00:00:00.000+00:00
4ko8,2013-05-11T00:00:00.000+00:00
4kod,2013-05-11T00:00:00.000+00:00
4kom,2013-05-12T00:00:00.000+00:00
4kon,2013-05-12T00:00:00.000+00:00
4kot,2013-05-12T00:00:00.000+00:00
4kov,2013-05-12T00:00:00.000+00:00
4kow,2013-05-12T00:00:00.000+00:00
4kox,2013-05-12T00:00:00.000+00:00
4kp0,2013-05-12T00:00:00.000+00:00
4kp4,2013-05-13T00:00:00.000+00:00
4kp5,2013-05-13T00:00:00.000+00:00
4kp6,2013-05-13T00:00:00.000+00:00
4kp8,2013-05-13T00:00:00.000+00:00
4kpx,2013-05-14T00:00:00.000+00:00
4kpz,2013-05-14T00:00:00.000+00:00
4kql,2013-05-15T00:00:00.000+00:00
4kqo,2013-05-15T00:00:00.000+00:00
4kqp,2013-05-15T00:00:00.000+00:00
4kqq,2013-05-15T00:00:00.000+00:00
4kqr,2013-05-15T00:00:00.000+00:00
4krs,2013-05-17T00:00:00.000+00:00
4ks1,2013-05-17T00:00:00.000+00:00
4ks2,2013-05-17T00:00:00.000+00:00
4ks3,2013-05-17T00:00:00.000+00:00
4ks4,2013-05-17T00:00:00.000+00:00
4ks5,2013-05-17T00:00:00.000+00:00
4ksp,2013-05-17T00:00:00.000+00:00
4ksq,2013-05-17T00:00:00.000+00:00
4ktc,2013-05-20T00:00:00.000+00:00
4ktu,2013-05-21T00:00:00.000+00:00
4kup,2013-05-22T00:00:00.000+00:00
4kvm,2013-05-22T00:00:00.000+00:00
4kw6,2013-05-23T00:00:00.000+00:00
4kwf,2013-05-24T00:00:00.000+00:00
4kwg,2013-05-24T00:00:00.000+00:00
4kwo,2013-05-24T00:00:00.000+00:00
4kwp,2013-05-24T00:00:00.000+00:00
4kww,2013-05-24T00:00:00.000+00:00
4kx8,2013-05-24T00:00:00.000+00:00
4kxb,2013-05-24T00:00:00.000+00:00
4kxl,2013-05-27T00:00:00.000+00:00
4kxm,2013-05-27T00:00:00.000+00:00
4kxn,2013-05-27T00:00:00.000+00:00
4kyh,2013-05-29T00:00:00.000+00:00
4kyk,2013-05-29T00:00:00.000+00:00
4kz0,2013-05-29T00:00:00.000+00:00
4kz3,2013-05-29T00:00:00.000+00:00
4kz4,2013-05-29T00:00:00.000+00:00
4kz5,2013-05-29T00:00:00.000+00:00
4kz7,2013-05-29T00:00:00.000+00:00
4kz8,2013-05-29T00:00:00.000+00:00
4kza,2013-05-29T00:00:00.000+00:00
4kzb,2013-05-29T00:00:00.000+00:00
4kzc,2013-05-29T00:00:00.000+00:00
4kzl,2013-05-30T00:00:00.000+00:00
4l02,2013-05-30T00:00:00.000+00:00
4l09,2013-05-31T00:00:00.000+00:00
4l0b,2013-05-31T00:00:00.000+00:00
4l0i,2013-05-31T00:00:00.000+00:00
4l0l,2013-05-31T00:00:00.000+00:00
4l0s,2013-06-01T00:00:00.000+00:00
4l0t,2013-06-01T00:00:00.000+00:00
4l0v,2013-06-01T00:00:00.000+00:00
4l10,2013-06-01T00:00:00.000+00:00
4l19,2013-06-02T00:00:00.000+00:00
4l1a,2013-06-03T00:00:00.000+00:00
4l1u,2013-06-03T00:00:00.000+00:00
4l23,2013-06-04T00:00:00.000+00:00
4l2f,2013-06-04T00:00:00.000+00:00
4l2g,2013-06-04T00:00:00.000+00:00
4l2k,2013-06-04T00:00:00.000+00:00
4l2l,2013-06-04T00:00:00.000+00:00
4l2x,2013-06-04T00:00:00.000+00:00
4l31,2013-06-05T00:00:00.000+00:00
4l32,2013-06-05T00:00:00.000+00:00
4l33,2013-06-05T00:00:00.000+00:00
4l34,2013-06-05T00:00:00.000+00:00
4l3o,2013-06-06T00:00:00.000+00:00
4l3p,2013-06-06T00:00:00.000+00:00
4l4m,2013-06-08T00:00:00.000+00:00
4l4v,2013-06-09T00:00:00.000+00:00
4l4z,2013-06-10T00:00:00.000+00:00
4l50,2013-06-10T00:00:00.000+00:00
4l51,2013-06-10T00:00:00.000+00:00
4l52,2013-06-10T00:00:00.000+00:00
4l53,2013-06-10T00:00:00.000+00:00
4l58,2013-06-10T00:00:00.000+00:00
4l5j,2013-06-11T00:00:00.000+00:00
4l6q,2013-06-12T00:00:00.000+00:00
4l6s,2013-06-12T00:00:00.000+00:00
4l6t,2013-06-12T00:00:00.000+00:00
4l70,2013-06-13T00:00:00.000+00:00
4l7b,2013-06-13T00:00:00.000+00:00
4l7c,2013-06-13T00:00:00.000+00:00
4l7d,2013-06-13T00:00:00.000+00:00
4l7f,2013-06-13T00:00:00.000+00:00
4l7g,2013-06-13T00:00:00.000+00:00
4l7h,2013-06-13T00:00:00.000+00:00
4l7j,2013-06-13T00:00:00.000+00:00
4l7l,2013-06-14T00:00:00.000+00:00
4l7n,2013-06-14T00:00:00.000+00:00
4l7o,2013-06-14T00:00:00.000+00:00
4l7r,2013-06-14T00:00:00.000+00:00
4l7u,2013-06-14T00:00:00.000+00:00
4l8m,2013-06-17T00:00:00.000+00:00
4l9i,2013-06-18T00:00:00.000+00:00
4la7,2013-06-19T00:00:00.000+00:00
4lar,2013-06-20T00:00:00.000+00:00
4lbl,2013-06-20T00:00:00.000+00:00
4lbo,2013-06-20T00:00:00.000+00:00
4lbp,2013-06-20T00:00:00.000+00:00
4lbu,2013-06-21T00:00:00.000+00:00
4lc7,2013-06-21T00:00:00.000+00:00
4lch,2013-06-21T00:00:00.000+00:00
4led,2013-06-25T00:00:00.000+00:00
4len,2013-06-26T00:00:00.000+00:00
4leq,2013-06-26T00:00:00.000+00:00
4lg6,2013-06-27T00:00:00.000+00:00
4lge,2013-06-27T00:00:00.000+00:00
4lgg,2013-06-27T00:00:00.000+00:00
4lgh,2013-06-27T00:00:00.000+00:00
4lgu,2013-06-28T00:00:00.000+00:00
4lh2,2013-06-30T00:00:00.000+00:00
4lh3,2013-06-30T00:00:00.000+00:00
4lh5,2013-06-30T00:00:00.000+00:00
4lh6,2013-06-30T00:00:00.000+00:00
4lh7,2013-06-30T00:00:00.000+00:00
4li5,2013-07-02T00:00:00.000+00:00
4li6,2013-07-02T00:00:00.000+00:00
4li7,2013-07-02T00:00:00.000+00:00
4li8,2013-07-02T00:00:00.000+00:00
4lil,2013-07-02T00:00:00.000+00:00
4lj5,2013-07-04T00:00:00.000+00:00
4lj8,2013-07-04T00:00:00.000+00:00
4ljh,2013-07-04T00:00:00.000+00:00
4lk6,2013-07-06T00:00:00.000+00:00
4lk7,2013-07-06T00:00:00.000+00:00
4lkd,2013-07-07T00:00:00.000+00:00
4lke,2013-07-07T00:00:00.000+00:00
4lkf,2013-07-07T00:00:00.000+00:00
4lkg,2013-07-07T00:00:00.000+00:00
4lkh,2013-07-07T00:00:00.000+00:00
4lkj,2013-07-07T00:00:00.000+00:00
4lkk,2013-07-07T00:00:00.000+00:00
4lko,2013-07-08T00:00:00.000+00:00
4lkq,2013-07-08T00:00:00.000+00:00
4lkt,2013-07-08T00:00:00.000+00:00
4ll3,2013-07-09T00:00:00.000+00:00
4llj,2013-07-09T00:00:00.000+00:00
4llk,2013-07-09T00:00:00.000+00:00
4llp,2013-07-09T00:00:00.000+00:00
4lm0,2013-07-09T00:00:00.000+00:00
4lm1,2013-07-09T00:00:00.000+00:00
4lm2,2013-07-09T00:00:00.000+00:00
4lm3,2013-07-09T00:00:00.000+00:00
4lm4,2013-07-10T00:00:00.000+00:00
4lm5,2013-07-10T00:00:00.000+00:00
4lmn,2013-07-10T00:00:00.000+00:00
4lmu,2013-07-11T00:00:00.000+00:00
4ln2,2013-07-11T00:00:00.000+00:00
4ln7,2013-07-11T00:00:00.000+00:00
4lnb,2013-07-11T00:00:00.000+00:00
4lnf,2013-07-11T00:00:00.000+00:00
4lng,2013-07-11T00:00:00.000+00:00
4lno,2013-07-11T00:00:00.000+00:00
4lnp,2013-07-11T00:00:00.000+00:00
4lnw,2013-07-12T00:00:00.000+00:00
4loo,2013-07-13T00:00:00.000+00:00
4lop,2013-07-13T00:00:00.000+00:00
4loq,2013-07-13T00:00:00.000+00:00
4lov,2013-07-13T00:00:00.000+00:00
4loy,2013-07-14T00:00:00.000+00:00
4lp0,2013-07-14T00:00:00.000+00:00
4lp6,2013-07-15T00:00:00.000+00:00
4lp9,2013-07-15T00:00:00.000+00:00
4lpb,2013-07-15T00:00:00.000+00:00
4lpf,2013-07-16T00:00:00.000+00:00
4lpg,2013-07-16T00:00:00.000+00:00
4lph,2013-07-16T00:00:00.000+00:00
4lq3,2013-07-17T00:00:00.000+00:00
4lq9,2013-07-17T00:00:00.000+00:00
4lqg,2013-07-18T00:00:00.000+00:00
4lqy,2013-07-19T00:00:00.000+00:00
4lrh,2013-07-19T00:00:00.000+00:00
4lrr,2013-07-20T00:00:00.000+00:00
4lsj,2013-07-22T00:00:00.000+00:00
4lte,2013-07-23T00:00:00.000+00:00
4lts,2013-07-23T00:00:00.000+00:00
4luo,2013-07-25T00:00:00.000+00:00
4luv,2013-07-25T00:00:00.000+00:00
4luz,2013-07-25T00:00:00.000+00:00
4lv1,2013-07-25T00:00:00.000+00:00
4lv2,2013-07-25T00:00:00.000+00:00
4lv3,2013-07-25T00:00:00.000+00:00
4lv4,2013-07-25T00:00:00.000+00:00
4lvt,2013-07-26T00:00:00.000+00:00
4lw1,2013-07-26T00:00:00.000+00:00
4lwc,2013-07-26T00:00:00.000+00:00
4lwe,2013-07-27T00:00:00.000+00:00
4lwh,2013-07-27T00:00:00.000+00:00
4lwi,2013-07-27T00:00:00.000+00:00
4lwt,2013-07-28T00:00:00.000+00:00
4lwu,2013-07-28T00:00:00.000+00:00
4lwv,2013-07-28T00:00:00.000+00:00
4lww,2013-07-28T00:00:00.000+00:00
4lxa,2013-07-29T00:00:00.000+00:00
4lxb,2013-07-29T00:00:00.000+00:00
4lxd,2013-07-29T00:00:00.000+00:00
4lxk,2013-07-30T00:00:00.000+00:00
4lxm,2013-07-30T00:00:00.000+00:00
4lxz,2013-07-30T00:00:00.000+00:00
4ly1,2013-07-30T00:00:00.000+00:00
4ly9,2013-07-30T00:00:00.000+00:00
4lyn,2013-07-31T00:00:00.000+00:00
4lys,2013-07-31T00:00:00.000+00:00
4lyw,2013-07-31T00:00:00.000+00:00
4lzr,2013-08-01T00:00:00.000+00:00
4m0e,2013-08-01T00:00:00.000+00:00
4m0f,2013-08-01T00:00:00.000+00:00
4m0r,2013-08-02T00:00:00.000+00:00
4m12,2013-08-02T00:00:00.000+00:00
4m13,2013-08-02T00:00:00.000+00:00
4m14,2013-08-02T00:00:00.000+00:00
4m1d,2013-08-02T00:00:00.000+00:00
4m1j,2013-08-02T00:00:00.000+00:00
4m2r,2013-08-05T00:00:00.000+00:00
4m2u,2013-08-05T00:00:00.000+00:00
4m2v,2013-08-05T00:00:00.000+00:00
4m2w,2013-08-05T00:00:00.000+00:00
4m3b,2013-08-06T00:00:00.000+00:00
4m3d,2013-08-06T00:00:00.000+00:00
4m3e,2013-08-06T00:00:00.000+00:00
4m3f,2013-08-06T00:00:00.000+00:00
4m3g,2013-08-06T00:00:00.000+00:00
4m3m,2013-08-06T00:00:00.000+00:00
4m3p,2013-08-06T00:00:00.000+00:00
4m3q,2013-08-06T00:00:00.000+00:00
4m48,2013-08-06T00:00:00.000+00:00
4m4q,2013-08-07T00:00:00.000+00:00
4m5g,2013-08-08T00:00:00.000+00:00
4m5h,2013-08-08T00:00:00.000+00:00
4m5i,2013-08-08T00:00:00.000+00:00
4m5j,2013-08-08T00:00:00.000+00:00
4m5k,2013-08-08T00:00:00.000+00:00
4m5l,2013-08-08T00:00:00.000+00:00
4m5m,2013-08-08T00:00:00.000+00:00
4m5n,2013-08-08T00:00:00.000+00:00
4m5o,2013-08-08T00:00:00.000+00:00
4m5r,2013-08-08T00:00:00.000+00:00
4m5u,2013-08-08T00:00:00.000+00:00
4m6p,2013-08-10T00:00:00.000+00:00
4m6q,2013-08-10T00:00:00.000+00:00
4m6u,2013-08-11T00:00:00.000+00:00
4m7b,2013-08-12T00:00:00.000+00:00
4m7c,2013-08-12T00:00:00.000+00:00
4m7j,2013-08-12T00:00:00.000+00:00
4m7x,2013-08-12T00:00:00.000+00:00
4m7y,2013-08-12T00:00:00.000+00:00
4m84,2013-08-12T00:00:00.000+00:00
4m8e,2013-08-13T00:00:00.000+00:00
4m8h,2013-08-13T00:00:00.000+00:00
4m8t,2013-08-13T00:00:00.000+00:00
4m8x,2013-08-14T00:00:00.000+00:00
4m8y,2013-08-14T00:00:00.000+00:00
4man,2013-08-16T00:00:00.000+00:00
4mao,2013-08-16T00:00:00.000+00:00
4mb9,2013-08-19T00:00:00.000+00:00
4mbc,2013-08-19T00:00:00.000+00:00
4mbf,2013-08-19T00:00:00.000+00:00
4mbi,2013-08-19T00:00:00.000+00:00
4mbj,2013-08-19T00:00:00.000+00:00
4mbl,2013-08-19T00:00:00.000+00:00
4mbp,1997-08-17T00:00:00.000+00:00
4mc1,2013-08-21T00:00:00.000+00:00
4mc2,2013-08-21T00:00:00.000+00:00
4mc6,2013-08-21T00:00:00.000+00:00
4mc9,2013-08-21T00:00:00.000+00:00
4mcb,2013-08-21T00:00:00.000+00:00
4mcc,2013-08-21T00:00:00.000+00:00
4mcd,2013-08-21T00:00:00.000+00:00
4mcv,2013-08-21T00:00:00.000+00:00
4md6,2013-08-22T00:00:00.000+00:00
4mdn,2013-08-23T00:00:00.000+00:00
4mdq,2013-08-23T00:00:00.000+00:00
4mdr,2013-08-23T00:00:00.000+00:00
4mds,2013-08-23T00:00:00.000+00:00
4mdt,2013-08-23T00:00:00.000+00:00
4men,2013-08-27T00:00:00.000+00:00
4meo,2013-08-27T00:00:00.000+00:00
4mep,2013-08-27T00:00:00.000+00:00
4meq,2013-08-27T00:00:00.000+00:00
4mex,2013-08-27T00:00:00.000+00:00
4mf0,2013-08-27T00:00:00.000+00:00
4mf1,2013-08-27T00:00:00.000+00:00
4mfe,2013-08-27T00:00:00.000+00:00
4mg5,2013-08-28T00:00:00.000+00:00
4mg6,2013-08-28T00:00:00.000+00:00
4mg7,2013-08-28T00:00:00.000+00:00
4mg8,2013-08-28T00:00:00.000+00:00
4mg9,2013-08-28T00:00:00.000+00:00
4mga,2013-08-28T00:00:00.000+00:00
4mgb,2013-08-28T00:00:00.000+00:00
4mgc,2013-08-28T00:00:00.000+00:00
4mgv,2013-08-29T00:00:00.000+00:00
4mh7,2013-08-29T00:00:00.000+00:00
4mha,2013-08-29T00:00:00.000+00:00
4mho,2013-08-30T00:00:00.000+00:00
4mhs,2013-08-30T00:00:00.000+00:00
4mhy,2013-08-30T00:00:00.000+00:00
4mhz,2013-08-30T00:00:00.000+00:00
4mi3,2013-08-30T00:00:00.000+00:00
4mi6,2013-08-30T00:00:00.000+00:00
4mi9,2013-08-30T00:00:00.000+00:00
4mib,2013-08-30T00:00:00.000+00:00
4mic,2013-08-30T00:00:00.000+00:00
4mji,2013-09-03T00:00:00.000+00:00
4mjo,2013-09-04T00:00:00.000+00:00
4mjp,2013-09-04T00:00:00.000+00:00
4mjq,2013-09-04T00:00:00.000+00:00
4mjr,2013-09-04T00:00:00.000+00:00
4mk0,2013-09-04T00:00:00.000+00:00
4mk1,2013-09-04T00:00:00.000+00:00
4mk2,2013-09-04T00:00:00.000+00:00
4mk5,2013-09-04T00:00:00.000+00:00
4mk7,2013-09-04T00:00:00.000+00:00
4mk8,2013-09-04T00:00:00.000+00:00
4mk9,2013-09-04T00:00:00.000+00:00
4mka,2013-09-04T00:00:00.000+00:00
4mlt,2013-09-06T00:00:00.000+00:00
4mlx,2013-09-06T00:00:00.000+00:00
4mm4,2013-09-08T00:00:00.000+00:00
4mm5,2013-09-08T00:00:00.000+00:00
4mm6,2013-09-08T00:00:00.000+00:00
4mm7,2013-09-08T00:00:00.000+00:00
4mm8,2013-09-08T00:00:00.000+00:00
4mm9,2013-09-08T00:00:00.000+00:00
4mma,2013-09-08T00:00:00.000+00:00
4mmf,2013-09-08T00:00:00.000+00:00
4mmm,2013-09-09T00:00:00.000+00:00
4mmp,2013-09-09T00:00:00.000+00:00
4mn3,2013-09-09T00:00:00.000+00:00
4mnp,2013-09-11T00:00:00.000+00:00
4mnq,2013-09-11T00:00:00.000+00:00
4mnv,2013-09-11T00:00:00.000+00:00
4mnw,2013-09-11T00:00:00.000+00:00
4mnx,2013-09-11T00:00:00.000+00:00
4mny,2013-09-11T00:00:00.000+00:00
4mo4,2013-09-11T00:00:00.000+00:00
4mo8,2013-09-11T00:00:00.000+00:00
4mot,2013-09-12T00:00:00.000+00:00
4mp2,2013-09-12T00:00:00.000+00:00
4mp7,2013-09-12T00:00:00.000+00:00
4mpc,2013-09-12T00:00:00.000+00:00
4mpe,2013-09-12T00:00:00.000+00:00
4mpn,2013-09-13T00:00:00.000+00:00
4mq1,2013-09-15T00:00:00.000+00:00
4mq2,2013-09-15T00:00:00.000+00:00
4mq6,2013-09-15T00:00:00.000+00:00
4mqp,2013-09-16T00:00:00.000+00:00
4mqu,2013-09-16T00:00:00.000+00:00
4mr3,2013-09-17T00:00:00.000+00:00
4mr4,2013-09-17T00:00:00.000+00:00
4mr5,2013-09-17T00:00:00.000+00:00
4mr6,2013-09-17T00:00:00.000+00:00
4mra,2013-09-17T00:00:00.000+00:00
4mrd,2013-09-17T00:00:00.000+00:00
4mre,2013-09-17T00:00:00.000+00:00
4mrf,2013-09-17T00:00:00.000+00:00
4mrg,2013-09-17T00:00:00.000+00:00
4mrh,2013-09-17T00:00:00.000+00:00
4mro,2013-09-17T00:00:00.000+00:00
4mrw,2013-09-17T00:00:00.000+00:00
4mrz,2013-09-17T00:00:00.000+00:00
4ms0,2013-09-18T00:00:00.000+00:00
4msa,2013-09-18T00:00:00.000+00:00
4msc,2013-09-18T00:00:00.000+00:00
4mse,2013-09-18T00:00:00.000+00:00
4msg,2013-09-18T00:00:00.000+00:00
4msk,2013-09-18T00:00:00.000+00:00
4msl,2013-09-18T00:00:00.000+00:00
4msn,2013-09-18T00:00:00.000+00:00
4mss,2013-09-18T00:00:00.000+00:00
4msu,2013-09-18T00:00:00.000+00:00
4mt9,2013-09-19T00:00:00.000+00:00
4mti,2013-09-19T00:00:00.000+00:00
4mu7,2013-09-20T00:00:00.000+00:00
4mue,2013-09-21T00:00:00.000+00:00
4muf,2013-09-21T00:00:00.000+00:00
4muk,2013-09-22T00:00:00.000+00:00
4mul,2013-09-22T00:00:00.000+00:00
4muw,2013-09-23T00:00:00.000+00:00
4mvh,2013-09-24T00:00:00.000+00:00
4mvn,2013-09-24T00:00:00.000+00:00
4mvw,2013-09-24T00:00:00.000+00:00
4mvx,2013-09-24T00:00:00.000+00:00
4mvy,2013-09-24T00:00:00.000+00:00
4mw0,2013-09-24T00:00:00.000+00:00
4mw1,2013-09-24T00:00:00.000+00:00
4mw2,2013-09-24T00:00:00.000+00:00
4mw4,2013-09-24T00:00:00.000+00:00
4mw5,2013-09-24T00:00:00.000+00:00
4mw6,2013-09-24T00:00:00.000+00:00
4mw7,2013-09-24T00:00:00.000+00:00
4mw9,2013-09-24T00:00:00.000+00:00
4mwb,2013-09-24T00:00:00.000+00:00
4mwc,2013-09-24T00:00:00.000+00:00
4mwe,2013-09-24T00:00:00.000+00:00
4mwq,2013-09-25T00:00:00.000+00:00
4mwr,2013-09-25T00:00:00.000+00:00
4mwu,2013-09-25T00:00:00.000+00:00
4mwv,2013-09-25T00:00:00.000+00:00
4mww,2013-09-25T00:00:00.000+00:00
4mwx,2013-09-25T00:00:00.000+00:00
4mwy,2013-09-25T00:00:00.000+00:00
4mx0,2013-09-25T00:00:00.000+00:00
4mx1,2013-09-25T00:00:00.000+00:00
4mx5,2013-09-25T00:00:00.000+00:00
4mx9,2013-09-26T00:00:00.000+00:00
4mxa,2013-09-26T00:00:00.000+00:00
4mxc,2013-09-26T00:00:00.000+00:00
4my6,2013-09-27T00:00:00.000+00:00
4myd,2013-09-27T00:00:00.000+00:00
4myh,2013-09-27T00:00:00.000+00:00
4myq,2013-09-27T00:00:00.000+00:00
4mz4,2013-09-29T00:00:00.000+00:00
4mz5,2013-09-29T00:00:00.000+00:00
4mz6,2013-09-29T00:00:00.000+00:00
4mzf,2013-09-30T00:00:00.000+00:00
4mzh,2013-09-30T00:00:00.000+00:00
4mzj,2013-09-30T00:00:00.000+00:00
4mzk,2013-09-30T00:00:00.000+00:00
4mzl,2013-09-30T00:00:00.000+00:00
4mzo,2013-09-30T00:00:00.000+00:00
4mzs,2013-09-30T00:00:00.000+00:00
4n00,2013-09-30T00:00:00.000+00:00
4n07,2013-10-01T00:00:00.000+00:00
4n1b,2013-10-03T00:00:00.000+00:00
4n1t,2013-10-04T00:00:00.000+00:00
4n1u,2013-10-04T00:00:00.000+00:00
4n1z,2013-10-04T00:00:00.000+00:00
4n3r,2013-10-07T00:00:00.000+00:00
4n3w,2013-10-07T00:00:00.000+00:00
4n4s,2013-10-08T00:00:00.000+00:00
4n4t,2013-10-08T00:00:00.000+00:00
4n4v,2013-10-08T00:00:00.000+00:00
4n5d,2013-10-09T00:00:00.000+00:00
4n5g,2013-10-09T00:00:00.000+00:00
4n5t,2013-10-10T00:00:00.000+00:00
4n6g,2013-10-11T00:00:00.000+00:00
4n6h,2013-10-12T00:00:00.000+00:00
4n6y,2013-10-14T00:00:00.000+00:00
4n6z,2013-10-14T00:00:00.000+00:00
4n70,2013-10-14T00:00:00.000+00:00
4n7e,2013-10-15T00:00:00.000+00:00
4n7g,2013-10-15T00:00:00.000+00:00
4n7h,2013-10-15T00:00:00.000+00:00
4n7j,2013-10-15T00:00:00.000+00:00
4n7m,2013-10-15T00:00:00.000+00:00
4n7u,2013-10-16T00:00:00.000+00:00
4n7y,2013-10-16T00:00:00.000+00:00
4n84,2013-10-17T00:00:00.000+00:00
4n8d,2013-10-17T00:00:00.000+00:00
4n8e,2013-10-17T00:00:00.000+00:00
4n8q,2013-10-17T00:00:00.000+00:00
4n8r,2013-10-17T00:00:00.000+00:00
4n98,2013-10-19T00:00:00.000+00:00
4n99,2013-10-19T00:00:00.000+00:00
4n9a,2013-10-19T00:00:00.000+00:00
4n9b,2013-10-20T00:00:00.000+00:00
4n9c,2013-10-20T00:00:00.000+00:00
4n9d,2013-10-20T00:00:00.000+00:00
4n9e,2013-10-20T00:00:00.000+00:00
4na4,2013-10-21T00:00:00.000+00:00
4na7,2013-10-21T00:00:00.000+00:00
4na8,2013-10-21T00:00:00.000+00:00
4na9,2013-10-21T00:00:00.000+00:00
4nah,2013-10-22T00:00:00.000+00:00
4nak,2013-10-22T00:00:00.000+00:00
4nal,2013-10-22T00:00:00.000+00:00
4nan,2013-10-22T00:00:00.000+00:00
4nat,2013-10-22T00:00:00.000+00:00
4nau,2013-10-22T00:00:00.000+00:00
4nb3,2013-10-22T00:00:00.000+00:00
4nb6,2013-10-22T00:00:00.000+00:00
4nbk,2013-10-23T00:00:00.000+00:00
4nbl,2013-10-23T00:00:00.000+00:00
4nbn,2013-10-23T00:00:00.000+00:00
4ncg,2013-10-24T00:00:00.000+00:00
4ncm,2013-10-24T00:00:00.000+00:00
4nct,2013-10-25T00:00:00.000+00:00
4ndu,2013-10-27T00:00:00.000+00:00
4ng9,2013-11-01T00:00:00.000+00:00
4nga,2013-11-01T00:00:00.000+00:00
4ngm,2013-11-02T00:00:00.000+00:00
4ngn,2013-11-02T00:00:00.000+00:00
4ngp,2013-11-02T00:00:00.000+00:00
4ngq,2013-11-02T00:00:00.000+00:00
4ngr,2013-11-02T00:00:00.000+00:00
4ngs,2013-11-02T00:00:00.000+00:00
4ngt,2013-11-02T00:00:00.000+00:00
4nh7,2013-11-04T00:00:00.000+00:00
4nh8,2013-11-04T00:00:00.000+00:00
4nh9,2013-11-04T00:00:00.000+00:00
4nhc,2013-11-04T00:00:00.000+00:00
4nhx,2013-11-05T00:00:00.000+00:00
4nhy,2013-11-05T00:00:00.000+00:00
4nie,2013-11-06T00:00:00.000+00:00
4nj3,2013-11-08T00:00:00.000+00:00
4nj9,2013-11-08T00:00:00.000+00:00
4nja,2013-11-08T00:00:00.000+00:00
4njd,2013-11-09T00:00:00.000+00:00
4nk3,2013-11-12T00:00:00.000+00:00
4nk9,2013-11-12T00:00:00.000+00:00
4nka,2013-11-12T00:00:00.000+00:00
4nks,2013-11-13T00:00:00.000+00:00
4nkt,2013-11-13T00:00:00.000+00:00
4nku,2013-11-13T00:00:00.000+00:00
4nl1,2013-11-13T00:00:00.000+00:00
4nld,2013-11-14T00:00:00.000+00:00
4nmo,2013-11-15T00:00:00.000+00:00
4nmp,2013-11-15T00:00:00.000+00:00
4nmq,2013-11-15T00:00:00.000+00:00
4nmr,2013-11-15T00:00:00.000+00:00
4nms,2013-11-15T00:00:00.000+00:00
4nmt,2013-11-15T00:00:00.000+00:00
4nmv,2013-11-15T00:00:00.000+00:00
4nmx,2013-11-15T00:00:00.000+00:00
4nni,2013-11-18T00:00:00.000+00:00
4nnn,2013-11-18T00:00:00.000+00:00
4nnr,2013-11-18T00:00:00.000+00:00
4nnw,2013-11-19T00:00:00.000+00:00
4no1,2013-11-19T00:00:00.000+00:00
4no6,2013-11-19T00:00:00.000+00:00
4no8,2013-11-19T00:00:00.000+00:00
4no9,2013-11-19T00:00:00.000+00:00
4np2,2013-11-20T00:00:00.000+00:00
4np3,2013-11-20T00:00:00.000+00:00
4np9,2013-11-21T00:00:00.000+00:00
4npv,2013-11-22T00:00:00.000+00:00
4nq6,2013-11-23T00:00:00.000+00:00
4nra,2013-11-26T00:00:00.000+00:00
4nrb,2013-11-26T00:00:00.000+00:00
4nrc,2013-11-26T00:00:00.000+00:00
4nrk,2013-11-26T00:00:00.000+00:00
4nrl,2013-11-26T00:00:00.000+00:00
4nrm,2013-11-27T00:00:00.000+00:00
4nro,2013-11-27T00:00:00.000+00:00
4nrp,2013-11-27T00:00:00.000+00:00
4nrq,2013-11-27T00:00:00.000+00:00
4nrt,2013-11-27T00:00:00.000+00:00
4nru,2013-11-27T00:00:00.000+00:00
4ntj,2013-12-02T00:00:00.000+00:00
4nuc,2013-12-03T00:00:00.000+00:00
4nud,2013-12-03T00:00:00.000+00:00
4nue,2013-12-03T00:00:00.000+00:00
4nuf,2013-12-03T00:00:00.000+00:00
4nus,2013-12-04T00:00:00.000+00:00
4nvp,2013-12-05T00:00:00.000+00:00
4nvq,2013-12-05T00:00:00.000+00:00
4nw2,2013-12-05T00:00:00.000+00:00
4nw5,2013-12-05T00:00:00.000+00:00
4nw6,2013-12-05T00:00:00.000+00:00
4nw7,2013-12-05T00:00:00.000+00:00
4nwc,2013-12-06T00:00:00.000+00:00
4nwd,2013-12-06T00:00:00.000+00:00
4nwk,2013-12-06T00:00:00.000+00:00
4nwm,2013-12-06T00:00:00.000+00:00
4nxo,2013-12-09T00:00:00.000+00:00
4nxq,2013-12-09T00:00:00.000+00:00
4nxr,2013-12-09T00:00:00.000+00:00
4nxs,2013-12-09T00:00:00.000+00:00
4nxu,2013-12-09T00:00:00.000+00:00
4ny3,2013-12-10T00:00:00.000+00:00
4nyf,2013-12-10T00:00:00.000+00:00
4nyi,2013-12-10T00:00:00.000+00:00
4nyj,2013-12-10T00:00:00.000+00:00
4nym,2013-12-10T00:00:00.000+00:00
4nyt,2013-12-11T00:00:00.000+00:00
4nzb,2013-12-11T00:00:00.000+00:00
4nzm,2013-12-12T00:00:00.000+00:00
4nzn,2013-12-12T00:00:00.000+00:00
4nzo,2013-12-12T00:00:00.000+00:00
4o04,2013-12-13T00:00:00.000+00:00
4o05,2013-12-13T00:00:00.000+00:00
4o07,2013-12-13T00:00:00.000+00:00
4o09,2013-12-13T00:00:00.000+00:00
4o0a,2013-12-13T00:00:00.000+00:00
4o0b,2013-12-13T00:00:00.000+00:00
4o0j,2013-12-13T00:00:00.000+00:00
4o0r,2013-12-14T00:00:00.000+00:00
4o0t,2013-12-14T00:00:00.000+00:00
4o0v,2013-12-14T00:00:00.000+00:00
4o0x,2013-12-14T00:00:00.000+00:00
4o0y,2013-12-14T00:00:00.000+00:00
4o0z,2013-12-14T00:00:00.000+00:00
4o10,2013-12-14T00:00:00.000+00:00
4o12,2013-12-14T00:00:00.000+00:00
4o13,2013-12-15T00:00:00.000+00:00
4o15,2013-12-15T00:00:00.000+00:00
4o1b,2013-12-15T00:00:00.000+00:00
4o1d,2013-12-15T00:00:00.000+00:00
4o1l,2013-12-16T00:00:00.000+00:00
4o24,2013-12-16T00:00:00.000+00:00
4o28,2013-12-17T00:00:00.000+00:00
4o2a,2013-12-17T00:00:00.000+00:00
4o2b,2013-12-17T00:00:00.000+00:00
4o2c,2013-12-17T00:00:00.000+00:00
4o2e,2013-12-17T00:00:00.000+00:00
4o2f,2013-12-17T00:00:00.000+00:00
4o2p,2013-12-17T00:00:00.000+00:00
4o36,2013-12-18T00:00:00.000+00:00
4o37,2013-12-18T00:00:00.000+00:00
4o3a,2013-12-18T00:00:00.000+00:00
4o3b,2013-12-18T00:00:00.000+00:00
4o3c,2013-12-18T00:00:00.000+00:00
4o3f,2013-12-18T00:00:00.000+00:00
4o3t,2013-12-18T00:00:00.000+00:00
4o3u,2013-12-18T00:00:00.000+00:00
4o42,2013-12-18T00:00:00.000+00:00
4o43,2013-12-18T00:00:00.000+00:00
4o44,2013-12-18T00:00:00.000+00:00
4o45,2013-12-18T00:00:00.000+00:00
4o4g,2013-12-18T00:00:00.000+00:00
4o4k,2013-12-18T00:00:00.000+00:00
4o4r,2013-12-19T00:00:00.000+00:00
4o4y,2013-12-19T00:00:00.000+00:00
4o55,2013-12-19T00:00:00.000+00:00
4o5b,2013-12-19T00:00:00.000+00:00
4o5g,2013-12-19T00:00:00.000+00:00
4o61,2013-12-20T00:00:00.000+00:00
4o62,2013-12-20T00:00:00.000+00:00
4o6e,2013-12-20T00:00:00.000+00:00
4o6w,2013-12-23T00:00:00.000+00:00
4o70,2013-12-24T00:00:00.000+00:00
4o71,2013-12-24T00:00:00.000+00:00
4o72,2013-12-24T00:00:00.000+00:00
4o74,2013-12-24T00:00:00.000+00:00
4o75,2013-12-24T00:00:00.000+00:00
4o76,2013-12-24T00:00:00.000+00:00
4o77,2013-12-24T00:00:00.000+00:00
4o78,2013-12-24T00:00:00.000+00:00
4o7a,2013-12-24T00:00:00.000+00:00
4o7b,2013-12-24T00:00:00.000+00:00
4o7c,2013-12-24T00:00:00.000+00:00
4o7d,2013-12-24T00:00:00.000+00:00
4o7e,2013-12-24T00:00:00.000+00:00
4o7f,2013-12-24T00:00:00.000+00:00
4o91,2013-12-31T00:00:00.000+00:00
4o97,2014-01-02T00:00:00.000+00:00
4o9s,2014-01-02T00:00:00.000+00:00
4o9v,2014-01-03T00:00:00.000+00:00
4o9w,2014-01-03T00:00:00.000+00:00
4oag,2014-01-04T00:00:00.000+00:00
4oak,2014-01-04T00:00:00.000+00:00
4oar,2014-01-06T00:00:00.000+00:00
4oas,2014-01-06T00:00:00.000+00:00
4oaz,2014-01-06T00:00:00.000+00:00
4ob0,2014-01-06T00:00:00.000+00:00
4ob1,2014-01-06T00:00:00.000+00:00
4ob2,2014-01-06T00:00:00.000+00:00
4oba,2014-01-07T00:00:00.000+00:00
4obo,2014-01-07T00:00:00.000+00:00
4obp,2014-01-07T00:00:00.000+00:00
4obq,2014-01-07T00:00:00.000+00:00
4obv,2014-01-07T00:00:00.000+00:00
4obz,2014-01-08T00:00:00.000+00:00
4oc0,2014-01-08T00:00:00.000+00:00
4oc1,2014-01-08T00:00:00.000+00:00
4oc2,2014-01-08T00:00:00.000+00:00
4oc3,2014-01-08T00:00:00.000+00:00
4oc4,2014-01-08T00:00:00.000+00:00
4oc5,2014-01-08T00:00:00.000+00:00
4oc6,2014-01-08T00:00:00.000+00:00
4occ,2014-01-08T00:00:00.000+00:00
4ock,2014-01-09T00:00:00.000+00:00
4ocp,2014-01-09T00:00:00.000+00:00
4ocq,2014-01-09T00:00:00.000+00:00
4oct,2014-01-09T00:00:00.000+00:00
4ocv,2014-01-09T00:00:00.000+00:00
4ocx,2014-01-09T00:00:00.000+00:00
4ocz,2014-01-09T00:00:00.000+00:00
4od0,2014-01-09T00:00:00.000+00:00
4od7,2014-01-10T00:00:00.000+00:00
4od9,2014-01-10T00:00:00.000+00:00
4ode,2014-01-10T00:00:00.000+00:00
4odf,2014-01-10T00:00:00.000+00:00
4odk,2014-01-10T00:00:00.000+00:00
4odl,2014-01-10T00:00:00.000+00:00
4odm,2014-01-10T00:00:00.000+00:00
4odn,2014-01-10T00:00:00.000+00:00
4odp,2014-01-10T00:00:00.000+00:00
4odq,2014-01-10T00:00:00.000+00:00
4oee,2014-01-13T00:00:00.000+00:00
4oef,2014-01-13T00:00:00.000+00:00
4oeg,2014-01-13T00:00:00.000+00:00
4oel,2014-01-13T00:00:00.000+00:00
4oem,2014-01-13T00:00:00.000+00:00
4oeu,2014-01-13T00:00:00.000+00:00
4oew,2014-01-14T00:00:00.000+00:00
4oex,2014-01-14T00:00:00.000+00:00
4ofb,2014-01-14T00:00:00.000+00:00
4ofl,2014-01-15T00:00:00.000+00:00
4og3,2014-01-15T00:00:00.000+00:00
4og4,2014-01-15T00:00:00.000+00:00
4og5,2014-01-15T00:00:00.000+00:00
4og6,2014-01-15T00:00:00.000+00:00
4og7,2014-01-15T00:00:00.000+00:00
4og8,2014-01-15T00:00:00.000+00:00
4ogi,2014-01-16T00:00:00.000+00:00
4ogn,2014-01-16T00:00:00.000+00:00
4ogt,2014-01-16T00:00:00.000+00:00
4ogv,2014-01-16T00:00:00.000+00:00
4ohk,2014-01-17T00:00:00.000+00:00
4ohm,2014-01-17T00:00:00.000+00:00
4oho,2014-01-17T00:00:00.000+00:00
4ohp,2014-01-17T00:00:00.000+00:00
4oi6,2014-01-18T00:00:00.000+00:00
4oiv,2014-01-20T00:00:00.000+00:00
4ojq,2014-01-21T00:00:00.000+00:00
4ojr,2014-01-21T00:00:00.000+00:00
4ok3,2014-01-21T00:00:00.000+00:00
4ok5,2014-01-21T00:00:00.000+00:00
4ok6,2014-01-21T00:00:00.000+00:00
4okg,2014-01-22T00:00:00.000+00:00
4okp,2014-01-22T00:00:00.000+00:00
4oks,2014-01-22T00:00:00.000+00:00
4olc,2014-01-23T00:00:00.000+00:00
4old,2014-01-23T00:00:00.000+00:00
4olh,2014-01-23T00:00:00.000+00:00
4oma,2014-01-27T00:00:00.000+00:00
4omc,2014-01-27T00:00:00.000+00:00
4omd,2014-01-27T00:00:00.000+00:00
4omj,2014-01-27T00:00:00.000+00:00
4omk,2014-01-27T00:00:00.000+00:00
4ona,2014-01-28T00:00:00.000+00:00
4onf,2014-01-28T00:00:00.000+00:00
4ono,2014-01-28T00:00:00.000+00:00
4oo9,2014-01-31T00:00:00.000+00:00
4ool,2014-02-03T00:00:00.000+00:00
4oon,2014-02-03T00:00:00.000+00:00
4oow,2014-02-04T00:00:00.000+00:00
4op1,2014-02-04T00:00:00.000+00:00
4op2,2014-02-04T00:00:00.000+00:00
4op3,2014-02-04T00:00:00.000+00:00
4oq3,2014-02-07T00:00:00.000+00:00
4oq5,2014-02-07T00:00:00.000+00:00
4oq6,2014-02-07T00:00:00.000+00:00
4or0,2014-02-10T00:00:00.000+00:00
4oru,2014-02-12T00:00:00.000+00:00
4orx,2014-02-12T00:00:00.000+00:00
4ory,2014-02-12T00:00:00.000+00:00
4os1,2014-02-12T00:00:00.000+00:00
4os2,2014-02-12T00:00:00.000+00:00
4os4,2014-02-12T00:00:00.000+00:00
4os5,2014-02-12T00:00:00.000+00:00
4os6,2014-02-12T00:00:00.000+00:00
4os7,2014-02-12T00:00:00.000+00:00
4osf,2014-02-12T00:00:00.000+00:00
4ot6,2014-02-13T00:00:00.000+00:00
4otf,2014-02-13T00:00:00.000+00:00
4otg,2014-02-13T00:00:00.000+00:00
4oth,2014-02-13T00:00:00.000+00:00
4oti,2014-02-13T00:00:00.000+00:00
4oty,2014-02-14T00:00:00.000+00:00
4ou3,2014-02-14T00:00:00.000+00:00
4oue,2014-02-16T00:00:00.000+00:00
4ouj,2014-02-17T00:00:00.000+00:00
4ov5,2014-02-20T00:00:00.000+00:00
4ovf,2014-02-21T00:00:00.000+00:00
4ovg,2014-02-21T00:00:00.000+00:00
4ovh,2014-02-21T00:00:00.000+00:00
4ovz,2014-01-28T00:00:00.000+00:00
4ow0,2014-01-28T00:00:00.000+00:00
4own,2014-02-02T00:00:00.000+00:00
4owo,2014-02-02T00:00:00.000+00:00
4owv,2014-02-04T00:00:00.000+00:00
4oya,2014-02-11T00:00:00.000+00:00
4oyb,2014-02-11T00:00:00.000+00:00
4oyi,2014-02-12T00:00:00.000+00:00
4oyk,2014-02-12T00:00:00.000+00:00
4oym,2014-02-12T00:00:00.000+00:00
4oyo,2014-02-12T00:00:00.000+00:00
4oyp,2014-02-12T00:00:00.000+00:00
4oys,2014-02-13T00:00:00.000+00:00
4oyt,2014-02-13T00:00:00.000+00:00
4oz1,2014-02-13T00:00:00.000+00:00
4oz2,2014-02-13T00:00:00.000+00:00
4oz3,2014-02-13T00:00:00.000+00:00
4ozj,2014-02-17T00:00:00.000+00:00
4ozl,2014-02-17T00:00:00.000+00:00
4ozn,2014-02-17T00:00:00.000+00:00
4ozo,2014-02-17T00:00:00.000+00:00
4p0a,2014-02-20T00:00:00.000+00:00
4p0b,2014-02-20T00:00:00.000+00:00
4p0n,2014-02-21T00:00:00.000+00:00
4p0v,2014-02-23T00:00:00.000+00:00
4p0w,2014-02-23T00:00:00.000+00:00
4p0x,2014-02-23T00:00:00.000+00:00
4p10,2014-02-21T00:00:00.000+00:00
4p1r,2014-02-27T00:00:00.000+00:00
4p1u,2014-02-27T00:00:00.000+00:00
4p2t,2014-03-04T00:00:00.000+00:00
4p3h,2014-03-07T00:00:00.000+00:00
4p44,2014-03-11T00:00:00.000+00:00
4p45,2014-03-11T00:00:00.000+00:00
4p4b,2014-03-12T00:00:00.000+00:00
4p4d,2014-03-12T00:00:00.000+00:00
4p4e,2014-03-12T00:00:00.000+00:00
4p4f,2014-03-12T00:00:00.000+00:00
4p4i,2014-03-12T00:00:00.000+00:00
4p4j,2014-03-12T00:00:00.000+00:00
4p58,2014-03-15T00:00:00.000+00:00
4p5d,2014-03-16T00:00:00.000+00:00
4p5e,2014-03-16T00:00:00.000+00:00
4p5z,2014-03-20T00:00:00.000+00:00
4p6c,2014-03-24T00:00:00.000+00:00
4p6e,2014-03-24T00:00:00.000+00:00
4p6g,2014-03-24T00:00:00.000+00:00
4p6w,2014-03-25T00:00:00.000+00:00
4p6x,2014-03-25T00:00:00.000+00:00
4p72,2014-03-25T00:00:00.000+00:00
4p73,2014-03-25T00:00:00.000+00:00
4p74,2014-03-25T00:00:00.000+00:00
4p75,2014-03-25T00:00:00.000+00:00
4p7e,2014-03-27T00:00:00.000+00:00
4p7m,2014-03-27T00:00:00.000+00:00
4p7s,2014-03-27T00:00:00.000+00:00
4p90,2014-04-01T00:00:00.000+00:00
4pax,1997-11-25T00:00:00.000+00:00
4pb1,2014-04-11T00:00:00.000+00:00
4pb2,2014-04-11T00:00:00.000+00:00
4pce,2014-04-15T00:00:00.000+00:00
4pci,2014-04-15T00:00:00.000+00:00
4pct,2014-04-16T00:00:00.000+00:00
4pd5,2014-04-17T00:00:00.000+00:00
4pd6,2014-04-17T00:00:00.000+00:00
4pd7,2014-04-17T00:00:00.000+00:00
4pd8,2014-04-17T00:00:00.000+00:00
4pd9,2014-04-17T00:00:00.000+00:00
4pda,2014-04-17T00:00:00.000+00:00
4pdk,2014-04-19T00:00:00.000+00:00
4pee,2014-04-23T00:00:00.000+00:00
4pf3,2014-04-28T00:00:00.000+00:00
4pf5,2014-04-28T00:00:00.000+00:00
4pft,2014-04-30T00:00:00.000+00:00
4pfu,2014-04-30T00:00:00.000+00:00
4pg3,2014-05-01T00:00:00.000+00:00
4pg9,2014-05-01T00:00:00.000+00:00
4pgb,2014-05-01T00:00:00.000+00:00
4pgc,2014-05-01T00:00:00.000+00:00
4pgd,2014-05-01T00:00:00.000+00:00
4pge,2014-05-01T00:00:00.000+00:00
4pgh,2014-05-02T00:00:00.000+00:00
4ph4,2014-05-04T00:00:00.000+00:00
4phu,2014-05-07T00:00:00.000+00:00
4phv,1991-10-04T00:00:00.000+00:00
4phw,2014-05-07T00:00:00.000+00:00
4pid,2014-05-08T00:00:00.000+00:00
4pin,2014-05-09T00:00:00.000+00:00
4pio,2014-05-09T00:00:00.000+00:00
4piq,2014-05-09T00:00:00.000+00:00
4pis,2014-05-09T00:00:00.000+00:00
4pji,2014-05-12T00:00:00.000+00:00
4pjt,2014-05-12T00:00:00.000+00:00
4pkb,2014-05-14T00:00:00.000+00:00
4pkr,2014-05-15T00:00:00.000+00:00
4pks,2014-05-15T00:00:00.000+00:00
4pkt,2014-05-15T00:00:00.000+00:00
4pku,2014-05-15T00:00:00.000+00:00
4pkv,2014-05-15T00:00:00.000+00:00
4pkw,2014-05-15T00:00:00.000+00:00
4pl0,2014-05-15T00:00:00.000+00:00
4pl3,2014-05-16T00:00:00.000+00:00
4pl4,2014-05-16T00:00:00.000+00:00
4pl5,2014-05-16T00:00:00.000+00:00
4pl6,2014-05-16T00:00:00.000+00:00
4pli,2014-05-18T00:00:00.000+00:00
4pm0,2014-05-20T00:00:00.000+00:00
4pml,2014-05-22T00:00:00.000+00:00
4pmm,2014-05-22T00:00:00.000+00:00
4pmp,2014-05-22T00:00:00.000+00:00
4pms,2014-05-22T00:00:00.000+00:00
4pmt,2014-05-22T00:00:00.000+00:00
4pn1,2014-05-22T00:00:00.000+00:00
4pnc,2014-05-23T00:00:00.000+00:00
4pni,2014-05-23T00:00:00.000+00:00
4pnk,2014-05-23T00:00:00.000+00:00
4pnl,2014-05-23T00:00:00.000+00:00
4pnm,2014-05-23T00:00:00.000+00:00
4pnn,2014-05-24T00:00:00.000+00:00
4pnq,2014-05-24T00:00:00.000+00:00
4pnr,2014-05-24T00:00:00.000+00:00
4pns,2014-05-25T00:00:00.000+00:00
4pnt,2014-05-25T00:00:00.000+00:00
4pnu,2014-02-21T00:00:00.000+00:00
4pnw,2014-02-21T00:00:00.000+00:00
4po0,2014-02-23T00:00:00.000+00:00
4po7,2014-02-25T00:00:00.000+00:00
4poh,2014-02-25T00:00:00.000+00:00
4poj,2014-02-25T00:00:00.000+00:00
4pop,2014-02-26T00:00:00.000+00:00
4pov,2014-02-26T00:00:00.000+00:00
4pow,2014-02-26T00:00:00.000+00:00
4pox,
4pp0,2014-02-26T00:00:00.000+00:00
4pp3,2014-02-26T00:00:00.000+00:00
4pp5,2014-02-26T00:00:00.000+00:00
4pp7,2014-02-26T00:00:00.000+00:00
4pp9,2014-02-26T00:00:00.000+00:00
4ppa,2014-02-26T00:00:00.000+00:00
4ppb,2014-02-26T00:00:00.000+00:00
4ppc,2014-02-26T00:00:00.000+00:00
4pqa,2014-03-01T00:00:00.000+00:00
4pqn,2014-03-03T00:00:00.000+00:00
4pr5,2014-03-05T00:00:00.000+00:00
4pra,2014-03-05T00:00:00.000+00:00
4prb,2014-03-05T00:00:00.000+00:00
4prd,2014-03-05T00:00:00.000+00:00
4pre,2014-03-05T00:00:00.000+00:00
4prg,1999-05-07T00:00:00.000+00:00
4prh,2014-03-05T00:00:00.000+00:00
4pri,2014-03-05T00:00:00.000+00:00
4prj,2014-03-05T00:00:00.000+00:00
4prn,2014-03-06T00:00:00.000+00:00
4prp,2014-03-06T00:00:00.000+00:00
4pry,2014-03-06T00:00:00.000+00:00
4ps0,2014-03-06T00:00:00.000+00:00
4ps1,2014-03-06T00:00:00.000+00:00
4ps3,2014-03-06T00:00:00.000+00:00
4ps5,2014-03-06T00:00:00.000+00:00
4ps7,2014-03-06T00:00:00.000+00:00
4ps8,2014-03-06T00:00:00.000+00:00
4psb,2014-03-07T00:00:00.000+00:00
4psh,2014-03-07T00:00:00.000+00:00
4psq,2014-03-07T00:00:00.000+00:00
4psx,2014-03-08T00:00:00.000+00:00
4ptc,2014-03-10T00:00:00.000+00:00
4pte,2014-03-10T00:00:00.000+00:00
4ptg,2014-03-10T00:00:00.000+00:00
4puj,2014-03-13T00:00:00.000+00:00
4puk,2014-03-13T00:00:00.000+00:00
4pul,2014-03-13T00:00:00.000+00:00
4pum,2014-03-13T00:00:00.000+00:00
4puz,2014-03-14T00:00:00.000+00:00
4pv0,2014-03-14T00:00:00.000+00:00
4pv5,2014-03-15T00:00:00.000+00:00
4pv7,2014-03-15T00:00:00.000+00:00
4pvo,2014-03-18T00:00:00.000+00:00
4pvt,2014-03-18T00:00:00.000+00:00
4pvv,2014-03-18T00:00:00.000+00:00
4pvx,2014-03-18T00:00:00.000+00:00
4pvy,2014-03-18T00:00:00.000+00:00
4px6,2014-03-21T00:00:00.000+00:00
4pxf,2014-03-23T00:00:00.000+00:00
4pxm,2014-03-24T00:00:00.000+00:00
4py1,2014-03-25T00:00:00.000+00:00
4py2,2014-03-25T00:00:00.000+00:00
4py4,2014-03-26T00:00:00.000+00:00
4pyn,2014-03-27T00:00:00.000+00:00
4pyo,2014-03-27T00:00:00.000+00:00
4pyq,2014-03-27T00:00:00.000+00:00
4pyv,2014-03-28T00:00:00.000+00:00
4pyx,2014-03-28T00:00:00.000+00:00
4pyy,2014-03-28T00:00:00.000+00:00
4pz5,2014-03-28T00:00:00.000+00:00
4pz8,2014-03-28T00:00:00.000+00:00
4pzh,2014-03-31T00:00:00.000+00:00
4pzv,2014-03-31T00:00:00.000+00:00
4pzw,2014-03-31T00:00:00.000+00:00
4pzx,2014-03-31T00:00:00.000+00:00
4q06,2014-04-01T00:00:00.000+00:00
4q07,2014-04-01T00:00:00.000+00:00
4q08,2014-04-01T00:00:00.000+00:00
4q09,2014-04-01T00:00:00.000+00:00
4q0a,2014-04-01T00:00:00.000+00:00
4q0k,2014-04-02T00:00:00.000+00:00
4q0l,2014-04-02T00:00:00.000+00:00
4q15,2014-04-02T00:00:00.000+00:00
4q18,2014-04-03T00:00:00.000+00:00
4q19,2014-04-03T00:00:00.000+00:00
4q1a,2014-04-03T00:00:00.000+00:00
4q1b,2014-04-03T00:00:00.000+00:00
4q1c,2014-04-03T00:00:00.000+00:00
4q1d,2014-04-03T00:00:00.000+00:00
4q1e,2014-04-03T00:00:00.000+00:00
4q1f,2014-04-03T00:00:00.000+00:00
4q1n,2014-04-04T00:00:00.000+00:00
4q1s,2014-04-04T00:00:00.000+00:00
4q1w,2014-04-04T00:00:00.000+00:00
4q1x,2014-04-04T00:00:00.000+00:00
4q1y,2014-04-04T00:00:00.000+00:00
4q2k,2014-04-09T00:00:00.000+00:00
4q3q,2014-04-12T00:00:00.000+00:00
4q3r,2014-04-12T00:00:00.000+00:00
4q3s,2014-04-12T00:00:00.000+00:00
4q3t,2014-04-12T00:00:00.000+00:00
4q3u,2014-04-12T00:00:00.000+00:00
4q4e,2014-04-14T00:00:00.000+00:00
4q4i,2014-04-14T00:00:00.000+00:00
4q4o,2014-04-15T00:00:00.000+00:00
4q4p,2014-04-15T00:00:00.000+00:00
4q4q,2014-04-15T00:00:00.000+00:00
4q4r,2014-04-15T00:00:00.000+00:00
4q4s,2014-04-15T00:00:00.000+00:00
4q6d,2014-04-22T00:00:00.000+00:00
4q6e,2014-04-22T00:00:00.000+00:00
4q6f,2014-04-22T00:00:00.000+00:00
4q6r,2014-04-23T00:00:00.000+00:00
4q7p,2014-04-25T00:00:00.000+00:00
4q7s,2014-04-25T00:00:00.000+00:00
4q7v,2014-04-25T00:00:00.000+00:00
4q7w,2014-04-25T00:00:00.000+00:00
4q81,2014-04-25T00:00:00.000+00:00
4q83,2014-04-25T00:00:00.000+00:00
4q87,2014-04-25T00:00:00.000+00:00
4q8x,2014-04-28T00:00:00.000+00:00
4q8y,2014-04-28T00:00:00.000+00:00
4q90,2014-04-28T00:00:00.000+00:00
4q93,2014-04-28T00:00:00.000+00:00
4q99,2014-04-29T00:00:00.000+00:00
4q9m,2014-05-01T00:00:00.000+00:00
4q9o,2014-05-01T00:00:00.000+00:00
4q9s,2014-05-01T00:00:00.000+00:00
4q9y,2014-05-02T00:00:00.000+00:00
4q9z,2014-05-02T00:00:00.000+00:00
4qaa,2014-05-03T00:00:00.000+00:00
4qab,2014-05-03T00:00:00.000+00:00
4qag,2014-05-04T00:00:00.000+00:00
4qb3,2014-05-06T00:00:00.000+00:00
4qbb,2014-05-07T00:00:00.000+00:00
4qbm,2014-05-08T00:00:00.000+00:00
4qc1,2014-05-09T00:00:00.000+00:00
4qdk,2014-05-14T00:00:00.000+00:00
4qem,2014-05-17T00:00:00.000+00:00
4qer,2014-05-18T00:00:00.000+00:00
4qev,2014-05-19T00:00:00.000+00:00
4qew,2014-05-19T00:00:00.000+00:00
4qf7,2014-05-20T00:00:00.000+00:00
4qf8,2014-05-20T00:00:00.000+00:00
4qf9,2014-05-20T00:00:00.000+00:00
4qfg,2014-05-20T00:00:00.000+00:00
4qfl,2014-05-21T00:00:00.000+00:00
4qfn,2014-05-21T00:00:00.000+00:00
4qfo,2014-05-21T00:00:00.000+00:00
4qfp,2014-05-21T00:00:00.000+00:00
4qfr,2014-05-21T00:00:00.000+00:00
4qfs,2014-05-21T00:00:00.000+00:00
4qg7,2014-05-22T00:00:00.000+00:00
4qga,2014-05-22T00:00:00.000+00:00
4qgd,2014-05-22T00:00:00.000+00:00
4qge,2014-05-22T00:00:00.000+00:00
4qgf,2014-05-22T00:00:00.000+00:00
4qgg,2014-05-22T00:00:00.000+00:00
4qgh,2014-05-22T00:00:00.000+00:00
4qgi,2014-05-22T00:00:00.000+00:00
4qh7,2014-05-27T00:00:00.000+00:00
4qh8,2014-05-27T00:00:00.000+00:00
4qhc,2014-05-28T00:00:00.000+00:00
4qhp,2014-05-28T00:00:00.000+00:00
4qht,2014-05-29T00:00:00.000+00:00
4qij,2014-05-31T00:00:00.000+00:00
4qip,2014-06-01T00:00:00.000+00:00
4qir,2014-06-01T00:00:00.000+00:00
4qiy,2014-06-03T00:00:00.000+00:00
4qiz,2014-06-03T00:00:00.000+00:00
4qj0,2014-06-03T00:00:00.000+00:00
4qjm,2014-06-04T00:00:00.000+00:00
4qjo,2014-06-04T00:00:00.000+00:00
4qjp,2014-06-04T00:00:00.000+00:00
4qjr,2014-06-04T00:00:00.000+00:00
4qjw,2014-06-05T00:00:00.000+00:00
4qjx,2014-06-05T00:00:00.000+00:00
4qk4,2014-06-05T00:00:00.000+00:00
4qkd,2014-06-06T00:00:00.000+00:00
4qkx,2014-06-10T00:00:00.000+00:00
4ql1,2014-06-10T00:00:00.000+00:00
4ql8,2014-06-11T00:00:00.000+00:00
4qlk,2014-06-12T00:00:00.000+00:00
4qll,2014-06-12T00:00:00.000+00:00
4qlq,2014-06-13T00:00:00.000+00:00
4qls,2014-06-13T00:00:00.000+00:00
4qlt,2014-06-13T00:00:00.000+00:00
4qlu,2014-06-13T00:00:00.000+00:00
4qlv,2014-06-13T00:00:00.000+00:00
4qme,2014-06-16T00:00:00.000+00:00
4qmm,2014-06-16T00:00:00.000+00:00
4qmn,2014-06-16T00:00:00.000+00:00
4qmo,2014-06-16T00:00:00.000+00:00
4qmp,2014-06-16T00:00:00.000+00:00
4qmq,2014-06-16T00:00:00.000+00:00
4qms,2014-06-16T00:00:00.000+00:00
4qmt,2014-06-16T00:00:00.000+00:00
4qmu,2014-06-16T00:00:00.000+00:00
4qmv,2014-06-16T00:00:00.000+00:00
4qmw,2014-06-16T00:00:00.000+00:00
4qmx,2014-06-16T00:00:00.000+00:00
4qmy,2014-06-16T00:00:00.000+00:00
4qmz,2014-06-16T00:00:00.000+00:00
4qn7,2014-06-17T00:00:00.000+00:00
4qn9,2014-06-17T00:00:00.000+00:00
4qna,2014-06-17T00:00:00.000+00:00
4qnb,2014-06-17T00:00:00.000+00:00
4qnu,2014-06-18T00:00:00.000+00:00
4qo4,2014-06-19T00:00:00.000+00:00
4qo9,2014-06-19T00:00:00.000+00:00
4qoc,2014-06-19T00:00:00.000+00:00
4qok,2014-06-20T00:00:00.000+00:00
4qp1,2014-06-22T00:00:00.000+00:00
4qp2,2014-06-22T00:00:00.000+00:00
4qp6,2014-06-22T00:00:00.000+00:00
4qp7,2014-06-22T00:00:00.000+00:00
4qp8,2014-06-22T00:00:00.000+00:00
4qp9,2014-06-22T00:00:00.000+00:00
4qpa,2014-06-22T00:00:00.000+00:00
4qpd,2014-06-23T00:00:00.000+00:00
4qpl,2014-06-23T00:00:00.000+00:00
4qps,2014-06-24T00:00:00.000+00:00
4qq4,2014-06-26T00:00:00.000+00:00
4qq5,2014-06-26T00:00:00.000+00:00
4qqc,2014-06-27T00:00:00.000+00:00
4qqi,2014-06-27T00:00:00.000+00:00
4qr3,2014-06-30T00:00:00.000+00:00
4qr4,2014-06-30T00:00:00.000+00:00
4qr5,2014-06-30T00:00:00.000+00:00
4qrc,2014-06-30T00:00:00.000+00:00
4qsh,2014-07-04T00:00:00.000+00:00
4qsk,2014-07-04T00:00:00.000+00:00
4qsm,2014-07-06T00:00:00.000+00:00
4qsu,2014-07-06T00:00:00.000+00:00
4qsv,2014-07-06T00:00:00.000+00:00
4qsw,2014-07-06T00:00:00.000+00:00
4qsx,2014-07-06T00:00:00.000+00:00
4qt0,2014-07-06T00:00:00.000+00:00
4qt1,2014-07-07T00:00:00.000+00:00
4qt2,2014-07-07T00:00:00.000+00:00
4qta,2014-07-07T00:00:00.000+00:00
4qtb,2014-07-07T00:00:00.000+00:00
4qtc,2014-07-07T00:00:00.000+00:00
4qtd,2014-07-07T00:00:00.000+00:00
4qtl,2014-07-08T00:00:00.000+00:00
4qtn,2014-07-08T00:00:00.000+00:00
4quo,2014-07-11T00:00:00.000+00:00
4qvl,2014-07-15T00:00:00.000+00:00
4qvm,2014-07-15T00:00:00.000+00:00
4qvn,2014-07-15T00:00:00.000+00:00
4qvp,2014-07-15T00:00:00.000+00:00
4qvq,2014-07-15T00:00:00.000+00:00
4qvv,2014-07-16T00:00:00.000+00:00
4qvw,2014-07-16T00:00:00.000+00:00
4qvx,2014-07-16T00:00:00.000+00:00
4qvy,2014-07-16T00:00:00.000+00:00
4qw0,2014-07-16T00:00:00.000+00:00
4qw1,2014-07-16T00:00:00.000+00:00
4qw3,2014-07-16T00:00:00.000+00:00
4qw4,2014-07-16T00:00:00.000+00:00
4qw5,2014-07-16T00:00:00.000+00:00
4qw6,2014-07-16T00:00:00.000+00:00
4qw7,2014-07-16T00:00:00.000+00:00
4qwf,2014-07-16T00:00:00.000+00:00
4qwg,2014-07-16T00:00:00.000+00:00
4qwi,2014-07-16T00:00:00.000+00:00
4qwj,2014-07-16T00:00:00.000+00:00
4qwk,2014-07-16T00:00:00.000+00:00
4qwl,2014-07-16T00:00:00.000+00:00
4qwr,2014-07-17T00:00:00.000+00:00
4qws,2014-07-17T00:00:00.000+00:00
4qwu,2014-07-17T00:00:00.000+00:00
4qwx,2014-07-17T00:00:00.000+00:00
4qxj,2014-07-21T00:00:00.000+00:00
4qxo,2014-07-21T00:00:00.000+00:00
4qxq,2014-07-21T00:00:00.000+00:00
4qxr,2014-07-21T00:00:00.000+00:00
4qxt,2014-07-22T00:00:00.000+00:00
4qy3,2014-07-23T00:00:00.000+00:00
4qy8,2014-07-24T00:00:00.000+00:00
4qye,2014-07-24T00:00:00.000+00:00
4qyg,2014-07-24T00:00:00.000+00:00
4qyh,2014-07-24T00:00:00.000+00:00
4qyo,2014-07-24T00:00:00.000+00:00
4qyy,2014-07-26T00:00:00.000+00:00
4qz0,2014-07-27T00:00:00.000+00:00
4qz1,2014-07-27T00:00:00.000+00:00
4qz2,2014-07-27T00:00:00.000+00:00
4qz3,2014-07-27T00:00:00.000+00:00
4qz4,2014-07-27T00:00:00.000+00:00
4qz5,2014-07-27T00:00:00.000+00:00
4qz6,2014-07-27T00:00:00.000+00:00
4qz7,2014-07-27T00:00:00.000+00:00
4qzs,2014-07-28T00:00:00.000+00:00
4qzw,2014-07-29T00:00:00.000+00:00
4qzx,2014-07-29T00:00:00.000+00:00
4r02,2014-07-29T00:00:00.000+00:00
4r06,2014-07-30T00:00:00.000+00:00
4r0a,2014-07-30T00:00:00.000+00:00
4r0i,2014-07-31T00:00:00.000+00:00
4r17,2014-08-04T00:00:00.000+00:00
4r18,2014-08-04T00:00:00.000+00:00
4r1e,2014-08-05T00:00:00.000+00:00
4r1v,2014-08-07T00:00:00.000+00:00
4r1y,2014-08-08T00:00:00.000+00:00
4r3b,2014-08-14T00:00:00.000+00:00
4r3c,2014-08-14T00:00:00.000+00:00
4r3s,2014-08-18T00:00:00.000+00:00
4r3w,2014-08-18T00:00:00.000+00:00
4r4c,2014-08-19T00:00:00.000+00:00
4r4i,2014-08-19T00:00:00.000+00:00
4r4o,2014-08-19T00:00:00.000+00:00
4r4q,2014-08-19T00:00:00.000+00:00
4r4t,2014-08-19T00:00:00.000+00:00
4r59,2014-08-20T00:00:00.000+00:00
4r5a,2014-08-20T00:00:00.000+00:00
4r5b,2014-08-20T00:00:00.000+00:00
4r5g,2014-08-21T00:00:00.000+00:00
4r5n,2014-08-21T00:00:00.000+00:00
4r5t,2014-08-22T00:00:00.000+00:00
4r5v,2014-08-22T00:00:00.000+00:00
4r5w,2014-08-22T00:00:00.000+00:00
4r5x,2014-08-22T00:00:00.000+00:00
4r5y,2014-08-22T00:00:00.000+00:00
4r6e,2014-08-25T00:00:00.000+00:00
4r6t,2014-08-26T00:00:00.000+00:00
4r6v,2014-08-26T00:00:00.000+00:00
4r6w,2014-08-26T00:00:00.000+00:00
4r6x,2014-08-26T00:00:00.000+00:00
4r73,2014-08-26T00:00:00.000+00:00
4r74,2014-08-26T00:00:00.000+00:00
4r75,2014-08-26T00:00:00.000+00:00
4r76,2014-08-27T00:00:00.000+00:00
4r7m,2014-08-28T00:00:00.000+00:00
4r8y,2014-09-03T00:00:00.000+00:00
4r91,2014-09-03T00:00:00.000+00:00
4r92,2014-09-03T00:00:00.000+00:00
4r93,2014-09-03T00:00:00.000+00:00
4r95,2014-09-03T00:00:00.000+00:00
4ra1,2014-09-09T00:00:00.000+00:00
4ra5,2014-09-09T00:00:00.000+00:00
4rab,2014-09-10T00:00:00.000+00:00
4rac,2014-09-10T00:00:00.000+00:00
4rad,2014-09-10T00:00:00.000+00:00
4rak,2014-09-10T00:00:00.000+00:00
4ran,2014-09-10T00:00:00.000+00:00
4rao,2014-09-10T00:00:00.000+00:00
4raq,2014-09-10T00:00:00.000+00:00
4rcd,2014-09-15T00:00:00.000+00:00
4rce,2014-09-15T00:00:00.000+00:00
4rcf,2014-09-15T00:00:00.000+00:00
4rcp,2014-09-16T00:00:00.000+00:00
4rdn,2014-09-19T00:00:00.000+00:00
4re2,2014-09-21T00:00:00.000+00:00
4re3,2014-09-21T00:00:00.000+00:00
4re4,2014-09-21T00:00:00.000+00:00
4re9,2014-09-22T00:00:00.000+00:00
4res,2014-09-23T00:00:00.000+00:00
4ret,2014-09-23T00:00:00.000+00:00
4rfc,2014-09-25T00:00:00.000+00:00
4rfd,2014-09-25T00:00:00.000+00:00
4rfr,2014-09-27T00:00:00.000+00:00
4rfy,2014-09-29T00:00:00.000+00:00
4rfz,2014-09-29T00:00:00.000+00:00
4rg0,2014-09-29T00:00:00.000+00:00
4rgd,2014-09-29T00:00:00.000+00:00
4rh5,2014-10-01T00:00:00.000+00:00
4rhu,2014-10-03T00:00:00.000+00:00
4rhx,2014-10-03T00:00:00.000+00:00
4rhy,2014-10-03T00:00:00.000+00:00
4rio,2014-10-07T00:00:00.000+00:00
4ris,2014-10-07T00:00:00.000+00:00
4riu,2014-10-07T00:00:00.000+00:00
4riv,2014-10-07T00:00:00.000+00:00
4rj3,2014-10-08T00:00:00.000+00:00
4rj4,2014-10-08T00:00:00.000+00:00
4rj5,2014-10-08T00:00:00.000+00:00
4rj6,2014-10-08T00:00:00.000+00:00
4rj7,2014-10-08T00:00:00.000+00:00
4rj8,2014-10-08T00:00:00.000+00:00
4rkx,2014-10-14T00:00:00.000+00:00
4rlk,2014-10-17T00:00:00.000+00:00
4rll,2014-10-17T00:00:00.000+00:00
4rlt,2014-10-18T00:00:00.000+00:00
4rlu,2014-10-18T00:00:00.000+00:00
4rlw,2014-10-18T00:00:00.000+00:00
4rme,2014-10-21T00:00:00.000+00:00
4rn0,2014-10-22T00:00:00.000+00:00
4rn1,2014-10-22T00:00:00.000+00:00
4rn2,2014-10-22T00:00:00.000+00:00
4rn4,2014-10-22T00:00:00.000+00:00
4rn6,2014-10-23T00:00:00.000+00:00
4rpn,2014-10-30T00:00:00.000+00:00
4rpo,2014-10-30T00:00:00.000+00:00
4rpv,2014-10-31T00:00:00.000+00:00
4rqi,2014-11-03T00:00:00.000+00:00
4rqk,2014-11-03T00:00:00.000+00:00
4rqv,2014-11-05T00:00:00.000+00:00
4rqz,2014-11-05T00:00:00.000+00:00
4rr6,2014-11-06T00:00:00.000+00:00
4rra,2014-11-06T00:00:00.000+00:00
4rrf,2014-11-06T00:00:00.000+00:00
4rrg,2014-11-06T00:00:00.000+00:00
4rrn,2014-11-06T00:00:00.000+00:00
4rro,2014-11-06T00:00:00.000+00:00
4rrq,2014-11-06T00:00:00.000+00:00
4rrr,2014-11-06T00:00:00.000+00:00
4rrs,2014-11-06T00:00:00.000+00:00
4rrv,2014-11-06T00:00:00.000+00:00
4rs0,2014-11-06T00:00:00.000+00:00
4rsc,2014-11-07T00:00:00.000+00:00
4rse,2014-11-07T00:00:00.000+00:00
4rsk,1998-04-09T00:00:00.000+00:00
4rsp,2014-11-10T00:00:00.000+00:00
4rss,2014-11-11T00:00:00.000+00:00
4rt0,2014-11-12T00:00:00.000+00:00
4rt1,2014-11-12T00:00:00.000+00:00
4ruu,2014-11-21T00:00:00.000+00:00
4rux,2014-11-23T00:00:00.000+00:00
4ruy,2014-11-23T00:00:00.000+00:00
4ruz,2014-11-23T00:00:00.000+00:00
4rvk,2014-11-26T00:00:00.000+00:00
4rvl,2014-11-26T00:00:00.000+00:00
4rvm,2014-11-26T00:00:00.000+00:00
4rvr,2014-11-27T00:00:00.000+00:00
4rvt,2014-11-27T00:00:00.000+00:00
4rwj,2014-12-04T00:00:00.000+00:00
4rwk,2014-12-04T00:00:00.000+00:00
4rwl,2014-12-04T00:00:00.000+00:00
4rww,2014-12-07T00:00:00.000+00:00
4rx5,2014-12-08T00:00:00.000+00:00
4rx7,2014-12-09T00:00:00.000+00:00
4rx8,2014-12-09T00:00:00.000+00:00
4rx9,2014-12-09T00:00:00.000+00:00
4rxa,2014-12-09T00:00:00.000+00:00
4rxc,2014-12-09T00:00:00.000+00:00
4rxd,2014-12-10T00:00:00.000+00:00
4rxe,2014-12-10T00:00:00.000+00:00
4rxh,2014-12-11T00:00:00.000+00:00
4rxz,2014-12-12T00:00:00.000+00:00
4ryc,2014-12-15T00:00:00.000+00:00
4ryd,2014-12-15T00:00:00.000+00:00
4ryg,2014-12-15T00:00:00.000+00:00
4ryl,2014-12-15T00:00:00.000+00:00
4rz1,2014-12-18T00:00:00.000+00:00
4s1g,2015-01-13T00:00:00.000+00:00
4s2i,2015-01-20T00:00:00.000+00:00
4s3e,2015-01-26T00:00:00.000+00:00
4s3f,2015-01-26T00:00:00.000+00:00
4sga,1990-05-29T00:00:00.000+00:00
4std,1999-02-10T00:00:00.000+00:00
4tim,1991-04-11T00:00:00.000+00:00
4tju,2014-05-25T00:00:00.000+00:00
4tjw,2014-05-25T00:00:00.000+00:00
4tjy,2014-05-25T00:00:00.000+00:00
4tjz,2014-05-25T00:00:00.000+00:00
4tk0,2014-05-25T00:00:00.000+00:00
4tk1,2014-05-25T00:00:00.000+00:00
4tk2,2014-05-25T00:00:00.000+00:00
4tk3,2014-05-25T00:00:00.000+00:00
4tk4,2014-05-25T00:00:00.000+00:00
4tk5,2014-05-25T00:00:00.000+00:00
4tkb,2014-05-26T00:00:00.000+00:00
4tkf,2014-05-26T00:00:00.000+00:00
4tkg,2014-05-26T00:00:00.000+00:00
4tkh,2014-05-26T00:00:00.000+00:00
4tki,2014-05-26T00:00:00.000+00:00
4tkj,2014-05-26T00:00:00.000+00:00
4tkn,2014-05-27T00:00:00.000+00:00
4tky,2014-05-28T00:00:00.000+00:00
4tln,1982-02-08T00:00:00.000+00:00
4tlr,2014-05-30T00:00:00.000+00:00
4tmf,2014-06-01T00:00:00.000+00:00
4tmk,1998-08-31T00:00:00.000+00:00
4tmp,2014-06-02T00:00:00.000+00:00
4tmr,2014-06-02T00:00:00.000+00:00
4tn2,2014-06-02T00:00:00.000+00:00
4tn4,2014-06-03T00:00:00.000+00:00
4tnw,2014-06-05T00:00:00.000+00:00
4to8,2014-06-05T00:00:00.000+00:00
4tpk,2014-06-07T00:00:00.000+00:00
4tpm,2014-06-08T00:00:00.000+00:00
4tpp,2014-06-09T00:00:00.000+00:00
4tpt,2014-06-09T00:00:00.000+00:00
4tpw,2014-06-09T00:00:00.000+00:00
4tq3,2014-06-10T00:00:00.000+00:00
4tqn,2014-06-11T00:00:00.000+00:00
4trc,2014-06-16T00:00:00.000+00:00
4trw,2014-06-18T00:00:00.000+00:00
4trz,2014-06-18T00:00:00.000+00:00
4ts1,1989-06-29T00:00:00.000+00:00
4tsx,2014-06-19T00:00:00.000+00:00
4tsz,2014-06-19T00:00:00.000+00:00
4tt2,2014-06-19T00:00:00.000+00:00
4tte,2014-06-20T00:00:00.000+00:00
4ttv,2014-06-23T00:00:00.000+00:00
4tu4,2014-06-23T00:00:00.000+00:00
4tuh,2014-06-24T00:00:00.000+00:00
4tun,2014-06-24T00:00:00.000+00:00
4tv3,2014-06-25T00:00:00.000+00:00
4tvj,2014-06-27T00:00:00.000+00:00
4tw6,2014-06-30T00:00:00.000+00:00
4tw7,2014-06-30T00:00:00.000+00:00
4tw8,2014-06-30T00:00:00.000+00:00
4tw9,2014-06-30T00:00:00.000+00:00
4twc,2014-06-30T00:00:00.000+00:00
4twd,2014-06-30T00:00:00.000+00:00
4twt,2014-07-01T00:00:00.000+00:00
4tww,2014-07-02T00:00:00.000+00:00
4twy,2014-07-02T00:00:00.000+00:00
4tx6,2014-07-02T00:00:00.000+00:00
4txc,2014-07-03T00:00:00.000+00:00
4txe,2014-07-03T00:00:00.000+00:00
4txs,2014-07-07T00:00:00.000+00:00
4ty1,2014-07-07T00:00:00.000+00:00
4ty6,2014-07-07T00:00:00.000+00:00
4ty8,2014-07-08T00:00:00.000+00:00
4ty9,2014-07-08T00:00:00.000+00:00
4tya,2014-07-08T00:00:00.000+00:00
4tyb,2014-07-08T00:00:00.000+00:00
4tyl,2014-07-08T00:00:00.000+00:00
4tyo,2014-07-08T00:00:00.000+00:00
4tyt,2014-07-09T00:00:00.000+00:00
4tz2,2014-07-09T00:00:00.000+00:00
4tz8,2014-07-09T00:00:00.000+00:00
4tzm,2014-07-10T00:00:00.000+00:00
4tzn,2014-07-10T00:00:00.000+00:00
4tzq,2014-07-10T00:00:00.000+00:00
4u01,2014-07-11T00:00:00.000+00:00
4u03,2014-07-11T00:00:00.000+00:00
4u0a,2014-07-11T00:00:00.000+00:00
4u0b,2014-07-11T00:00:00.000+00:00
4u0c,2014-07-11T00:00:00.000+00:00
4u0d,2014-07-11T00:00:00.000+00:00
4u0e,2014-07-11T00:00:00.000+00:00
4u0f,2014-07-11T00:00:00.000+00:00
4u0g,2014-07-11T00:00:00.000+00:00
4u0i,2014-07-11T00:00:00.000+00:00
4u0m,2014-07-12T00:00:00.000+00:00
4u0n,2014-07-12T00:00:00.000+00:00
4u0s,2014-07-14T00:00:00.000+00:00
4u0u,2014-07-14T00:00:00.000+00:00
4u0w,2014-07-14T00:00:00.000+00:00
4u0x,2014-07-14T00:00:00.000+00:00
4u1b,2014-07-15T00:00:00.000+00:00
4u2w,2014-07-18T00:00:00.000+00:00
4u2y,2014-07-18T00:00:00.000+00:00
4u3f,2014-07-21T00:00:00.000+00:00
4u43,2014-07-23T00:00:00.000+00:00
4u44,2014-07-23T00:00:00.000+00:00
4u45,2014-07-23T00:00:00.000+00:00
4u4x,2014-07-24T00:00:00.000+00:00
4u54,2014-07-24T00:00:00.000+00:00
4u58,2014-07-24T00:00:00.000+00:00
4u5j,2014-07-25T00:00:00.000+00:00
4u5l,2014-07-25T00:00:00.000+00:00
4u5n,2014-07-25T00:00:00.000+00:00
4u5o,2014-07-25T00:00:00.000+00:00
4u5s,2014-07-25T00:00:00.000+00:00
4u5u,2014-07-25T00:00:00.000+00:00
4u5v,2014-07-25T00:00:00.000+00:00
4u68,2014-07-28T00:00:00.000+00:00
4u69,2014-07-28T00:00:00.000+00:00
4u6c,2014-07-28T00:00:00.000+00:00
4u6e,2014-07-28T00:00:00.000+00:00
4u6r,2014-07-29T00:00:00.000+00:00
4u6w,2014-07-30T00:00:00.000+00:00
4u6x,2014-07-30T00:00:00.000+00:00
4u6y,2014-07-30T00:00:00.000+00:00
4u6z,2014-07-30T00:00:00.000+00:00
4u70,2014-07-30T00:00:00.000+00:00
4u71,2014-07-30T00:00:00.000+00:00
4u73,2014-07-30T00:00:00.000+00:00
4u79,2014-07-30T00:00:00.000+00:00
4u7o,2014-07-31T00:00:00.000+00:00
4u7q,2014-07-31T00:00:00.000+00:00
4u7t,2014-07-31T00:00:00.000+00:00
4u7v,2014-07-31T00:00:00.000+00:00
4u82,2014-07-31T00:00:00.000+00:00
4u8w,2014-08-05T00:00:00.000+00:00
4u90,2014-08-05T00:00:00.000+00:00
4u91,2014-08-05T00:00:00.000+00:00
4u93,2014-08-05T00:00:00.000+00:00
4ua8,2014-08-08T00:00:00.000+00:00
4uac,2014-08-08T00:00:00.000+00:00
4ual,2014-08-10T00:00:00.000+00:00
4uat,2014-08-11T00:00:00.000+00:00
4uau,2014-08-11T00:00:00.000+00:00
4uc5,2014-12-03T00:00:00.000+00:00
4ucc,2014-12-03T00:00:00.000+00:00
4ucd,2014-12-03T00:00:00.000+00:00
4uce,2014-12-03T00:00:00.000+00:00
4uco,2014-12-04T00:00:00.000+00:00
4ucr,2014-12-04T00:00:00.000+00:00
4ucs,2014-12-04T00:00:00.000+00:00
4uct,2014-12-04T00:00:00.000+00:00
4ucu,2014-12-04T00:00:00.000+00:00
4ucv,2014-12-04T00:00:00.000+00:00
4ud7,2014-12-08T00:00:00.000+00:00
4uda,2014-12-09T00:00:00.000+00:00
4udb,2014-12-09T00:00:00.000+00:00
4ue1,2014-12-14T00:00:00.000+00:00
4ufd,2015-03-16T00:00:00.000+00:00
4ufe,2015-03-16T00:00:00.000+00:00
4uff,2015-03-16T00:00:00.000+00:00
4ufg,2015-03-17T00:00:00.000+00:00
4ufh,2015-03-17T00:00:00.000+00:00
4ufi,2015-03-17T00:00:00.000+00:00
4ufj,2015-03-17T00:00:00.000+00:00
4ufk,2015-03-17T00:00:00.000+00:00
4ufl,2015-03-17T00:00:00.000+00:00
4ufm,2015-03-17T00:00:00.000+00:00
4ufu,2015-03-19T00:00:00.000+00:00
4ufy,2015-03-20T00:00:00.000+00:00
4ufz,2015-03-20T00:00:00.000+00:00
4uhg,2015-03-24T00:00:00.000+00:00
4ui3,2015-03-27T00:00:00.000+00:00
4ui4,2015-03-27T00:00:00.000+00:00
4ui5,2015-03-27T00:00:00.000+00:00
4ui6,2015-03-27T00:00:00.000+00:00
4ui7,2015-03-27T00:00:00.000+00:00
4ui8,2015-03-27T00:00:00.000+00:00
4uia,2015-03-27T00:00:00.000+00:00
4uib,2015-03-27T00:00:00.000+00:00
4uil,2015-03-30T00:00:00.000+00:00
4uin,2015-03-30T00:00:00.000+00:00
4uit,2015-04-03T00:00:00.000+00:00
4uiu,2015-04-03T00:00:00.000+00:00
4uiv,2015-04-03T00:00:00.000+00:00
4uiw,2015-04-03T00:00:00.000+00:00
4uix,2015-04-03T00:00:00.000+00:00
4uiy,2015-04-03T00:00:00.000+00:00
4uiz,2015-04-03T00:00:00.000+00:00
4uj1,2015-04-07T00:00:00.000+00:00
4uj2,2015-04-07T00:00:00.000+00:00
4uj9,2015-04-09T00:00:00.000+00:00
4uja,2015-04-09T00:00:00.000+00:00
4ujb,2015-04-09T00:00:00.000+00:00
4um1,2014-05-14T00:00:00.000+00:00
4um3,2014-05-14T00:00:00.000+00:00
4um9,2014-05-15T00:00:00.000+00:00
4uma,2014-05-16T00:00:00.000+00:00
4umb,2014-05-16T00:00:00.000+00:00
4umc,2014-05-16T00:00:00.000+00:00
4umj,2014-05-18T00:00:00.000+00:00
4umn,2014-05-20T00:00:00.000+00:00
4umq,2014-05-20T00:00:00.000+00:00
4umr,2014-05-20T00:00:00.000+00:00
4umt,2014-05-21T00:00:00.000+00:00
4umu,2014-05-21T00:00:00.000+00:00
4und,2014-05-27T00:00:00.000+00:00
4unn,2014-05-29T00:00:00.000+00:00
4unp,2014-05-30T00:00:00.000+00:00
4unq,2014-05-30T00:00:00.000+00:00
4unr,2014-05-30T00:00:00.000+00:00
4uns,2014-05-30T00:00:00.000+00:00
4uof,2014-06-03T00:00:00.000+00:00
4uoh,2014-06-03T00:00:00.000+00:00
4up5,2014-06-12T00:00:00.000+00:00
4ura,2014-06-27T00:00:00.000+00:00
4urk,2014-06-30T00:00:00.000+00:00
4url,2014-06-30T00:00:00.000+00:00
4urm,2014-06-30T00:00:00.000+00:00
4urn,2014-07-01T00:00:00.000+00:00
4uro,2014-07-01T00:00:00.000+00:00
4uru,2014-07-02T00:00:00.000+00:00
4urv,2014-07-02T00:00:00.000+00:00
4urw,2014-07-02T00:00:00.000+00:00
4urx,2014-07-02T00:00:00.000+00:00
4ury,2014-07-02T00:00:00.000+00:00
4urz,2014-07-02T00:00:00.000+00:00
4us3,2014-07-02T00:00:00.000+00:00
4us4,2014-07-02T00:00:00.000+00:00
4usi,2014-07-08T00:00:00.000+00:00
4usj,2014-07-08T00:00:00.000+00:00
4usw,2014-07-13T00:00:00.000+00:00
4utn,2014-07-21T00:00:00.000+00:00
4utr,2014-07-22T00:00:00.000+00:00
4utv,2014-07-23T00:00:00.000+00:00
4utx,2014-07-23T00:00:00.000+00:00
4uu5,2014-07-24T00:00:00.000+00:00
4uu7,2014-07-24T00:00:00.000+00:00
4uu8,2014-07-24T00:00:00.000+00:00
4uua,2014-07-25T00:00:00.000+00:00
4uub,2014-07-25T00:00:00.000+00:00
4uuh,2014-07-28T00:00:00.000+00:00
4uuq,2014-07-30T00:00:00.000+00:00
4uv8,2014-08-05T00:00:00.000+00:00
4uv9,2014-08-05T00:00:00.000+00:00
4uva,2014-08-05T00:00:00.000+00:00
4uvb,2014-08-05T00:00:00.000+00:00
4uvc,2014-08-05T00:00:00.000+00:00
4uvu,2014-08-08T00:00:00.000+00:00
4uvv,2014-08-08T00:00:00.000+00:00
4uvw,2014-08-08T00:00:00.000+00:00
4uvx,2014-08-08T00:00:00.000+00:00
4uvy,2014-08-08T00:00:00.000+00:00
4uw1,2014-08-08T00:00:00.000+00:00
4uwf,2014-08-12T00:00:00.000+00:00
4uwg,2014-08-12T00:00:00.000+00:00
4uwh,2014-08-12T00:00:00.000+00:00
4uwk,2014-08-12T00:00:00.000+00:00
4uwl,2014-08-12T00:00:00.000+00:00
4ux4,2014-08-19T00:00:00.000+00:00
4ux6,2014-08-19T00:00:00.000+00:00
4ux9,2014-08-20T00:00:00.000+00:00
4uxb,2014-08-21T00:00:00.000+00:00
4uxh,2014-08-22T00:00:00.000+00:00
4uxj,2014-08-22T00:00:00.000+00:00
4uxl,2014-08-25T00:00:00.000+00:00
4uxq,2014-08-27T00:00:00.000+00:00
4uy1,2014-08-28T00:00:00.000+00:00
4uyd,2014-08-30T00:00:00.000+00:00
4uye,2014-08-30T00:00:00.000+00:00
4uyf,2014-08-31T00:00:00.000+00:00
4uyg,2014-08-31T00:00:00.000+00:00
4uyh,2014-08-31T00:00:00.000+00:00
4uyn,2014-09-02T00:00:00.000+00:00
4uzd,2014-09-05T00:00:00.000+00:00
4uzh,2014-09-05T00:00:00.000+00:00
4v01,2014-09-10T00:00:00.000+00:00
4v04,2014-09-10T00:00:00.000+00:00
4v05,2014-09-10T00:00:00.000+00:00
4v0i,2014-09-16T00:00:00.000+00:00
4v1f,2014-09-26T00:00:00.000+00:00
4v24,2014-10-05T00:00:00.000+00:00
4v25,2014-10-06T00:00:00.000+00:00
4v27,2014-10-07T00:00:00.000+00:00
4vgc,1997-05-01T00:00:00.000+00:00
4w4s,2014-08-15T00:00:00.000+00:00
4w4v,2014-08-15T00:00:00.000+00:00
4w4w,2014-08-15T00:00:00.000+00:00
4w4x,2014-08-15T00:00:00.000+00:00
4w4y,2014-08-15T00:00:00.000+00:00
4w4z,2014-08-15T00:00:00.000+00:00
4w50,2014-08-16T00:00:00.000+00:00
4w52,2014-08-16T00:00:00.000+00:00
4w53,2014-08-16T00:00:00.000+00:00
4w54,2014-08-16T00:00:00.000+00:00
4w55,2014-08-16T00:00:00.000+00:00
4w57,2014-08-16T00:00:00.000+00:00
4w5a,2014-08-17T00:00:00.000+00:00
4w5j,2014-08-18T00:00:00.000+00:00
4w7p,2014-08-22T00:00:00.000+00:00
4w7t,2014-08-22T00:00:00.000+00:00
4w97,2014-08-27T00:00:00.000+00:00
4w9d,2014-08-27T00:00:00.000+00:00
4w9e,2014-08-27T00:00:00.000+00:00
4w9f,2014-08-27T00:00:00.000+00:00
4w9g,2014-08-27T00:00:00.000+00:00
4w9j,2014-08-27T00:00:00.000+00:00
4w9k,2014-08-27T00:00:00.000+00:00
4w9n,2014-08-27T00:00:00.000+00:00
4w9o,2014-08-27T00:00:00.000+00:00
4w9p,2014-08-27T00:00:00.000+00:00
4w9q,2014-08-27T00:00:00.000+00:00
4w9s,2014-08-27T00:00:00.000+00:00
4w9w,2014-08-28T00:00:00.000+00:00
4w9x,2014-08-28T00:00:00.000+00:00
4wa9,2014-08-28T00:00:00.000+00:00
4waf,2014-08-29T00:00:00.000+00:00
4wag,2014-08-29T00:00:00.000+00:00
4wbg,2014-09-03T00:00:00.000+00:00
4wbo,2014-09-03T00:00:00.000+00:00
4wcf,2014-09-04T00:00:00.000+00:00
4wci,2014-09-04T00:00:00.000+00:00
4wcu,2014-09-05T00:00:00.000+00:00
4wef,2014-09-10T00:00:00.000+00:00
4wet,2014-09-11T00:00:00.000+00:00
4wey,2014-09-11T00:00:00.000+00:00
4wf2,2014-09-11T00:00:00.000+00:00
4wf4,2014-09-12T00:00:00.000+00:00
4wf6,2014-09-12T00:00:00.000+00:00
4wgi,2014-09-18T00:00:00.000+00:00
4wh7,2014-09-20T00:00:00.000+00:00
4wh9,2014-09-20T00:00:00.000+00:00
4whh,2014-09-22T00:00:00.000+00:00
4whl,2014-09-23T00:00:00.000+00:00
4whq,2014-09-23T00:00:00.000+00:00
4whr,2014-09-23T00:00:00.000+00:00
4whs,2014-09-23T00:00:00.000+00:00
4wht,2014-09-23T00:00:00.000+00:00
4why,2014-09-24T00:00:00.000+00:00
4whz,2014-09-24T00:00:00.000+00:00
4wi1,2014-09-25T00:00:00.000+00:00
4wj5,2014-09-29T00:00:00.000+00:00
4wj7,2014-09-29T00:00:00.000+00:00
4wk1,2014-10-01T00:00:00.000+00:00
4wk2,2014-10-01T00:00:00.000+00:00
4wk7,2014-10-01T00:00:00.000+00:00
4wkb,2014-10-02T00:00:00.000+00:00
4wkc,2014-10-02T00:00:00.000+00:00
4wke,2014-10-02T00:00:00.000+00:00
4wki,2014-10-02T00:00:00.000+00:00
4wkn,2014-10-02T00:00:00.000+00:00
4wko,2014-10-02T00:00:00.000+00:00
4wkp,2014-10-02T00:00:00.000+00:00
4wks,2014-10-03T00:00:00.000+00:00
4wkt,2014-10-03T00:00:00.000+00:00
4wku,2014-10-03T00:00:00.000+00:00
4wkv,2014-10-03T00:00:00.000+00:00
4wlb,2014-10-07T00:00:00.000+00:00
4wm9,2014-10-08T00:00:00.000+00:00
4wmc,2014-10-08T00:00:00.000+00:00
4wmu,2014-10-09T00:00:00.000+00:00
4wmv,2014-10-09T00:00:00.000+00:00
4wmx,2014-10-09T00:00:00.000+00:00
4wmy,2014-10-09T00:00:00.000+00:00
4wn0,2014-10-10T00:00:00.000+00:00
4wn1,2014-10-10T00:00:00.000+00:00
4wn5,2014-10-10T00:00:00.000+00:00
4wnk,2014-10-13T00:00:00.000+00:00
4wnm,2014-10-13T00:00:00.000+00:00
4wno,2014-10-14T00:00:00.000+00:00
4wnp,2014-10-14T00:00:00.000+00:00
4wop,2014-10-16T00:00:00.000+00:00
4wov,2014-10-16T00:00:00.000+00:00
4wp7,2014-10-17T00:00:00.000+00:00
4wpf,2014-10-18T00:00:00.000+00:00
4wph,2014-10-18T00:00:00.000+00:00
4wpn,2014-10-20T00:00:00.000+00:00
4wq2,2014-10-21T00:00:00.000+00:00
4wq3,2014-10-21T00:00:00.000+00:00
4wr7,2014-10-23T00:00:00.000+00:00
4wr8,2014-10-23T00:00:00.000+00:00
4wrb,2014-10-23T00:00:00.000+00:00
4wri,2014-10-24T00:00:00.000+00:00
4wrq,2014-10-24T00:00:00.000+00:00
4wrs,2014-10-25T00:00:00.000+00:00
4wsj,2014-10-28T00:00:00.000+00:00
4wsk,2014-10-28T00:00:00.000+00:00
4wsy,2014-10-28T00:00:00.000+00:00
4wt2,2014-10-30T00:00:00.000+00:00
4wt6,2014-10-29T00:00:00.000+00:00
4wtu,2014-10-30T00:00:00.000+00:00
4wup,2014-11-03T00:00:00.000+00:00
4wuy,2014-11-04T00:00:00.000+00:00
4wv6,2014-11-04T00:00:00.000+00:00
4wvl,2014-11-06T00:00:00.000+00:00
4wvt,2014-11-07T00:00:00.000+00:00
4wvu,2014-11-07T00:00:00.000+00:00
4ww6,2014-11-10T00:00:00.000+00:00
4ww8,2014-11-10T00:00:00.000+00:00
4wwn,2014-11-11T00:00:00.000+00:00
4wwo,2014-11-11T00:00:00.000+00:00
4wwp,2014-11-11T00:00:00.000+00:00
4wx4,2014-11-13T00:00:00.000+00:00
4wx6,2014-11-13T00:00:00.000+00:00
4wx7,2014-11-13T00:00:00.000+00:00
4wxi,2014-11-13T00:00:00.000+00:00
4wy1,2014-11-14T00:00:00.000+00:00
4wy3,2014-11-15T00:00:00.000+00:00
4wy6,2014-11-15T00:00:00.000+00:00
4wy7,2014-11-16T00:00:00.000+00:00
4wym,2014-11-17T00:00:00.000+00:00
4wyo,2014-11-17T00:00:00.000+00:00
4wyp,2014-11-17T00:00:00.000+00:00
4wyy,2014-11-18T00:00:00.000+00:00
4wyz,2014-11-18T00:00:00.000+00:00
4wz4,2014-11-18T00:00:00.000+00:00
4wz5,2014-11-18T00:00:00.000+00:00
4wz6,2014-11-18T00:00:00.000+00:00
4wz8,2014-11-18T00:00:00.000+00:00
4wzv,2014-11-20T00:00:00.000+00:00
4x0f,2014-11-21T00:00:00.000+00:00
4x0u,2014-11-23T00:00:00.000+00:00
4x0z,2014-11-24T00:00:00.000+00:00
4x11,2014-11-24T00:00:00.000+00:00
4x13,2014-11-24T00:00:00.000+00:00
4x14,2014-11-24T00:00:00.000+00:00
4x1f,2014-11-24T00:00:00.000+00:00
4x1n,2014-11-25T00:00:00.000+00:00
4x1p,2014-11-25T00:00:00.000+00:00
4x1q,2014-11-25T00:00:00.000+00:00
4x1r,2014-11-25T00:00:00.000+00:00
4x1s,2014-11-25T00:00:00.000+00:00
4x21,2014-11-25T00:00:00.000+00:00
4x24,2014-11-25T00:00:00.000+00:00
4x2i,2014-11-26T00:00:00.000+00:00
4x2l,2014-11-26T00:00:00.000+00:00
4x2s,2014-11-26T00:00:00.000+00:00
4x34,2014-11-27T00:00:00.000+00:00
4x3e,2014-11-28T00:00:00.000+00:00
4x3h,2014-11-30T00:00:00.000+00:00
4x3i,2014-11-30T00:00:00.000+00:00
4x3k,2014-12-01T00:00:00.000+00:00
4x3r,2014-12-01T00:00:00.000+00:00
4x3s,2014-12-01T00:00:00.000+00:00
4x3t,2014-12-01T00:00:00.000+00:00
4x3u,2014-12-01T00:00:00.000+00:00
4x47,2014-12-02T00:00:00.000+00:00
4x48,2014-12-02T00:00:00.000+00:00
4x49,2014-12-02T00:00:00.000+00:00
4x50,2014-12-04T00:00:00.000+00:00
4x5p,2014-12-05T00:00:00.000+00:00
4x5q,2014-12-05T00:00:00.000+00:00
4x5r,2014-12-05T00:00:00.000+00:00
4x5y,2014-12-06T00:00:00.000+00:00
4x5z,2014-12-06T00:00:00.000+00:00
4x60,2014-12-06T00:00:00.000+00:00
4x61,2014-12-06T00:00:00.000+00:00
4x63,2014-12-06T00:00:00.000+00:00
4x68,2014-12-07T00:00:00.000+00:00
4x69,2014-12-07T00:00:00.000+00:00
4x6h,2014-12-08T00:00:00.000+00:00
4x6i,2014-12-08T00:00:00.000+00:00
4x6j,2014-12-08T00:00:00.000+00:00
4x6k,2014-12-08T00:00:00.000+00:00
4x6m,2014-12-08T00:00:00.000+00:00
4x6n,2014-12-08T00:00:00.000+00:00
4x6o,2014-12-08T00:00:00.000+00:00
4x6s,2014-12-09T00:00:00.000+00:00
4x6x,2014-12-09T00:00:00.000+00:00
4x6y,2014-12-09T00:00:00.000+00:00
4x7h,2014-12-09T00:00:00.000+00:00
4x7i,2014-12-09T00:00:00.000+00:00
4x7j,2014-12-09T00:00:00.000+00:00
4x7k,2014-12-09T00:00:00.000+00:00
4x7l,2014-12-09T00:00:00.000+00:00
4x7n,2014-12-09T00:00:00.000+00:00
4x7o,2014-12-09T00:00:00.000+00:00
4x7q,2014-12-09T00:00:00.000+00:00
4x8g,2014-12-10T00:00:00.000+00:00
4x8n,2014-12-10T00:00:00.000+00:00
4x8o,2014-12-10T00:00:00.000+00:00
4x8p,2014-12-10T00:00:00.000+00:00
4x8s,2014-12-10T00:00:00.000+00:00
4x8t,2014-12-10T00:00:00.000+00:00
4x8u,2014-12-10T00:00:00.000+00:00
4x8v,2014-12-10T00:00:00.000+00:00
4x9r,2014-12-11T00:00:00.000+00:00
4x9v,2014-12-11T00:00:00.000+00:00
4x9w,2014-12-11T00:00:00.000+00:00
4xaq,2014-12-15T00:00:00.000+00:00
4xar,2014-12-15T00:00:00.000+00:00
4xas,2014-12-15T00:00:00.000+00:00
4xbb,2014-12-16T00:00:00.000+00:00
4xbd,2014-12-16T00:00:00.000+00:00
4xbo,2014-12-17T00:00:00.000+00:00
4xc2,2014-12-17T00:00:00.000+00:00
4xcb,2014-12-17T00:00:00.000+00:00
4xct,2014-12-18T00:00:00.000+00:00
4xcu,2014-12-18T00:00:00.000+00:00
4xdo,2014-12-19T00:00:00.000+00:00
4xe0,2014-12-20T00:00:00.000+00:00
4xe1,2014-12-21T00:00:00.000+00:00
4xek,2014-12-24T00:00:00.000+00:00
4xg3,2014-12-30T00:00:00.000+00:00
4xg4,2014-12-30T00:00:00.000+00:00
4xg6,2014-12-30T00:00:00.000+00:00
4xg7,2014-12-30T00:00:00.000+00:00
4xg8,2014-12-30T00:00:00.000+00:00
4xg9,2014-12-30T00:00:00.000+00:00
4xgz,2015-01-04T00:00:00.000+00:00
4xh2,2015-01-04T00:00:00.000+00:00
4xh6,2015-01-05T00:00:00.000+00:00
4xhe,2015-01-05T00:00:00.000+00:00
4xhk,2015-01-05T00:00:00.000+00:00
4xhl,2015-01-05T00:00:00.000+00:00
4xhv,2015-01-06T00:00:00.000+00:00
4xii,2015-01-07T00:00:00.000+00:00
4xip,2015-01-07T00:00:00.000+00:00
4xiq,2015-01-07T00:00:00.000+00:00
4xir,2015-01-07T00:00:00.000+00:00
4xit,2015-01-07T00:00:00.000+00:00
4xj0,2015-01-08T00:00:00.000+00:00
4xjs,2015-01-09T00:00:00.000+00:00
4xjt,2015-01-09T00:00:00.000+00:00
4xk9,2015-01-10T00:00:00.000+00:00
4xkb,2015-01-11T00:00:00.000+00:00
4xkc,2015-01-11T00:00:00.000+00:00
4xkx,2015-01-12T00:00:00.000+00:00
4xm6,2015-01-14T00:00:00.000+00:00
4xm7,2015-01-14T00:00:00.000+00:00
4xm8,2015-01-14T00:00:00.000+00:00
4xmb,2015-01-14T00:00:00.000+00:00
4xmo,2015-01-14T00:00:00.000+00:00
4xmr,2015-01-15T00:00:00.000+00:00
4xnv,2015-01-16T00:00:00.000+00:00
4xnw,2015-01-16T00:00:00.000+00:00
4xo8,2015-01-16T00:00:00.000+00:00
4xoc,2015-01-16T00:00:00.000+00:00
4xoe,2015-01-16T00:00:00.000+00:00
4xpj,2015-01-17T00:00:00.000+00:00
4xqa,2015-01-19T00:00:00.000+00:00
4xqb,2015-01-19T00:00:00.000+00:00
4xqu,2015-01-20T00:00:00.000+00:00
4xrq,2015-01-21T00:00:00.000+00:00
4xs2,2015-01-21T00:00:00.000+00:00
4xsx,2015-01-22T00:00:00.000+00:00
4xsy,2015-01-22T00:00:00.000+00:00
4xsz,2015-01-22T00:00:00.000+00:00
4xt2,2015-01-22T00:00:00.000+00:00
4xt9,2015-01-23T00:00:00.000+00:00
4xta,2015-01-23T00:00:00.000+00:00
4xtm,2015-01-23T00:00:00.000+00:00
4xtp,2015-01-23T00:00:00.000+00:00
4xtt,2015-01-24T00:00:00.000+00:00
4xtv,2015-01-24T00:00:00.000+00:00
4xty,2015-01-24T00:00:00.000+00:00
4xtz,2015-01-24T00:00:00.000+00:00
4xu0,2015-01-24T00:00:00.000+00:00
4xu1,2015-01-24T00:00:00.000+00:00
4xu2,2015-01-24T00:00:00.000+00:00
4xu3,2015-01-24T00:00:00.000+00:00
4xua,2015-01-25T00:00:00.000+00:00
4xub,2015-01-25T00:00:00.000+00:00
4xuc,2015-01-25T00:00:00.000+00:00
4xue,2015-01-25T00:00:00.000+00:00
4xuh,2015-01-25T00:00:00.000+00:00
4xum,2015-01-26T00:00:00.000+00:00
4xuz,2015-01-26T00:00:00.000+00:00
4xv1,2015-01-26T00:00:00.000+00:00
4xv2,2015-01-26T00:00:00.000+00:00
4xv3,2015-01-26T00:00:00.000+00:00
4xv9,2015-01-26T00:00:00.000+00:00
4xwk,2015-01-28T00:00:00.000+00:00
4xx3,2015-01-29T00:00:00.000+00:00
4xx4,2015-01-29T00:00:00.000+00:00
4xx9,2015-01-29T00:00:00.000+00:00
4xxh,2015-01-30T00:00:00.000+00:00
4xxs,2015-01-30T00:00:00.000+00:00
4xy2,2015-02-02T00:00:00.000+00:00
4xy8,2015-02-02T00:00:00.000+00:00
4xy9,2015-02-02T00:00:00.000+00:00
4xya,2015-02-02T00:00:00.000+00:00
4xyc,2015-02-02T00:00:00.000+00:00
4xyf,2015-02-02T00:00:00.000+00:00
4xyn,2015-02-02T00:00:00.000+00:00
4y0a,2015-02-05T00:00:00.000+00:00
4y16,2015-02-06T00:00:00.000+00:00
4y24,2015-02-09T00:00:00.000+00:00
4y29,2015-02-09T00:00:00.000+00:00
4y2b,2015-02-09T00:00:00.000+00:00
4y2j,2015-02-10T00:00:00.000+00:00
4y2p,2015-02-10T00:00:00.000+00:00
4y2q,2015-02-10T00:00:00.000+00:00
4y2s,2015-02-10T00:00:00.000+00:00
4y2t,2015-02-10T00:00:00.000+00:00
4y2u,2015-02-10T00:00:00.000+00:00
4y2v,2015-02-10T00:00:00.000+00:00
4y2x,2015-02-10T00:00:00.000+00:00
4y2y,2015-02-10T00:00:00.000+00:00
4y32,2015-02-10T00:00:00.000+00:00
4y38,2015-02-10T00:00:00.000+00:00
4y3b,
4y3j,2015-02-10T00:00:00.000+00:00
4y3y,2015-02-10T00:00:00.000+00:00
4y46,2015-02-10T00:00:00.000+00:00
4y4g,2015-02-10T00:00:00.000+00:00
4y4j,2015-02-10T00:00:00.000+00:00
4y4v,2015-02-11T00:00:00.000+00:00
4y59,2015-02-11T00:00:00.000+00:00
4y5d,2015-02-11T00:00:00.000+00:00
4y5h,2015-02-11T00:00:00.000+00:00
4y5i,2015-02-11T00:00:00.000+00:00
4y5s,2015-02-12T00:00:00.000+00:00
4y62,2015-02-12T00:00:00.000+00:00
4y64,2015-02-12T00:00:00.000+00:00
4y67,2015-02-12T00:00:00.000+00:00
4y6m,2015-02-13T00:00:00.000+00:00
4y6p,2015-02-13T00:00:00.000+00:00
4y6r,2015-02-13T00:00:00.000+00:00
4y6s,2015-02-13T00:00:00.000+00:00
4y73,2015-02-13T00:00:00.000+00:00
4y79,2015-02-13T00:00:00.000+00:00
4y7r,2015-02-16T00:00:00.000+00:00
4y83,2015-02-16T00:00:00.000+00:00
4y85,2015-02-16T00:00:00.000+00:00
4y87,2015-02-16T00:00:00.000+00:00
4y8c,2015-02-16T00:00:00.000+00:00
4y8d,2015-02-16T00:00:00.000+00:00
4y8x,2015-02-16T00:00:00.000+00:00
4y8y,2015-02-16T00:00:00.000+00:00
4y8z,2015-02-16T00:00:00.000+00:00
4y94,2015-02-16T00:00:00.000+00:00
4ya8,2015-02-17T00:00:00.000+00:00
4yab,2015-02-17T00:00:00.000+00:00
4yad,2015-02-17T00:00:00.000+00:00
4yas,1999-03-15T00:00:00.000+00:00
4yat,2015-02-17T00:00:00.000+00:00
4yax,2015-02-18T00:00:00.000+00:00
4yay,2015-02-18T00:00:00.000+00:00
4yb5,2015-02-18T00:00:00.000+00:00
4yb6,2015-02-18T00:00:00.000+00:00
4yb7,2015-02-18T00:00:00.000+00:00
4ybi,2015-02-18T00:00:00.000+00:00
4ybj,2015-02-18T00:00:00.000+00:00
4ybk,2015-02-18T00:00:00.000+00:00
4ybm,2015-02-18T00:00:00.000+00:00
4ybs,2015-02-19T00:00:00.000+00:00
4ybt,2015-02-19T00:00:00.000+00:00
4yc0,2015-02-19T00:00:00.000+00:00
4yc8,2015-02-19T00:00:00.000+00:00
4yc9,2015-02-19T00:00:00.000+00:00
4ycl,2015-02-20T00:00:00.000+00:00
4ycm,2015-02-20T00:00:00.000+00:00
4ycn,2015-02-20T00:00:00.000+00:00
4ycu,2015-02-20T00:00:00.000+00:00
4ycv,2015-02-20T00:00:00.000+00:00
4ycw,2015-02-20T00:00:00.000+00:00
4ydf,2015-02-22T00:00:00.000+00:00
4ydg,2015-02-22T00:00:00.000+00:00
4ydn,2015-02-22T00:00:00.000+00:00
4ydq,2015-02-23T00:00:00.000+00:00
4ye3,2015-02-23T00:00:00.000+00:00
4yec,2015-02-24T00:00:00.000+00:00
4yee,2015-02-24T00:00:00.000+00:00
4yef,2015-02-24T00:00:00.000+00:00
4yes,2015-02-24T00:00:00.000+00:00
4yff,2015-02-25T00:00:00.000+00:00
4yfi,2015-02-25T00:00:00.000+00:00
4ygf,2015-02-26T00:00:00.000+00:00
4yh3,2015-02-26T00:00:00.000+00:00
4yh4,2015-02-26T00:00:00.000+00:00
4yha,2015-02-27T00:00:00.000+00:00
4yhf,2015-02-27T00:00:00.000+00:00
4yhm,2015-02-27T00:00:00.000+00:00
4yho,2015-02-27T00:00:00.000+00:00
4yhp,2015-02-27T00:00:00.000+00:00
4yhq,2015-02-27T00:00:00.000+00:00
4yht,2015-02-27T00:00:00.000+00:00
4yhz,2015-02-27T00:00:00.000+00:00
4yih,2015-03-02T00:00:00.000+00:00
4yik,2015-03-02T00:00:00.000+00:00
4yje,2015-03-03T00:00:00.000+00:00
4yjl,2015-03-03T00:00:00.000+00:00
4yjn,2015-03-03T00:00:00.000+00:00
4yk0,2015-03-03T00:00:00.000+00:00
4yk5,2015-03-04T00:00:00.000+00:00
4yk6,2015-03-04T00:00:00.000+00:00
4ykj,2015-03-04T00:00:00.000+00:00
4ykk,2015-03-04T00:00:00.000+00:00
4ykn,2015-03-04T00:00:00.000+00:00
4yl0,2015-03-04T00:00:00.000+00:00
4yl1,2015-03-04T00:00:00.000+00:00
4yl3,2015-03-04T00:00:00.000+00:00
4ylj,2015-03-05T00:00:00.000+00:00
4ylk,2015-03-05T00:00:00.000+00:00
4yll,2015-03-05T00:00:00.000+00:00
4ylu,2015-03-05T00:00:00.000+00:00
4ym2,2015-03-06T00:00:00.000+00:00
4ym4,2015-03-06T00:00:00.000+00:00
4ymb,2015-03-06T00:00:00.000+00:00
4ymg,2015-03-06T00:00:00.000+00:00
4ymh,2015-03-06T00:00:00.000+00:00
4ymj,2015-03-06T00:00:00.000+00:00
4yml,2015-03-06T00:00:00.000+00:00
4ymq,2015-03-07T00:00:00.000+00:00
4ymx,2015-03-07T00:00:00.000+00:00
4ynb,2015-03-09T00:00:00.000+00:00
4ynd,2015-03-09T00:00:00.000+00:00
4yne,2015-03-09T00:00:00.000+00:00
4ynk,2015-03-10T00:00:00.000+00:00
4ynl,2015-03-10T00:00:00.000+00:00
4yo6,2015-03-11T00:00:00.000+00:00
4yo8,2015-03-11T00:00:00.000+00:00
4yog,2015-03-11T00:00:00.000+00:00
4yoi,2015-03-11T00:00:00.000+00:00
4yoj,2015-03-11T00:00:00.000+00:00
4yoz,2015-03-12T00:00:00.000+00:00
4yp1,2015-03-12T00:00:00.000+00:00
4yp8,2015-03-12T00:00:00.000+00:00
4ypf,2015-03-12T00:00:00.000+00:00
4yps,2015-03-13T00:00:00.000+00:00
4yqh,2015-03-13T00:00:00.000+00:00
4yqm,2015-03-13T00:00:00.000+00:00
4yqu,2015-03-13T00:00:00.000+00:00
4yqv,2015-03-13T00:00:00.000+00:00
4yrc,2015-03-15T00:00:00.000+00:00
4yrd,2015-03-15T00:00:00.000+00:00
4yrg,2015-03-15T00:00:00.000+00:00
4yrr,2015-03-15T00:00:00.000+00:00
4yrs,2015-03-15T00:00:00.000+00:00
4yrt,2015-03-15T00:00:00.000+00:00
4ys7,2015-03-16T00:00:00.000+00:00
4ysi,2015-03-17T00:00:00.000+00:00
4ysl,2015-03-17T00:00:00.000+00:00
4yt6,2015-03-17T00:00:00.000+00:00
4yt7,2015-03-17T00:00:00.000+00:00
4ytc,2015-03-17T00:00:00.000+00:00
4ytf,2015-03-17T00:00:00.000+00:00
4yth,2015-03-17T00:00:00.000+00:00
4yti,2015-03-17T00:00:00.000+00:00
4yur,2015-03-19T00:00:00.000+00:00
4yuw,2015-03-19T00:00:00.000+00:00
4yux,2015-03-19T00:00:00.000+00:00
4yuy,2015-03-19T00:00:00.000+00:00
4yuz,2015-03-19T00:00:00.000+00:00
4yv0,2015-03-19T00:00:00.000+00:00
4yv1,2015-03-19T00:00:00.000+00:00
4yv2,2015-03-19T00:00:00.000+00:00
4yv5,2015-03-19T00:00:00.000+00:00
4yv8,2015-03-19T00:00:00.000+00:00
4yv9,2015-03-19T00:00:00.000+00:00
4yvc,2015-03-19T00:00:00.000+00:00
4yve,2015-03-19T00:00:00.000+00:00
4yvz,2015-03-20T00:00:00.000+00:00
4yw2,2015-03-20T00:00:00.000+00:00
4yw6,2015-03-20T00:00:00.000+00:00
4yw7,2015-03-20T00:00:00.000+00:00
4ywa,2015-03-20T00:00:00.000+00:00
4yx4,2015-03-22T00:00:00.000+00:00
4yx9,2015-03-22T00:00:00.000+00:00
4yxd,2015-03-23T00:00:00.000+00:00
4yxi,2015-03-23T00:00:00.000+00:00
4yxo,2015-03-23T00:00:00.000+00:00
4yxu,2015-03-23T00:00:00.000+00:00
4yy6,2015-03-23T00:00:00.000+00:00
4yyi,2015-03-23T00:00:00.000+00:00
4yyl,2015-03-24T00:00:00.000+00:00
4yym,2015-03-24T00:00:00.000+00:00
4yyn,2015-03-24T00:00:00.000+00:00
4yyt,2015-03-24T00:00:00.000+00:00
4yz5,2015-03-24T00:00:00.000+00:00
4yz9,2015-03-24T00:00:00.000+00:00
4yzc,2015-03-24T00:00:00.000+00:00
4yzm,2015-03-25T00:00:00.000+00:00
4yzn,2015-03-25T00:00:00.000+00:00
4yzu,2015-03-25T00:00:00.000+00:00
4z07,2015-03-25T00:00:00.000+00:00
4z0d,2015-03-26T00:00:00.000+00:00
4z0e,2015-03-26T00:00:00.000+00:00
4z0f,2015-03-26T00:00:00.000+00:00
4z0k,2015-03-26T00:00:00.000+00:00
4z0q,2015-03-26T00:00:00.000+00:00
4z0u,2015-03-26T00:00:00.000+00:00
4z16,2015-03-26T00:00:00.000+00:00
4z1e,2015-03-27T00:00:00.000+00:00
4z1j,2015-03-27T00:00:00.000+00:00
4z1k,2015-03-27T00:00:00.000+00:00
4z1n,2015-03-27T00:00:00.000+00:00
4z1q,2015-03-27T00:00:00.000+00:00
4z1s,2015-03-27T00:00:00.000+00:00
4z22,2015-03-28T00:00:00.000+00:00
4z2b,2015-03-29T00:00:00.000+00:00
4z2g,2015-03-30T00:00:00.000+00:00
4z2h,2015-03-30T00:00:00.000+00:00
4z2i,2015-03-30T00:00:00.000+00:00
4z2j,2015-03-30T00:00:00.000+00:00
4z2k,2015-03-30T00:00:00.000+00:00
4z2l,2015-03-30T00:00:00.000+00:00
4z2o,2015-03-30T00:00:00.000+00:00
4z2p,2015-03-30T00:00:00.000+00:00
4z3v,2015-03-31T00:00:00.000+00:00
4z46,2015-04-01T00:00:00.000+00:00
4z5w,2015-04-03T00:00:00.000+00:00
4z68,2015-04-04T00:00:00.000+00:00
4z6h,2015-04-05T00:00:00.000+00:00
4z6i,2015-04-05T00:00:00.000+00:00
4z7f,2015-04-07T00:00:00.000+00:00
4z7h,2015-04-07T00:00:00.000+00:00
4z7n,2015-04-07T00:00:00.000+00:00
4z7o,2015-04-07T00:00:00.000+00:00
4z7q,2015-04-07T00:00:00.000+00:00
4z83,2015-04-08T00:00:00.000+00:00
4z84,2015-04-08T00:00:00.000+00:00
4z88,2015-04-08T00:00:00.000+00:00
4z89,2015-04-08T00:00:00.000+00:00
4z8a,2015-04-08T00:00:00.000+00:00
4z8d,2015-04-08T00:00:00.000+00:00
4z8m,2015-04-09T00:00:00.000+00:00
4z90,2015-04-09T00:00:00.000+00:00
4z93,2015-04-09T00:00:00.000+00:00
4z9l,2015-04-10T00:00:00.000+00:00
4za0,2015-04-13T00:00:00.000+00:00
4zae,2015-04-13T00:00:00.000+00:00
4zam,2015-04-13T00:00:00.000+00:00
4zb6,2015-04-14T00:00:00.000+00:00
4zb8,2015-04-14T00:00:00.000+00:00
4zba,2015-04-14T00:00:00.000+00:00
4zbf,2015-04-14T00:00:00.000+00:00
4zbi,2015-04-14T00:00:00.000+00:00
4zcs,2015-04-16T00:00:00.000+00:00
4zcw,2015-04-16T00:00:00.000+00:00
4zdu,2015-04-19T00:00:00.000+00:00
4ze6,2015-04-20T00:00:00.000+00:00
4zeb,2015-04-20T00:00:00.000+00:00
4zec,2015-04-20T00:00:00.000+00:00
4zed,2015-04-20T00:00:00.000+00:00
4zei,2015-04-20T00:00:00.000+00:00
4zek,2015-04-20T00:00:00.000+00:00
4zfi,2015-04-21T00:00:00.000+00:00
4zg6,2015-04-22T00:00:00.000+00:00
4zg7,2015-04-22T00:00:00.000+00:00
4zg9,2015-04-22T00:00:00.000+00:00
4zga,2015-04-22T00:00:00.000+00:00
4zgk,2015-04-23T00:00:00.000+00:00
4zh2,2015-04-24T00:00:00.000+00:00
4zh3,2015-04-24T00:00:00.000+00:00
4zh4,2015-04-24T00:00:00.000+00:00
4zhl,2015-04-25T00:00:00.000+00:00
4zhm,2015-04-25T00:00:00.000+00:00
4zij,2015-04-28T00:00:00.000+00:00
4zim,2015-04-28T00:00:00.000+00:00
4zip,2015-04-28T00:00:00.000+00:00
4zj8,2015-04-29T00:00:00.000+00:00
4zjc,2015-04-29T00:00:00.000+00:00
4zji,2015-04-29T00:00:00.000+00:00
4zjj,2015-04-29T00:00:00.000+00:00
4zjr,2015-04-29T00:00:00.000+00:00
4zjw,2015-04-29T00:00:00.000+00:00
4zk5,2015-04-29T00:00:00.000+00:00
4zki,2015-04-30T00:00:00.000+00:00
4zl4,2015-05-01T00:00:00.000+00:00
4zla,2015-05-01T00:00:00.000+00:00
4zlo,2015-05-01T00:00:00.000+00:00
4zls,2015-05-01T00:00:00.000+00:00
4zly,2015-05-01T00:00:00.000+00:00
4zlz,2015-05-01T00:00:00.000+00:00
4zme,2015-05-03T00:00:00.000+00:00
4zmf,2015-05-04T00:00:00.000+00:00
4znx,2015-05-05T00:00:00.000+00:00
4zo5,2015-05-06T00:00:00.000+00:00
4zom,2015-05-06T00:00:00.000+00:00
4zow,2015-05-07T00:00:00.000+00:00
4zpe,2015-05-07T00:00:00.000+00:00
4zpf,2015-05-07T00:00:00.000+00:00
4zpg,2015-05-07T00:00:00.000+00:00
4zph,2015-05-07T00:00:00.000+00:00
4zqt,2015-05-11T00:00:00.000+00:00
4zro,2015-05-12T00:00:00.000+00:00
4zs0,2015-05-12T00:00:00.000+00:00
4zs2,2015-05-13T00:00:00.000+00:00
4zs3,2015-05-13T00:00:00.000+00:00
4zs9,2015-05-13T00:00:00.000+00:00
4zsa,2015-05-13T00:00:00.000+00:00
4zsg,2015-05-13T00:00:00.000+00:00
4zsh,2015-05-13T00:00:00.000+00:00
4zsj,2015-05-13T00:00:00.000+00:00
4zsl,2015-05-13T00:00:00.000+00:00
4zsm,2015-05-13T00:00:00.000+00:00
4zsp,2015-05-13T00:00:00.000+00:00
4zsq,2015-05-13T00:00:00.000+00:00
4zsr,2015-05-13T00:00:00.000+00:00
4zt2,2015-05-14T00:00:00.000+00:00
4zt3,2015-05-14T00:00:00.000+00:00
4zt4,2015-05-14T00:00:00.000+00:00
4zt5,2015-05-14T00:00:00.000+00:00
4zt6,2015-05-14T00:00:00.000+00:00
4zt7,2015-05-14T00:00:00.000+00:00
4zt8,2015-05-14T00:00:00.000+00:00
4ztl,2015-05-14T00:00:00.000+00:00
4ztm,2015-05-14T00:00:00.000+00:00
4ztn,2015-05-14T00:00:00.000+00:00
4ztq,2015-05-14T00:00:00.000+00:00
4ztr,2015-05-15T00:00:00.000+00:00
4zts,2015-05-15T00:00:00.000+00:00
4zud,2015-05-15T00:00:00.000+00:00
4zum,2015-05-17T00:00:00.000+00:00
4zun,2015-05-17T00:00:00.000+00:00
4zuo,2015-05-17T00:00:00.000+00:00
4zup,2015-05-17T00:00:00.000+00:00
4zuq,2015-05-17T00:00:00.000+00:00
4zur,2015-05-17T00:00:00.000+00:00
4zv1,2015-05-18T00:00:00.000+00:00
4zv2,2015-05-18T00:00:00.000+00:00
4zvi,2015-05-18T00:00:00.000+00:00
4zw3,2015-05-19T00:00:00.000+00:00
4zw5,2015-05-19T00:00:00.000+00:00
4zw6,2015-05-19T00:00:00.000+00:00
4zw7,2015-05-19T00:00:00.000+00:00
4zw8,2015-05-19T00:00:00.000+00:00
4zwx,2015-05-19T00:00:00.000+00:00
4zwy,2015-05-19T00:00:00.000+00:00
4zwz,2015-05-19T00:00:00.000+00:00
4zx0,2015-05-19T00:00:00.000+00:00
4zx1,2015-05-20T00:00:00.000+00:00
4zx3,2015-05-20T00:00:00.000+00:00
4zx4,2015-05-20T00:00:00.000+00:00
4zx5,2015-05-20T00:00:00.000+00:00
4zx6,2015-05-20T00:00:00.000+00:00
4zx8,2015-05-20T00:00:00.000+00:00
4zx9,2015-05-20T00:00:00.000+00:00
4zxx,2015-05-20T00:00:00.000+00:00
4zxy,2015-05-20T00:00:00.000+00:00
4zy0,2015-05-21T00:00:00.000+00:00
4zy1,2015-05-21T00:00:00.000+00:00
4zy2,2015-05-21T00:00:00.000+00:00
4zy4,2015-05-21T00:00:00.000+00:00
4zy5,2015-05-21T00:00:00.000+00:00
4zy6,2015-05-21T00:00:00.000+00:00
4zyc,2015-05-21T00:00:00.000+00:00
4zyf,2015-05-21T00:00:00.000+00:00
4zyi,2015-05-21T00:00:00.000+00:00
4zyq,2015-05-22T00:00:00.000+00:00
4zyr,2015-05-22T00:00:00.000+00:00
4zyt,2015-05-22T00:00:00.000+00:00
4zyu,2015-05-22T00:00:00.000+00:00
4zyv,2015-05-22T00:00:00.000+00:00
4zyw,2015-05-22T00:00:00.000+00:00
4zyx,2015-05-22T00:00:00.000+00:00
4zyy,2015-05-22T00:00:00.000+00:00
4zyz,2015-05-22T00:00:00.000+00:00
4zz0,2015-05-22T00:00:00.000+00:00
4zz1,2015-05-22T00:00:00.000+00:00
4zz2,2015-05-22T00:00:00.000+00:00
4zz3,2015-05-22T00:00:00.000+00:00
4zzd,2015-05-22T00:00:00.000+00:00
4zzx,2015-04-15T00:00:00.000+00:00
4zzy,2015-04-15T00:00:00.000+00:00
4zzz,2015-04-15T00:00:00.000+00:00
5a00,2015-04-15T00:00:00.000+00:00
5a09,2015-04-17T00:00:00.000+00:00
5a0a,2015-04-17T00:00:00.000+00:00
5a0b,2015-04-17T00:00:00.000+00:00
5a0c,2015-04-17T00:00:00.000+00:00
5a0e,2015-04-19T00:00:00.000+00:00
5a14,2015-04-27T00:00:00.000+00:00
5a1f,2015-04-29T00:00:00.000+00:00
5a2i,2015-05-20T00:00:00.000+00:00
5a2j,2015-05-20T00:00:00.000+00:00
5a2k,2015-05-20T00:00:00.000+00:00
5a2s,2015-05-22T00:00:00.000+00:00
5a3h,1998-07-23T00:00:00.000+00:00
5a3n,2015-06-02T00:00:00.000+00:00
5a3o,2015-06-02T00:00:00.000+00:00
5a3q,2015-06-02T00:00:00.000+00:00
5a3r,2015-06-02T00:00:00.000+00:00
5a3s,2015-06-03T00:00:00.000+00:00
5a3t,2015-06-02T00:00:00.000+00:00
5a3u,2015-06-03T00:00:00.000+00:00
5a3w,2015-06-03T00:00:00.000+00:00
5a3x,2015-06-03T00:00:00.000+00:00
5a46,2015-06-05T00:00:00.000+00:00
5a4c,2015-06-05T00:00:00.000+00:00
5a4e,2015-06-08T00:00:00.000+00:00
5a4l,2015-06-10T00:00:00.000+00:00
5a4q,2015-06-11T00:00:00.000+00:00
5a4t,2015-06-15T00:00:00.000+00:00
5a54,2015-06-16T00:00:00.000+00:00
5a5d,2015-06-17T00:00:00.000+00:00
5a5o,2015-06-20T00:00:00.000+00:00
5a5p,2015-06-20T00:00:00.000+00:00
5a5q,2015-06-20T00:00:00.000+00:00
5a5r,2015-06-20T00:00:00.000+00:00
5a5s,2015-06-20T00:00:00.000+00:00
5a5v,2015-06-22T00:00:00.000+00:00
5a5z,2015-06-23T00:00:00.000+00:00
5a69,2015-06-24T00:00:00.000+00:00
5a6a,2015-06-24T00:00:00.000+00:00
5a6b,2015-06-24T00:00:00.000+00:00
5a6h,2015-06-26T00:00:00.000+00:00
5a6i,2015-06-26T00:00:00.000+00:00
5a6k,2015-06-26T00:00:00.000+00:00
5a6n,2015-06-30T00:00:00.000+00:00
5a6x,2015-07-02T00:00:00.000+00:00
5a7c,2015-07-03T00:00:00.000+00:00
5a7i,2015-07-06T00:00:00.000+00:00
5a7j,2015-07-06T00:00:00.000+00:00
5a7y,2015-07-10T00:00:00.000+00:00
5a81,2015-07-11T00:00:00.000+00:00
5a82,2015-07-11T00:00:00.000+00:00
5a83,2015-07-11T00:00:00.000+00:00
5a85,2015-07-11T00:00:00.000+00:00
5a8x,2015-07-17T00:00:00.000+00:00
5a8y,2015-07-17T00:00:00.000+00:00
5a8z,2015-07-17T00:00:00.000+00:00
5a9u,2015-07-22T00:00:00.000+00:00
5aa8,2015-07-23T00:00:00.000+00:00
5aa9,2015-07-23T00:00:00.000+00:00
5aaa,2015-07-23T00:00:00.000+00:00
5aab,2015-07-23T00:00:00.000+00:00
5aac,2015-07-23T00:00:00.000+00:00
5aad,2015-07-24T00:00:00.000+00:00
5aae,2015-07-24T00:00:00.000+00:00
5aaf,2015-07-24T00:00:00.000+00:00
5aag,2015-07-24T00:00:00.000+00:00
5aan,2015-07-27T00:00:00.000+00:00
5ab1,
5ab9,2015-08-04T00:00:00.000+00:00
5abe,2015-08-05T00:00:00.000+00:00
5abf,2015-08-05T00:00:00.000+00:00
5abg,2015-08-05T00:00:00.000+00:00
5abh,2015-08-05T00:00:00.000+00:00
5abp,1990-12-26T00:00:00.000+00:00
5abw,2015-08-10T00:00:00.000+00:00
5acb,2015-08-14T00:00:00.000+00:00
5acw,2015-08-18T00:00:00.000+00:00
5acx,2015-08-18T00:00:00.000+00:00
5acy,2015-08-18T00:00:00.000+00:00
5ad1,2015-08-19T00:00:00.000+00:00
5adq,2015-08-24T00:00:00.000+00:00
5adr,2015-08-24T00:00:00.000+00:00
5ads,2015-08-24T00:00:00.000+00:00
5adt,2015-08-24T00:00:00.000+00:00
5aeh,2015-08-31T00:00:00.000+00:00
5aei,2015-08-31T00:00:00.000+00:00
5ael,2014-12-26T00:00:00.000+00:00
5aen,2015-01-06T00:00:00.000+00:00
5aep,2015-01-08T00:00:00.000+00:00
5aer,2015-01-08T00:00:00.000+00:00
5aes,2015-01-09T00:00:00.000+00:00
5afj,2015-01-22T00:00:00.000+00:00
5afk,2015-01-22T00:00:00.000+00:00
5afl,2015-01-22T00:00:00.000+00:00
5afm,2015-01-22T00:00:00.000+00:00
5afn,2015-01-22T00:00:00.000+00:00
5afv,2015-01-26T00:00:00.000+00:00
5afx,2015-01-27T00:00:00.000+00:00
5agu,2015-02-03T00:00:00.000+00:00
5agv,2015-02-03T00:00:00.000+00:00
5ah2,2015-02-04T00:00:00.000+00:00
5ahj,2015-02-06T00:00:00.000+00:00
5ahu,2015-02-09T00:00:00.000+00:00
5ahw,2015-02-10T00:00:00.000+00:00
5ai0,2015-02-11T00:00:00.000+00:00
5ai1,2015-02-11T00:00:00.000+00:00
5ai4,2015-02-12T00:00:00.000+00:00
5ai5,2015-02-12T00:00:00.000+00:00
5ai6,2015-02-12T00:00:00.000+00:00
5ai8,2015-02-12T00:00:00.000+00:00
5ai9,2015-02-12T00:00:00.000+00:00
5aia,2015-02-12T00:00:00.000+00:00
5aib,2015-02-12T00:00:00.000+00:00
5aic,2015-02-12T00:00:00.000+00:00
5aip,2015-02-16T00:00:00.000+00:00
5ais,2015-02-17T00:00:00.000+00:00
5aiv,2015-02-17T00:00:00.000+00:00
5aix,2015-02-18T00:00:00.000+00:00
5ajc,2015-02-20T00:00:00.000+00:00
5ajo,2015-02-26T00:00:00.000+00:00
5ajp,2015-02-26T00:00:00.000+00:00
5ajv,2015-02-27T00:00:00.000+00:00
5ajw,2015-02-27T00:00:00.000+00:00
5ajx,2015-02-27T00:00:00.000+00:00
5ajy,2015-02-27T00:00:00.000+00:00
5ajz,2015-02-27T00:00:00.000+00:00
5ak0,2015-02-27T00:00:00.000+00:00
5ak2,2015-02-27T00:00:00.000+00:00
5ak3,2015-03-02T00:00:00.000+00:00
5ak4,2015-03-02T00:00:00.000+00:00
5ak5,2015-03-02T00:00:00.000+00:00
5ak6,2015-03-02T00:00:00.000+00:00
5ake,2015-03-03T00:00:00.000+00:00
5akg,2015-03-03T00:00:00.000+00:00
5akh,2015-03-03T00:00:00.000+00:00
5aki,2015-03-03T00:00:00.000+00:00
5akj,2015-03-03T00:00:00.000+00:00
5akk,2015-03-03T00:00:00.000+00:00
5akl,2015-03-03T00:00:00.000+00:00
5aku,2015-03-05T00:00:00.000+00:00
5akw,2015-03-05T00:00:00.000+00:00
5akz,2015-03-05T00:00:00.000+00:00
5al1,2015-03-06T00:00:00.000+00:00
5al2,2015-03-06T00:00:00.000+00:00
5al3,2015-03-06T00:00:00.000+00:00
5al4,2015-03-06T00:00:00.000+00:00
5al5,2015-03-06T00:00:00.000+00:00
5alb,2015-03-07T00:00:00.000+00:00
5alc,2015-03-07T00:00:00.000+00:00
5ald,2015-03-08T00:00:00.000+00:00
5ale,2015-03-08T00:00:00.000+00:00
5alf,2015-03-08T00:00:00.000+00:00
5alg,2015-03-08T00:00:00.000+00:00
5alh,2015-03-08T00:00:00.000+00:00
5ali,2015-03-08T00:00:00.000+00:00
5alj,2015-03-08T00:00:00.000+00:00
5alk,2015-03-08T00:00:00.000+00:00
5all,2015-03-08T00:00:00.000+00:00
5alm,2015-03-08T00:00:00.000+00:00
5aln,2015-03-08T00:00:00.000+00:00
5alo,2015-03-08T00:00:00.000+00:00
5alp,2015-03-08T00:00:00.000+00:00
5alr,2015-03-08T00:00:00.000+00:00
5als,2015-03-08T00:00:00.000+00:00
5alt,2015-03-08T00:00:00.000+00:00
5alu,2015-03-08T00:00:00.000+00:00
5alv,2015-03-08T00:00:00.000+00:00
5alw,2015-03-08T00:00:00.000+00:00
5alx,2015-03-08T00:00:00.000+00:00
5aly,2015-03-08T00:00:00.000+00:00
5alz,2015-03-08T00:00:00.000+00:00
5am0,2015-03-08T00:00:00.000+00:00
5am1,2015-03-08T00:00:00.000+00:00
5am2,2015-03-08T00:00:00.000+00:00
5am3,2015-03-09T00:00:00.000+00:00
5am4,2015-03-09T00:00:00.000+00:00
5am5,2015-03-09T00:00:00.000+00:00
5am6,2015-03-10T00:00:00.000+00:00
5am7,2015-03-10T00:00:00.000+00:00
5amd,2015-03-10T00:00:00.000+00:00
5amg,2015-03-10T00:00:00.000+00:00
5aml,2015-03-10T00:00:00.000+00:00
5amn,2015-03-11T00:00:00.000+00:00
5anq,2015-09-07T00:00:00.000+00:00
5ans,2015-09-08T00:00:00.000+00:00
5ant,2015-09-08T00:00:00.000+00:00
5anu,2015-09-08T00:00:00.000+00:00
5anv,2015-09-08T00:00:00.000+00:00
5anw,2015-09-08T00:00:00.000+00:00
5aoi,2015-09-10T00:00:00.000+00:00
5aoj,2015-09-10T00:00:00.000+00:00
5aok,2015-09-10T00:00:00.000+00:00
5aol,2015-09-10T00:00:00.000+00:00
5aom,2015-09-10T00:00:00.000+00:00
5ap0,2015-09-14T00:00:00.000+00:00
5ap1,2015-09-14T00:00:00.000+00:00
5ap2,2015-09-14T00:00:00.000+00:00
5ap3,2015-09-14T00:00:00.000+00:00
5ap4,2015-09-14T00:00:00.000+00:00
5ap5,2015-09-14T00:00:00.000+00:00
5ap6,2015-09-14T00:00:00.000+00:00
5ap7,2015-09-14T00:00:00.000+00:00
5aph,2015-09-16T00:00:00.000+00:00
5apj,2015-09-16T00:00:00.000+00:00
5apr,1989-08-03T00:00:00.000+00:00
5aqf,2015-09-22T00:00:00.000+00:00
5aqg,2015-09-22T00:00:00.000+00:00
5aqh,2015-09-22T00:00:00.000+00:00
5aqj,2015-09-22T00:00:00.000+00:00
5aqn,2015-09-22T00:00:00.000+00:00
5aqo,2015-09-22T00:00:00.000+00:00
5aqp,2015-09-22T00:00:00.000+00:00
5aqq,2015-09-22T00:00:00.000+00:00
5aqr,2015-09-22T00:00:00.000+00:00
5aqt,2015-09-22T00:00:00.000+00:00
5aqu,2015-09-22T00:00:00.000+00:00
5aqv,2015-09-22T00:00:00.000+00:00
5aqz,2015-09-22T00:00:00.000+00:00
5ar0,2015-09-22T00:00:00.000+00:00
5ar4,2015-09-24T00:00:00.000+00:00
5ar5,2015-09-24T00:00:00.000+00:00
5ar7,2015-09-24T00:00:00.000+00:00
5ar8,2015-09-24T00:00:00.000+00:00
5arf,2015-09-24T00:00:00.000+00:00
5arg,2015-09-24T00:00:00.000+00:00
5aut,2015-06-10T00:00:00.000+00:00
5auu,2015-06-10T00:00:00.000+00:00
5auv,2015-06-10T00:00:00.000+00:00
5auw,2015-06-10T00:00:00.000+00:00
5aux,2015-06-10T00:00:00.000+00:00
5auy,2015-06-10T00:00:00.000+00:00
5auz,2015-06-10T00:00:00.000+00:00
5av0,2015-06-10T00:00:00.000+00:00
5ave,2015-06-15T00:00:00.000+00:00
5avf,2015-06-15T00:00:00.000+00:00
5avi,2015-06-16T00:00:00.000+00:00
5awj,2015-07-04T00:00:00.000+00:00
5awt,2015-07-08T00:00:00.000+00:00
5awu,2015-07-08T00:00:00.000+00:00
5ax3,2015-07-14T00:00:00.000+00:00
5ax9,2015-07-21T00:00:00.000+00:00
5axi,2015-07-29T00:00:00.000+00:00
5axp,2015-07-31T00:00:00.000+00:00
5axq,2015-07-31T00:00:00.000+00:00
5ayf,2015-08-20T00:00:00.000+00:00
5ayt,2015-09-03T00:00:00.000+00:00
5ayy,2015-09-14T00:00:00.000+00:00
5azf,2015-10-05T00:00:00.000+00:00
5azg,2015-10-05T00:00:00.000+00:00
5b0x,2015-11-13T00:00:00.000+00:00
5b1s,2015-12-17T00:00:00.000+00:00
5b25,2016-01-07T00:00:00.000+00:00
5b2d,2016-01-14T00:00:00.000+00:00
5b4k,2016-04-05T00:00:00.000+00:00
5b4l,2016-04-05T00:00:00.000+00:00
5b4w,2016-04-19T00:00:00.000+00:00
5b56,2016-04-25T00:00:00.000+00:00
5b5b,2016-05-02T00:00:00.000+00:00
5b5f,2016-05-04T00:00:00.000+00:00
5b5g,2016-05-04T00:00:00.000+00:00
5b5o,2016-05-13T00:00:00.000+00:00
5b5p,2016-05-13T00:00:00.000+00:00
5b6c,2016-05-26T00:00:00.000+00:00
5b6g,2016-05-27T00:00:00.000+00:00
5bjt,2016-10-23T00:00:00.000+00:00
5bml,2015-05-22T00:00:00.000+00:00
5bmm,2015-05-22T00:00:00.000+00:00
5bms,2015-05-22T00:00:00.000+00:00
5bnj,2015-05-26T00:00:00.000+00:00
5bnm,2015-05-26T00:00:00.000+00:00
5bnr,2015-05-26T00:00:00.000+00:00
5bns,2015-05-26T00:00:00.000+00:00
5boj,2015-05-27T00:00:00.000+00:00
5bot,2015-05-27T00:00:00.000+00:00
5boy,2015-05-27T00:00:00.000+00:00
5bpa,2015-05-27T00:00:00.000+00:00
5bpe,2015-05-28T00:00:00.000+00:00
5bpp,2015-05-28T00:00:00.000+00:00
5bq0,2015-05-28T00:00:00.000+00:00
5bqg,2015-05-29T00:00:00.000+00:00
5bqh,2015-05-29T00:00:00.000+00:00
5bqi,2015-05-29T00:00:00.000+00:00
5bqs,2015-05-29T00:00:00.000+00:00
5brn,2015-05-31T00:00:00.000+00:00
5bry,2015-06-01T00:00:00.000+00:00
5brz,2015-06-01T00:00:00.000+00:00
5bs0,2015-06-01T00:00:00.000+00:00
5bs4,2015-06-01T00:00:00.000+00:00
5bsk,2015-06-02T00:00:00.000+00:00
5btr,2015-06-03T00:00:00.000+00:00
5btv,2015-06-03T00:00:00.000+00:00
5btx,2015-06-03T00:00:00.000+00:00
5bue,2015-06-03T00:00:00.000+00:00
5bui,2015-06-03T00:00:00.000+00:00
5buj,2015-06-03T00:00:00.000+00:00
5bvd,2015-06-05T00:00:00.000+00:00
5bve,2015-06-05T00:00:00.000+00:00
5bvf,2015-06-05T00:00:00.000+00:00
5bvk,2015-06-05T00:00:00.000+00:00
5bvn,2015-06-05T00:00:00.000+00:00
5bvo,2015-06-05T00:00:00.000+00:00
5bvw,2015-06-05T00:00:00.000+00:00
5bw4,2015-06-05T00:00:00.000+00:00
5bwb,2015-06-07T00:00:00.000+00:00
5bwc,2015-06-07T00:00:00.000+00:00
5byi,2015-06-10T00:00:00.000+00:00
5byy,2015-06-11T00:00:00.000+00:00
5byz,2015-06-11T00:00:00.000+00:00
5c0k,2015-06-12T00:00:00.000+00:00
5c0m,2015-06-12T00:00:00.000+00:00
5c11,2015-06-12T00:00:00.000+00:00
5c13,2015-06-12T00:00:00.000+00:00
5c1m,2015-06-15T00:00:00.000+00:00
5c1w,2015-06-15T00:00:00.000+00:00
5c1x,2015-06-15T00:00:00.000+00:00
5c1y,2015-06-15T00:00:00.000+00:00
5c20,2015-06-15T00:00:00.000+00:00
5c26,2015-06-15T00:00:00.000+00:00
5c29,2015-06-15T00:00:00.000+00:00
5c2a,2015-06-15T00:00:00.000+00:00
5c2e,2015-06-15T00:00:00.000+00:00
5c2o,2015-06-16T00:00:00.000+00:00
5c3k,2015-06-17T00:00:00.000+00:00
5c3p,2015-06-17T00:00:00.000+00:00
5c42,2015-06-17T00:00:00.000+00:00
5c4k,2015-06-18T00:00:00.000+00:00
5c4l,2015-06-18T00:00:00.000+00:00
5c4o,2015-06-18T00:00:00.000+00:00
5c4s,2015-06-18T00:00:00.000+00:00
5c4t,2015-06-18T00:00:00.000+00:00
5c4u,2015-06-18T00:00:00.000+00:00
5c5h,2015-06-19T00:00:00.000+00:00
5c5t,2015-06-22T00:00:00.000+00:00
5c6o,2015-06-23T00:00:00.000+00:00
5c6p,2015-06-23T00:00:00.000+00:00
5c6v,2015-06-23T00:00:00.000+00:00
5c7a,2015-06-24T00:00:00.000+00:00
5c7b,2015-06-24T00:00:00.000+00:00
5c7c,2015-06-24T00:00:00.000+00:00
5c7d,2015-06-24T00:00:00.000+00:00
5c7e,2015-06-24T00:00:00.000+00:00
5c7f,2015-06-24T00:00:00.000+00:00
5c7n,2015-06-24T00:00:00.000+00:00
5c83,2015-06-25T00:00:00.000+00:00
5c84,2015-06-25T00:00:00.000+00:00
5c85,2015-06-25T00:00:00.000+00:00
5c87,2015-06-25T00:00:00.000+00:00
5c8k,2015-06-25T00:00:00.000+00:00
5c8m,2015-06-25T00:00:00.000+00:00
5c8n,2015-06-25T00:00:00.000+00:00
5c91,2015-06-26T00:00:00.000+00:00
5cal,2015-06-29T00:00:00.000+00:00
5can,2015-06-29T00:00:00.000+00:00
5cao,2015-06-29T00:00:00.000+00:00
5cap,2015-06-29T00:00:00.000+00:00
5caq,2015-06-29T00:00:00.000+00:00
5cas,2015-06-29T00:00:00.000+00:00
5cau,2015-06-29T00:00:00.000+00:00
5cav,2015-06-30T00:00:00.000+00:00
5cbm,2015-07-01T00:00:00.000+00:00
5cbr,2015-07-01T00:00:00.000+00:00
5cbs,2015-07-01T00:00:00.000+00:00
5cc2,2015-07-01T00:00:00.000+00:00
5ccl,2015-07-02T00:00:00.000+00:00
5ccm,2015-07-02T00:00:00.000+00:00
5cdh,2015-07-04T00:00:00.000+00:00
5ceh,2015-07-06T00:00:00.000+00:00
5cei,2015-07-06T00:00:00.000+00:00
5ceo,2015-07-07T00:00:00.000+00:00
5cep,2015-07-07T00:00:00.000+00:00
5ceq,2015-07-07T00:00:00.000+00:00
5cf4,2015-07-08T00:00:00.000+00:00
5cf5,2015-07-08T00:00:00.000+00:00
5cf6,2015-07-08T00:00:00.000+00:00
5cf8,2015-07-08T00:00:00.000+00:00
5cfa,2015-07-08T00:00:00.000+00:00
5cfb,2015-07-08T00:00:00.000+00:00
5cgc,2015-07-09T00:00:00.000+00:00
5cgd,2015-07-09T00:00:00.000+00:00
5cgj,2015-07-09T00:00:00.000+00:00
5cgv,2015-07-09T00:00:00.000+00:00
5chk,2015-07-10T00:00:00.000+00:00
5ci7,2015-07-11T00:00:00.000+00:00
5cil,2015-07-13T00:00:00.000+00:00
5cin,2015-07-13T00:00:00.000+00:00
5cj6,2015-07-14T00:00:00.000+00:00
5cjf,2015-07-14T00:00:00.000+00:00
5ckr,2015-07-15T00:00:00.000+00:00
5cks,2015-07-15T00:00:00.000+00:00
5clm,2015-07-16T00:00:00.000+00:00
5cls,2015-07-16T00:00:00.000+00:00
5cnj,2015-07-17T00:00:00.000+00:00
5cnm,2015-07-17T00:00:00.000+00:00
5cp5,2015-07-21T00:00:00.000+00:00
5cp9,2015-07-21T00:00:00.000+00:00
5cpr,2015-07-21T00:00:00.000+00:00
5cqj,2015-07-21T00:00:00.000+00:00
5cqt,2015-07-22T00:00:00.000+00:00
5cqu,2015-07-22T00:00:00.000+00:00
5cqx,2015-07-22T00:00:00.000+00:00
5cr7,2015-07-22T00:00:00.000+00:00
5cs2,2015-07-23T00:00:00.000+00:00
5cs3,2015-07-23T00:00:00.000+00:00
5cs5,2015-07-23T00:00:00.000+00:00
5cs6,2015-07-23T00:00:00.000+00:00
5csd,2015-07-23T00:00:00.000+00:00
5csh,2015-07-23T00:00:00.000+00:00
5cso,2015-07-23T00:00:00.000+00:00
5csp,2015-07-23T00:00:00.000+00:00
5cst,2015-07-23T00:00:00.000+00:00
5csw,2015-07-23T00:00:00.000+00:00
5csx,2015-07-23T00:00:00.000+00:00
5csz,2015-07-23T00:00:00.000+00:00
5ct1,2015-07-23T00:00:00.000+00:00
5ct2,2015-07-23T00:00:00.000+00:00
5ct7,2015-07-23T00:00:00.000+00:00
5ctb,2015-07-23T00:00:00.000+00:00
5ctc,2015-07-23T00:00:00.000+00:00
5cte,2015-07-23T00:00:00.000+00:00
5cu2,2015-07-24T00:00:00.000+00:00
5cu4,2015-07-24T00:00:00.000+00:00
5cuh,2015-07-24T00:00:00.000+00:00
5cuq,2015-07-24T00:00:00.000+00:00
5cuu,2015-07-25T00:00:00.000+00:00
5cvd,2015-07-26T00:00:00.000+00:00
5cw8,2015-07-27T00:00:00.000+00:00
5cwa,2015-07-28T00:00:00.000+00:00
5cxa,2015-07-28T00:00:00.000+00:00
5cxh,2015-07-29T00:00:00.000+00:00
5cxi,2015-07-29T00:00:00.000+00:00
5cxz,2015-07-29T00:00:00.000+00:00
5cy3,2015-07-30T00:00:00.000+00:00
5cy9,2015-07-30T00:00:00.000+00:00
5cyi,2015-07-30T00:00:00.000+00:00
5cyv,2015-07-30T00:00:00.000+00:00
5czb,2015-07-31T00:00:00.000+00:00
5czm,2015-07-31T00:00:00.000+00:00
5d0c,2015-08-03T00:00:00.000+00:00
5d0j,2015-08-03T00:00:00.000+00:00
5d0r,2015-08-03T00:00:00.000+00:00
5d10,2015-08-03T00:00:00.000+00:00
5d11,2015-08-03T00:00:00.000+00:00
5d12,2015-08-03T00:00:00.000+00:00
5d1j,2015-08-04T00:00:00.000+00:00
5d1n,2015-08-04T00:00:00.000+00:00
5d1r,2015-08-04T00:00:00.000+00:00
5d1s,2015-08-04T00:00:00.000+00:00
5d1t,2015-08-04T00:00:00.000+00:00
5d1u,2015-08-04T00:00:00.000+00:00
5d1w,2015-08-04T00:00:00.000+00:00
5d21,2015-08-05T00:00:00.000+00:00
5d24,2015-08-05T00:00:00.000+00:00
5d25,2015-08-05T00:00:00.000+00:00
5d26,2015-08-05T00:00:00.000+00:00
5d29,2015-08-05T00:00:00.000+00:00
5d2a,2015-08-05T00:00:00.000+00:00
5d2r,2015-08-06T00:00:00.000+00:00
5d3c,2015-08-06T00:00:00.000+00:00
5d3h,2015-08-06T00:00:00.000+00:00
5d3j,2015-08-06T00:00:00.000+00:00
5d3l,2015-08-06T00:00:00.000+00:00
5d3n,2015-08-06T00:00:00.000+00:00
5d3p,2015-08-06T00:00:00.000+00:00
5d3s,2015-08-06T00:00:00.000+00:00
5d3t,2015-08-06T00:00:00.000+00:00
5d3x,2015-08-06T00:00:00.000+00:00
5d45,2015-08-07T00:00:00.000+00:00
5d47,2015-08-07T00:00:00.000+00:00
5d48,2015-08-07T00:00:00.000+00:00
5d4a,2015-08-07T00:00:00.000+00:00
5d6e,2015-08-12T00:00:00.000+00:00
5d6f,2015-08-12T00:00:00.000+00:00
5d6j,2015-08-12T00:00:00.000+00:00
5d6p,2015-08-12T00:00:00.000+00:00
5d6q,2015-08-12T00:00:00.000+00:00
5d6y,2015-08-13T00:00:00.000+00:00
5d75,2015-08-13T00:00:00.000+00:00
5d7a,2015-08-13T00:00:00.000+00:00
5d7c,2015-08-13T00:00:00.000+00:00
5d7e,2015-08-13T00:00:00.000+00:00
5d7r,2015-08-14T00:00:00.000+00:00
5d7x,2015-08-14T00:00:00.000+00:00
5d9k,2015-08-18T00:00:00.000+00:00
5d9l,2015-08-18T00:00:00.000+00:00
5d9p,2015-08-18T00:00:00.000+00:00
5da3,2015-08-19T00:00:00.000+00:00
5dah,2015-08-19T00:00:00.000+00:00
5db0,2015-08-20T00:00:00.000+00:00
5db1,2015-08-20T00:00:00.000+00:00
5db2,2015-08-20T00:00:00.000+00:00
5db3,2015-08-20T00:00:00.000+00:00
5dbm,2015-08-21T00:00:00.000+00:00
5dcz,2015-08-24T00:00:00.000+00:00
5dd0,2015-08-24T00:00:00.000+00:00
5dd9,2015-08-24T00:00:00.000+00:00
5dda,2015-08-24T00:00:00.000+00:00
5ddb,2015-08-24T00:00:00.000+00:00
5ddc,2015-08-24T00:00:00.000+00:00
5ddd,2015-08-24T00:00:00.000+00:00
5dde,2015-08-24T00:00:00.000+00:00
5ddf,2015-08-24T00:00:00.000+00:00
5dex,2015-08-26T00:00:00.000+00:00
5dey,2015-08-26T00:00:00.000+00:00
5dfp,2015-08-27T00:00:00.000+00:00
5dg6,2015-08-27T00:00:00.000+00:00
5dgj,2015-08-27T00:00:00.000+00:00
5dgm,2015-08-28T00:00:00.000+00:00
5dgu,2015-08-28T00:00:00.000+00:00
5dgw,2015-08-28T00:00:00.000+00:00
5dgz,2015-08-29T00:00:00.000+00:00
5dh3,2015-08-29T00:00:00.000+00:00
5dh4,2015-08-29T00:00:00.000+00:00
5dh5,2015-08-29T00:00:00.000+00:00
5dhf,2015-08-30T00:00:00.000+00:00
5dhg,2015-08-30T00:00:00.000+00:00
5dhh,2015-08-31T00:00:00.000+00:00
5dhj,2015-08-31T00:00:00.000+00:00
5dhp,2015-08-31T00:00:00.000+00:00
5dhq,2015-08-31T00:00:00.000+00:00
5di1,2015-08-31T00:00:00.000+00:00
5dia,2015-08-31T00:00:00.000+00:00
5dif,2015-08-31T00:00:00.000+00:00
5diq,2015-09-01T00:00:00.000+00:00
5dit,2015-09-01T00:00:00.000+00:00
5diu,2015-09-01T00:00:00.000+00:00
5div,2015-09-01T00:00:00.000+00:00
5dj5,2015-09-01T00:00:00.000+00:00
5djp,2015-09-02T00:00:00.000+00:00
5djr,2015-09-02T00:00:00.000+00:00
5djv,2015-09-02T00:00:00.000+00:00
5dk4,2015-09-02T00:00:00.000+00:00
5dkn,2015-09-03T00:00:00.000+00:00
5dkr,2015-09-03T00:00:00.000+00:00
5dl1,2015-09-04T00:00:00.000+00:00
5dls,2015-09-07T00:00:00.000+00:00
5dlv,2015-09-07T00:00:00.000+00:00
5dlx,2015-09-07T00:00:00.000+00:00
5dlz,2015-09-07T00:00:00.000+00:00
5dms,2015-09-09T00:00:00.000+00:00
5dnu,2015-09-10T00:00:00.000+00:00
5doh,2015-09-11T00:00:00.000+00:00
5dp4,2015-09-12T00:00:00.000+00:00
5dp5,2015-09-12T00:00:00.000+00:00
5dp6,2015-09-12T00:00:00.000+00:00
5dp7,2015-09-12T00:00:00.000+00:00
5dp8,2015-09-12T00:00:00.000+00:00
5dp9,2015-09-12T00:00:00.000+00:00
5dpa,2015-09-12T00:00:00.000+00:00
5dpw,2015-09-14T00:00:00.000+00:00
5dpx,2015-09-14T00:00:00.000+00:00
5dq8,2015-09-14T00:00:00.000+00:00
5dqc,2015-09-14T00:00:00.000+00:00
5dqe,2015-09-14T00:00:00.000+00:00
5dqf,2015-09-14T00:00:00.000+00:00
5drc,2015-09-15T00:00:00.000+00:00
5dri,2015-09-15T00:00:00.000+00:00
5dro,2015-09-16T00:00:00.000+00:00
5drq,2015-09-16T00:00:00.000+00:00
5drr,2015-09-16T00:00:00.000+00:00
5drs,2015-09-16T00:00:00.000+00:00
5drt,2015-09-16T00:00:00.000+00:00
5dry,2015-09-16T00:00:00.000+00:00
5dsx,2015-09-17T00:00:00.000+00:00
5dt2,2015-09-17T00:00:00.000+00:00
5dtj,2015-09-18T00:00:00.000+00:00
5dtk,2015-09-18T00:00:00.000+00:00
5dtm,2015-09-18T00:00:00.000+00:00
5dtq,2015-09-18T00:00:00.000+00:00
5dtr,2015-09-18T00:00:00.000+00:00
5dts,2015-09-18T00:00:00.000+00:00
5dtt,2015-09-18T00:00:00.000+00:00
5dtw,2015-09-18T00:00:00.000+00:00
5du4,2015-09-18T00:00:00.000+00:00
5du6,2015-09-18T00:00:00.000+00:00
5du8,2015-09-18T00:00:00.000+00:00
5duc,2015-09-18T00:00:00.000+00:00
5duf,2015-09-18T00:00:00.000+00:00
5dus,2015-09-20T00:00:00.000+00:00
5duw,2015-09-21T00:00:00.000+00:00
5dv4,2015-09-21T00:00:00.000+00:00
5dva,2015-09-21T00:00:00.000+00:00
5dw1,2015-09-22T00:00:00.000+00:00
5dw2,2015-09-22T00:00:00.000+00:00
5dx3,2015-09-23T00:00:00.000+00:00
5dx4,2015-09-23T00:00:00.000+00:00
5dxb,2015-09-23T00:00:00.000+00:00
5dxe,2015-09-23T00:00:00.000+00:00
5dxg,
5dxh,
5dxt,
5dxu,
5dy5,
5dy7,
5dya,
5dyo,
5dyt,
5dyw,
5dyy,
5e0a,2015-09-28T00:00:00.000+00:00
5e0g,2015-09-28T00:00:00.000+00:00
5e0h,2015-09-28T00:00:00.000+00:00
5e0j,2015-09-28T00:00:00.000+00:00
5e0l,2015-09-29T00:00:00.000+00:00
5e0m,2015-09-29T00:00:00.000+00:00
5e13,2015-09-29T00:00:00.000+00:00
5e1b,2015-09-29T00:00:00.000+00:00
5e1d,2015-09-29T00:00:00.000+00:00
5e1e,2015-09-29T00:00:00.000+00:00
5e1m,2015-09-29T00:00:00.000+00:00
5e1o,2015-09-29T00:00:00.000+00:00
5e1s,2015-09-30T00:00:00.000+00:00
5e28,2015-09-30T00:00:00.000+00:00
5e2k,2015-10-01T00:00:00.000+00:00
5e2l,2015-10-01T00:00:00.000+00:00
5e2m,2015-10-01T00:00:00.000+00:00
5e2n,2015-10-01T00:00:00.000+00:00
5e2o,2015-10-01T00:00:00.000+00:00
5e2p,2015-10-01T00:00:00.000+00:00
5e2q,2015-10-01T00:00:00.000+00:00
5e2r,2015-10-01T00:00:00.000+00:00
5e2s,2015-10-01T00:00:00.000+00:00
5e2v,2015-10-01T00:00:00.000+00:00
5e2w,2015-10-01T00:00:00.000+00:00
5e3a,2015-10-02T00:00:00.000+00:00
5e3d,2015-10-02T00:00:00.000+00:00
5e3g,2015-10-02T00:00:00.000+00:00
5e4w,2015-10-07T00:00:00.000+00:00
5e5g,2015-10-08T00:00:00.000+00:00
5e6o,2015-10-10T00:00:00.000+00:00
5e73,2015-10-11T00:00:00.000+00:00
5e74,2015-10-11T00:00:00.000+00:00
5e7n,2015-10-12T00:00:00.000+00:00
5e7r,2015-10-13T00:00:00.000+00:00
5e80,2015-10-13T00:00:00.000+00:00
5e88,2015-10-13T00:00:00.000+00:00
5e89,2015-10-13T00:00:00.000+00:00
5e8a,2015-10-13T00:00:00.000+00:00
5e8f,2015-10-14T00:00:00.000+00:00
5e8r,2015-10-14T00:00:00.000+00:00
5e8w,2015-10-14T00:00:00.000+00:00
5e8z,2015-10-14T00:00:00.000+00:00
5e90,2015-10-14T00:00:00.000+00:00
5e91,2015-10-14T00:00:00.000+00:00
5ea3,2015-10-15T00:00:00.000+00:00
5ea4,2015-10-15T00:00:00.000+00:00
5ea5,2015-10-15T00:00:00.000+00:00
5ea6,2015-10-15T00:00:00.000+00:00
5ea7,2015-10-15T00:00:00.000+00:00
5eak,2015-10-16T00:00:00.000+00:00
5eay,2015-10-17T00:00:00.000+00:00
5eb2,2015-10-17T00:00:00.000+00:00
5eb3,2015-10-17T00:00:00.000+00:00
5ece,2015-10-20T00:00:00.000+00:00
5ech,2015-10-20T00:00:00.000+00:00
5eci,2015-10-20T00:00:00.000+00:00
5ect,2015-10-20T00:00:00.000+00:00
5ecv,2015-10-20T00:00:00.000+00:00
5edb,2015-10-21T00:00:00.000+00:00
5edc,2015-10-21T00:00:00.000+00:00
5edd,2015-10-21T00:00:00.000+00:00
5edi,2015-10-21T00:00:00.000+00:00
5edl,2015-10-21T00:00:00.000+00:00
5edq,2015-10-21T00:00:00.000+00:00
5edr,2015-10-21T00:00:00.000+00:00
5eds,2015-10-21T00:00:00.000+00:00
5edu,2015-10-22T00:00:00.000+00:00
5ee7,2015-10-22T00:00:00.000+00:00
5ee8,2015-10-22T00:00:00.000+00:00
5eec,2015-10-22T00:00:00.000+00:00
5eef,2015-10-22T00:00:00.000+00:00
5eei,2015-10-22T00:00:00.000+00:00
5eek,2015-10-23T00:00:00.000+00:00
5eel,2015-10-23T00:00:00.000+00:00
5een,2015-10-23T00:00:00.000+00:00
5eeq,2015-10-23T00:00:00.000+00:00
5ef7,2015-10-23T00:00:00.000+00:00
5ef8,2015-10-23T00:00:00.000+00:00
5efb,2015-10-23T00:00:00.000+00:00
5efh,2015-10-23T00:00:00.000+00:00
5efj,2015-10-23T00:00:00.000+00:00
5eg4,2015-10-26T00:00:00.000+00:00
5ega,2015-10-26T00:00:00.000+00:00
5egm,2015-10-27T00:00:00.000+00:00
5egs,2015-10-27T00:00:00.000+00:00
5egu,2015-10-27T00:00:00.000+00:00
5eh0,2015-10-27T00:00:00.000+00:00
5eh5,2015-10-28T00:00:00.000+00:00
5eh7,2015-10-28T00:00:00.000+00:00
5eh8,2015-10-28T00:00:00.000+00:00
5ehe,2015-10-28T00:00:00.000+00:00
5ehg,2015-10-28T00:00:00.000+00:00
5ehi,2015-10-28T00:00:00.000+00:00
5ehn,2015-10-28T00:00:00.000+00:00
5ehp,2015-10-28T00:00:00.000+00:00
5ehq,2015-10-28T00:00:00.000+00:00
5ehr,2015-10-28T00:00:00.000+00:00
5ehv,2015-10-29T00:00:00.000+00:00
5ehw,2015-10-29T00:00:00.000+00:00
5ehy,2015-10-29T00:00:00.000+00:00
5ei2,2015-10-29T00:00:00.000+00:00
5ei3,2015-10-29T00:00:00.000+00:00
5ei4,2015-10-29T00:00:00.000+00:00
5ei6,2015-10-29T00:00:00.000+00:00
5ei8,2015-10-29T00:00:00.000+00:00
5eie,2015-10-29T00:00:00.000+00:00
5eif,2015-10-29T00:00:00.000+00:00
5eij,2015-10-29T00:00:00.000+00:00
5eis,2015-10-30T00:00:00.000+00:00
5eiw,2015-10-30T00:00:00.000+00:00
5eje,2015-11-01T00:00:00.000+00:00
5ejl,2015-11-02T00:00:00.000+00:00
5ejv,2015-11-02T00:00:00.000+00:00
5ejw,2015-11-02T00:00:00.000+00:00
5ek0,2015-11-03T00:00:00.000+00:00
5ek9,2015-11-03T00:00:00.000+00:00
5ekg,2015-11-03T00:00:00.000+00:00
5ekh,2015-11-03T00:00:00.000+00:00
5ekj,2015-11-03T00:00:00.000+00:00
5ekm,2015-11-03T00:00:00.000+00:00
5ekn,2015-11-03T00:00:00.000+00:00
5eko,2015-11-03T00:00:00.000+00:00
5ekx,2015-11-04T00:00:00.000+00:00
5el2,2015-11-04T00:00:00.000+00:00
5el9,2015-11-04T00:00:00.000+00:00
5eld,2015-11-04T00:00:00.000+00:00
5ele,2015-11-04T00:00:00.000+00:00
5elf,2015-11-04T00:00:00.000+00:00
5elq,2015-11-05T00:00:00.000+00:00
5elv,2015-11-05T00:00:00.000+00:00
5elw,2015-11-05T00:00:00.000+00:00
5ely,2015-11-05T00:00:00.000+00:00
5elz,2015-11-05T00:00:00.000+00:00
5em3,2015-11-05T00:00:00.000+00:00
5em5,2015-11-05T00:00:00.000+00:00
5em6,2015-11-05T00:00:00.000+00:00
5em7,2015-11-05T00:00:00.000+00:00
5em8,2015-11-05T00:00:00.000+00:00
5em9,2015-11-06T00:00:00.000+00:00
5ema,2015-11-06T00:00:00.000+00:00
5emj,2015-11-06T00:00:00.000+00:00
5emk,2015-11-06T00:00:00.000+00:00
5eml,2015-11-06T00:00:00.000+00:00
5emm,2015-11-06T00:00:00.000+00:00
5en3,2015-11-09T00:00:00.000+00:00
5enb,2015-11-09T00:00:00.000+00:00
5enc,2015-11-09T00:00:00.000+00:00
5ene,2015-11-09T00:00:00.000+00:00
5enf,2015-11-09T00:00:00.000+00:00
5eng,2015-11-09T00:00:00.000+00:00
5enh,2015-11-09T00:00:00.000+00:00
5eni,2015-11-09T00:00:00.000+00:00
5enj,2015-11-09T00:00:00.000+00:00
5enk,2015-11-09T00:00:00.000+00:00
5enm,2015-11-09T00:00:00.000+00:00
5eob,2015-11-10T00:00:00.000+00:00
5eoc,2015-11-10T00:00:00.000+00:00
5eok,2015-11-10T00:00:00.000+00:00
5eol,2015-11-10T00:00:00.000+00:00
5eom,2015-11-10T00:00:00.000+00:00
5eou,2015-11-10T00:00:00.000+00:00
5ep7,2015-11-11T00:00:00.000+00:00
5epk,2015-11-11T00:00:00.000+00:00
5epl,2015-11-11T00:00:00.000+00:00
5epn,2015-11-11T00:00:00.000+00:00
5epp,2015-11-12T00:00:00.000+00:00
5epr,2015-11-12T00:00:00.000+00:00
5eps,2015-11-12T00:00:00.000+00:00
5epy,2015-11-12T00:00:00.000+00:00
5eq0,2015-11-12T00:00:00.000+00:00
5eq1,2015-11-12T00:00:00.000+00:00
5eqe,2015-11-12T00:00:00.000+00:00
5eqp,2015-11-13T00:00:00.000+00:00
5eqq,2015-11-13T00:00:00.000+00:00
5eqy,2015-11-13T00:00:00.000+00:00
5er1,1990-11-07T00:00:00.000+00:00
5er2,1991-01-02T00:00:00.000+00:00
5er4,2015-11-13T00:00:00.000+00:00
5er5,2015-11-13T00:00:00.000+00:00
5erg,2015-11-14T00:00:00.000+00:00
5es1,2015-11-16T00:00:00.000+00:00
5esq,2015-11-16T00:00:00.000+00:00
5est,1989-05-15T00:00:00.000+00:00
5eta,2015-11-17T00:00:00.000+00:00
5etb,2015-11-17T00:00:00.000+00:00
5etf,2015-11-17T00:00:00.000+00:00
5eth,2015-11-17T00:00:00.000+00:00
5etj,2015-11-17T00:00:00.000+00:00
5etk,2015-11-17T00:00:00.000+00:00
5etl,2015-11-17T00:00:00.000+00:00
5etm,2015-11-17T00:00:00.000+00:00
5etn,2015-11-17T00:00:00.000+00:00
5eto,2015-11-17T00:00:00.000+00:00
5etp,2015-11-17T00:00:00.000+00:00
5etq,2015-11-18T00:00:00.000+00:00
5etr,2015-11-18T00:00:00.000+00:00
5ets,2015-11-18T00:00:00.000+00:00
5ett,2015-11-18T00:00:00.000+00:00
5etu,2015-11-18T00:00:00.000+00:00
5etv,2015-11-18T00:00:00.000+00:00
5etx,2015-11-18T00:00:00.000+00:00
5ety,2015-11-18T00:00:00.000+00:00
5eu1,2015-11-18T00:00:00.000+00:00
5eud,2015-11-18T00:00:00.000+00:00
5eue,2015-11-18T00:00:00.000+00:00
5euk,2015-11-18T00:00:00.000+00:00
5ev8,2015-11-19T00:00:00.000+00:00
5eva,2015-11-19T00:00:00.000+00:00
5evb,2015-11-19T00:00:00.000+00:00
5evd,2015-11-19T00:00:00.000+00:00
5evk,2015-11-19T00:00:00.000+00:00
5evz,2015-11-20T00:00:00.000+00:00
5ew0,2015-11-20T00:00:00.000+00:00
5ew3,2015-11-20T00:00:00.000+00:00
5ew9,2015-11-20T00:00:00.000+00:00
5ewa,2015-11-20T00:00:00.000+00:00
5ewd,2015-11-20T00:00:00.000+00:00
5ewh,2015-11-20T00:00:00.000+00:00
5ewj,2015-11-20T00:00:00.000+00:00
5ewk,2015-11-20T00:00:00.000+00:00
5ewm,2015-11-20T00:00:00.000+00:00
5ewy,2015-11-22T00:00:00.000+00:00
5ewz,2015-11-23T00:00:00.000+00:00
5exl,2015-11-23T00:00:00.000+00:00
5exm,2015-11-23T00:00:00.000+00:00
5exn,2015-11-23T00:00:00.000+00:00
5exw,2015-11-24T00:00:00.000+00:00
5ey4,2015-11-24T00:00:00.000+00:00
5ey8,2015-11-24T00:00:00.000+00:00
5ey9,2015-11-24T00:00:00.000+00:00
5eyc,2015-11-24T00:00:00.000+00:00
5eyd,2015-11-24T00:00:00.000+00:00
5eyk,2015-11-25T00:00:00.000+00:00
5eym,2015-11-25T00:00:00.000+00:00
5eyr,2015-11-25T00:00:00.000+00:00
5eyz,2015-11-26T00:00:00.000+00:00
5ez0,2015-11-26T00:00:00.000+00:00
5ezg,2015-11-26T00:00:00.000+00:00
5ezh,2015-11-26T00:00:00.000+00:00
5ezx,2015-11-27T00:00:00.000+00:00
5ezz,2015-11-27T00:00:00.000+00:00
5f00,2015-11-27T00:00:00.000+00:00
5f01,2015-11-27T00:00:00.000+00:00
5f02,2015-11-27T00:00:00.000+00:00
5f04,2015-11-27T00:00:00.000+00:00
5f08,2015-11-27T00:00:00.000+00:00
5f0c,2015-11-27T00:00:00.000+00:00
5f0f,2015-11-27T00:00:00.000+00:00
5f0h,2015-11-27T00:00:00.000+00:00
5f1c,2015-11-30T00:00:00.000+00:00
5f1h,2015-11-30T00:00:00.000+00:00
5f1j,2015-11-30T00:00:00.000+00:00
5f1l,2015-11-30T00:00:00.000+00:00
5f1r,2015-11-30T00:00:00.000+00:00
5f1u,2015-11-30T00:00:00.000+00:00
5f1v,2015-11-30T00:00:00.000+00:00
5f1x,2015-11-30T00:00:00.000+00:00
5f1z,2015-12-01T00:00:00.000+00:00
5f20,2015-12-01T00:00:00.000+00:00
5f25,2015-12-01T00:00:00.000+00:00
5f27,2015-12-01T00:00:00.000+00:00
5f29,2015-12-01T00:00:00.000+00:00
5f2f,2015-12-01T00:00:00.000+00:00
5f2k,2015-12-02T00:00:00.000+00:00
5f2p,2015-12-02T00:00:00.000+00:00
5f2r,2015-12-02T00:00:00.000+00:00
5f2s,2015-12-02T00:00:00.000+00:00
5f2u,2015-12-02T00:00:00.000+00:00
5f2w,2015-12-02T00:00:00.000+00:00
5f32,2015-12-02T00:00:00.000+00:00
5f37,2015-12-02T00:00:00.000+00:00
5f39,2015-12-02T00:00:00.000+00:00
5f3c,2015-12-02T00:00:00.000+00:00
5f3e,2015-12-02T00:00:00.000+00:00
5f3g,2015-12-02T00:00:00.000+00:00
5f3i,2015-12-02T00:00:00.000+00:00
5f3t,2015-12-03T00:00:00.000+00:00
5f3z,2015-12-03T00:00:00.000+00:00
5f41,2015-12-03T00:00:00.000+00:00
5f4l,2015-12-03T00:00:00.000+00:00
5f4n,2015-12-03T00:00:00.000+00:00
5f4p,2015-12-03T00:00:00.000+00:00
5f4r,2015-12-03T00:00:00.000+00:00
5f4u,2015-12-03T00:00:00.000+00:00
5f5b,2015-12-04T00:00:00.000+00:00
5f5i,2015-12-04T00:00:00.000+00:00
5f5z,2015-12-04T00:00:00.000+00:00
5f60,2015-12-04T00:00:00.000+00:00
5f61,2015-12-04T00:00:00.000+00:00
5f62,2015-12-04T00:00:00.000+00:00
5f63,2015-12-04T00:00:00.000+00:00
5f67,2015-12-05T00:00:00.000+00:00
5f6d,2015-12-05T00:00:00.000+00:00
5f6u,2015-12-07T00:00:00.000+00:00
5f6v,2015-12-07T00:00:00.000+00:00
5f74,2015-12-07T00:00:00.000+00:00
5f88,2015-12-09T00:00:00.000+00:00
5f8y,2015-12-09T00:00:00.000+00:00
5f90,2015-12-09T00:00:00.000+00:00
5f91,2015-12-09T00:00:00.000+00:00
5f94,2015-12-09T00:00:00.000+00:00
5f95,2015-12-09T00:00:00.000+00:00
5f9b,2015-12-09T00:00:00.000+00:00
5f9e,2015-12-09T00:00:00.000+00:00
5fa7,2015-12-11T00:00:00.000+00:00
5fah,2015-12-11T00:00:00.000+00:00
5fao,2015-12-11T00:00:00.000+00:00
5fap,2015-12-11T00:00:00.000+00:00
5faq,2015-12-11T00:00:00.000+00:00
5fas,2015-12-11T00:00:00.000+00:00
5fat,2015-12-12T00:00:00.000+00:00
5fb0,2015-12-13T00:00:00.000+00:00
5fb1,2015-12-13T00:00:00.000+00:00
5fb7,2015-12-14T00:00:00.000+00:00
5fbe,2015-12-14T00:00:00.000+00:00
5fbi,2015-12-14T00:00:00.000+00:00
5fbn,2015-12-14T00:00:00.000+00:00
5fbo,2015-12-14T00:00:00.000+00:00
5fck,2015-12-15T00:00:00.000+00:00
5fcw,2015-12-15T00:00:00.000+00:00
5fcz,2015-12-15T00:00:00.000+00:00
5fd2,2015-12-15T00:00:00.000+00:00
5fdc,2015-12-16T00:00:00.000+00:00
5fdd,2015-12-16T00:00:00.000+00:00
5fdg,2015-12-16T00:00:00.000+00:00
5fdi,2015-12-16T00:00:00.000+00:00
5fdo,2015-12-16T00:00:00.000+00:00
5fdp,2015-12-16T00:00:00.000+00:00
5fdr,2015-12-16T00:00:00.000+00:00
5fdz,2015-12-16T00:00:00.000+00:00
5fe6,2015-12-16T00:00:00.000+00:00
5fe7,2015-12-16T00:00:00.000+00:00
5fe9,2015-12-16T00:00:00.000+00:00
5ff6,2015-12-17T00:00:00.000+00:00
5fgk,2015-12-20T00:00:00.000+00:00
5fh6,2015-12-21T00:00:00.000+00:00
5fh7,2015-12-21T00:00:00.000+00:00
5fh8,2015-12-21T00:00:00.000+00:00
5fhm,2015-12-22T00:00:00.000+00:00
5fhn,2015-12-22T00:00:00.000+00:00
5fho,2015-12-22T00:00:00.000+00:00
5fi2,2015-12-22T00:00:00.000+00:00
5fi6,2015-12-22T00:00:00.000+00:00
5fi7,2015-12-22T00:00:00.000+00:00
5fiv,1998-12-02T00:00:00.000+00:00
5fjw,2015-10-13T00:00:00.000+00:00
5fjx,2015-10-13T00:00:00.000+00:00
5fkj,2015-10-16T00:00:00.000+00:00
5fky,2015-10-20T00:00:00.000+00:00
5fl0,2015-10-20T00:00:00.000+00:00
5fl1,2015-10-20T00:00:00.000+00:00
5fl4,2015-10-21T00:00:00.000+00:00
5fl5,2015-10-21T00:00:00.000+00:00
5fl6,2015-10-21T00:00:00.000+00:00
5flo,2015-10-28T00:00:00.000+00:00
5flp,2015-10-28T00:00:00.000+00:00
5flq,2015-10-28T00:00:00.000+00:00
5fls,2015-10-28T00:00:00.000+00:00
5flt,2015-10-28T00:00:00.000+00:00
5fnc,2015-11-13T00:00:00.000+00:00
5fnd,2015-11-13T00:00:00.000+00:00
5fnf,2015-11-13T00:00:00.000+00:00
5fng,2015-11-15T00:00:00.000+00:00
5fni,2015-11-15T00:00:00.000+00:00
5fnj,2015-11-15T00:00:00.000+00:00
5fnq,2015-11-16T00:00:00.000+00:00
5fnr,2015-11-16T00:00:00.000+00:00
5fns,2015-11-16T00:00:00.000+00:00
5fnt,2015-11-16T00:00:00.000+00:00
5fnu,2015-11-16T00:00:00.000+00:00
5fog,2015-11-20T00:00:00.000+00:00
5fol,2015-11-24T00:00:00.000+00:00
5foo,2015-11-24T00:00:00.000+00:00
5fos,2015-11-26T00:00:00.000+00:00
5fot,2015-11-26T00:00:00.000+00:00
5fou,2015-11-26T00:00:00.000+00:00
5fov,2015-11-26T00:00:00.000+00:00
5fow,2015-11-26T00:00:00.000+00:00
5fox,2015-11-26T00:00:00.000+00:00
5fp0,2015-11-26T00:00:00.000+00:00
5fpi,2015-11-30T00:00:00.000+00:00
5fpk,2015-12-01T00:00:00.000+00:00
5fpp,2015-12-02T00:00:00.000+00:00
5fpu,2015-12-03T00:00:00.000+00:00
5fq9,2015-12-08T00:00:00.000+00:00
5fqb,2015-12-08T00:00:00.000+00:00
5fqc,2015-12-08T00:00:00.000+00:00
5fqp,2015-12-14T00:00:00.000+00:00
5fqr,2015-12-14T00:00:00.000+00:00
5fqs,2015-12-14T00:00:00.000+00:00
5fqt,2015-12-14T00:00:00.000+00:00
5fqv,2015-12-14T00:00:00.000+00:00
5fs5,2015-12-30T00:00:00.000+00:00
5fsb,2016-01-04T00:00:00.000+00:00
5fsc,2016-01-04T00:00:00.000+00:00
5fsl,2016-01-06T00:00:00.000+00:00
5fsm,2016-01-06T00:00:00.000+00:00
5fsn,2016-01-06T00:00:00.000+00:00
5fso,2016-01-06T00:00:00.000+00:00
5fsx,2016-01-08T00:00:00.000+00:00
5fsy,2016-01-08T00:00:00.000+00:00
5ftg,2016-01-13T00:00:00.000+00:00
5fto,2016-01-14T00:00:00.000+00:00
5ftq,2016-01-14T00:00:00.000+00:00
5fue,2016-01-26T00:00:00.000+00:00
5ful,2016-01-27T00:00:00.000+00:00
5fum,2016-01-28T00:00:00.000+00:00
5fun,2016-01-28T00:00:00.000+00:00
5fus,2016-01-29T00:00:00.000+00:00
5fut,2016-01-29T00:00:00.000+00:00
5fv7,2016-02-03T00:00:00.000+00:00
5fwa,2016-02-16T00:00:00.000+00:00
5fwg,1997-11-08T00:00:00.000+00:00
5fwj,2016-02-17T00:00:00.000+00:00
5fwr,2016-02-21T00:00:00.000+00:00
5fxq,2016-03-02T00:00:00.000+00:00
5fxr,2016-03-02T00:00:00.000+00:00
5fxs,2016-03-02T00:00:00.000+00:00
5fyq,2016-03-09T00:00:00.000+00:00
5fyx,2016-03-10T00:00:00.000+00:00
5g10,2016-03-23T00:00:00.000+00:00
5g11,2016-03-23T00:00:00.000+00:00
5g17,2016-03-23T00:00:00.000+00:00
5g1a,2016-03-24T00:00:00.000+00:00
5g1c,2016-03-24T00:00:00.000+00:00
5g1n,2016-03-29T00:00:00.000+00:00
5g1p,2016-03-29T00:00:00.000+00:00
5g1z,2016-04-06T00:00:00.000+00:00
5g22,2016-04-06T00:00:00.000+00:00
5g2b,2016-04-07T00:00:00.000+00:00
5g2g,2016-04-08T00:00:00.000+00:00
5g2n,2016-04-11T00:00:00.000+00:00
5g3m,2016-04-29T00:00:00.000+00:00
5g3n,2016-04-29T00:00:00.000+00:00
5g3w,2016-05-02T00:00:00.000+00:00
5g42,2016-05-04T00:00:00.000+00:00
5g43,2016-05-04T00:00:00.000+00:00
5g45,2016-05-04T00:00:00.000+00:00
5g46,2016-05-04T00:00:00.000+00:00
5g4m,2016-05-13T00:00:00.000+00:00
5g4n,2016-05-13T00:00:00.000+00:00
5g4o,2016-05-13T00:00:00.000+00:00
5g53,2016-05-19T00:00:00.000+00:00
5g57,2016-05-22T00:00:00.000+00:00
5g5f,2016-05-24T00:00:00.000+00:00
5g5v,2016-06-06T00:00:00.000+00:00
5g5z,2016-06-10T00:00:00.000+00:00
5g60,2016-06-10T00:00:00.000+00:00
5g61,2016-06-10T00:00:00.000+00:00
5g6u,2016-07-21T00:00:00.000+00:00
5gg4,2016-06-15T00:00:00.000+00:00
5ggj,2016-06-16T00:00:00.000+00:00
5ggk,2016-06-16T00:00:00.000+00:00
5ggl,2016-06-16T00:00:00.000+00:00
5ggn,2016-06-16T00:00:00.000+00:00
5ggo,2016-06-16T00:00:00.000+00:00
5ggp,2016-06-16T00:00:00.000+00:00
5ggz,2016-06-16T00:00:00.000+00:00
5ghv,2016-06-20T00:00:00.000+00:00
5gic,2016-06-23T00:00:00.000+00:00
5gid,2016-06-23T00:00:00.000+00:00
5gj9,2016-06-28T00:00:00.000+00:00
5gja,2016-06-28T00:00:00.000+00:00
5gjd,2016-06-29T00:00:00.000+00:00
5gjf,2016-06-29T00:00:00.000+00:00
5gjg,2016-06-29T00:00:00.000+00:00
5glu,2016-07-12T00:00:00.000+00:00
5gmh,2016-07-14T00:00:00.000+00:00
5gmi,2016-07-14T00:00:00.000+00:00
5gmj,2016-07-14T00:00:00.000+00:00
5gmm,2016-07-14T00:00:00.000+00:00
5gmn,2016-07-14T00:00:00.000+00:00
5gmp,2016-07-14T00:00:00.000+00:00
5gmu,2016-07-16T00:00:00.000+00:00
5gmv,2016-07-17T00:00:00.000+00:00
5gn5,2016-07-19T00:00:00.000+00:00
5gn6,2016-07-19T00:00:00.000+00:00
5gn7,2016-07-19T00:00:00.000+00:00
5gn9,2016-07-19T00:00:00.000+00:00
5gnk,2016-07-21T00:00:00.000+00:00
5go2,2016-07-26T00:00:00.000+00:00
5gow,2016-07-29T00:00:00.000+00:00
5gp7,2016-08-01T00:00:00.000+00:00
5gr9,2016-08-08T00:00:00.000+00:00
5gs4,2016-08-13T00:00:00.000+00:00
5gs9,2016-08-15T00:00:00.000+00:00
5gsa,2016-08-15T00:00:00.000+00:00
5gso,2016-08-16T00:00:00.000+00:00
5gsw,2016-08-17T00:00:00.000+00:00
5gtr,2016-08-23T00:00:00.000+00:00
5gty,2016-08-23T00:00:00.000+00:00
5gu4,2016-08-24T00:00:00.000+00:00
5gub,2016-08-26T00:00:00.000+00:00
5gut,2016-08-31T00:00:00.000+00:00
5gv2,2016-09-01T00:00:00.000+00:00
5gvk,2016-09-06T00:00:00.000+00:00
5gvl,2016-09-06T00:00:00.000+00:00
5gvm,2016-09-06T00:00:00.000+00:00
5gvn,2016-09-06T00:00:00.000+00:00
5gvp,2016-09-06T00:00:00.000+00:00
5gwa,2016-09-09T00:00:00.000+00:00
5gwy,2016-09-14T00:00:00.000+00:00
5gwz,2016-09-14T00:00:00.000+00:00
5gx6,2016-09-15T00:00:00.000+00:00
5gx7,2016-09-15T00:00:00.000+00:00
5h08,2016-10-04T00:00:00.000+00:00
5h09,2016-10-04T00:00:00.000+00:00
5h0b,2016-10-04T00:00:00.000+00:00
5h0e,2016-10-04T00:00:00.000+00:00
5h0g,2016-10-04T00:00:00.000+00:00
5h0h,2016-10-04T00:00:00.000+00:00
5h13,2016-10-08T00:00:00.000+00:00
5h14,2016-10-08T00:00:00.000+00:00
5h15,2016-10-08T00:00:00.000+00:00
5h17,2016-10-08T00:00:00.000+00:00
5h19,2016-10-08T00:00:00.000+00:00
5h1e,2016-10-08T00:00:00.000+00:00
5h1t,2016-10-11T00:00:00.000+00:00
5h1u,2016-10-11T00:00:00.000+00:00
5h1v,2016-10-11T00:00:00.000+00:00
5h21,2016-10-13T00:00:00.000+00:00
5h22,2016-10-13T00:00:00.000+00:00
5h2u,2016-10-18T00:00:00.000+00:00
5h3q,2016-10-26T00:00:00.000+00:00
5h4j,2016-11-01T00:00:00.000+00:00
5h5f,2016-11-05T00:00:00.000+00:00
5h5q,2016-11-09T00:00:00.000+00:00
5h5r,2016-11-09T00:00:00.000+00:00
5h5s,2016-11-09T00:00:00.000+00:00
5h63,2016-11-10T00:00:00.000+00:00
5h6v,2016-11-15T00:00:00.000+00:00
5h7g,2016-11-18T00:00:00.000+00:00
5h7h,2016-11-18T00:00:00.000+00:00
5h85,2015-12-23T00:00:00.000+00:00
5h8b,2015-12-23T00:00:00.000+00:00
5h8e,2015-12-23T00:00:00.000+00:00
5h8g,2015-12-23T00:00:00.000+00:00
5h8x,2015-12-24T00:00:00.000+00:00
5h9p,2015-12-29T00:00:00.000+00:00
5h9q,2015-12-29T00:00:00.000+00:00
5h9r,2015-12-29T00:00:00.000+00:00
5h9s,2015-12-29T00:00:00.000+00:00
5ha1,2015-12-29T00:00:00.000+00:00
5ha9,2015-12-30T00:00:00.000+00:00
5hbe,2015-12-31T00:00:00.000+00:00
5hbh,2015-12-31T00:00:00.000+00:00
5hbj,2015-12-31T00:00:00.000+00:00
5hbs,2016-01-02T00:00:00.000+00:00
5hcl,2016-01-04T00:00:00.000+00:00
5hct,2016-01-04T00:00:00.000+00:00
5hcv,2016-01-04T00:00:00.000+00:00
5hcx,2016-01-04T00:00:00.000+00:00
5hcy,2016-01-04T00:00:00.000+00:00
5hd0,2016-01-04T00:00:00.000+00:00
5hda,2016-01-05T00:00:00.000+00:00
5hdu,2016-01-05T00:00:00.000+00:00
5hdv,2016-01-05T00:00:00.000+00:00
5hdx,2016-01-05T00:00:00.000+00:00
5hdz,2016-01-05T00:00:00.000+00:00
5he0,2016-01-05T00:00:00.000+00:00
5he1,2016-01-05T00:00:00.000+00:00
5he2,2016-01-05T00:00:00.000+00:00
5he3,2016-01-05T00:00:00.000+00:00
5he4,2016-01-05T00:00:00.000+00:00
5he5,2016-01-05T00:00:00.000+00:00
5he7,2016-01-05T00:00:00.000+00:00
5heb,2016-01-05T00:00:00.000+00:00
5hed,2016-01-05T00:00:00.000+00:00
5hes,2016-01-06T00:00:00.000+00:00
5hex,2016-01-06T00:00:00.000+00:00
5hey,2016-01-06T00:00:00.000+00:00
5hf1,2016-01-06T00:00:00.000+00:00
5hfb,2016-01-06T00:00:00.000+00:00
5hfc,2016-01-06T00:00:00.000+00:00
5hff,2016-01-06T00:00:00.000+00:00
5hfj,2016-01-07T00:00:00.000+00:00
5hfu,2016-01-07T00:00:00.000+00:00
5hg1,2016-01-07T00:00:00.000+00:00
5hg5,2016-01-08T00:00:00.000+00:00
5hg7,2016-01-08T00:00:00.000+00:00
5hg8,2016-01-08T00:00:00.000+00:00
5hg9,2016-01-08T00:00:00.000+00:00
5hgc,2016-01-08T00:00:00.000+00:00
5hgq,2016-01-08T00:00:00.000+00:00
5hh4,2016-01-09T00:00:00.000+00:00
5hh5,2016-01-09T00:00:00.000+00:00
5hh6,2016-01-09T00:00:00.000+00:00
5hhx,2016-01-11T00:00:00.000+00:00
5hi7,2016-01-11T00:00:00.000+00:00
5hip,2016-01-12T00:00:00.000+00:00
5his,2016-01-12T00:00:00.000+00:00
5hj9,2016-01-13T00:00:00.000+00:00
5hja,2016-01-13T00:00:00.000+00:00
5hjb,2016-01-12T00:00:00.000+00:00
5hjc,2016-01-13T00:00:00.000+00:00
5hjd,2016-01-13T00:00:00.000+00:00
5hjq,2016-01-13T00:00:00.000+00:00
5hk1,2016-01-13T00:00:00.000+00:00
5hk2,2016-01-13T00:00:00.000+00:00
5hk9,2016-01-13T00:00:00.000+00:00
5hka,2016-01-13T00:00:00.000+00:00
5hkb,2016-01-13T00:00:00.000+00:00
5hkh,2016-01-14T00:00:00.000+00:00
5hki,2016-01-14T00:00:00.000+00:00
5hkm,2016-01-14T00:00:00.000+00:00
5hl9,2016-01-14T00:00:00.000+00:00
5hlb,2016-01-14T00:00:00.000+00:00
5hld,2016-01-14T00:00:00.000+00:00
5hln,2016-01-15T00:00:00.000+00:00
5hlp,2016-01-15T00:00:00.000+00:00
5hls,2016-01-15T00:00:00.000+00:00
5hlw,2016-01-15T00:00:00.000+00:00
5hm0,2016-01-15T00:00:00.000+00:00
5hm3,2016-01-15T00:00:00.000+00:00
5hmh,2016-01-16T00:00:00.000+00:00
5hmi,2016-01-16T00:00:00.000+00:00
5hmk,2016-01-16T00:00:00.000+00:00
5hmy,2016-01-17T00:00:00.000+00:00
5hn0,2016-01-17T00:00:00.000+00:00
5hn7,2016-01-18T00:00:00.000+00:00
5hn8,2016-01-18T00:00:00.000+00:00
5hn9,2016-01-18T00:00:00.000+00:00
5hna,2016-01-18T00:00:00.000+00:00
5hng,2016-01-18T00:00:00.000+00:00
5ho6,2016-01-19T00:00:00.000+00:00
5ho7,2016-01-19T00:00:00.000+00:00
5ho8,2016-01-19T00:00:00.000+00:00
5hoa,2016-01-19T00:00:00.000+00:00
5hog,2016-01-19T00:00:00.000+00:00
5hor,2016-01-19T00:00:00.000+00:00
5hpm,2016-01-20T00:00:00.000+00:00
5hrv,2016-01-24T00:00:00.000+00:00
5hrw,2016-01-24T00:00:00.000+00:00
5hrx,2016-01-24T00:00:00.000+00:00
5htb,2016-01-26T00:00:00.000+00:00
5htc,2016-01-26T00:00:00.000+00:00
5htl,2016-01-27T00:00:00.000+00:00
5htz,2016-01-27T00:00:00.000+00:00
5hu0,2016-01-27T00:00:00.000+00:00
5hu1,2016-01-27T00:00:00.000+00:00
5hu9,2016-01-27T00:00:00.000+00:00
5huw,2016-01-27T00:00:00.000+00:00
5huy,2016-01-28T00:00:00.000+00:00
5hv0,2016-01-28T00:00:00.000+00:00
5hv1,2016-01-28T00:00:00.000+00:00
5hva,2016-01-28T00:00:00.000+00:00
5hvp,1990-04-30T00:00:00.000+00:00
5hvs,2016-01-28T00:00:00.000+00:00
5hvt,2016-01-28T00:00:00.000+00:00
5hvu,2016-01-28T00:00:00.000+00:00
5hvy,2016-01-28T00:00:00.000+00:00
5hwu,2016-01-29T00:00:00.000+00:00
5hwv,2016-01-29T00:00:00.000+00:00
5hx6,2016-01-29T00:00:00.000+00:00
5hx8,2016-01-29T00:00:00.000+00:00
5hyq,2016-02-01T00:00:00.000+00:00
5hyr,2016-02-01T00:00:00.000+00:00
5hz5,2016-02-02T00:00:00.000+00:00
5hz6,2016-02-02T00:00:00.000+00:00
5hz8,2016-02-02T00:00:00.000+00:00
5hz9,2016-02-02T00:00:00.000+00:00
5hzn,2016-02-02T00:00:00.000+00:00
5hzx,2016-02-03T00:00:00.000+00:00
5i0b,2016-02-03T00:00:00.000+00:00
5i0l,2016-02-04T00:00:00.000+00:00
5i12,2016-02-05T00:00:00.000+00:00
5i13,2016-02-05T00:00:00.000+00:00
5i1q,2016-01-09T00:00:00.000+00:00
5i22,2016-02-04T00:00:00.000+00:00
5i24,2016-02-08T00:00:00.000+00:00
5i25,2016-02-08T00:00:00.000+00:00
5i29,2016-02-08T00:00:00.000+00:00
5i2e,2016-02-08T00:00:00.000+00:00
5i2f,2016-02-08T00:00:00.000+00:00
5i2i,2016-02-08T00:00:00.000+00:00
5i2r,2016-02-09T00:00:00.000+00:00
5i2z,2016-02-09T00:00:00.000+00:00
5i38,2016-02-10T00:00:00.000+00:00
5i3a,2016-02-10T00:00:00.000+00:00
5i3m,2016-02-10T00:00:00.000+00:00
5i3v,2016-02-11T00:00:00.000+00:00
5i3w,2016-02-11T00:00:00.000+00:00
5i3x,2016-02-11T00:00:00.000+00:00
5i3y,2016-02-11T00:00:00.000+00:00
5i40,2016-02-11T00:00:00.000+00:00
5i43,2016-02-11T00:00:00.000+00:00
5i4o,2016-02-12T00:00:00.000+00:00
5i4v,2016-02-12T00:00:00.000+00:00
5i56,2016-02-14T00:00:00.000+00:00
5i58,2016-02-14T00:00:00.000+00:00
5i59,2016-02-14T00:00:00.000+00:00
5i5x,2016-02-15T00:00:00.000+00:00
5i5z,2016-02-15T00:00:00.000+00:00
5i7u,2016-02-18T00:00:00.000+00:00
5i7x,2016-02-18T00:00:00.000+00:00
5i7y,2016-02-18T00:00:00.000+00:00
5i80,2016-02-18T00:00:00.000+00:00
5i83,2016-02-18T00:00:00.000+00:00
5i86,2016-02-18T00:00:00.000+00:00
5i88,2016-02-18T00:00:00.000+00:00
5i89,2016-02-18T00:00:00.000+00:00
5i8b,2016-02-18T00:00:00.000+00:00
5i8c,2016-02-18T00:00:00.000+00:00
5i8g,2016-02-18T00:00:00.000+00:00
5i8p,2016-02-19T00:00:00.000+00:00
5i94,2016-02-19T00:00:00.000+00:00
5i9i,2016-02-20T00:00:00.000+00:00
5i9x,2016-02-21T00:00:00.000+00:00
5i9y,2016-02-21T00:00:00.000+00:00
5i9z,2016-02-21T00:00:00.000+00:00
5ia0,2016-02-21T00:00:00.000+00:00
5ia1,2016-02-21T00:00:00.000+00:00
5ia2,2016-02-21T00:00:00.000+00:00
5ia3,2016-02-21T00:00:00.000+00:00
5ia4,2016-02-21T00:00:00.000+00:00
5ia5,2016-02-21T00:00:00.000+00:00
5iaw,2016-02-22T00:00:00.000+00:00
5iay,2016-02-22T00:00:00.000+00:00
5ick,2016-02-23T00:00:00.000+00:00
5icp,2016-02-23T00:00:00.000+00:00
5icv,2016-02-23T00:00:00.000+00:00
5icx,2016-02-23T00:00:00.000+00:00
5icy,2016-02-23T00:00:00.000+00:00
5icz,2016-02-23T00:00:00.000+00:00
5id0,2016-02-23T00:00:00.000+00:00
5id1,2016-02-23T00:00:00.000+00:00
5idn,2016-02-24T00:00:00.000+00:00
5idp,2016-02-24T00:00:00.000+00:00
5ie1,2016-02-24T00:00:00.000+00:00
5iee,2016-02-25T00:00:00.000+00:00
5ief,2016-02-25T00:00:00.000+00:00
5ieg,2016-02-25T00:00:00.000+00:00
5ien,2016-02-25T00:00:00.000+00:00
5ieo,2016-02-25T00:00:00.000+00:00
5iep,2016-02-25T00:00:00.000+00:00
5ier,2016-02-25T00:00:00.000+00:00
5iez,2016-02-25T00:00:00.000+00:00
5if4,2016-02-25T00:00:00.000+00:00
5if6,2016-02-25T00:00:00.000+00:00
5ifu,2016-02-26T00:00:00.000+00:00
5igk,2016-02-28T00:00:00.000+00:00
5igl,2016-02-28T00:00:00.000+00:00
5igm,2016-02-28T00:00:00.000+00:00
5igq,2016-02-28T00:00:00.000+00:00
5ih2,2016-02-28T00:00:00.000+00:00
5ih5,2016-02-29T00:00:00.000+00:00
5ih6,2016-02-29T00:00:00.000+00:00
5ih8,2016-02-29T00:00:00.000+00:00
5ih9,2016-02-29T00:00:00.000+00:00
5iha,2016-02-29T00:00:00.000+00:00
5ihc,2016-02-29T00:00:00.000+00:00
5ihh,2016-02-29T00:00:00.000+00:00
5ii1,2016-03-01T00:00:00.000+00:00
5ii2,2016-03-01T00:00:00.000+00:00
5iis,2016-03-01T00:00:00.000+00:00
5ij7,2016-03-01T00:00:00.000+00:00
5ijj,2016-03-02T00:00:00.000+00:00
5ijp,2016-03-02T00:00:00.000+00:00
5ijr,2016-03-02T00:00:00.000+00:00
5ikb,2016-03-03T00:00:00.000+00:00
5il1,2016-03-04T00:00:00.000+00:00
5im3,2016-03-05T00:00:00.000+00:00
5ime,2016-03-06T00:00:00.000+00:00
5in9,2016-03-07T00:00:00.000+00:00
5inh,2016-03-07T00:00:00.000+00:00
5iok,2016-03-08T00:00:00.000+00:00
5iop,2016-03-08T00:00:00.000+00:00
5ioy,2016-03-09T00:00:00.000+00:00
5ioz,2016-03-09T00:00:00.000+00:00
5ipa,2016-03-09T00:00:00.000+00:00
5ipj,2016-03-09T00:00:00.000+00:00
5iq6,2016-03-10T00:00:00.000+00:00
5iql,2016-03-11T00:00:00.000+00:00
5ir1,2016-03-11T00:00:00.000+00:00
5isl,2016-03-15T00:00:00.000+00:00
5ism,2016-03-15T00:00:00.000+00:00
5isz,2016-03-15T00:00:00.000+00:00
5itd,2016-03-16T00:00:00.000+00:00
5itf,2016-03-16T00:00:00.000+00:00
5ito,2016-03-17T00:00:00.000+00:00
5itp,2016-03-17T00:00:00.000+00:00
5iu2,2016-03-17T00:00:00.000+00:00
5iu4,2016-03-17T00:00:00.000+00:00
5iu6,2016-03-17T00:00:00.000+00:00
5iu7,2016-03-17T00:00:00.000+00:00
5iu8,2016-03-17T00:00:00.000+00:00
5iua,2016-03-17T00:00:00.000+00:00
5iub,2016-03-17T00:00:00.000+00:00
5iug,2016-03-18T00:00:00.000+00:00
5iuh,2016-03-18T00:00:00.000+00:00
5iui,2016-03-18T00:00:00.000+00:00
5iv2,2016-03-18T00:00:00.000+00:00
5iv4,2016-03-18T00:00:00.000+00:00
5ivc,2016-03-20T00:00:00.000+00:00
5ive,2016-03-20T00:00:00.000+00:00
5ivf,2016-03-20T00:00:00.000+00:00
5ivj,2016-03-21T00:00:00.000+00:00
5ivn,2016-03-21T00:00:00.000+00:00
5ivs,2016-03-21T00:00:00.000+00:00
5ivt,2016-03-21T00:00:00.000+00:00
5ivv,2016-03-21T00:00:00.000+00:00
5ivy,2016-03-21T00:00:00.000+00:00
5ivz,2016-03-21T00:00:00.000+00:00
5iw0,2016-03-21T00:00:00.000+00:00
5iwg,2016-03-22T00:00:00.000+00:00
5ix0,2016-03-23T00:00:00.000+00:00
5ix1,2016-03-23T00:00:00.000+00:00
5ixf,2016-03-23T00:00:00.000+00:00
5ixq,2016-03-23T00:00:00.000+00:00
5ixt,2016-03-23T00:00:00.000+00:00
5iy4,2016-03-24T00:00:00.000+00:00
5iyv,2016-03-24T00:00:00.000+00:00
5iyy,2016-03-24T00:00:00.000+00:00
5iz6,2016-03-25T00:00:00.000+00:00
5iz8,2016-03-25T00:00:00.000+00:00
5iz9,2016-03-25T00:00:00.000+00:00
5iza,2016-03-25T00:00:00.000+00:00
5izc,2016-03-25T00:00:00.000+00:00
5izf,2016-03-25T00:00:00.000+00:00
5izj,2016-03-25T00:00:00.000+00:00
5izq,2016-03-25T00:00:00.000+00:00
5izu,2016-03-26T00:00:00.000+00:00
5j0d,2016-03-28T00:00:00.000+00:00
5j18,2016-03-29T00:00:00.000+00:00
5j19,2016-03-29T00:00:00.000+00:00
5j1r,2016-03-29T00:00:00.000+00:00
5j1v,2016-03-29T00:00:00.000+00:00
5j1w,2016-03-29T00:00:00.000+00:00
5j1x,2016-03-29T00:00:00.000+00:00
5j20,2016-03-29T00:00:00.000+00:00
5j27,2016-03-29T00:00:00.000+00:00
5j2x,2016-03-30T00:00:00.000+00:00
5j31,2016-03-30T00:00:00.000+00:00
5j32,2016-03-30T00:00:00.000+00:00
5j3l,2016-03-31T00:00:00.000+00:00
5j3s,2016-03-31T00:00:00.000+00:00
5j3v,2016-03-31T00:00:00.000+00:00
5j41,2016-03-31T00:00:00.000+00:00
5j47,2016-03-31T00:00:00.000+00:00
5j4n,2016-04-01T00:00:00.000+00:00
5j4v,2016-04-01T00:00:00.000+00:00
5j4y,2016-04-01T00:00:00.000+00:00
5j58,2016-04-01T00:00:00.000+00:00
5j59,2016-04-01T00:00:00.000+00:00
5j5d,2016-04-02T00:00:00.000+00:00
5j5r,2016-04-03T00:00:00.000+00:00
5j5t,2016-04-03T00:00:00.000+00:00
5j5x,2016-04-04T00:00:00.000+00:00
5j64,2016-04-04T00:00:00.000+00:00
5j6a,2016-04-04T00:00:00.000+00:00
5j6d,2016-04-04T00:00:00.000+00:00
5j6l,2016-04-05T00:00:00.000+00:00
5j6m,2016-04-05T00:00:00.000+00:00
5j6n,2016-04-05T00:00:00.000+00:00
5j6s,2016-04-05T00:00:00.000+00:00
5j71,2016-04-05T00:00:00.000+00:00
5j74,2016-04-05T00:00:00.000+00:00
5j75,2016-04-05T00:00:00.000+00:00
5j79,2016-04-06T00:00:00.000+00:00
5j7b,2016-04-06T00:00:00.000+00:00
5j7f,2016-04-06T00:00:00.000+00:00
5j7g,2016-04-06T00:00:00.000+00:00
5j7j,2016-04-06T00:00:00.000+00:00
5j7p,2016-04-06T00:00:00.000+00:00
5j7q,2016-04-06T00:00:00.000+00:00
5j7s,2016-04-06T00:00:00.000+00:00
5j7w,2016-04-07T00:00:00.000+00:00
5j82,2016-04-07T00:00:00.000+00:00
5j86,2016-04-07T00:00:00.000+00:00
5j87,2016-04-07T00:00:00.000+00:00
5j8i,2016-04-07T00:00:00.000+00:00
5j8m,2016-04-08T00:00:00.000+00:00
5j8u,2016-04-08T00:00:00.000+00:00
5j8x,2016-04-08T00:00:00.000+00:00
5j8z,2016-04-08T00:00:00.000+00:00
5j9f,2016-04-09T00:00:00.000+00:00
5j9k,2016-04-10T00:00:00.000+00:00
5j9l,2016-04-10T00:00:00.000+00:00
5j9x,2016-04-11T00:00:00.000+00:00
5j9y,2016-04-11T00:00:00.000+00:00
5j9z,2016-04-11T00:00:00.000+00:00
5ja0,2016-04-11T00:00:00.000+00:00
5jah,2016-04-12T00:00:00.000+00:00
5jal,2016-04-12T00:00:00.000+00:00
5jan,2016-04-12T00:00:00.000+00:00
5jao,2016-04-12T00:00:00.000+00:00
5jap,2016-04-12T00:00:00.000+00:00
5jar,2016-04-12T00:00:00.000+00:00
5jas,2016-04-12T00:00:00.000+00:00
5jat,2016-04-12T00:00:00.000+00:00
5jau,2016-04-12T00:00:00.000+00:00
5jaz,2016-04-12T00:00:00.000+00:00
5jbi,2016-04-13T00:00:00.000+00:00
5jc1,2016-04-14T00:00:00.000+00:00
5jcb,2016-04-14T00:00:00.000+00:00
5jcj,2016-04-15T00:00:00.000+00:00
5jdc,2016-04-16T00:00:00.000+00:00
5jdi,2016-04-16T00:00:00.000+00:00
5jek,2016-04-18T00:00:00.000+00:00
5jeo,2016-04-18T00:00:00.000+00:00
5jer,2016-04-18T00:00:00.000+00:00
5jf1,2016-04-19T00:00:00.000+00:00
5jf2,2016-04-19T00:00:00.000+00:00
5jf3,2016-04-19T00:00:00.000+00:00
5jf4,2016-04-19T00:00:00.000+00:00
5jf5,2016-04-19T00:00:00.000+00:00
5jf6,2016-04-19T00:00:00.000+00:00
5jf7,2016-04-19T00:00:00.000+00:00
5jf8,2016-04-19T00:00:00.000+00:00
5jfd,2016-04-19T00:00:00.000+00:00
5jfp,2016-04-19T00:00:00.000+00:00
5jfr,2016-04-19T00:00:00.000+00:00
5jfu,2016-04-19T00:00:00.000+00:00
5jg1,2016-04-19T00:00:00.000+00:00
5jga,2016-04-19T00:00:00.000+00:00
5jgb,2016-04-20T00:00:00.000+00:00
5jgd,2016-04-20T00:00:00.000+00:00
5jgi,2016-04-20T00:00:00.000+00:00
5jgq,2016-04-20T00:00:00.000+00:00
5jh6,2016-04-20T00:00:00.000+00:00
5jha,2016-04-20T00:00:00.000+00:00
5jhb,2016-04-20T00:00:00.000+00:00
5jhd,2016-04-20T00:00:00.000+00:00
5jhk,2016-04-21T00:00:00.000+00:00
5ji6,2016-04-21T00:00:00.000+00:00
5ji8,2016-04-22T00:00:00.000+00:00
5jic,2016-04-22T00:00:00.000+00:00
5jid,2016-04-22T00:00:00.000+00:00
5jim,2016-04-22T00:00:00.000+00:00
5jin,2016-04-22T00:00:00.000+00:00
5jiq,2016-04-22T00:00:00.000+00:00
5jiy,2016-04-22T00:00:00.000+00:00
5jjm,2016-04-24T00:00:00.000+00:00
5jjr,2016-04-25T00:00:00.000+00:00
5jjs,2016-04-25T00:00:00.000+00:00
5jk3,2016-04-25T00:00:00.000+00:00
5jlz,2016-04-28T00:00:00.000+00:00
5jm4,2016-04-28T00:00:00.000+00:00
5jmp,2016-04-29T00:00:00.000+00:00
5jmw,2016-04-29T00:00:00.000+00:00
5jmx,2016-04-29T00:00:00.000+00:00
5jn8,2016-04-29T00:00:00.000+00:00
5jn9,2016-04-29T00:00:00.000+00:00
5jna,2016-04-29T00:00:00.000+00:00
5jnc,2016-04-29T00:00:00.000+00:00
5jnl,2016-04-30T00:00:00.000+00:00
5jnn,2016-04-30T00:00:00.000+00:00
5jo0,2016-05-01T00:00:00.000+00:00
5jog,2016-05-02T00:00:00.000+00:00
5joh,2016-05-02T00:00:00.000+00:00
5jop,2016-05-02T00:00:00.000+00:00
5jox,2016-05-03T00:00:00.000+00:00
5jpt,2016-05-04T00:00:00.000+00:00
5jq5,2016-05-04T00:00:00.000+00:00
5jq7,2016-05-04T00:00:00.000+00:00
5jq8,2016-05-04T00:00:00.000+00:00
5jq9,2016-05-04T00:00:00.000+00:00
5jqb,2016-05-04T00:00:00.000+00:00
5jr2,2016-05-05T00:00:00.000+00:00
5jr6,2016-05-05T00:00:00.000+00:00
5jrq,2016-05-06T00:00:00.000+00:00
5jrs,2016-05-06T00:00:00.000+00:00
5js3,2016-05-07T00:00:00.000+00:00
5jsg,2016-05-08T00:00:00.000+00:00
5jsj,2016-05-08T00:00:00.000+00:00
5jsm,2016-05-08T00:00:00.000+00:00
5jss,2016-05-09T00:00:00.000+00:00
5jt2,2016-05-09T00:00:00.000+00:00
5jt9,2016-05-09T00:00:00.000+00:00
5jur,2016-05-10T00:00:00.000+00:00
5juz,2016-05-10T00:00:00.000+00:00
5jv0,2016-05-10T00:00:00.000+00:00
5jv1,2016-05-10T00:00:00.000+00:00
5jv2,2016-05-10T00:00:00.000+00:00
5jvi,2016-05-11T00:00:00.000+00:00
5jxn,2016-05-13T00:00:00.000+00:00
5jxq,2016-05-13T00:00:00.000+00:00
5jy0,2016-05-13T00:00:00.000+00:00
5jy3,2016-05-13T00:00:00.000+00:00
5jyo,2016-05-15T00:00:00.000+00:00
5jyp,2016-05-15T00:00:00.000+00:00
5jyy,2016-05-15T00:00:00.000+00:00
5jz9,2016-05-16T00:00:00.000+00:00
5jzb,2016-05-16T00:00:00.000+00:00
5jzi,2016-05-16T00:00:00.000+00:00
5jzn,2016-05-17T00:00:00.000+00:00
5jzs,2016-05-17T00:00:00.000+00:00
5jzy,2016-05-17T00:00:00.000+00:00
5k00,2016-05-17T00:00:00.000+00:00
5k03,2016-05-17T00:00:00.000+00:00
5k05,2016-05-17T00:00:00.000+00:00
5k09,2016-05-17T00:00:00.000+00:00
5k0b,2016-05-17T00:00:00.000+00:00
5k0c,2016-05-17T00:00:00.000+00:00
5k0f,2016-05-17T00:00:00.000+00:00
5k0h,2016-05-17T00:00:00.000+00:00
5k0i,2016-05-17T00:00:00.000+00:00
5k0j,2016-05-17T00:00:00.000+00:00
5k0m,2016-05-17T00:00:00.000+00:00
5k0s,2016-05-17T00:00:00.000+00:00
5k0t,2016-05-17T00:00:00.000+00:00
5k0x,2016-05-17T00:00:00.000+00:00
5k13,2016-05-17T00:00:00.000+00:00
5k1f,2016-05-18T00:00:00.000+00:00
5k1i,2016-05-18T00:00:00.000+00:00
5k1v,2016-05-18T00:00:00.000+00:00
5k32,2016-05-19T00:00:00.000+00:00
5k48,2016-05-20T00:00:00.000+00:00
5k4i,2016-05-20T00:00:00.000+00:00
5k4j,2016-05-20T00:00:00.000+00:00
5k4l,2016-05-20T00:00:00.000+00:00
5k4x,2016-05-22T00:00:00.000+00:00
5k4z,2016-05-22T00:00:00.000+00:00
5k51,2016-05-22T00:00:00.000+00:00
5k5c,2016-05-23T00:00:00.000+00:00
5k5e,2016-05-23T00:00:00.000+00:00
5k5n,2016-05-23T00:00:00.000+00:00
5k5s,2016-05-23T00:00:00.000+00:00
5k6a,2016-05-24T00:00:00.000+00:00
5k6s,2016-05-25T00:00:00.000+00:00
5k76,2016-05-25T00:00:00.000+00:00
5k7h,2016-05-26T00:00:00.000+00:00
5k8n,2016-05-30T00:00:00.000+00:00
5k8o,2016-05-30T00:00:00.000+00:00
5k8s,2016-05-31T00:00:00.000+00:00
5k8v,2016-05-31T00:00:00.000+00:00
5k9w,2016-06-01T00:00:00.000+00:00
5ka1,2016-06-01T00:00:00.000+00:00
5ka3,2016-06-01T00:00:00.000+00:00
5ka7,2016-06-01T00:00:00.000+00:00
5ka9,2016-06-01T00:00:00.000+00:00
5kab,2016-06-01T00:00:00.000+00:00
5kad,2016-06-01T00:00:00.000+00:00
5kam,2016-06-01T00:00:00.000+00:00
5kap,2016-06-01T00:00:00.000+00:00
5kat,2016-06-02T00:00:00.000+00:00
5kau,2016-06-02T00:00:00.000+00:00
5kax,2016-06-02T00:00:00.000+00:00
5kbe,2016-06-03T00:00:00.000+00:00
5kbf,2016-06-03T00:00:00.000+00:00
5kbg,2016-06-03T00:00:00.000+00:00
5kbh,2016-06-03T00:00:00.000+00:00
5kbi,2016-06-03T00:00:00.000+00:00
5kbq,2016-06-03T00:00:00.000+00:00
5kbr,2016-06-03T00:00:00.000+00:00
5kby,2016-06-03T00:00:00.000+00:00
5kcb,2016-06-06T00:00:00.000+00:00
5kcv,2016-06-07T00:00:00.000+00:00
5kcx,2016-06-07T00:00:00.000+00:00
5kde,2016-06-08T00:00:00.000+00:00
5kdf,2016-06-08T00:00:00.000+00:00
5kdr,2016-06-08T00:00:00.000+00:00
5ke0,2016-06-09T00:00:00.000+00:00
5kej,2016-06-09T00:00:00.000+00:00
5kew,2016-06-10T00:00:00.000+00:00
5kez,2016-06-10T00:00:00.000+00:00
5kgn,2016-06-13T00:00:00.000+00:00
5kgw,2016-06-13T00:00:00.000+00:00
5kgx,2016-06-13T00:00:00.000+00:00
5kh3,2016-06-14T00:00:00.000+00:00
5kh7,2016-06-14T00:00:00.000+00:00
5khd,2016-06-14T00:00:00.000+00:00
5khg,2016-06-14T00:00:00.000+00:00
5khh,2016-06-14T00:00:00.000+00:00
5khi,2016-06-14T00:00:00.000+00:00
5khj,2016-06-14T00:00:00.000+00:00
5khk,2016-06-14T00:00:00.000+00:00
5khm,2016-06-15T00:00:00.000+00:00
5khx,2016-06-16T00:00:00.000+00:00
5kit,2016-06-17T00:00:00.000+00:00
5kj0,2016-06-17T00:00:00.000+00:00
5kj2,2016-06-17T00:00:00.000+00:00
5kjk,2016-06-20T00:00:00.000+00:00
5kjm,2016-06-20T00:00:00.000+00:00
5kjn,2016-06-20T00:00:00.000+00:00
5kk8,2016-06-21T00:00:00.000+00:00
5kkr,2016-06-22T00:00:00.000+00:00
5kks,2016-06-22T00:00:00.000+00:00
5kkt,2016-06-22T00:00:00.000+00:00
5klp,2016-06-24T00:00:00.000+00:00
5klr,2016-06-25T00:00:00.000+00:00
5kls,2016-06-25T00:00:00.000+00:00
5klt,2016-06-25T00:00:00.000+00:00
5klz,2016-06-26T00:00:00.000+00:00
5km0,2016-06-26T00:00:00.000+00:00
5km3,2016-06-26T00:00:00.000+00:00
5km5,2016-06-26T00:00:00.000+00:00
5km9,2016-06-26T00:00:00.000+00:00
5kmf,2016-06-26T00:00:00.000+00:00
5kmh,2016-06-27T00:00:00.000+00:00
5knj,2016-06-28T00:00:00.000+00:00
5knr,2016-06-28T00:00:00.000+00:00
5kns,2016-06-28T00:00:00.000+00:00
5knt,2016-06-28T00:00:00.000+00:00
5knv,2016-06-28T00:00:00.000+00:00
5knx,2016-06-28T00:00:00.000+00:00
5ko1,2016-06-29T00:00:00.000+00:00
5ko5,2016-06-29T00:00:00.000+00:00
5koq,2016-07-01T00:00:00.000+00:00
5kos,2016-07-01T00:00:00.000+00:00
5kpk,2016-07-04T00:00:00.000+00:00
5kpl,2016-07-04T00:00:00.000+00:00
5kpm,2016-07-04T00:00:00.000+00:00
5kq5,2016-07-05T00:00:00.000+00:00
5kqd,2016-07-06T00:00:00.000+00:00
5kqf,2016-07-06T00:00:00.000+00:00
5kqg,2016-07-06T00:00:00.000+00:00
5kql,2016-07-06T00:00:00.000+00:00
5kqx,2016-07-06T00:00:00.000+00:00
5kqy,2016-07-06T00:00:00.000+00:00
5kr0,2016-07-06T00:00:00.000+00:00
5kr1,2016-07-06T00:00:00.000+00:00
5kr2,2016-07-06T00:00:00.000+00:00
5kr8,2016-07-07T00:00:00.000+00:00
5kre,2016-07-07T00:00:00.000+00:00
5ks7,2016-07-07T00:00:00.000+00:00
5ksu,2016-07-10T00:00:00.000+00:00
5ksv,2016-07-10T00:00:00.000+00:00
5ksx,2016-07-10T00:00:00.000+00:00
5ktu,2016-07-12T00:00:00.000+00:00
5ktw,2016-07-12T00:00:00.000+00:00
5ktx,2016-07-12T00:00:00.000+00:00
5ku3,2016-07-12T00:00:00.000+00:00
5ku6,2016-07-12T00:00:00.000+00:00
5ku9,2016-07-13T00:00:00.000+00:00
5kup,2016-07-13T00:00:00.000+00:00
5kv8,2016-07-13T00:00:00.000+00:00
5kv9,2016-07-13T00:00:00.000+00:00
5kva,2016-07-14T00:00:00.000+00:00
5kw2,2016-07-15T00:00:00.000+00:00
5kww,2016-07-19T00:00:00.000+00:00
5kx7,2016-07-20T00:00:00.000+00:00
5kx8,2016-07-20T00:00:00.000+00:00
5kxc,2016-07-20T00:00:00.000+00:00
5kxi,2016-07-20T00:00:00.000+00:00
5kya,2016-07-21T00:00:00.000+00:00
5kyj,2016-07-21T00:00:00.000+00:00
5kz0,2016-07-22T00:00:00.000+00:00
5kzi,2016-07-25T00:00:00.000+00:00
5kzp,2016-07-25T00:00:00.000+00:00
5kzq,2016-07-25T00:00:00.000+00:00
5l01,2016-07-26T00:00:00.000+00:00
5l0c,2016-07-27T00:00:00.000+00:00
5l0h,2016-07-27T00:00:00.000+00:00
5l13,2016-07-28T00:00:00.000+00:00
5l15,2016-07-28T00:00:00.000+00:00
5l17,2016-07-28T00:00:00.000+00:00
5l26,2016-07-31T00:00:00.000+00:00
5l2i,2016-08-01T00:00:00.000+00:00
5l2m,2016-08-02T00:00:00.000+00:00
5l2n,2016-08-02T00:00:00.000+00:00
5l2o,2016-08-02T00:00:00.000+00:00
5l2s,2016-08-02T00:00:00.000+00:00
5l2t,2016-08-02T00:00:00.000+00:00
5l2w,2016-08-02T00:00:00.000+00:00
5l2y,2016-08-02T00:00:00.000+00:00
5l2z,2016-08-02T00:00:00.000+00:00
5l30,2016-08-02T00:00:00.000+00:00
5l3a,2016-04-06T00:00:00.000+00:00
5l3e,2016-04-10T00:00:00.000+00:00
5l3f,2016-04-10T00:00:00.000+00:00
5l3g,2016-04-10T00:00:00.000+00:00
5l3j,2016-05-23T00:00:00.000+00:00
5l44,2016-05-24T00:00:00.000+00:00
5l4e,2016-05-25T00:00:00.000+00:00
5l4f,2016-05-25T00:00:00.000+00:00
5l4h,2016-05-25T00:00:00.000+00:00
5l4i,2016-05-25T00:00:00.000+00:00
5l4j,2016-05-25T00:00:00.000+00:00
5l4m,2016-05-25T00:00:00.000+00:00
5l6h,2016-05-30T00:00:00.000+00:00
5l6i,2016-05-30T00:00:00.000+00:00
5l6j,2016-05-30T00:00:00.000+00:00
5l6o,2016-05-30T00:00:00.000+00:00
5l6p,2016-05-30T00:00:00.000+00:00
5l72,2016-06-01T00:00:00.000+00:00
5l7e,2016-06-03T00:00:00.000+00:00
5l7f,2016-06-03T00:00:00.000+00:00
5l7g,2016-06-03T00:00:00.000+00:00
5l7h,2016-06-03T00:00:00.000+00:00
5l7k,2016-06-03T00:00:00.000+00:00
5l87,2016-06-07T00:00:00.000+00:00
5l8a,2016-06-07T00:00:00.000+00:00
5l8c,2016-06-07T00:00:00.000+00:00
5l8n,2016-06-08T00:00:00.000+00:00
5l8o,2016-06-08T00:00:00.000+00:00
5l8t,2016-06-08T00:00:00.000+00:00
5l8y,2016-06-08T00:00:00.000+00:00
5l96,2016-06-09T00:00:00.000+00:00
5l97,2016-06-09T00:00:00.000+00:00
5l98,2016-06-09T00:00:00.000+00:00
5l99,2016-06-09T00:00:00.000+00:00
5l9g,2016-06-10T00:00:00.000+00:00
5l9h,2016-06-10T00:00:00.000+00:00
5l9i,2016-06-10T00:00:00.000+00:00
5l9l,2016-06-10T00:00:00.000+00:00
5l9o,2016-06-10T00:00:00.000+00:00
5laq,2016-06-14T00:00:00.000+00:00
5lav,2016-06-15T00:00:00.000+00:00
5law,2016-06-15T00:00:00.000+00:00
5lax,2016-06-15T00:00:00.000+00:00
5lay,2016-06-15T00:00:00.000+00:00
5laz,2016-06-15T00:00:00.000+00:00
5lb7,2016-06-15T00:00:00.000+00:00
5lbq,2016-06-16T00:00:00.000+00:00
5lc0,2016-06-18T00:00:00.000+00:00
5lca,2016-06-20T00:00:00.000+00:00
5lce,2016-06-21T00:00:00.000+00:00
5lcf,2016-06-21T00:00:00.000+00:00
5lch,2016-06-21T00:00:00.000+00:00
5lcj,2016-06-22T00:00:00.000+00:00
5lck,2016-06-22T00:00:00.000+00:00
5ld8,2016-06-23T00:00:00.000+00:00
5ldk,2016-06-27T00:00:00.000+00:00
5ldm,2016-06-27T00:00:00.000+00:00
5ldo,2016-06-27T00:00:00.000+00:00
5ldp,2016-06-27T00:00:00.000+00:00
5le1,2016-06-29T00:00:00.000+00:00
5lg3,2016-07-05T00:00:00.000+00:00
5lgn,2016-07-07T00:00:00.000+00:00
5lgo,2016-07-07T00:00:00.000+00:00
5lgp,2016-07-08T00:00:00.000+00:00
5lgq,2016-07-08T00:00:00.000+00:00
5lgr,2016-07-08T00:00:00.000+00:00
5lgs,2016-07-08T00:00:00.000+00:00
5lgt,2016-07-08T00:00:00.000+00:00
5lgu,2016-07-08T00:00:00.000+00:00
5lh4,2016-07-08T00:00:00.000+00:00
5lh8,2016-07-08T00:00:00.000+00:00
5lhg,2016-07-11T00:00:00.000+00:00
5lhh,2016-07-11T00:00:00.000+00:00
5lhi,2016-07-12T00:00:00.000+00:00
5lhu,2016-07-12T00:00:00.000+00:00
5li3,2016-07-14T00:00:00.000+00:00
5lif,2016-07-14T00:00:00.000+00:00
5lj0,2016-07-17T00:00:00.000+00:00
5lj1,2016-07-17T00:00:00.000+00:00
5lj2,2016-07-17T00:00:00.000+00:00
5ljj,2016-07-18T00:00:00.000+00:00
5ljq,2016-07-19T00:00:00.000+00:00
5ljt,2016-07-19T00:00:00.000+00:00
5lkr,2016-07-23T00:00:00.000+00:00
5ll4,2016-07-26T00:00:00.000+00:00
5ll5,2016-07-26T00:00:00.000+00:00
5ll7,2016-07-26T00:00:00.000+00:00
5ll9,2016-07-27T00:00:00.000+00:00
5lla,2016-07-27T00:00:00.000+00:00
5llc,2016-07-27T00:00:00.000+00:00
5lle,2016-07-27T00:00:00.000+00:00
5llg,2016-07-27T00:00:00.000+00:00
5llh,2016-07-27T00:00:00.000+00:00
5lli,2016-07-27T00:00:00.000+00:00
5llm,2016-07-27T00:00:00.000+00:00
5llo,2016-07-28T00:00:00.000+00:00
5llp,2016-07-28T00:00:00.000+00:00
5lm4,2016-07-29T00:00:00.000+00:00
5lm6,2016-07-29T00:00:00.000+00:00
5lma,2016-07-29T00:00:00.000+00:00
5lmb,2016-07-29T00:00:00.000+00:00
5lmk,2016-08-01T00:00:00.000+00:00
5lne,2016-08-04T00:00:00.000+00:00
5lny,2016-08-08T00:00:00.000+00:00
5lo5,2016-08-08T00:00:00.000+00:00
5lo6,2016-08-08T00:00:00.000+00:00
5loh,2016-08-09T00:00:00.000+00:00
5lom,2016-08-09T00:00:00.000+00:00
5lp1,2016-08-11T00:00:00.000+00:00
5lp6,2016-08-11T00:00:00.000+00:00
5lpd,2016-08-12T00:00:00.000+00:00
5lpj,2016-08-13T00:00:00.000+00:00
5lpk,2016-08-13T00:00:00.000+00:00
5lpl,2016-08-13T00:00:00.000+00:00
5lpm,2016-08-13T00:00:00.000+00:00
5lpr,1991-08-05T00:00:00.000+00:00
5lqf,2016-08-17T00:00:00.000+00:00
5lqq,2016-08-17T00:00:00.000+00:00
5lrg,2016-08-19T00:00:00.000+00:00
5lrj,2016-08-19T00:00:00.000+00:00
5lrk,2016-08-19T00:00:00.000+00:00
5lrq,2016-08-19T00:00:00.000+00:00
5ls6,2016-08-22T00:00:00.000+00:00
5lsc,2016-08-25T00:00:00.000+00:00
5lsg,2016-08-26T00:00:00.000+00:00
5lsh,2016-08-26T00:00:00.000+00:00
5lso,2016-09-05T00:00:00.000+00:00
5lss,2016-09-05T00:00:00.000+00:00
5lsx,2016-09-05T00:00:00.000+00:00
5lsy,2016-09-05T00:00:00.000+00:00
5lt6,2016-09-06T00:00:00.000+00:00
5lt9,2016-09-06T00:00:00.000+00:00
5ltn,2016-09-07T00:00:00.000+00:00
5lto,2016-09-07T00:00:00.000+00:00
5lu2,2016-09-07T00:00:00.000+00:00
5lub,2016-09-08T00:00:00.000+00:00
5lud,2016-09-08T00:00:00.000+00:00
5luu,2016-09-11T00:00:00.000+00:00
5lvd,2016-09-14T00:00:00.000+00:00
5lvf,2016-09-14T00:00:00.000+00:00
5lvl,2016-09-14T00:00:00.000+00:00
5lvn,2016-09-14T00:00:00.000+00:00
5lvq,2016-09-14T00:00:00.000+00:00
5lvr,2016-09-14T00:00:00.000+00:00
5lvx,2016-09-14T00:00:00.000+00:00
5lwd,2016-09-15T00:00:00.000+00:00
5lwe,2016-09-16T00:00:00.000+00:00
5lwm,2016-09-18T00:00:00.000+00:00
5lwn,2016-09-18T00:00:00.000+00:00
5lws,2016-09-19T00:00:00.000+00:00
5lx6,2016-09-20T00:00:00.000+00:00
5lxb,2016-09-20T00:00:00.000+00:00
5lxc,2016-09-20T00:00:00.000+00:00
5lxd,2016-09-20T00:00:00.000+00:00
5lxp,2016-09-22T00:00:00.000+00:00
5ly1,2016-09-23T00:00:00.000+00:00
5ly2,2016-09-23T00:00:00.000+00:00
5ly3,2016-09-23T00:00:00.000+00:00
5lyh,2016-09-28T00:00:00.000+00:00
5lyn,2016-09-28T00:00:00.000+00:00
5lyr,2016-09-28T00:00:00.000+00:00
5lyw,2016-09-28T00:00:00.000+00:00
5lyx,2016-09-29T00:00:00.000+00:00
5lyy,2016-09-29T00:00:00.000+00:00
5lz2,2016-09-29T00:00:00.000+00:00
5lz4,2016-09-29T00:00:00.000+00:00
5lz5,2016-09-29T00:00:00.000+00:00
5lz7,2016-09-29T00:00:00.000+00:00
5lz8,2016-09-29T00:00:00.000+00:00
5lz9,2016-09-29T00:00:00.000+00:00
5lzg,2016-09-29T00:00:00.000+00:00
5lzh,2016-09-29T00:00:00.000+00:00
5lzj,2016-09-29T00:00:00.000+00:00
5m0d,2016-10-04T00:00:00.000+00:00
5m0m,2016-10-05T00:00:00.000+00:00
5m0s,2016-10-05T00:00:00.000+00:00
5m17,2016-10-07T00:00:00.000+00:00
5m1z,2016-10-11T00:00:00.000+00:00
5m23,2016-10-11T00:00:00.000+00:00
5m25,2016-10-11T00:00:00.000+00:00
5m28,2016-10-12T00:00:00.000+00:00
5m29,2016-10-12T00:00:00.000+00:00
5m2q,2016-10-13T00:00:00.000+00:00
5m2v,2016-10-13T00:00:00.000+00:00
5m34,2016-10-14T00:00:00.000+00:00
5m39,2016-10-14T00:00:00.000+00:00
5m3a,2016-10-14T00:00:00.000+00:00
5m3b,2016-10-14T00:00:00.000+00:00
5m44,2016-10-18T00:00:00.000+00:00
5m4c,2016-10-18T00:00:00.000+00:00
5m4f,2016-10-18T00:00:00.000+00:00
5m4i,2016-10-18T00:00:00.000+00:00
5m4k,2016-10-18T00:00:00.000+00:00
5m4q,2016-10-18T00:00:00.000+00:00
5m4u,2016-10-19T00:00:00.000+00:00
5m51,2016-10-20T00:00:00.000+00:00
5m53,2016-10-20T00:00:00.000+00:00
5m55,2016-10-20T00:00:00.000+00:00
5m56,2016-10-20T00:00:00.000+00:00
5m57,2016-10-20T00:00:00.000+00:00
5m5d,2016-10-21T00:00:00.000+00:00
5m5q,2016-10-22T00:00:00.000+00:00
5m63,2016-10-24T00:00:00.000+00:00
5m6f,2016-10-25T00:00:00.000+00:00
5m6h,2016-10-25T00:00:00.000+00:00
5m6m,2016-10-25T00:00:00.000+00:00
5m6u,2016-10-26T00:00:00.000+00:00
5m77,2016-10-26T00:00:00.000+00:00
5m7m,2016-10-28T00:00:00.000+00:00
5m7s,2016-10-28T00:00:00.000+00:00
5m7t,2016-10-28T00:00:00.000+00:00
5m7u,2016-10-28T00:00:00.000+00:00
5m9d,2016-11-01T00:00:00.000+00:00
5m9w,2016-11-02T00:00:00.000+00:00
5ma7,2016-11-03T00:00:00.000+00:00
5mae,2016-11-03T00:00:00.000+00:00
5maj,2016-11-03T00:00:00.000+00:00
5mar,2016-11-04T00:00:00.000+00:00
5mat,2016-11-04T00:00:00.000+00:00
5mav,2016-11-06T00:00:00.000+00:00
5may,2016-11-07T00:00:00.000+00:00
5mb1,2016-11-07T00:00:00.000+00:00
5mby,2016-11-09T00:00:00.000+00:00
5meh,2016-11-14T00:00:00.000+00:00
5mek,2016-11-15T00:00:00.000+00:00
5mes,2016-11-16T00:00:00.000+00:00
5mev,2016-11-16T00:00:00.000+00:00
5mf6,2016-11-17T00:00:00.000+00:00
5mfr,2016-11-18T00:00:00.000+00:00
5mfs,2016-11-18T00:00:00.000+00:00
5mft,2016-11-18T00:00:00.000+00:00
5mg2,2016-11-20T00:00:00.000+00:00
5mge,2016-11-21T00:00:00.000+00:00
5mgf,2016-11-21T00:00:00.000+00:00
5mgg,2016-11-21T00:00:00.000+00:00
5mgi,2016-11-21T00:00:00.000+00:00
5mgj,2016-11-21T00:00:00.000+00:00
5mgk,2016-11-21T00:00:00.000+00:00
5mgl,2016-11-21T00:00:00.000+00:00
5mgm,2016-11-21T00:00:00.000+00:00
5mgx,2016-11-22T00:00:00.000+00:00
5mhp,2016-11-25T00:00:00.000+00:00
5mhq,2016-11-25T00:00:00.000+00:00
5mi5,2016-11-27T00:00:00.000+00:00
5mi6,2016-11-27T00:00:00.000+00:00
5mi7,2016-11-27T00:00:00.000+00:00
5mih,2016-11-28T00:00:00.000+00:00
5mim,2016-11-28T00:00:00.000+00:00
5mja,2016-11-30T00:00:00.000+00:00
5mjb,2016-11-30T00:00:00.000+00:00
5mjn,2016-12-01T00:00:00.000+00:00
5mk1,2016-12-02T00:00:00.000+00:00
5mk3,2016-12-02T00:00:00.000+00:00
5mk9,2016-12-02T00:00:00.000+00:00
5mka,2016-12-02T00:00:00.000+00:00
5mkj,2016-12-05T00:00:00.000+00:00
5mkr,2016-12-05T00:00:00.000+00:00
5mks,2016-12-05T00:00:00.000+00:00
5mkx,2016-12-05T00:00:00.000+00:00
5mky,2016-12-05T00:00:00.000+00:00
5mkz,2016-12-05T00:00:00.000+00:00
5ml0,2016-12-05T00:00:00.000+00:00
5ml2,2016-12-06T00:00:00.000+00:00
5ml3,2016-12-06T00:00:00.000+00:00
5ml4,2016-12-06T00:00:00.000+00:00
5ml5,2016-12-06T00:00:00.000+00:00
5ml6,2016-12-06T00:00:00.000+00:00
5ml8,2016-12-06T00:00:00.000+00:00
5mli,2016-12-06T00:00:00.000+00:00
5mlj,2016-12-06T00:00:00.000+00:00
5mlo,2016-12-07T00:00:00.000+00:00
5mlw,2016-12-07T00:00:00.000+00:00
5mm9,2016-12-08T00:00:00.000+00:00
5mme,2016-12-09T00:00:00.000+00:00
5mmg,2016-12-09T00:00:00.000+00:00
5mmn,2016-12-12T00:00:00.000+00:00
5mmp,2016-12-12T00:00:00.000+00:00
5mn1,2016-12-12T00:00:00.000+00:00
5mnb,2016-12-13T00:00:00.000+00:00
5mnc,2016-12-13T00:00:00.000+00:00
5mng,2016-12-13T00:00:00.000+00:00
5mnh,2016-12-13T00:00:00.000+00:00
5mnn,2016-12-13T00:00:00.000+00:00
5mno,2016-12-13T00:00:00.000+00:00
5mnr,2016-12-13T00:00:00.000+00:00
5mnx,2016-12-13T00:00:00.000+00:00
5mny,2016-12-13T00:00:00.000+00:00
5mo0,2016-12-13T00:00:00.000+00:00
5mo2,2016-12-13T00:00:00.000+00:00
5mo8,2016-12-13T00:00:00.000+00:00
5mob,2016-12-14T00:00:00.000+00:00
5moc,2016-12-14T00:00:00.000+00:00
5mod,2016-12-14T00:00:00.000+00:00
5moe,2016-12-14T00:00:00.000+00:00
5mon,2016-12-14T00:00:00.000+00:00
5moo,2016-12-14T00:00:00.000+00:00
5moq,2016-12-14T00:00:00.000+00:00
5mos,2016-12-14T00:00:00.000+00:00
5mpk,2016-12-16T00:00:00.000+00:00
5mpn,2016-12-16T00:00:00.000+00:00
5mpz,2016-12-19T00:00:00.000+00:00
5mqe,2016-12-20T00:00:00.000+00:00
5mql,2016-12-20T00:00:00.000+00:00
5mqt,2016-12-20T00:00:00.000+00:00
5mqv,2016-12-20T00:00:00.000+00:00
5mqx,2016-12-21T00:00:00.000+00:00
5mqy,2016-12-21T00:00:00.000+00:00
5mra,2016-12-22T00:00:00.000+00:00
5mrb,2016-12-22T00:00:00.000+00:00
5mrd,2016-12-22T00:00:00.000+00:00
5mrh,2016-12-23T00:00:00.000+00:00
5mri,2016-12-23T00:00:00.000+00:00
5mrm,2016-12-23T00:00:00.000+00:00
5mro,2016-12-23T00:00:00.000+00:00
5mrp,2016-12-23T00:00:00.000+00:00
5msb,2017-01-02T00:00:00.000+00:00
5mt0,2017-01-06T00:00:00.000+00:00
5mt4,2017-01-06T00:00:00.000+00:00
5mte,2017-01-09T00:00:00.000+00:00
5mts,2017-01-10T00:00:00.000+00:00
5mtv,2017-01-10T00:00:00.000+00:00
5mtw,2017-01-10T00:00:00.000+00:00
5mtx,2017-01-11T00:00:00.000+00:00
5mty,2017-01-11T00:00:00.000+00:00
5muc,2017-01-13T00:00:00.000+00:00
5mw2,2017-01-18T00:00:00.000+00:00
5mw3,2017-01-18T00:00:00.000+00:00
5mw4,2017-01-18T00:00:00.000+00:00
5mw6,2017-01-18T00:00:00.000+00:00
5mwa,2017-01-18T00:00:00.000+00:00
5mwd,2017-01-18T00:00:00.000+00:00
5mwg,2017-01-18T00:00:00.000+00:00
5mwh,2017-01-18T00:00:00.000+00:00
5mwj,2017-01-18T00:00:00.000+00:00
5mwo,2017-01-18T00:00:00.000+00:00
5mwp,2017-01-19T00:00:00.000+00:00
5mwy,2017-01-20T00:00:00.000+00:00
5mwz,2017-01-20T00:00:00.000+00:00
5mxf,2017-01-23T00:00:00.000+00:00
5mxk,2017-01-23T00:00:00.000+00:00
5mxo,2017-01-24T00:00:00.000+00:00
5mxq,2017-01-24T00:00:00.000+00:00
5mxr,2017-01-24T00:00:00.000+00:00
5mxv,2017-01-24T00:00:00.000+00:00
5mxx,2017-01-25T00:00:00.000+00:00
5my8,2017-01-25T00:00:00.000+00:00
5myd,2017-01-26T00:00:00.000+00:00
5myg,2017-01-26T00:00:00.000+00:00
5myk,2017-01-26T00:00:00.000+00:00
5myl,2017-01-27T00:00:00.000+00:00
5mym,2017-01-27T00:00:00.000+00:00
5myn,2017-01-27T00:00:00.000+00:00
5myo,2017-01-27T00:00:00.000+00:00
5myr,2017-01-27T00:00:00.000+00:00
5mys,2017-01-27T00:00:00.000+00:00
5myv,2017-01-29T00:00:00.000+00:00
5myx,2017-01-30T00:00:00.000+00:00
5mz3,2017-01-30T00:00:00.000+00:00
5mz8,2017-01-31T00:00:00.000+00:00
5mzg,2017-01-31T00:00:00.000+00:00
5n0d,2017-02-02T00:00:00.000+00:00
5n0e,2017-02-02T00:00:00.000+00:00
5n0f,2017-02-02T00:00:00.000+00:00
5n16,2017-02-05T00:00:00.000+00:00
5n17,2017-02-05T00:00:00.000+00:00
5n18,2017-02-05T00:00:00.000+00:00
5n1p,2017-02-06T00:00:00.000+00:00
5n1r,2017-02-06T00:00:00.000+00:00
5n1s,2017-02-06T00:00:00.000+00:00
5n1v,2017-02-06T00:00:00.000+00:00
5n1x,2017-02-06T00:00:00.000+00:00
5n1y,2017-02-06T00:00:00.000+00:00
5n1z,2017-02-06T00:00:00.000+00:00
5n20,2017-02-06T00:00:00.000+00:00
5n21,2017-02-06T00:00:00.000+00:00
5n24,2017-02-07T00:00:00.000+00:00
5n25,2017-02-07T00:00:00.000+00:00
5n2d,2017-02-07T00:00:00.000+00:00
5n2f,2017-02-07T00:00:00.000+00:00
5n2t,2017-02-08T00:00:00.000+00:00
5n2x,2017-02-08T00:00:00.000+00:00
5n2z,2017-02-08T00:00:00.000+00:00
5n31,2017-02-08T00:00:00.000+00:00
5n34,2017-02-08T00:00:00.000+00:00
5n3v,2017-02-09T00:00:00.000+00:00
5n3w,2017-02-09T00:00:00.000+00:00
5n3y,2017-02-09T00:00:00.000+00:00
5n49,2017-02-10T00:00:00.000+00:00
5n4s,2017-02-11T00:00:00.000+00:00
5n4t,2017-02-11T00:00:00.000+00:00
5n53,2017-02-12T00:00:00.000+00:00
5n55,2017-02-13T00:00:00.000+00:00
5n58,2017-02-13T00:00:00.000+00:00
5n69,2017-02-14T00:00:00.000+00:00
5n70,2017-02-17T00:00:00.000+00:00
5n7b,2017-02-20T00:00:00.000+00:00
5n7g,2017-02-20T00:00:00.000+00:00
5n7v,2017-02-21T00:00:00.000+00:00
5n7x,2017-02-21T00:00:00.000+00:00
5n84,2017-02-22T00:00:00.000+00:00
5n87,2017-02-23T00:00:00.000+00:00
5n8b,2017-02-23T00:00:00.000+00:00
5n8e,2017-02-23T00:00:00.000+00:00
5n8j,2017-02-23T00:00:00.000+00:00
5n8t,2017-02-24T00:00:00.000+00:00
5n8v,2017-02-24T00:00:00.000+00:00
5n8w,2017-02-24T00:00:00.000+00:00
5n93,2017-02-24T00:00:00.000+00:00
5n99,2017-02-24T00:00:00.000+00:00
5n9k,2017-02-25T00:00:00.000+00:00
5n9l,2017-02-25T00:00:00.000+00:00
5n9n,2017-02-25T00:00:00.000+00:00
5n9r,2017-02-27T00:00:00.000+00:00
5n9s,2017-02-27T00:00:00.000+00:00
5n9t,2017-02-27T00:00:00.000+00:00
5na0,2017-02-27T00:00:00.000+00:00
5nad,2017-02-27T00:00:00.000+00:00
5nai,2017-02-28T00:00:00.000+00:00
5nap,2017-02-28T00:00:00.000+00:00
5nar,2017-02-28T00:00:00.000+00:00
5nat,2017-02-28T00:00:00.000+00:00
5nau,2017-02-28T00:00:00.000+00:00
5naw,2017-02-28T00:00:00.000+00:00
5nb6,2017-03-01T00:00:00.000+00:00
5nb7,2017-03-01T00:00:00.000+00:00
5nba,2017-03-01T00:00:00.000+00:00
5nbw,2017-03-02T00:00:00.000+00:00
5ncq,2017-03-06T00:00:00.000+00:00
5ncy,2017-03-06T00:00:00.000+00:00
5ncz,2017-03-06T00:00:00.000+00:00
5ndb,2017-03-08T00:00:00.000+00:00
5ndd,2017-03-08T00:00:00.000+00:00
5ndf,2017-03-08T00:00:00.000+00:00
5ne1,2017-03-09T00:00:00.000+00:00
5ne3,2017-03-09T00:00:00.000+00:00
5ne5,2017-03-09T00:00:00.000+00:00
5nea,2017-03-10T00:00:00.000+00:00
5neb,2017-03-10T00:00:00.000+00:00
5nee,2017-03-10T00:00:00.000+00:00
5nev,2017-03-12T00:00:00.000+00:00
5nf5,2017-03-13T00:00:00.000+00:00
5nf6,2017-03-13T00:00:00.000+00:00
5nf9,2017-03-13T00:00:00.000+00:00
5nfa,2017-03-13T00:00:00.000+00:00
5nfb,2017-03-13T00:00:00.000+00:00
5nfh,2017-03-14T00:00:00.000+00:00
5ng9,2017-03-17T00:00:00.000+00:00
5ngb,2017-03-17T00:00:00.000+00:00
5nge,2017-03-17T00:00:00.000+00:00
5ngf,2017-03-17T00:00:00.000+00:00
5ngr,2017-03-20T00:00:00.000+00:00
5ngs,2017-03-20T00:00:00.000+00:00
5ngt,2017-03-20T00:00:00.000+00:00
5ngu,2017-03-20T00:00:00.000+00:00
5ngz,2017-03-21T00:00:00.000+00:00
5nhf,2017-03-21T00:00:00.000+00:00
5nhh,2017-03-21T00:00:00.000+00:00
5nhj,2017-03-21T00:00:00.000+00:00
5nhl,2017-03-21T00:00:00.000+00:00
5nho,2017-03-22T00:00:00.000+00:00
5nhp,2017-03-22T00:00:00.000+00:00
5nhv,2017-03-22T00:00:00.000+00:00
5nhy,2017-03-22T00:00:00.000+00:00
5nhz,2017-03-22T00:00:00.000+00:00
5ni0,2017-03-22T00:00:00.000+00:00
5ni5,2017-03-23T00:00:00.000+00:00
5ni7,2017-03-23T00:00:00.000+00:00
5ni8,2017-03-23T00:00:00.000+00:00
5nib,2017-03-23T00:00:00.000+00:00
5nih,2017-03-24T00:00:00.000+00:00
5nin,2017-03-24T00:00:00.000+00:00
5njx,2017-03-30T00:00:00.000+00:00
5njz,2017-03-31T00:00:00.000+00:00
5nk2,2017-03-31T00:00:00.000+00:00
5nk3,2017-03-31T00:00:00.000+00:00
5nk4,2017-03-31T00:00:00.000+00:00
5nk6,2017-03-31T00:00:00.000+00:00
5nk7,2017-03-31T00:00:00.000+00:00
5nk8,2017-03-31T00:00:00.000+00:00
5nk9,2017-03-31T00:00:00.000+00:00
5nka,2017-03-31T00:00:00.000+00:00
5nkb,2017-03-31T00:00:00.000+00:00
5nkc,2017-03-31T00:00:00.000+00:00
5nkd,2017-03-31T00:00:00.000+00:00
5nkg,2017-03-31T00:00:00.000+00:00
5nkh,2017-03-31T00:00:00.000+00:00
5nki,2017-03-31T00:00:00.000+00:00
5nkn,2017-03-31T00:00:00.000+00:00
5nlk,2017-04-04T00:00:00.000+00:00
5nme,2017-04-05T00:00:00.000+00:00
5nmf,2017-04-05T00:00:00.000+00:00
5nmg,2017-04-05T00:00:00.000+00:00
5nn0,2017-04-07T00:00:00.000+00:00
5nn4,2017-04-08T00:00:00.000+00:00
5nn5,2017-04-08T00:00:00.000+00:00
5nn6,2017-04-08T00:00:00.000+00:00
5nne,2017-04-08T00:00:00.000+00:00
5nob,2017-04-11T00:00:00.000+00:00
5np8,2017-04-13T00:00:00.000+00:00
5npb,2017-04-16T00:00:00.000+00:00
5npc,2017-04-16T00:00:00.000+00:00
5npd,2017-04-16T00:00:00.000+00:00
5npe,2017-04-16T00:00:00.000+00:00
5npf,2017-04-16T00:00:00.000+00:00
5npr,2017-04-18T00:00:00.000+00:00
5nps,2017-04-18T00:00:00.000+00:00
5nq5,2017-04-19T00:00:00.000+00:00
5nqe,2017-04-20T00:00:00.000+00:00
5nqr,2017-04-21T00:00:00.000+00:00
5nr7,2017-04-22T00:00:00.000+00:00
5nr8,2017-04-22T00:00:00.000+00:00
5nra,2017-04-22T00:00:00.000+00:00
5nrf,2017-04-22T00:00:00.000+00:00
5nsp,2017-04-26T00:00:00.000+00:00
5nsx,2017-04-27T00:00:00.000+00:00
5nt0,2017-04-27T00:00:00.000+00:00
5nt4,2017-04-27T00:00:00.000+00:00
5ntk,2017-04-28T00:00:00.000+00:00
5ntp,2017-04-28T00:00:00.000+00:00
5ntq,2017-04-28T00:00:00.000+00:00
5ntt,2017-04-28T00:00:00.000+00:00
5ntw,2017-04-28T00:00:00.000+00:00
5nu1,2017-04-28T00:00:00.000+00:00
5nu3,2017-04-28T00:00:00.000+00:00
5nu5,2017-04-28T00:00:00.000+00:00
5nud,2017-04-29T00:00:00.000+00:00
5nut,2017-05-02T00:00:00.000+00:00
5nuu,2017-05-02T00:00:00.000+00:00
5nvc,2017-05-04T00:00:00.000+00:00
5nve,2017-05-04T00:00:00.000+00:00
5nvf,2017-05-04T00:00:00.000+00:00
5nvh,2017-05-04T00:00:00.000+00:00
5nvv,2017-05-04T00:00:00.000+00:00
5nvw,2017-05-04T00:00:00.000+00:00
5nvx,2017-05-04T00:00:00.000+00:00
5nvy,2017-05-04T00:00:00.000+00:00
5nvz,2017-05-04T00:00:00.000+00:00
5nw0,2017-05-04T00:00:00.000+00:00
5nw1,2017-05-04T00:00:00.000+00:00
5nw2,2017-05-04T00:00:00.000+00:00
5nw7,2017-05-05T00:00:00.000+00:00
5nw8,2017-05-05T00:00:00.000+00:00
5nwb,2017-05-05T00:00:00.000+00:00
5nwc,2017-05-05T00:00:00.000+00:00
5nwd,2017-05-05T00:00:00.000+00:00
5nwe,2017-05-05T00:00:00.000+00:00
5nwg,2017-05-05T00:00:00.000+00:00
5nwh,2017-05-06T00:00:00.000+00:00
5nwi,2017-05-06T00:00:00.000+00:00
5nwk,2017-05-06T00:00:00.000+00:00
5nwz,2017-05-09T00:00:00.000+00:00
5nx2,2017-05-09T00:00:00.000+00:00
5nx9,2017-05-09T00:00:00.000+00:00
5nxg,2017-05-10T00:00:00.000+00:00
5nxi,2017-05-10T00:00:00.000+00:00
5nxo,2017-05-10T00:00:00.000+00:00
5nxp,2017-05-10T00:00:00.000+00:00
5nxq,2017-05-10T00:00:00.000+00:00
5nxv,2017-05-11T00:00:00.000+00:00
5nxw,2017-05-11T00:00:00.000+00:00
5nxx,2017-05-11T00:00:00.000+00:00
5nxy,2017-05-11T00:00:00.000+00:00
5ny1,2017-05-11T00:00:00.000+00:00
5ny3,2017-05-11T00:00:00.000+00:00
5ny6,2017-05-11T00:00:00.000+00:00
5nya,2017-05-11T00:00:00.000+00:00
5nyh,2017-05-11T00:00:00.000+00:00
5nyz,2017-05-12T00:00:00.000+00:00
5nz2,2017-05-12T00:00:00.000+00:00
5nz4,2017-05-12T00:00:00.000+00:00
5nze,2017-05-13T00:00:00.000+00:00
5nzf,2017-05-14T00:00:00.000+00:00
5nzm,2017-05-14T00:00:00.000+00:00
5nzn,2017-05-14T00:00:00.000+00:00
5nzo,2017-05-14T00:00:00.000+00:00
5nzp,2017-05-14T00:00:00.000+00:00
5nzq,2017-05-14T00:00:00.000+00:00
5o07,2017-05-16T00:00:00.000+00:00
5o0a,2017-05-16T00:00:00.000+00:00
5o0b,2017-05-16T00:00:00.000+00:00
5o0e,2017-05-16T00:00:00.000+00:00
5o0j,2017-05-16T00:00:00.000+00:00
5o0s,2017-05-16T00:00:00.000+00:00
5o11,2017-05-17T00:00:00.000+00:00
5o1a,2017-05-18T00:00:00.000+00:00
5o1b,2017-05-18T00:00:00.000+00:00
5o1c,2017-05-18T00:00:00.000+00:00
5o1d,2017-05-18T00:00:00.000+00:00
5o1e,2017-05-18T00:00:00.000+00:00
5o1f,2017-05-18T00:00:00.000+00:00
5o1g,2017-05-18T00:00:00.000+00:00
5o1h,2017-05-18T00:00:00.000+00:00
5o1i,2017-05-18T00:00:00.000+00:00
5o1s,2017-05-19T00:00:00.000+00:00
5o22,2017-05-19T00:00:00.000+00:00
5o2d,2017-05-20T00:00:00.000+00:00
5o3q,2017-05-24T00:00:00.000+00:00
5o3r,2017-05-24T00:00:00.000+00:00
5o45,2017-05-26T00:00:00.000+00:00
5o48,2017-05-26T00:00:00.000+00:00
5o4f,2017-05-29T00:00:00.000+00:00
5o4s,2017-05-30T00:00:00.000+00:00
5o4t,2017-05-30T00:00:00.000+00:00
5o4y,2017-05-31T00:00:00.000+00:00
5o4z,2017-05-31T00:00:00.000+00:00
5o55,2017-05-31T00:00:00.000+00:00
5o5a,2017-06-01T00:00:00.000+00:00
5o5f,2017-06-01T00:00:00.000+00:00
5o5h,2017-06-01T00:00:00.000+00:00
5o5m,2017-06-02T00:00:00.000+00:00
5o7e,2017-06-08T00:00:00.000+00:00
5o7i,2017-06-08T00:00:00.000+00:00
5o7n,2017-06-09T00:00:00.000+00:00
5o83,2017-06-12T00:00:00.000+00:00
5o87,2017-06-12T00:00:00.000+00:00
5o8t,2017-06-14T00:00:00.000+00:00
5o91,2017-06-15T00:00:00.000+00:00
5o9h,2017-06-19T00:00:00.000+00:00
5o9o,2017-06-19T00:00:00.000+00:00
5o9p,2017-06-19T00:00:00.000+00:00
5o9q,2017-06-20T00:00:00.000+00:00
5o9r,2017-06-20T00:00:00.000+00:00
5o9y,2017-06-20T00:00:00.000+00:00
5oa2,2017-06-20T00:00:00.000+00:00
5oa6,2017-06-21T00:00:00.000+00:00
5oae,2017-06-21T00:00:00.000+00:00
5oah,2017-06-22T00:00:00.000+00:00
5oai,2017-06-22T00:00:00.000+00:00
5oaj,2017-06-22T00:00:00.000+00:00
5oax,2017-06-25T00:00:00.000+00:00
5obg,2017-06-26T00:00:00.000+00:00
5obj,2017-06-28T00:00:00.000+00:00
5obr,2017-06-29T00:00:00.000+00:00
5oci,2017-07-03T00:00:00.000+00:00
5ocj,2017-07-03T00:00:00.000+00:00
5od1,2017-07-04T00:00:00.000+00:00
5od5,2017-07-04T00:00:00.000+00:00
5ods,2017-07-06T00:00:00.000+00:00
5odu,2017-07-06T00:00:00.000+00:00
5odx,2017-07-07T00:00:00.000+00:00
5ody,2017-07-07T00:00:00.000+00:00
5oei,2017-07-07T00:00:00.000+00:00
5of0,2017-07-10T00:00:00.000+00:00
5ofi,2017-07-11T00:00:00.000+00:00
5ofu,2017-07-11T00:00:00.000+00:00
5ofv,2017-07-11T00:00:00.000+00:00
5ofw,2017-07-11T00:00:00.000+00:00
5ofx,2017-07-11T00:00:00.000+00:00
5ogb,2017-07-12T00:00:00.000+00:00
5ogl,2017-07-13T00:00:00.000+00:00
5oh1,2017-07-14T00:00:00.000+00:00
5oh2,2017-07-14T00:00:00.000+00:00
5oh3,2017-07-14T00:00:00.000+00:00
5oh4,2017-07-14T00:00:00.000+00:00
5oh7,2017-07-14T00:00:00.000+00:00
5oh9,2017-07-14T00:00:00.000+00:00
5oha,2017-07-14T00:00:00.000+00:00
5ohi,2017-07-17T00:00:00.000+00:00
5ohj,2017-07-17T00:00:00.000+00:00
5oht,2017-07-18T00:00:00.000+00:00
5ohy,2017-07-18T00:00:00.000+00:00
5oje,2017-07-21T00:00:00.000+00:00
5ok3,2017-07-25T00:00:00.000+00:00
5ok6,2017-07-25T00:00:00.000+00:00
5okt,2017-07-25T00:00:00.000+00:00
5oku,2017-07-25T00:00:00.000+00:00
5ol3,2017-07-26T00:00:00.000+00:00
5olb,2017-07-27T00:00:00.000+00:00
5olk,2017-07-28T00:00:00.000+00:00
5om2,2017-07-28T00:00:00.000+00:00
5om3,2017-07-28T00:00:00.000+00:00
5om7,2017-07-28T00:00:00.000+00:00
5om9,2017-07-28T00:00:00.000+00:00
5one,2017-08-03T00:00:00.000+00:00
5oot,2017-08-08T00:00:00.000+00:00
5op2,2017-08-09T00:00:00.000+00:00
5op4,2017-08-09T00:00:00.000+00:00
5op5,2017-08-09T00:00:00.000+00:00
5op6,2017-08-09T00:00:00.000+00:00
5op8,2017-08-09T00:00:00.000+00:00
5opb,2017-08-09T00:00:00.000+00:00
5opc,2017-08-09T00:00:00.000+00:00
5opr,2017-08-10T00:00:00.000+00:00
5ops,2017-08-10T00:00:00.000+00:00
5opu,2017-08-10T00:00:00.000+00:00
5opv,2017-08-10T00:00:00.000+00:00
5oq4,2017-08-10T00:00:00.000+00:00
5oq5,2017-08-10T00:00:00.000+00:00
5oq6,2017-08-10T00:00:00.000+00:00
5oq7,2017-08-10T00:00:00.000+00:00
5oq8,2017-08-10T00:00:00.000+00:00
5oqu,2017-08-14T00:00:00.000+00:00
5oqw,2017-08-14T00:00:00.000+00:00
5or9,2017-08-15T00:00:00.000+00:00
5orb,2017-08-15T00:00:00.000+00:00
5org,2017-08-16T00:00:00.000+00:00
5orh,2017-08-16T00:00:00.000+00:00
5orj,2017-08-16T00:00:00.000+00:00
5ork,2017-08-16T00:00:00.000+00:00
5orl,2017-08-16T00:00:00.000+00:00
5orr,2017-08-16T00:00:00.000+00:00
5ort,2017-08-16T00:00:00.000+00:00
5orv,2017-08-16T00:00:00.000+00:00
5orw,2017-08-16T00:00:00.000+00:00
5orx,2017-08-16T00:00:00.000+00:00
5ory,2017-08-16T00:00:00.000+00:00
5orz,2017-08-16T00:00:00.000+00:00
5os0,2017-08-16T00:00:00.000+00:00
5os1,2017-08-16T00:00:00.000+00:00
5os2,2017-08-16T00:00:00.000+00:00
5os3,2017-08-16T00:00:00.000+00:00
5os4,2017-08-16T00:00:00.000+00:00
5os5,2017-08-16T00:00:00.000+00:00
5os7,2017-08-17T00:00:00.000+00:00
5os8,2017-08-17T00:00:00.000+00:00
5osd,2017-08-17T00:00:00.000+00:00
5ose,2017-08-17T00:00:00.000+00:00
5osk,2017-08-17T00:00:00.000+00:00
5osl,2017-08-17T00:00:00.000+00:00
5oss,2017-08-18T00:00:00.000+00:00
5ost,2017-08-18T00:00:00.000+00:00
5osy,2017-08-18T00:00:00.000+00:00
5ot3,2017-08-19T00:00:00.000+00:00
5ot8,2017-08-21T00:00:00.000+00:00
5ot9,2017-08-21T00:00:00.000+00:00
5ota,2017-08-21T00:00:00.000+00:00
5otc,2017-08-21T00:00:00.000+00:00
5otr,2017-08-22T00:00:00.000+00:00
5otz,2017-08-22T00:00:00.000+00:00
5ou1,2017-08-23T00:00:00.000+00:00
5ou2,2017-08-23T00:00:00.000+00:00
5ou3,2017-08-23T00:00:00.000+00:00
5oua,2017-08-23T00:00:00.000+00:00
5oug,2017-08-23T00:00:00.000+00:00
5ouh,2017-08-23T00:00:00.000+00:00
5oui,2017-08-23T00:00:00.000+00:00
5oul,2017-08-24T00:00:00.000+00:00
5ous,2017-08-24T00:00:00.000+00:00
5ov8,2017-08-28T00:00:00.000+00:00
5ov9,2017-08-28T00:00:00.000+00:00
5ovc,2017-08-28T00:00:00.000+00:00
5ove,2017-08-28T00:00:00.000+00:00
5ovf,2017-08-28T00:00:00.000+00:00
5ovg,2017-08-28T00:00:00.000+00:00
5ovh,2017-08-28T00:00:00.000+00:00
5ovi,2017-08-28T00:00:00.000+00:00
5ovp,2017-08-29T00:00:00.000+00:00
5ovr,2017-08-29T00:00:00.000+00:00
5ovv,2017-08-29T00:00:00.000+00:00
5ovx,2017-08-30T00:00:00.000+00:00
5ow1,2017-08-30T00:00:00.000+00:00
5ow8,2017-08-31T00:00:00.000+00:00
5owa,2017-08-31T00:00:00.000+00:00
5owc,2017-08-31T00:00:00.000+00:00
5owf,2017-08-31T00:00:00.000+00:00
5owh,2017-09-01T00:00:00.000+00:00
5owl,2017-09-01T00:00:00.000+00:00
5ows,2017-09-04T00:00:00.000+00:00
5owt,2017-09-04T00:00:00.000+00:00
5ox5,2017-09-06T00:00:00.000+00:00
5ox6,2017-09-06T00:00:00.000+00:00
5oxg,2017-09-06T00:00:00.000+00:00
5oxk,2017-09-07T00:00:00.000+00:00
5oxl,2017-09-07T00:00:00.000+00:00
5oxm,2017-09-07T00:00:00.000+00:00
5oxn,2017-09-07T00:00:00.000+00:00
5oy3,2017-09-07T00:00:00.000+00:00
5oyd,2017-09-08T00:00:00.000+00:00
5prc,1997-08-01T00:00:00.000+00:00
5pzm,2017-02-27T00:00:00.000+00:00
5pzn,2017-02-27T00:00:00.000+00:00
5q0d,2017-05-01T00:00:00.000+00:00
5q0e,2017-05-01T00:00:00.000+00:00
5q0f,2017-05-01T00:00:00.000+00:00
5q0g,2017-05-01T00:00:00.000+00:00
5q0h,2017-05-01T00:00:00.000+00:00
5q0i,2017-05-31T00:00:00.000+00:00
5q0j,2017-05-31T00:00:00.000+00:00
5q0l,2017-05-31T00:00:00.000+00:00
5q0m,2017-05-31T00:00:00.000+00:00
5q0n,2017-05-31T00:00:00.000+00:00
5q0o,2017-05-31T00:00:00.000+00:00
5q0p,2017-05-31T00:00:00.000+00:00
5q0q,2017-05-31T00:00:00.000+00:00
5q0r,2017-05-31T00:00:00.000+00:00
5q0s,2017-05-31T00:00:00.000+00:00
5q0t,2017-05-31T00:00:00.000+00:00
5q0u,2017-05-31T00:00:00.000+00:00
5q0v,2017-05-31T00:00:00.000+00:00
5q0w,2017-05-31T00:00:00.000+00:00
5q0x,2017-05-31T00:00:00.000+00:00
5q0y,2017-05-31T00:00:00.000+00:00
5q0z,2017-05-31T00:00:00.000+00:00
5q10,2017-05-31T00:00:00.000+00:00
5q11,2017-05-31T00:00:00.000+00:00
5q12,2017-05-31T00:00:00.000+00:00
5q13,2017-05-31T00:00:00.000+00:00
5q14,2017-05-31T00:00:00.000+00:00
5q15,2017-05-31T00:00:00.000+00:00
5q16,2017-05-31T00:00:00.000+00:00
5q17,2017-05-31T00:00:00.000+00:00
5q18,2017-05-31T00:00:00.000+00:00
5q19,2017-05-31T00:00:00.000+00:00
5q1a,2017-05-31T00:00:00.000+00:00
5q1b,2017-05-31T00:00:00.000+00:00
5q1c,2017-05-31T00:00:00.000+00:00
5q1d,2017-05-31T00:00:00.000+00:00
5q1e,2017-05-31T00:00:00.000+00:00
5q1f,2017-05-31T00:00:00.000+00:00
5q1g,2017-05-31T00:00:00.000+00:00
5q1h,2017-05-31T00:00:00.000+00:00
5q1i,2017-05-31T00:00:00.000+00:00
5qa4,2017-07-11T00:00:00.000+00:00
5qa5,2017-07-11T00:00:00.000+00:00
5qa6,2017-07-11T00:00:00.000+00:00
5qa7,2017-07-11T00:00:00.000+00:00
5qa8,2017-07-11T00:00:00.000+00:00
5qa9,2017-07-11T00:00:00.000+00:00
5qaa,2017-07-11T00:00:00.000+00:00
5qab,2017-07-11T00:00:00.000+00:00
5qac,2017-07-11T00:00:00.000+00:00
5qad,2017-07-11T00:00:00.000+00:00
5qae,2017-07-11T00:00:00.000+00:00
5qaf,2017-07-11T00:00:00.000+00:00
5qag,2017-07-11T00:00:00.000+00:00
5qah,2017-07-11T00:00:00.000+00:00
5qai,2017-07-11T00:00:00.000+00:00
5qaj,2017-07-11T00:00:00.000+00:00
5qak,2017-07-11T00:00:00.000+00:00
5qal,2017-07-11T00:00:00.000+00:00
5qam,2017-07-11T00:00:00.000+00:00
5qan,2017-07-11T00:00:00.000+00:00
5qao,2017-07-11T00:00:00.000+00:00
5qap,2017-07-11T00:00:00.000+00:00
5qaq,2017-07-11T00:00:00.000+00:00
5qar,2017-07-11T00:00:00.000+00:00
5qas,2017-07-11T00:00:00.000+00:00
5qat,2017-07-11T00:00:00.000+00:00
5qau,2017-07-11T00:00:00.000+00:00
5qav,2017-07-11T00:00:00.000+00:00
5qaw,2017-07-11T00:00:00.000+00:00
5qax,2017-07-11T00:00:00.000+00:00
5qay,2017-07-11T00:00:00.000+00:00
5qaz,2017-07-11T00:00:00.000+00:00
5qb0,2017-07-11T00:00:00.000+00:00
5qb1,2017-07-11T00:00:00.000+00:00
5qb2,2017-07-11T00:00:00.000+00:00
5qb3,2017-07-11T00:00:00.000+00:00
5qbv,2017-08-04T00:00:00.000+00:00
5qby,2017-08-04T00:00:00.000+00:00
5qc4,2017-08-04T00:00:00.000+00:00
5qck,2017-08-10T00:00:00.000+00:00
5qcl,2017-08-10T00:00:00.000+00:00
5qcm,2017-08-10T00:00:00.000+00:00
5qcn,2017-08-10T00:00:00.000+00:00
5qik,2018-08-05T00:00:00.000+00:00
5qil,2018-08-05T00:00:00.000+00:00
5qim,2018-08-05T00:00:00.000+00:00
5qin,2018-08-05T00:00:00.000+00:00
5qj2,2018-09-26T00:00:00.000+00:00
5qj3,2018-09-26T00:00:00.000+00:00
5qqo,2019-05-20T00:00:00.000+00:00
5qqp,2019-05-20T00:00:00.000+00:00
5qtt,2019-10-16T00:00:00.000+00:00
5qtu,2019-10-16T00:00:00.000+00:00
5std,1999-02-10T00:00:00.000+00:00
5sve,2016-08-05T00:00:00.000+00:00
5svi,2016-08-06T00:00:00.000+00:00
5svk,2016-08-06T00:00:00.000+00:00
5svl,2016-08-06T00:00:00.000+00:00
5svx,2016-08-08T00:00:00.000+00:00
5svy,2016-08-08T00:00:00.000+00:00
5svz,2016-08-08T00:00:00.000+00:00
5swf,2016-08-08T00:00:00.000+00:00
5swg,2016-08-08T00:00:00.000+00:00
5swh,2016-08-08T00:00:00.000+00:00
5sxk,2016-08-09T00:00:00.000+00:00
5sxm,2016-08-09T00:00:00.000+00:00
5sxn,2016-08-09T00:00:00.000+00:00
5sy2,2016-08-10T00:00:00.000+00:00
5sy3,2016-08-10T00:00:00.000+00:00
5sym,2016-08-11T00:00:00.000+00:00
5syn,2016-08-11T00:00:00.000+00:00
5sys,2016-08-11T00:00:00.000+00:00
5sz0,2016-08-12T00:00:00.000+00:00
5sz1,2016-08-12T00:00:00.000+00:00
5sz2,2016-08-12T00:00:00.000+00:00
5sz3,2016-08-12T00:00:00.000+00:00
5sz4,2016-08-12T00:00:00.000+00:00
5sz5,2016-08-12T00:00:00.000+00:00
5sz6,2016-08-12T00:00:00.000+00:00
5sz7,2016-08-12T00:00:00.000+00:00
5sz9,2016-08-12T00:00:00.000+00:00
5szb,2016-08-13T00:00:00.000+00:00
5szc,2016-08-13T00:00:00.000+00:00
5t18,2016-08-18T00:00:00.000+00:00
5t19,2016-08-18T00:00:00.000+00:00
5t1a,2016-08-18T00:00:00.000+00:00
5t1i,2016-08-19T00:00:00.000+00:00
5t1k,2016-08-19T00:00:00.000+00:00
5t1l,2016-08-19T00:00:00.000+00:00
5t1m,2016-08-19T00:00:00.000+00:00
5t1s,2016-08-22T00:00:00.000+00:00
5t1t,2016-08-22T00:00:00.000+00:00
5t1u,2016-08-22T00:00:00.000+00:00
5t1w,2016-08-22T00:00:00.000+00:00
5t23,2016-08-23T00:00:00.000+00:00
5t27,2016-08-23T00:00:00.000+00:00
5t28,2016-08-23T00:00:00.000+00:00
5t2b,2016-08-23T00:00:00.000+00:00
5t2d,2016-08-23T00:00:00.000+00:00
5t2g,2016-08-23T00:00:00.000+00:00
5t2i,2016-08-23T00:00:00.000+00:00
5t2l,2016-08-23T00:00:00.000+00:00
5t2m,2016-08-23T00:00:00.000+00:00
5t2p,2016-08-24T00:00:00.000+00:00
5t2t,2016-08-24T00:00:00.000+00:00
5t2y,2016-08-24T00:00:00.000+00:00
5t31,2016-08-24T00:00:00.000+00:00
5t35,2016-08-24T00:00:00.000+00:00
5t36,2016-08-24T00:00:00.000+00:00
5t37,2016-08-24T00:00:00.000+00:00
5t3n,2016-08-26T00:00:00.000+00:00
5t4b,2016-08-29T00:00:00.000+00:00
5t4e,2016-08-29T00:00:00.000+00:00
5t4f,2016-08-29T00:00:00.000+00:00
5t4h,2016-08-29T00:00:00.000+00:00
5t4u,2016-08-30T00:00:00.000+00:00
5t4v,2016-08-30T00:00:00.000+00:00
5t52,2016-08-30T00:00:00.000+00:00
5t54,2016-08-30T00:00:00.000+00:00
5t5g,2016-08-30T00:00:00.000+00:00
5t66,2016-09-01T00:00:00.000+00:00
5t68,2016-09-01T00:00:00.000+00:00
5t6f,2016-09-01T00:00:00.000+00:00
5t6g,2016-09-01T00:00:00.000+00:00
5t6j,2016-09-01T00:00:00.000+00:00
5t6p,2016-09-01T00:00:00.000+00:00
5t6z,2016-09-02T00:00:00.000+00:00
5t70,2016-09-02T00:00:00.000+00:00
5t78,2016-09-02T00:00:00.000+00:00
5t7s,2016-09-05T00:00:00.000+00:00
5t8e,2016-09-07T00:00:00.000+00:00
5t8j,2016-09-07T00:00:00.000+00:00
5t8o,2016-09-08T00:00:00.000+00:00
5t8p,2016-09-08T00:00:00.000+00:00
5t8q,2016-09-08T00:00:00.000+00:00
5t8r,2016-09-08T00:00:00.000+00:00
5t90,2016-09-08T00:00:00.000+00:00
5t92,2016-09-09T00:00:00.000+00:00
5t97,2016-09-09T00:00:00.000+00:00
5t9u,2016-09-09T00:00:00.000+00:00
5t9w,2016-09-09T00:00:00.000+00:00
5t9z,2016-09-09T00:00:00.000+00:00
5ta2,2016-09-09T00:00:00.000+00:00
5ta4,2016-09-09T00:00:00.000+00:00
5ta6,2016-09-09T00:00:00.000+00:00
5tb6,2016-09-11T00:00:00.000+00:00
5tbe,2016-09-12T00:00:00.000+00:00
5tbj,2016-09-12T00:00:00.000+00:00
5tbm,2016-09-12T00:00:00.000+00:00
5tbn,2016-09-12T00:00:00.000+00:00
5tbp,2016-09-12T00:00:00.000+00:00
5tc0,2016-09-13T00:00:00.000+00:00
5tca,2016-09-14T00:00:00.000+00:00
5tcc,2016-09-14T00:00:00.000+00:00
5tci,2016-09-15T00:00:00.000+00:00
5tcj,2016-09-15T00:00:00.000+00:00
5tco,2016-09-15T00:00:00.000+00:00
5tcy,2016-09-16T00:00:00.000+00:00
5td2,2016-09-16T00:00:00.000+00:00
5td7,2016-09-17T00:00:00.000+00:00
5tdb,2016-09-19T00:00:00.000+00:00
5tdi,2016-09-19T00:00:00.000+00:00
5tdr,2016-09-19T00:00:00.000+00:00
5tdw,2016-09-19T00:00:00.000+00:00
5teg,2016-09-21T00:00:00.000+00:00
5teh,2016-09-21T00:00:00.000+00:00
5tex,2016-09-23T00:00:00.000+00:00
5tfx,2016-09-26T00:00:00.000+00:00
5tg1,2016-09-27T00:00:00.000+00:00
5tg2,2016-09-27T00:00:00.000+00:00
5tg4,2016-09-27T00:00:00.000+00:00
5tg5,2016-09-27T00:00:00.000+00:00
5tg6,2016-09-27T00:00:00.000+00:00
5tg7,2016-09-27T00:00:00.000+00:00
5tgc,2016-09-27T00:00:00.000+00:00
5tgy,2016-09-28T00:00:00.000+00:00
5th2,2016-09-28T00:00:00.000+00:00
5th4,2016-09-29T00:00:00.000+00:00
5th7,2016-09-29T00:00:00.000+00:00
5thi,2016-09-29T00:00:00.000+00:00
5thj,2016-09-29T00:00:00.000+00:00
5thn,2016-09-29T00:00:00.000+00:00
5tho,2016-09-30T00:00:00.000+00:00
5ti0,2016-09-30T00:00:00.000+00:00
5ti2,2016-09-30T00:00:00.000+00:00
5ti3,2016-09-30T00:00:00.000+00:00
5ti4,2016-09-30T00:00:00.000+00:00
5ti5,2016-10-01T00:00:00.000+00:00
5ti6,2016-10-01T00:00:00.000+00:00
5ti7,2016-10-01T00:00:00.000+00:00
5tig,2016-10-02T00:00:00.000+00:00
5tiu,2016-10-03T00:00:00.000+00:00
5tjx,2016-10-05T00:00:00.000+00:00
5tkb,2016-10-06T00:00:00.000+00:00
5tkd,2016-10-06T00:00:00.000+00:00
5tkj,2016-10-06T00:00:00.000+00:00
5tkk,2016-10-06T00:00:00.000+00:00
5tks,2016-10-07T00:00:00.000+00:00
5tkt,2016-10-07T00:00:00.000+00:00
5tku,2016-10-07T00:00:00.000+00:00
5tl9,2016-10-10T00:00:00.000+00:00
5tln,1982-02-08T00:00:00.000+00:00
5tmp,1998-09-01T00:00:00.000+00:00
5tnt,2016-10-14T00:00:00.000+00:00
5to8,2016-10-17T00:00:00.000+00:00
5tob,2016-10-17T00:00:00.000+00:00
5toe,2016-10-17T00:00:00.000+00:00
5tol,2016-10-18T00:00:00.000+00:00
5toz,2016-10-19T00:00:00.000+00:00
5tp0,2016-10-19T00:00:00.000+00:00
5tpb,2016-10-20T00:00:00.000+00:00
5tpc,2016-10-20T00:00:00.000+00:00
5tpg,2016-10-20T00:00:00.000+00:00
5tpx,2016-10-21T00:00:00.000+00:00
5tq1,2016-10-21T00:00:00.000+00:00
5tq3,2016-10-23T00:00:00.000+00:00
5tq4,2016-10-23T00:00:00.000+00:00
5tq5,2016-10-23T00:00:00.000+00:00
5tq6,2016-10-23T00:00:00.000+00:00
5tq7,2016-10-23T00:00:00.000+00:00
5tq8,2016-10-23T00:00:00.000+00:00
5tqe,2016-10-24T00:00:00.000+00:00
5tqf,2016-10-24T00:00:00.000+00:00
5tqg,2016-10-24T00:00:00.000+00:00
5tqu,2016-10-24T00:00:00.000+00:00
5tr6,2016-10-25T00:00:00.000+00:00
5trf,2016-10-26T00:00:00.000+00:00
5trg,2016-10-26T00:00:00.000+00:00
5trh,2016-10-26T00:00:00.000+00:00
5tri,2016-10-26T00:00:00.000+00:00
5trj,2016-10-26T00:00:00.000+00:00
5trk,2016-10-26T00:00:00.000+00:00
5trr,2016-10-27T00:00:00.000+00:00
5trs,2016-10-27T00:00:00.000+00:00
5try,2016-10-27T00:00:00.000+00:00
5ts0,2016-10-27T00:00:00.000+00:00
5tt3,2016-11-01T00:00:00.000+00:00
5tt7,2016-11-01T00:00:00.000+00:00
5tt8,2016-11-02T00:00:00.000+00:00
5ttf,2016-11-03T00:00:00.000+00:00
5ttg,2016-11-03T00:00:00.000+00:00
5tts,2016-11-04T00:00:00.000+00:00
5ttu,2016-11-04T00:00:00.000+00:00
5ttv,2016-11-04T00:00:00.000+00:00
5ttw,2016-11-04T00:00:00.000+00:00
5tuo,2016-11-06T00:00:00.000+00:00
5tuq,2016-11-07T00:00:00.000+00:00
5tur,2016-11-07T00:00:00.000+00:00
5tus,2016-11-07T00:00:00.000+00:00
5tuy,2016-11-07T00:00:00.000+00:00
5tuz,2016-11-07T00:00:00.000+00:00
5tv1,2016-11-07T00:00:00.000+00:00
5tv3,2016-11-07T00:00:00.000+00:00
5tvn,2016-11-09T00:00:00.000+00:00
5tw2,2016-11-11T00:00:00.000+00:00
5tw3,2016-11-11T00:00:00.000+00:00
5tw5,2016-11-11T00:00:00.000+00:00
5twg,2016-11-13T00:00:00.000+00:00
5twh,2016-11-13T00:00:00.000+00:00
5twj,2016-11-14T00:00:00.000+00:00
5twl,2016-11-14T00:00:00.000+00:00
5two,2016-11-14T00:00:00.000+00:00
5twx,2016-11-15T00:00:00.000+00:00
5twz,2016-11-15T00:00:00.000+00:00
5tx3,2016-11-15T00:00:00.000+00:00
5tx5,2016-11-15T00:00:00.000+00:00
5txy,2016-11-17T00:00:00.000+00:00
5ty1,2016-11-18T00:00:00.000+00:00
5ty8,2016-11-18T00:00:00.000+00:00
5ty9,2016-11-18T00:00:00.000+00:00
5tya,2016-11-18T00:00:00.000+00:00
5tyh,2016-11-20T00:00:00.000+00:00
5tyi,2016-11-20T00:00:00.000+00:00
5tyj,2016-11-20T00:00:00.000+00:00
5tyk,2016-11-21T00:00:00.000+00:00
5tyl,2016-11-21T00:00:00.000+00:00
5tyn,2016-11-21T00:00:00.000+00:00
5tyo,2016-11-21T00:00:00.000+00:00
5typ,2016-11-21T00:00:00.000+00:00
5tyr,2016-11-21T00:00:00.000+00:00
5tys,2016-11-21T00:00:00.000+00:00
5tz3,2016-11-21T00:00:00.000+00:00
5tza,2016-11-21T00:00:00.000+00:00
5tzc,2016-11-21T00:00:00.000+00:00
5tzd,2016-11-21T00:00:00.000+00:00
5tzh,2016-11-21T00:00:00.000+00:00
5tzo,2016-11-22T00:00:00.000+00:00
5tzw,2016-11-22T00:00:00.000+00:00
5tzx,2016-11-22T00:00:00.000+00:00
5tzy,2016-11-22T00:00:00.000+00:00
5tzz,2016-11-22T00:00:00.000+00:00
5u00,2016-11-22T00:00:00.000+00:00
5u06,2016-11-22T00:00:00.000+00:00
5u0d,2016-11-23T00:00:00.000+00:00
5u0e,2016-11-23T00:00:00.000+00:00
5u0f,2016-11-23T00:00:00.000+00:00
5u0g,2016-11-23T00:00:00.000+00:00
5u0w,2016-11-27T00:00:00.000+00:00
5u0y,2016-11-27T00:00:00.000+00:00
5u0z,2016-11-27T00:00:00.000+00:00
5u11,2016-11-27T00:00:00.000+00:00
5u12,2016-11-27T00:00:00.000+00:00
5u13,2016-11-27T00:00:00.000+00:00
5u14,2016-11-27T00:00:00.000+00:00
5u1q,2016-11-28T00:00:00.000+00:00
5u28,2016-11-30T00:00:00.000+00:00
5u2c,2016-11-30T00:00:00.000+00:00
5u2e,2016-11-30T00:00:00.000+00:00
5u2f,2016-11-30T00:00:00.000+00:00
5u2j,2016-11-30T00:00:00.000+00:00
5u3b,2016-12-01T00:00:00.000+00:00
5u48,2016-12-03T00:00:00.000+00:00
5u49,2016-12-03T00:00:00.000+00:00
5u4a,2016-12-03T00:00:00.000+00:00
5u4b,2016-12-03T00:00:00.000+00:00
5u4c,2016-12-03T00:00:00.000+00:00
5u4d,2016-12-03T00:00:00.000+00:00
5u4e,2016-12-03T00:00:00.000+00:00
5u4f,2016-12-03T00:00:00.000+00:00
5u4g,2016-12-03T00:00:00.000+00:00
5u4x,2016-12-06T00:00:00.000+00:00
5u5h,2016-12-06T00:00:00.000+00:00
5u5k,2016-12-06T00:00:00.000+00:00
5u5l,2016-12-06T00:00:00.000+00:00
5u5t,2016-12-07T00:00:00.000+00:00
5u62,2016-12-07T00:00:00.000+00:00
5u66,2016-12-07T00:00:00.000+00:00
5u69,2016-12-07T00:00:00.000+00:00
5u6b,2016-12-07T00:00:00.000+00:00
5u6c,2016-12-07T00:00:00.000+00:00
5u6d,2016-12-07T00:00:00.000+00:00
5u6j,2016-12-08T00:00:00.000+00:00
5u6k,2016-12-08T00:00:00.000+00:00
5u6v,2016-12-09T00:00:00.000+00:00
5u7d,2016-12-12T00:00:00.000+00:00
5u7i,2016-12-12T00:00:00.000+00:00
5u7j,2016-12-12T00:00:00.000+00:00
5u7k,2016-12-12T00:00:00.000+00:00
5u7l,2016-12-12T00:00:00.000+00:00
5u7m,2016-12-12T00:00:00.000+00:00
5u7o,2016-12-12T00:00:00.000+00:00
5u8a,2016-12-14T00:00:00.000+00:00
5u8c,2016-12-14T00:00:00.000+00:00
5u8f,2016-12-14T00:00:00.000+00:00
5u94,2016-12-15T00:00:00.000+00:00
5u98,2016-12-15T00:00:00.000+00:00
5u9d,2016-12-16T00:00:00.000+00:00
5u9i,2016-12-16T00:00:00.000+00:00
5uac,2016-12-19T00:00:00.000+00:00
5uah,2016-12-19T00:00:00.000+00:00
5ual,2016-12-19T00:00:00.000+00:00
5ubt,2016-12-21T00:00:00.000+00:00
5uc1,2016-12-21T00:00:00.000+00:00
5uc4,2016-12-21T00:00:00.000+00:00
5uch,2016-12-22T00:00:00.000+00:00
5uci,2016-12-22T00:00:00.000+00:00
5ucj,2016-12-22T00:00:00.000+00:00
5ue4,2016-12-29T00:00:00.000+00:00
5ueu,2017-01-03T00:00:00.000+00:00
5uex,2017-01-03T00:00:00.000+00:00
5uey,2017-01-03T00:00:00.000+00:00
5uez,2017-01-03T00:00:00.000+00:00
5uf0,2017-01-03T00:00:00.000+00:00
5ufc,2017-01-04T00:00:00.000+00:00
5uff,2017-01-04T00:00:00.000+00:00
5ufi,2017-01-04T00:00:00.000+00:00
5ufo,2017-01-05T00:00:00.000+00:00
5ufp,2017-01-05T00:00:00.000+00:00
5ufr,2017-01-05T00:00:00.000+00:00
5ufs,2017-01-05T00:00:00.000+00:00
5ug8,2017-01-07T00:00:00.000+00:00
5ug9,2017-01-07T00:00:00.000+00:00
5uga,2017-01-07T00:00:00.000+00:00
5ugb,2017-01-07T00:00:00.000+00:00
5ugc,2017-01-08T00:00:00.000+00:00
5ugd,2017-01-08T00:00:00.000+00:00
5ugg,2017-01-08T00:00:00.000+00:00
5ugh,2017-01-08T00:00:00.000+00:00
5ugm,2017-01-09T00:00:00.000+00:00
5uhi,2017-01-11T00:00:00.000+00:00
5uig,2017-01-13T00:00:00.000+00:00
5uiq,2017-01-14T00:00:00.000+00:00
5uir,2017-01-14T00:00:00.000+00:00
5uis,2017-01-14T00:00:00.000+00:00
5uit,2017-01-14T00:00:00.000+00:00
5uiu,2017-01-14T00:00:00.000+00:00
5ujv,2017-01-19T00:00:00.000+00:00
5uk8,2017-01-20T00:00:00.000+00:00
5ukj,2017-01-23T00:00:00.000+00:00
5ukk,2017-01-23T00:00:00.000+00:00
5ukl,2017-01-23T00:00:00.000+00:00
5ukm,2017-01-23T00:00:00.000+00:00
5ul1,2017-01-23T00:00:00.000+00:00
5ul5,2017-01-24T00:00:00.000+00:00
5ul6,2017-01-24T00:00:00.000+00:00
5ula,2017-01-24T00:00:00.000+00:00
5ulg,2017-01-24T00:00:00.000+00:00
5uln,2017-01-25T00:00:00.000+00:00
5ulp,2017-01-25T00:00:00.000+00:00
5ult,2017-01-25T00:00:00.000+00:00
5umw,2017-01-29T00:00:00.000+00:00
5umx,2017-01-29T00:00:00.000+00:00
5umy,2017-01-29T00:00:00.000+00:00
5umz,2017-01-30T00:00:00.000+00:00
5un1,2017-01-30T00:00:00.000+00:00
5un9,2017-01-30T00:00:00.000+00:00
5unf,2017-01-30T00:00:00.000+00:00
5ung,2017-01-30T00:00:00.000+00:00
5unh,2017-01-30T00:00:00.000+00:00
5unj,2017-01-31T00:00:00.000+00:00
5unp,2017-01-31T00:00:00.000+00:00
5uoo,2017-02-01T00:00:00.000+00:00
5uor,2017-02-01T00:00:00.000+00:00
5uov,2017-02-01T00:00:00.000+00:00
5uox,2017-02-01T00:00:00.000+00:00
5uoy,2017-02-01T00:00:00.000+00:00
5up0,2017-02-01T00:00:00.000+00:00
5up3,2017-02-01T00:00:00.000+00:00
5upe,2017-02-02T00:00:00.000+00:00
5upf,2017-02-02T00:00:00.000+00:00
5upj,1996-12-10T00:00:00.000+00:00
5upz,2017-02-05T00:00:00.000+00:00
5uq9,2017-02-07T00:00:00.000+00:00
5uqv,2017-02-08T00:00:00.000+00:00
5uqx,2017-02-08T00:00:00.000+00:00
5ur1,2017-02-09T00:00:00.000+00:00
5ur5,2017-02-09T00:00:00.000+00:00
5ur6,2017-02-09T00:00:00.000+00:00
5ur9,2017-02-09T00:00:00.000+00:00
5ura,2017-02-09T00:00:00.000+00:00
5urj,2017-02-10T00:00:00.000+00:00
5urk,2017-02-10T00:00:00.000+00:00
5urm,2017-02-11T00:00:00.000+00:00
5usf,2017-02-13T00:00:00.000+00:00
5usq,2017-02-13T00:00:00.000+00:00
5usy,2017-02-14T00:00:00.000+00:00
5usz,2017-02-14T00:00:00.000+00:00
5ut0,2017-02-14T00:00:00.000+00:00
5ut4,2017-02-14T00:00:00.000+00:00
5ut6,2017-02-14T00:00:00.000+00:00
5uuu,2017-02-17T00:00:00.000+00:00
5uv1,2017-02-17T00:00:00.000+00:00
5uv2,2017-02-17T00:00:00.000+00:00
5uv5,2017-02-19T00:00:00.000+00:00
5uvc,2017-02-20T00:00:00.000+00:00
5uw5,2017-02-20T00:00:00.000+00:00
5uwf,2017-02-21T00:00:00.000+00:00
5uwi,2017-02-21T00:00:00.000+00:00
5uwj,2017-02-21T00:00:00.000+00:00
5uwk,2017-02-21T00:00:00.000+00:00
5uwl,2017-02-21T00:00:00.000+00:00
5uwm,2017-02-21T00:00:00.000+00:00
5uwn,2017-02-21T00:00:00.000+00:00
5uwp,2017-02-21T00:00:00.000+00:00
5ux4,2017-02-22T00:00:00.000+00:00
5uxf,2017-02-22T00:00:00.000+00:00
5uxm,2017-02-23T00:00:00.000+00:00
5uxn,2017-02-23T00:00:00.000+00:00
5uy8,2017-02-23T00:00:00.000+00:00
5uyu,2017-02-24T00:00:00.000+00:00
5uz0,2017-02-24T00:00:00.000+00:00
5uzj,2017-02-26T00:00:00.000+00:00
5uzk,2017-02-26T00:00:00.000+00:00
5v0n,2017-02-28T00:00:00.000+00:00
5v13,2017-03-01T00:00:00.000+00:00
5v19,2017-03-01T00:00:00.000+00:00
5v1b,2017-03-01T00:00:00.000+00:00
5v1d,2017-03-02T00:00:00.000+00:00
5v1y,2017-03-02T00:00:00.000+00:00
5v24,2017-03-02T00:00:00.000+00:00
5v2l,2017-03-05T00:00:00.000+00:00
5v2p,2017-03-06T00:00:00.000+00:00
5v2q,2017-03-06T00:00:00.000+00:00
5v35,2017-03-06T00:00:00.000+00:00
5v37,2017-03-06T00:00:00.000+00:00
5v3h,2017-03-07T00:00:00.000+00:00
5v3o,2017-03-07T00:00:00.000+00:00
5v3r,2017-03-08T00:00:00.000+00:00
5v3x,2017-03-08T00:00:00.000+00:00
5v3y,2017-03-08T00:00:00.000+00:00
5v40,2017-03-08T00:00:00.000+00:00
5v41,2017-03-08T00:00:00.000+00:00
5v42,2017-03-08T00:00:00.000+00:00
5v49,2017-03-08T00:00:00.000+00:00
5v4b,2017-03-08T00:00:00.000+00:00
5v4q,2017-03-10T00:00:00.000+00:00
5v5d,2017-03-14T00:00:00.000+00:00
5v5e,2017-03-14T00:00:00.000+00:00
5v5n,2017-03-14T00:00:00.000+00:00
5v5o,2017-03-14T00:00:00.000+00:00
5v5y,2017-03-15T00:00:00.000+00:00
5v6u,2017-03-17T00:00:00.000+00:00
5v6y,2017-03-17T00:00:00.000+00:00
5v79,2017-03-20T00:00:00.000+00:00
5v7a,2017-03-20T00:00:00.000+00:00
5v7i,2017-03-20T00:00:00.000+00:00
5v7t,2017-03-20T00:00:00.000+00:00
5v7w,2017-03-20T00:00:00.000+00:00
5v82,2017-03-21T00:00:00.000+00:00
5v83,2017-03-21T00:00:00.000+00:00
5v84,2017-03-21T00:00:00.000+00:00
5v86,2017-03-21T00:00:00.000+00:00
5v88,2017-03-21T00:00:00.000+00:00
5v8o,2017-03-22T00:00:00.000+00:00
5v8p,2017-03-22T00:00:00.000+00:00
5v8q,2017-03-22T00:00:00.000+00:00
5v8v,2017-03-22T00:00:00.000+00:00
5v9p,2017-03-23T00:00:00.000+00:00
5v9t,2017-03-23T00:00:00.000+00:00
5va9,2017-03-24T00:00:00.000+00:00
5vad,2017-03-24T00:00:00.000+00:00
5var,2017-03-27T00:00:00.000+00:00
5vb5,2017-03-28T00:00:00.000+00:00
5vb6,2017-03-28T00:00:00.000+00:00
5vb7,2017-03-28T00:00:00.000+00:00
5vb9,2017-03-28T00:00:00.000+00:00
5vc3,2017-03-30T00:00:00.000+00:00
5vc4,2017-03-30T00:00:00.000+00:00
5vc5,2017-03-31T00:00:00.000+00:00
5vc6,2017-03-31T00:00:00.000+00:00
5vcv,2017-04-01T00:00:00.000+00:00
5vcw,2017-04-01T00:00:00.000+00:00
5vcx,2017-04-01T00:00:00.000+00:00
5vcy,2017-04-01T00:00:00.000+00:00
5vcz,2017-04-01T00:00:00.000+00:00
5vd0,2017-04-01T00:00:00.000+00:00
5vd1,2017-04-01T00:00:00.000+00:00
5vd2,2017-04-01T00:00:00.000+00:00
5vd3,2017-04-01T00:00:00.000+00:00
5vdk,2017-04-03T00:00:00.000+00:00
5vdr,2017-04-03T00:00:00.000+00:00
5vds,2017-04-03T00:00:00.000+00:00
5vdu,2017-04-03T00:00:00.000+00:00
5vdv,2017-04-03T00:00:00.000+00:00
5vdw,2017-04-03T00:00:00.000+00:00
5vee,2017-04-04T00:00:00.000+00:00
5vew,2017-04-05T00:00:00.000+00:00
5vex,2017-04-05T00:00:00.000+00:00
5vfc,2017-04-07T00:00:00.000+00:00
5vfd,2017-04-07T00:00:00.000+00:00
5vfj,2017-04-07T00:00:00.000+00:00
5vfm,2017-04-08T00:00:00.000+00:00
5vfn,2017-04-08T00:00:00.000+00:00
5vgi,2017-04-11T00:00:00.000+00:00
5vgo,2017-04-11T00:00:00.000+00:00
5vgy,2017-04-11T00:00:00.000+00:00
5vh0,2017-04-12T00:00:00.000+00:00
5vi6,2017-04-14T00:00:00.000+00:00
5vih,2017-04-16T00:00:00.000+00:00
5vii,2017-04-16T00:00:00.000+00:00
5vij,2017-04-16T00:00:00.000+00:00
5vil,2017-04-17T00:00:00.000+00:00
5vio,2017-04-17T00:00:00.000+00:00
5vja,2017-04-19T00:00:00.000+00:00
5vjn,2017-04-19T00:00:00.000+00:00
5vjp,2017-04-19T00:00:00.000+00:00
5vk0,2017-04-20T00:00:00.000+00:00
5vkc,2017-04-21T00:00:00.000+00:00
5vkf,2017-04-21T00:00:00.000+00:00
5vkm,2017-04-21T00:00:00.000+00:00
5vl2,2017-04-24T00:00:00.000+00:00
5vlh,2017-04-25T00:00:00.000+00:00
5vlk,2017-04-25T00:00:00.000+00:00
5vll,2017-04-25T00:00:00.000+00:00
5vlp,2017-04-25T00:00:00.000+00:00
5vlr,2017-04-26T00:00:00.000+00:00
5vm0,2017-04-26T00:00:00.000+00:00
5vm6,2017-04-26T00:00:00.000+00:00
5vnb,2017-04-29T00:00:00.000+00:00
5vnd,2017-04-30T00:00:00.000+00:00
5vo1,2017-05-01T00:00:00.000+00:00
5vo2,2017-05-01T00:00:00.000+00:00
5vo6,2017-05-02T00:00:00.000+00:00
5voj,2017-05-03T00:00:00.000+00:00
5vom,2017-05-03T00:00:00.000+00:00
5vp0,2017-05-03T00:00:00.000+00:00
5vp1,2017-05-03T00:00:00.000+00:00
5vp9,2017-05-04T00:00:00.000+00:00
5vpm,2017-05-05T00:00:00.000+00:00
5vqe,2017-05-08T00:00:00.000+00:00
5vqi,2017-05-09T00:00:00.000+00:00
5vqq,2017-05-09T00:00:00.000+00:00
5vqr,2017-05-09T00:00:00.000+00:00
5vqs,2017-05-09T00:00:00.000+00:00
5vqt,2017-05-09T00:00:00.000+00:00
5vqu,2017-05-09T00:00:00.000+00:00
5vqv,2017-05-09T00:00:00.000+00:00
5vqw,2017-05-09T00:00:00.000+00:00
5vqx,2017-05-09T00:00:00.000+00:00
5vqy,2017-05-09T00:00:00.000+00:00
5vqz,2017-05-09T00:00:00.000+00:00
5vr8,2017-05-10T00:00:00.000+00:00
5vrl,2017-05-11T00:00:00.000+00:00
5vrp,2017-05-11T00:00:00.000+00:00
5vs6,2017-05-11T00:00:00.000+00:00
5vsb,2017-05-11T00:00:00.000+00:00
5vsc,2017-05-11T00:00:00.000+00:00
5vsd,2017-05-11T00:00:00.000+00:00
5vse,2017-05-11T00:00:00.000+00:00
5vsf,2017-05-11T00:00:00.000+00:00
5vsj,2017-05-11T00:00:00.000+00:00
5vsk,2017-05-11T00:00:00.000+00:00
5vt1,2017-05-15T00:00:00.000+00:00
5vt4,2017-05-15T00:00:00.000+00:00
5vtb,2017-05-16T00:00:00.000+00:00
5vwi,2017-05-22T00:00:00.000+00:00
5vwk,2017-05-22T00:00:00.000+00:00
5vyy,2017-05-26T00:00:00.000+00:00
5vzu,2017-05-29T00:00:00.000+00:00
5vzy,2017-05-29T00:00:00.000+00:00
5w0e,2017-05-30T00:00:00.000+00:00
5w0f,2017-05-30T00:00:00.000+00:00
5w0i,2017-05-30T00:00:00.000+00:00
5w0l,2017-05-31T00:00:00.000+00:00
5w0q,2017-05-31T00:00:00.000+00:00
5w10,2017-06-01T00:00:00.000+00:00
5w12,2017-06-01T00:00:00.000+00:00
5w13,2017-06-01T00:00:00.000+00:00
5w14,2017-06-01T00:00:00.000+00:00
5w19,2017-06-02T00:00:00.000+00:00
5w1e,2017-06-02T00:00:00.000+00:00
5w1v,2017-06-04T00:00:00.000+00:00
5w1w,2017-06-05T00:00:00.000+00:00
5w2p,2017-06-06T00:00:00.000+00:00
5w2q,2017-06-06T00:00:00.000+00:00
5w2s,2017-06-06T00:00:00.000+00:00
5w38,2017-06-07T00:00:00.000+00:00
5w3i,2017-06-07T00:00:00.000+00:00
5w44,2017-06-09T00:00:00.000+00:00
5w4e,2017-06-10T00:00:00.000+00:00
5w4r,2017-06-12T00:00:00.000+00:00
5w4s,2017-06-12T00:00:00.000+00:00
5w4v,2017-06-13T00:00:00.000+00:00
5w4w,2017-06-13T00:00:00.000+00:00
5w5j,2017-06-15T00:00:00.000+00:00
5w5k,2017-06-15T00:00:00.000+00:00
5w5o,2017-06-15T00:00:00.000+00:00
5w5s,2017-06-15T00:00:00.000+00:00
5w5u,2017-06-15T00:00:00.000+00:00
5w5v,2017-06-15T00:00:00.000+00:00
5w6e,2017-06-16T00:00:00.000+00:00
5w6i,2017-06-16T00:00:00.000+00:00
5w6o,2017-06-16T00:00:00.000+00:00
5w6r,2017-06-16T00:00:00.000+00:00
5w6t,2017-06-16T00:00:00.000+00:00
5w6u,2017-06-16T00:00:00.000+00:00
5w73,2017-06-19T00:00:00.000+00:00
5w7i,2017-06-20T00:00:00.000+00:00
5w7j,2017-06-20T00:00:00.000+00:00
5w7u,2017-06-20T00:00:00.000+00:00
5w7x,2017-06-21T00:00:00.000+00:00
5w84,2017-06-21T00:00:00.000+00:00
5w85,2017-06-21T00:00:00.000+00:00
5w86,2017-06-21T00:00:00.000+00:00
5w88,2017-06-21T00:00:00.000+00:00
5w8h,2017-06-21T00:00:00.000+00:00
5w8i,2017-06-21T00:00:00.000+00:00
5w8j,2017-06-21T00:00:00.000+00:00
5w8v,2017-06-22T00:00:00.000+00:00
5w92,2017-06-22T00:00:00.000+00:00
5w94,2017-06-22T00:00:00.000+00:00
5w99,2017-06-22T00:00:00.000+00:00
5w9g,2017-06-23T00:00:00.000+00:00
5wa1,2017-06-24T00:00:00.000+00:00
5wa4,2017-06-24T00:00:00.000+00:00
5wa5,2017-06-24T00:00:00.000+00:00
5wa6,2017-06-25T00:00:00.000+00:00
5wa7,2017-06-25T00:00:00.000+00:00
5wa8,2017-06-26T00:00:00.000+00:00
5wa9,2017-06-26T00:00:00.000+00:00
5wae,2017-06-26T00:00:00.000+00:00
5wag,2017-06-26T00:00:00.000+00:00
5wal,2017-06-26T00:00:00.000+00:00
5wap,2017-06-26T00:00:00.000+00:00
5wb3,2017-06-27T00:00:00.000+00:00
5wb6,2017-06-28T00:00:00.000+00:00
5wbf,2017-06-28T00:00:00.000+00:00
5wbk,2017-06-29T00:00:00.000+00:00
5wbl,2017-06-29T00:00:00.000+00:00
5wbm,2017-06-29T00:00:00.000+00:00
5wbo,2017-06-29T00:00:00.000+00:00
5wbp,2017-06-29T00:00:00.000+00:00
5wbq,2017-06-29T00:00:00.000+00:00
5wbr,2017-06-29T00:00:00.000+00:00
5wbz,2017-06-29T00:00:00.000+00:00
5wcl,2017-06-30T00:00:00.000+00:00
5wcm,2017-06-30T00:00:00.000+00:00
5wdc,2017-07-04T00:00:00.000+00:00
5wdj,2017-07-05T00:00:00.000+00:00
5wdl,2017-07-05T00:00:00.000+00:00
5wdw,2017-07-06T00:00:00.000+00:00
5we9,2017-07-07T00:00:00.000+00:00
5web,2017-07-08T00:00:00.000+00:00
5wef,2017-07-09T00:00:00.000+00:00
5wei,2017-07-10T00:00:00.000+00:00
5wej,2017-07-10T00:00:00.000+00:00
5wep,2017-07-10T00:00:00.000+00:00
5wev,2017-07-10T00:00:00.000+00:00
5wew,2017-07-10T00:00:00.000+00:00
5wex,2017-07-10T00:00:00.000+00:00
5wf3,2017-07-11T00:00:00.000+00:00
5wf5,2017-07-11T00:00:00.000+00:00
5wf6,2017-07-11T00:00:00.000+00:00
5wf7,2017-07-11T00:00:00.000+00:00
5wfc,2017-07-11T00:00:00.000+00:00
5wfd,2017-07-11T00:00:00.000+00:00
5wfj,2017-07-12T00:00:00.000+00:00
5wfm,2017-07-12T00:00:00.000+00:00
5wfw,2017-07-12T00:00:00.000+00:00
5wfz,2017-07-13T00:00:00.000+00:00
5wg3,2017-07-13T00:00:00.000+00:00
5wg4,2017-07-13T00:00:00.000+00:00
5wg5,2017-07-13T00:00:00.000+00:00
5wg6,2017-07-13T00:00:00.000+00:00
5wg7,2017-07-13T00:00:00.000+00:00
5wg8,2017-07-13T00:00:00.000+00:00
5wg9,2017-07-13T00:00:00.000+00:00
5wgd,2017-07-14T00:00:00.000+00:00
5wgp,2017-07-14T00:00:00.000+00:00
5wgq,2017-07-14T00:00:00.000+00:00
5wh5,2017-07-14T00:00:00.000+00:00
5wh6,2017-07-14T00:00:00.000+00:00
5whc,2017-07-16T00:00:00.000+00:00
5wi0,2017-07-18T00:00:00.000+00:00
5wi1,2017-07-18T00:00:00.000+00:00
5wic,2017-07-19T00:00:00.000+00:00
5wii,2017-07-19T00:00:00.000+00:00
5wij,2017-07-19T00:00:00.000+00:00
5wik,2017-07-19T00:00:00.000+00:00
5win,2017-07-19T00:00:00.000+00:00
5wio,2017-07-19T00:00:00.000+00:00
5wip,2017-07-19T00:00:00.000+00:00
5wir,2017-07-20T00:00:00.000+00:00
5wj6,2017-07-21T00:00:00.000+00:00
5wjj,2017-07-23T00:00:00.000+00:00
5wkf,2017-07-25T00:00:00.000+00:00
5wkh,2017-07-25T00:00:00.000+00:00
5wkl,2017-07-25T00:00:00.000+00:00
5wkm,2017-07-25T00:00:00.000+00:00
5wl0,2017-07-25T00:00:00.000+00:00
5wle,2017-07-26T00:00:00.000+00:00
5wlg,2017-07-26T00:00:00.000+00:00
5wlo,2017-07-27T00:00:00.000+00:00
5wlt,2017-07-27T00:00:00.000+00:00
5wlv,2017-07-27T00:00:00.000+00:00
5wmg,2017-07-28T00:00:00.000+00:00
5wmt,2017-07-31T00:00:00.000+00:00
5wo4,2017-08-01T00:00:00.000+00:00
5wou,2017-08-03T00:00:00.000+00:00
5wp5,2017-08-03T00:00:00.000+00:00
5wpb,2017-08-04T00:00:00.000+00:00
5wqa,2016-11-24T00:00:00.000+00:00
5wqc,2016-11-25T00:00:00.000+00:00
5wqd,2016-11-26T00:00:00.000+00:00
5wqj,2016-11-27T00:00:00.000+00:00
5wqk,2016-11-27T00:00:00.000+00:00
5wr7,2016-11-30T00:00:00.000+00:00
5wre,2016-12-01T00:00:00.000+00:00
5wrs,2016-12-03T00:00:00.000+00:00
5ws3,2016-12-05T00:00:00.000+00:00
5wtt,2016-12-14T00:00:00.000+00:00
5wuk,2016-12-19T00:00:00.000+00:00
5wuu,2016-12-21T00:00:00.000+00:00
5wvd,2016-12-24T00:00:00.000+00:00
5wxf,2017-01-07T00:00:00.000+00:00
5wxg,2017-01-07T00:00:00.000+00:00
5wxh,2017-01-07T00:00:00.000+00:00
5wxo,2017-01-08T00:00:00.000+00:00
5wxp,2017-01-08T00:00:00.000+00:00
5wyq,2017-01-15T00:00:00.000+00:00
5wyr,2017-01-15T00:00:00.000+00:00
5wys,2017-01-15T00:00:00.000+00:00
5wyx,2017-01-16T00:00:00.000+00:00
5wyz,2017-01-16T00:00:00.000+00:00
5wzr,2017-01-18T00:00:00.000+00:00
5wzs,2017-01-18T00:00:00.000+00:00
5wzt,2017-01-18T00:00:00.000+00:00
5wzu,2017-01-18T00:00:00.000+00:00
5wzv,2017-01-18T00:00:00.000+00:00
5wzw,2017-01-18T00:00:00.000+00:00
5x02,2017-01-19T00:00:00.000+00:00
5x13,2017-01-24T00:00:00.000+00:00
5x26,2017-01-31T00:00:00.000+00:00
5x27,2017-01-31T00:00:00.000+00:00
5x28,2017-01-31T00:00:00.000+00:00
5x33,2017-02-03T00:00:00.000+00:00
5x4m,2017-02-13T00:00:00.000+00:00
5x4n,2017-02-13T00:00:00.000+00:00
5x4o,2017-02-13T00:00:00.000+00:00
5x4p,2017-02-13T00:00:00.000+00:00
5x4q,2017-02-13T00:00:00.000+00:00
5x54,2017-02-14T00:00:00.000+00:00
5x5g,2017-02-15T00:00:00.000+00:00
5x5o,2017-02-17T00:00:00.000+00:00
5x62,2017-02-20T00:00:00.000+00:00
5x72,2017-02-23T00:00:00.000+00:00
5x73,2017-02-23T00:00:00.000+00:00
5x74,2017-02-23T00:00:00.000+00:00
5x79,2017-02-24T00:00:00.000+00:00
5x8i,2017-03-02T00:00:00.000+00:00
5x9h,2017-03-07T00:00:00.000+00:00
5x9o,2017-03-08T00:00:00.000+00:00
5x9p,2017-03-08T00:00:00.000+00:00
5xaf,2017-03-12T00:00:00.000+00:00
5xag,2017-03-12T00:00:00.000+00:00
5xff,2017-04-10T00:00:00.000+00:00
5xfj,2017-04-10T00:00:00.000+00:00
5xg4,2017-04-11T00:00:00.000+00:00
5xg5,2017-04-12T00:00:00.000+00:00
5xgh,2017-04-13T00:00:00.000+00:00
5xgl,2017-04-14T00:00:00.000+00:00
5xhr,2017-04-24T00:00:00.000+00:00
5xhs,2017-04-24T00:00:00.000+00:00
5xhz,2017-04-25T00:00:00.000+00:00
5xig,2017-04-26T00:00:00.000+00:00
5xih,2017-04-26T00:00:00.000+00:00
5xii,2017-04-26T00:00:00.000+00:00
5xij,2017-04-26T00:00:00.000+00:00
5xiw,2017-04-27T00:00:00.000+00:00
5xjm,2017-05-02T00:00:00.000+00:00
5xkm,2017-05-08T00:00:00.000+00:00
5xmp,2017-05-16T00:00:00.000+00:00
5xmr,2017-05-16T00:00:00.000+00:00
5xms,2017-05-16T00:00:00.000+00:00
5xmt,2017-05-16T00:00:00.000+00:00
5xmu,2017-05-16T00:00:00.000+00:00
5xmv,2017-05-16T00:00:00.000+00:00
5xmx,2017-05-16T00:00:00.000+00:00
5xn3,2017-05-17T00:00:00.000+00:00
5xo2,2017-05-25T00:00:00.000+00:00
5xo7,2017-05-27T00:00:00.000+00:00
5xof,2017-05-28T00:00:00.000+00:00
5xp7,2017-06-01T00:00:00.000+00:00
5xpi,2017-06-02T00:00:00.000+00:00
5xpl,2017-06-03T00:00:00.000+00:00
5xpm,2017-06-03T00:00:00.000+00:00
5xpn,2017-06-03T00:00:00.000+00:00
5xpo,2017-06-03T00:00:00.000+00:00
5xpp,2017-06-03T00:00:00.000+00:00
5xqx,2017-06-07T00:00:00.000+00:00
5xs2,2017-06-12T00:00:00.000+00:00
5xs8,2017-06-12T00:00:00.000+00:00
5xsr,2017-06-15T00:00:00.000+00:00
5xst,2017-06-15T00:00:00.000+00:00
5xsu,2017-06-15T00:00:00.000+00:00
5xup,2017-06-24T00:00:00.000+00:00
5xv7,2017-06-26T00:00:00.000+00:00
5xva,2017-06-27T00:00:00.000+00:00
5xvf,2017-06-27T00:00:00.000+00:00
5xvg,2017-06-27T00:00:00.000+00:00
5xvk,2017-06-28T00:00:00.000+00:00
5xvq,2017-06-28T00:00:00.000+00:00
5xvu,2017-06-28T00:00:00.000+00:00
5xvw,2017-06-28T00:00:00.000+00:00
5xw6,2017-06-29T00:00:00.000+00:00
5xwr,2017-06-30T00:00:00.000+00:00
5xxf,2017-07-03T00:00:00.000+00:00
5xxk,2017-07-04T00:00:00.000+00:00
5xyf,2017-07-07T00:00:00.000+00:00
5xyx,2017-07-11T00:00:00.000+00:00
5xyy,2017-07-11T00:00:00.000+00:00
5xyz,2017-07-11T00:00:00.000+00:00
5xzr,2017-07-13T00:00:00.000+00:00
5y0f,2017-07-17T00:00:00.000+00:00
5y0g,2017-07-17T00:00:00.000+00:00
5y0x,2017-07-19T00:00:00.000+00:00
5y0z,2017-07-19T00:00:00.000+00:00
5y12,2017-07-19T00:00:00.000+00:00
5y13,2017-07-19T00:00:00.000+00:00
5y1u,2017-07-21T00:00:00.000+00:00
5y1y,2017-07-21T00:00:00.000+00:00
5y20,2017-07-22T00:00:00.000+00:00
5y21,2017-07-22T00:00:00.000+00:00
5y24,2017-07-24T00:00:00.000+00:00
5y2f,2017-07-25T00:00:00.000+00:00
5y3n,2017-07-29T00:00:00.000+00:00
5y3o,2017-07-29T00:00:00.000+00:00
5y48,2017-08-01T00:00:00.000+00:00
5y53,2017-08-07T00:00:00.000+00:00
5y59,2017-08-08T00:00:00.000+00:00
5y5n,2017-08-09T00:00:00.000+00:00
5y5t,2017-08-09T00:00:00.000+00:00
5y5u,2017-08-09T00:00:00.000+00:00
5y5w,2017-08-10T00:00:00.000+00:00
5y6d,2017-08-11T00:00:00.000+00:00
5y6e,2017-08-11T00:00:00.000+00:00
5y6k,2017-08-12T00:00:00.000+00:00
5y7h,2017-08-17T00:00:00.000+00:00
5y7j,2017-08-17T00:00:00.000+00:00
5y7k,2017-08-17T00:00:00.000+00:00
5y7w,2017-08-18T00:00:00.000+00:00
5y7z,2017-08-18T00:00:00.000+00:00
5y80,2017-08-18T00:00:00.000+00:00
5y86,2017-08-18T00:00:00.000+00:00
5y8c,2017-08-21T00:00:00.000+00:00
5y8w,2017-08-21T00:00:00.000+00:00
5y8y,2017-08-21T00:00:00.000+00:00
5y8z,2017-08-22T00:00:00.000+00:00
5y93,2017-08-22T00:00:00.000+00:00
5y94,2017-08-22T00:00:00.000+00:00
5y97,2017-08-23T00:00:00.000+00:00
5y9l,2017-08-25T00:00:00.000+00:00
5ya5,2017-08-30T00:00:00.000+00:00
5yas,1999-03-15T00:00:00.000+00:00
5yba,2017-09-04T00:00:00.000+00:00
5ybe,2017-09-04T00:00:00.000+00:00
5ybi,2017-09-05T00:00:00.000+00:00
5yc1,2017-09-06T00:00:00.000+00:00
5yc2,2017-09-06T00:00:00.000+00:00
5yc3,2017-09-06T00:00:00.000+00:00
5yc4,2017-09-06T00:00:00.000+00:00
5yc8,2017-09-06T00:00:00.000+00:00
5yco,2017-09-07T00:00:00.000+00:00
5ye7,2017-09-15T00:00:00.000+00:00
5ye8,2017-09-15T00:00:00.000+00:00
5ye9,2017-09-15T00:00:00.000+00:00
5yea,2017-09-15T00:00:00.000+00:00
5yf1,2017-09-20T00:00:00.000+00:00
5yfs,2017-09-22T00:00:00.000+00:00
5yft,2017-09-22T00:00:00.000+00:00
5yfz,2017-09-22T00:00:00.000+00:00
5yg2,2017-09-22T00:00:00.000+00:00
5yg3,2017-09-22T00:00:00.000+00:00
5yg4,2017-09-22T00:00:00.000+00:00
5ygd,2017-09-22T00:00:00.000+00:00
5ygf,2017-09-22T00:00:00.000+00:00
5ygi,2017-09-23T00:00:00.000+00:00
5yh8,2017-09-27T00:00:00.000+00:00
5yhe,2017-09-28T00:00:00.000+00:00
5yhg,2017-09-28T00:00:00.000+00:00
5yhl,2017-09-28T00:00:00.000+00:00
5yia,2017-10-03T00:00:00.000+00:00
5yib,2017-10-03T00:00:00.000+00:00
5yic,2017-10-03T00:00:00.000+00:00
5yid,2017-10-04T00:00:00.000+00:00
5yie,2017-10-04T00:00:00.000+00:00
5yj8,2017-10-09T00:00:00.000+00:00
5yjb,2017-10-10T00:00:00.000+00:00
5yjf,2017-10-10T00:00:00.000+00:00
5yji,2017-10-10T00:00:00.000+00:00
5yjk,2017-10-11T00:00:00.000+00:00
5yjm,2017-10-11T00:00:00.000+00:00
5yjo,2017-10-11T00:00:00.000+00:00
5yjp,2017-10-11T00:00:00.000+00:00
5yjy,2017-10-11T00:00:00.000+00:00
5ykp,2017-10-15T00:00:00.000+00:00
5yl2,2017-10-16T00:00:00.000+00:00
5ylj,2017-10-17T00:00:00.000+00:00
5yls,2017-10-18T00:00:00.000+00:00
5ylt,2017-10-19T00:00:00.000+00:00
5ylu,2017-10-19T00:00:00.000+00:00
5ylv,2017-10-19T00:00:00.000+00:00
5yof,2017-10-27T00:00:00.000+00:00
5yov,2017-10-31T00:00:00.000+00:00
5yp5,2017-11-01T00:00:00.000+00:00
5yp6,2017-11-01T00:00:00.000+00:00
5ypo,2017-11-02T00:00:00.000+00:00
5ypp,2017-11-02T00:00:00.000+00:00
5ypw,2017-11-03T00:00:00.000+00:00
5ypy,2017-11-04T00:00:00.000+00:00
5yql,2017-11-07T00:00:00.000+00:00
5yqn,2017-11-07T00:00:00.000+00:00
5yqo,2017-11-07T00:00:00.000+00:00
5yqw,2017-11-08T00:00:00.000+00:00
5yqx,2017-11-08T00:00:00.000+00:00
5yr4,2017-11-08T00:00:00.000+00:00
5yr5,2017-11-08T00:00:00.000+00:00
5yr6,2017-11-08T00:00:00.000+00:00
5yso,2017-11-14T00:00:00.000+00:00
5yto,2017-11-19T00:00:00.000+00:00
5ytu,2017-11-20T00:00:00.000+00:00
5yu9,2017-11-21T00:00:00.000+00:00
5yum,2017-11-22T00:00:00.000+00:00
5yun,2017-11-22T00:00:00.000+00:00
5yv5,2017-11-24T00:00:00.000+00:00
5yve,2017-11-25T00:00:00.000+00:00
5yvx,2017-11-27T00:00:00.000+00:00
5ywg,2017-11-29T00:00:00.000+00:00
5ywx,2017-11-30T00:00:00.000+00:00
5ywy,2017-11-30T00:00:00.000+00:00
5yy4,2017-12-07T00:00:00.000+00:00
5yy6,2017-12-08T00:00:00.000+00:00
5yy9,2017-12-08T00:00:00.000+00:00
5yyb,2017-12-08T00:00:00.000+00:00
5yyf,2017-12-09T00:00:00.000+00:00
5yyz,2017-12-11T00:00:00.000+00:00
5yz2,2017-12-12T00:00:00.000+00:00
5yz7,2017-12-13T00:00:00.000+00:00
5yzc,2017-12-14T00:00:00.000+00:00
5yzd,2017-12-14T00:00:00.000+00:00
5z1c,2017-12-25T00:00:00.000+00:00
5z1d,2017-12-26T00:00:00.000+00:00
5z1e,2017-12-26T00:00:00.000+00:00
5z1r,2017-12-28T00:00:00.000+00:00
5z1s,2017-12-28T00:00:00.000+00:00
5z1t,2017-12-28T00:00:00.000+00:00
5z4h,2018-01-11T00:00:00.000+00:00
5z4o,2018-01-12T00:00:00.000+00:00
5z5f,2018-01-18T00:00:00.000+00:00
5z5v,2018-01-20T00:00:00.000+00:00
5z66,2018-01-22T00:00:00.000+00:00
5z68,2018-01-22T00:00:00.000+00:00
5z7b,2018-01-28T00:00:00.000+00:00
5z7j,2018-01-29T00:00:00.000+00:00
5z89,2018-01-31T00:00:00.000+00:00
5z95,2018-02-02T00:00:00.000+00:00
5z99,2018-02-02T00:00:00.000+00:00
5z9e,2018-02-02T00:00:00.000+00:00
5za1,2018-02-06T00:00:00.000+00:00
5za2,2018-02-06T00:00:00.000+00:00
5za7,2018-02-06T00:00:00.000+00:00
5za8,2018-02-06T00:00:00.000+00:00
5za9,2018-02-07T00:00:00.000+00:00
5zae,2018-02-07T00:00:00.000+00:00
5zaf,2018-02-07T00:00:00.000+00:00
5zag,2018-02-07T00:00:00.000+00:00
5zah,2018-02-07T00:00:00.000+00:00
5zaj,2018-02-07T00:00:00.000+00:00
5zbz,2018-02-14T00:00:00.000+00:00
5zc5,2018-02-15T00:00:00.000+00:00
5zcu,2018-02-20T00:00:00.000+00:00
5zdb,2018-02-23T00:00:00.000+00:00
5zdc,2018-02-23T00:00:00.000+00:00
5zdd,2018-02-23T00:00:00.000+00:00
5zde,2018-02-23T00:00:00.000+00:00
5zdf,2018-02-23T00:00:00.000+00:00
5zdg,2018-02-23T00:00:00.000+00:00
5zdp,2018-02-23T00:00:00.000+00:00
5ze6,2018-02-26T00:00:00.000+00:00
5zee,2018-02-27T00:00:00.000+00:00
5zef,2018-02-27T00:00:00.000+00:00
5zeq,2018-02-27T00:00:00.000+00:00
5zfi,2018-03-06T00:00:00.000+00:00
5zg0,2018-03-07T00:00:00.000+00:00
5zg1,2018-03-07T00:00:00.000+00:00
5zg3,2018-03-07T00:00:00.000+00:00
5zgg,2018-03-08T00:00:00.000+00:00
5zh2,2018-03-11T00:00:00.000+00:00
5zh3,2018-03-11T00:00:00.000+00:00
5zh4,2018-03-11T00:00:00.000+00:00
5zh5,2018-03-11T00:00:00.000+00:00
5zhj,2018-03-13T00:00:00.000+00:00
5zhl,2018-03-13T00:00:00.000+00:00
5zhm,2018-03-13T00:00:00.000+00:00
5zhn,2018-03-13T00:00:00.000+00:00
5zia,2018-03-14T00:00:00.000+00:00
5zjf,2018-03-20T00:00:00.000+00:00
5zjy,2018-03-22T00:00:00.000+00:00
5zjz,2018-03-22T00:00:00.000+00:00
5zk3,2018-03-23T00:00:00.000+00:00
5zk5,2018-03-23T00:00:00.000+00:00
5zk7,2018-03-23T00:00:00.000+00:00
5zk8,2018-03-23T00:00:00.000+00:00
5zk9,2018-03-23T00:00:00.000+00:00
5zkb,2018-03-23T00:00:00.000+00:00
5zkc,2018-03-23T00:00:00.000+00:00
5zku,2018-03-26T00:00:00.000+00:00
5zla,2018-03-27T00:00:00.000+00:00
5zlf,2018-03-27T00:00:00.000+00:00
5zma,2018-04-02T00:00:00.000+00:00
5zml,2018-04-04T00:00:00.000+00:00
5zmq,2018-04-05T00:00:00.000+00:00
5zms,2018-04-05T00:00:00.000+00:00
5znc,2018-04-08T00:00:00.000+00:00
5zni,2018-04-09T00:00:00.000+00:00
5znl,2018-04-09T00:00:00.000+00:00
5znp,2018-04-10T00:00:00.000+00:00
5znr,2018-04-10T00:00:00.000+00:00
5zo7,2018-04-12T00:00:00.000+00:00
5zo8,2018-04-12T00:00:00.000+00:00
5zo9,2018-04-12T00:00:00.000+00:00
5zob,2018-04-12T00:00:00.000+00:00
5zoo,2018-04-13T00:00:00.000+00:00
5zop,2018-04-13T00:00:00.000+00:00
5zqo,2018-04-19T00:00:00.000+00:00
5zqp,2018-04-19T00:00:00.000+00:00
5zqq,2018-04-19T00:00:00.000+00:00
5zqr,2018-04-19T00:00:00.000+00:00
5zqu,2018-04-20T00:00:00.000+00:00
5zr3,2018-04-23T00:00:00.000+00:00
5zt1,2018-05-01T00:00:00.000+00:00
5ztn,2018-05-04T00:00:00.000+00:00
5zty,2018-05-05T00:00:00.000+00:00
5zu0,2018-05-05T00:00:00.000+00:00
5zuj,2018-05-07T00:00:00.000+00:00
5zun,2018-05-08T00:00:00.000+00:00
5zvw,2018-05-13T00:00:00.000+00:00
5zw6,2018-05-14T00:00:00.000+00:00
5zwe,2018-05-15T00:00:00.000+00:00
5zwf,2018-05-15T00:00:00.000+00:00
5zwh,2018-05-15T00:00:00.000+00:00
5zwi,2018-05-15T00:00:00.000+00:00
5zxi,2018-05-21T00:00:00.000+00:00
5zxk,2018-05-21T00:00:00.000+00:00
5zyg,2018-05-25T00:00:00.000+00:00
5zyh,2018-05-25T00:00:00.000+00:00
5zyi,2018-05-25T00:00:00.000+00:00
5zyj,2018-05-25T00:00:00.000+00:00
5zyk,2018-05-25T00:00:00.000+00:00
5zyl,2018-05-25T00:00:00.000+00:00
5zym,2018-05-25T00:00:00.000+00:00
5zys,2018-05-28T00:00:00.000+00:00
5zz2,2018-05-29T00:00:00.000+00:00
5zz4,2018-05-30T00:00:00.000+00:00
5zzw,2018-06-04T00:00:00.000+00:00
6a03,2018-06-05T00:00:00.000+00:00
6a04,2018-06-05T00:00:00.000+00:00
6a1c,2018-06-07T00:00:00.000+00:00
6a30,2018-06-14T00:00:00.000+00:00
6a3n,2018-06-15T00:00:00.000+00:00
6a5e,2018-06-23T00:00:00.000+00:00
6a6k,2018-06-28T00:00:00.000+00:00
6a6w,2018-06-29T00:00:00.000+00:00
6a73,2018-07-02T00:00:00.000+00:00
6a80,2018-07-05T00:00:00.000+00:00
6a84,2018-07-06T00:00:00.000+00:00
6a87,2018-07-06T00:00:00.000+00:00
6a8g,2018-07-08T00:00:00.000+00:00
6a8n,2018-07-09T00:00:00.000+00:00
6a93,2018-07-11T00:00:00.000+00:00
6a94,2018-07-11T00:00:00.000+00:00
6a9c,2018-07-13T00:00:00.000+00:00
6a9o,2018-07-14T00:00:00.000+00:00
6aa4,2018-07-17T00:00:00.000+00:00
6aa5,2018-07-17T00:00:00.000+00:00
6aad,2018-07-18T00:00:00.000+00:00
6aah,2018-07-18T00:00:00.000+00:00
6aaj,2018-07-18T00:00:00.000+00:00
6aak,2018-07-18T00:00:00.000+00:00
6aam,2018-07-18T00:00:00.000+00:00
6aan,2018-07-18T00:00:00.000+00:00
6aao,2018-07-18T00:00:00.000+00:00
6aaq,2018-07-18T00:00:00.000+00:00
6abk,2018-07-22T00:00:00.000+00:00
6abp,1991-04-25T00:00:00.000+00:00
6abx,2018-07-24T00:00:00.000+00:00
6acb,2018-07-26T00:00:00.000+00:00
6aec,2018-08-04T00:00:00.000+00:00
6aee,2018-08-04T00:00:00.000+00:00
6aeh,2018-08-04T00:00:00.000+00:00
6aej,2018-08-05T00:00:00.000+00:00
6af9,2018-08-08T00:00:00.000+00:00
6afa,2018-08-08T00:00:00.000+00:00
6afc,2018-08-08T00:00:00.000+00:00
6afd,2018-08-08T00:00:00.000+00:00
6afe,2018-08-08T00:00:00.000+00:00
6aff,2018-08-08T00:00:00.000+00:00
6afg,2018-08-08T00:00:00.000+00:00
6afh,2018-08-08T00:00:00.000+00:00
6afi,2018-08-08T00:00:00.000+00:00
6afj,2018-08-08T00:00:00.000+00:00
6afk,2018-08-08T00:00:00.000+00:00
6afl,2018-08-08T00:00:00.000+00:00
6afr,2018-08-08T00:00:00.000+00:00
6agg,2018-08-11T00:00:00.000+00:00
6agk,2018-08-13T00:00:00.000+00:00
6agp,2018-08-13T00:00:00.000+00:00
6agt,2018-08-14T00:00:00.000+00:00
6ahi,2018-08-19T00:00:00.000+00:00
6ahs,2018-08-20T00:00:00.000+00:00
6ai9,2018-08-22T00:00:00.000+00:00
6ajg,2018-08-27T00:00:00.000+00:00
6ajh,2018-08-27T00:00:00.000+00:00
6aji,2018-08-27T00:00:00.000+00:00
6ajj,2018-08-27T00:00:00.000+00:00
6ajr,2018-08-28T00:00:00.000+00:00
6ajv,2018-08-28T00:00:00.000+00:00
6ajx,2018-08-28T00:00:00.000+00:00
6ajy,2018-08-28T00:00:00.000+00:00
6ajz,2018-08-28T00:00:00.000+00:00
6ak4,2018-08-30T00:00:00.000+00:00
6ak6,2018-08-30T00:00:00.000+00:00
6akw,2018-09-04T00:00:00.000+00:00
6alc,2017-08-07T00:00:00.000+00:00
6alz,2017-08-08T00:00:00.000+00:00
6am8,2017-08-09T00:00:00.000+00:00
6ami,2017-08-09T00:00:00.000+00:00
6an1,2017-08-11T00:00:00.000+00:00
6anl,2017-08-14T00:00:00.000+00:00
6aol,2017-08-16T00:00:00.000+00:00
6aom,2017-08-16T00:00:00.000+00:00
6aox,2017-08-16T00:00:00.000+00:00
6aoy,2017-08-16T00:00:00.000+00:00
6ap6,2017-08-17T00:00:00.000+00:00
6ap7,2017-08-17T00:00:00.000+00:00
6ap8,2017-08-17T00:00:00.000+00:00
6apr,1989-08-03T00:00:00.000+00:00
6apw,2017-08-18T00:00:00.000+00:00
6apz,2017-08-18T00:00:00.000+00:00
6aqf,2017-08-19T00:00:00.000+00:00
6aqq,2017-08-21T00:00:00.000+00:00
6aqs,2017-08-21T00:00:00.000+00:00
6ar2,2017-08-21T00:00:00.000+00:00
6ar4,2017-08-21T00:00:00.000+00:00
6arj,2017-08-22T00:00:00.000+00:00
6arm,2017-08-22T00:00:00.000+00:00
6arn,2017-08-22T00:00:00.000+00:00
6aro,2017-08-23T00:00:00.000+00:00
6arv,2017-08-23T00:00:00.000+00:00
6ary,2017-08-23T00:00:00.000+00:00
6as6,2017-08-23T00:00:00.000+00:00
6as8,2017-08-23T00:00:00.000+00:00
6asu,2017-08-25T00:00:00.000+00:00
6asz,2017-08-27T00:00:00.000+00:00
6at0,2017-08-27T00:00:00.000+00:00
6atv,2017-08-29T00:00:00.000+00:00
6au2,2017-08-30T00:00:00.000+00:00
6au5,2017-08-30T00:00:00.000+00:00
6au9,2017-08-31T00:00:00.000+00:00
6aud,2017-08-31T00:00:00.000+00:00
6aum,2017-09-01T00:00:00.000+00:00
6avi,2017-09-02T00:00:00.000+00:00
6awn,2017-09-06T00:00:00.000+00:00
6awo,2017-09-06T00:00:00.000+00:00
6awp,2017-09-06T00:00:00.000+00:00
6ax1,2017-09-06T00:00:00.000+00:00
6ax4,2017-09-06T00:00:00.000+00:00
6axb,2017-09-06T00:00:00.000+00:00
6axj,2017-09-06T00:00:00.000+00:00
6axk,2017-09-07T00:00:00.000+00:00
6axl,2017-09-07T00:00:00.000+00:00
6axp,2017-09-07T00:00:00.000+00:00
6axq,2017-09-07T00:00:00.000+00:00
6ay3,2017-09-07T00:00:00.000+00:00
6ay5,2017-09-07T00:00:00.000+00:00
6ayd,2017-09-08T00:00:00.000+00:00
6ayh,2017-09-08T00:00:00.000+00:00
6ayi,2017-09-08T00:00:00.000+00:00
6ayn,2017-09-08T00:00:00.000+00:00
6ayo,2017-09-08T00:00:00.000+00:00
6ayq,2017-09-08T00:00:00.000+00:00
6ayr,2017-09-08T00:00:00.000+00:00
6ays,2017-09-08T00:00:00.000+00:00
6ayt,2017-09-08T00:00:00.000+00:00
6azk,2017-09-11T00:00:00.000+00:00
6azl,2017-09-11T00:00:00.000+00:00
6b0v,2017-09-15T00:00:00.000+00:00
6b0y,2017-09-15T00:00:00.000+00:00
6b16,2017-09-16T00:00:00.000+00:00
6b1c,2017-09-18T00:00:00.000+00:00
6b1e,2017-09-18T00:00:00.000+00:00
6b1f,2017-09-18T00:00:00.000+00:00
6b1h,2017-09-18T00:00:00.000+00:00
6b1j,2017-09-18T00:00:00.000+00:00
6b1k,2017-09-18T00:00:00.000+00:00
6b1o,2017-09-18T00:00:00.000+00:00
6b1w,2017-09-19T00:00:00.000+00:00
6b1x,2017-09-19T00:00:00.000+00:00
6b1y,2017-09-19T00:00:00.000+00:00
6b22,2017-09-19T00:00:00.000+00:00
6b27,2017-09-19T00:00:00.000+00:00
6b2c,2017-09-19T00:00:00.000+00:00
6b2p,2017-09-20T00:00:00.000+00:00
6b2q,2017-09-20T00:00:00.000+00:00
6b30,2017-09-20T00:00:00.000+00:00
6b31,2017-09-20T00:00:00.000+00:00
6b33,2017-09-20T00:00:00.000+00:00
6b3e,2017-09-21T00:00:00.000+00:00
6b3v,2017-09-25T00:00:00.000+00:00
6b41,2017-09-25T00:00:00.000+00:00
6b4d,2017-09-26T00:00:00.000+00:00
6b4h,2017-09-26T00:00:00.000+00:00
6b4l,2017-09-26T00:00:00.000+00:00
6b4n,2017-09-27T00:00:00.000+00:00
6b4u,2017-09-27T00:00:00.000+00:00
6b4w,2017-09-27T00:00:00.000+00:00
6b59,2017-09-28T00:00:00.000+00:00
6b5a,2017-09-28T00:00:00.000+00:00
6b5i,2017-09-29T00:00:00.000+00:00
6b5j,2017-09-29T00:00:00.000+00:00
6b5m,2017-09-29T00:00:00.000+00:00
6b5o,2017-09-29T00:00:00.000+00:00
6b5q,2017-09-29T00:00:00.000+00:00
6b5r,2017-09-29T00:00:00.000+00:00
6b5t,2017-09-29T00:00:00.000+00:00
6b67,2017-10-01T00:00:00.000+00:00
6b7a,2017-10-03T00:00:00.000+00:00
6b7b,2017-10-03T00:00:00.000+00:00
6b7c,2017-10-03T00:00:00.000+00:00
6b7d,2017-10-03T00:00:00.000+00:00
6b7e,2017-10-03T00:00:00.000+00:00
6b7f,2017-10-03T00:00:00.000+00:00
6b7h,2017-10-04T00:00:00.000+00:00
6b8j,2017-10-08T00:00:00.000+00:00
6b8u,2017-10-09T00:00:00.000+00:00
6b8y,2017-10-09T00:00:00.000+00:00
6b95,2017-10-10T00:00:00.000+00:00
6b96,2017-10-10T00:00:00.000+00:00
6b97,2017-10-10T00:00:00.000+00:00
6b98,2017-10-10T00:00:00.000+00:00
6ba7,2017-10-12T00:00:00.000+00:00
6bau,2017-10-15T00:00:00.000+00:00
6baw,2017-10-16T00:00:00.000+00:00
6bbs,2017-10-19T00:00:00.000+00:00
6bbu,2017-10-19T00:00:00.000+00:00
6bbv,2017-10-19T00:00:00.000+00:00
6bbx,2017-10-19T00:00:00.000+00:00
6bc9,2017-10-20T00:00:00.000+00:00
6bcr,2017-10-20T00:00:00.000+00:00
6bcy,2017-10-20T00:00:00.000+00:00
6bd1,2017-10-20T00:00:00.000+00:00
6bdy,2017-10-24T00:00:00.000+00:00
6beb,2017-10-25T00:00:00.000+00:00
6bec,2017-10-25T00:00:00.000+00:00
6bed,2017-10-25T00:00:00.000+00:00
6bee,2017-10-25T00:00:00.000+00:00
6bef,2017-10-25T00:00:00.000+00:00
6beh,2017-10-25T00:00:00.000+00:00
6bfa,2017-10-26T00:00:00.000+00:00
6bfd,2017-10-26T00:00:00.000+00:00
6bfe,2017-10-26T00:00:00.000+00:00
6bfn,2017-10-26T00:00:00.000+00:00
6bfp,2017-10-26T00:00:00.000+00:00
6bfw,2017-10-27T00:00:00.000+00:00
6bfx,2017-10-27T00:00:00.000+00:00
6bg3,2017-10-27T00:00:00.000+00:00
6bg5,2017-10-27T00:00:00.000+00:00
6bgg,2017-10-28T00:00:00.000+00:00
6bgu,2017-10-29T00:00:00.000+00:00
6bgv,2017-10-29T00:00:00.000+00:00
6bgw,2017-10-29T00:00:00.000+00:00
6bgx,2017-10-29T00:00:00.000+00:00
6bgy,2017-10-29T00:00:00.000+00:00
6bgz,2017-10-29T00:00:00.000+00:00
6bh0,2017-10-29T00:00:00.000+00:00
6bh1,2017-10-29T00:00:00.000+00:00
6bh2,2017-10-29T00:00:00.000+00:00
6bh3,2017-10-29T00:00:00.000+00:00
6bh5,2017-10-29T00:00:00.000+00:00
6bhd,2017-10-30T00:00:00.000+00:00
6bhe,2017-10-30T00:00:00.000+00:00
6bhh,2017-10-30T00:00:00.000+00:00
6bhi,2017-10-30T00:00:00.000+00:00
6bhv,2017-10-31T00:00:00.000+00:00
6bib,2017-11-01T00:00:00.000+00:00
6bic,2017-11-01T00:00:00.000+00:00
6bid,2017-11-01T00:00:00.000+00:00
6bij,2017-11-02T00:00:00.000+00:00
6bik,2017-11-02T00:00:00.000+00:00
6bil,2017-11-02T00:00:00.000+00:00
6bin,2017-11-02T00:00:00.000+00:00
6bir,2017-11-02T00:00:00.000+00:00
6biv,2017-11-03T00:00:00.000+00:00
6bix,2017-11-03T00:00:00.000+00:00
6biy,2017-11-03T00:00:00.000+00:00
6biz,2017-11-03T00:00:00.000+00:00
6bj2,2017-11-03T00:00:00.000+00:00
6bj3,2017-11-03T00:00:00.000+00:00
6bjo,2017-11-06T00:00:00.000+00:00
6bke,2017-11-08T00:00:00.000+00:00
6bkh,2017-11-08T00:00:00.000+00:00
6bkw,2017-11-09T00:00:00.000+00:00
6bkx,2017-11-09T00:00:00.000+00:00
6bky,2017-11-09T00:00:00.000+00:00
6bl1,2017-11-09T00:00:00.000+00:00
6bl2,2017-11-09T00:00:00.000+00:00
6bln,2017-11-10T00:00:00.000+00:00
6bm5,2017-11-13T00:00:00.000+00:00
6bm6,2017-11-13T00:00:00.000+00:00
6bmi,2017-11-14T00:00:00.000+00:00
6bmr,2017-11-15T00:00:00.000+00:00
6bmv,2017-11-15T00:00:00.000+00:00
6bmx,2017-11-15T00:00:00.000+00:00
6bnh,2017-11-16T00:00:00.000+00:00
6bnk,2017-11-16T00:00:00.000+00:00
6bnl,2017-11-16T00:00:00.000+00:00
6bnt,2017-11-17T00:00:00.000+00:00
6bny,2017-11-17T00:00:00.000+00:00
6bo6,2017-11-18T00:00:00.000+00:00
6bod,2017-11-19T00:00:00.000+00:00
6boe,2017-11-19T00:00:00.000+00:00
6boy,2017-11-21T00:00:00.000+00:00
6bq0,2017-11-27T00:00:00.000+00:00
6bqa,2017-11-27T00:00:00.000+00:00
6bqd,2017-11-27T00:00:00.000+00:00
6bqg,2017-11-27T00:00:00.000+00:00
6bqh,2017-11-27T00:00:00.000+00:00
6bqj,2017-11-28T00:00:00.000+00:00
6bqk,2017-11-28T00:00:00.000+00:00
6br2,2017-11-29T00:00:00.000+00:00
6br3,2017-11-29T00:00:00.000+00:00
6bs3,2017-12-01T00:00:00.000+00:00
6bs4,2017-12-01T00:00:00.000+00:00
6bs5,2017-12-01T00:00:00.000+00:00
6bsk,2017-12-03T00:00:00.000+00:00
6bsl,2017-12-04T00:00:00.000+00:00
6bsm,2017-12-04T00:00:00.000+00:00
6bsx,2017-12-04T00:00:00.000+00:00
6bt0,2017-12-04T00:00:00.000+00:00
6bt6,2017-12-05T00:00:00.000+00:00
6bto,2017-12-07T00:00:00.000+00:00
6bu0,2017-12-08T00:00:00.000+00:00
6bu1,2017-12-08T00:00:00.000+00:00
6bu3,2017-12-08T00:00:00.000+00:00
6buu,2017-12-11T00:00:00.000+00:00
6buv,2017-12-11T00:00:00.000+00:00
6bvb,2017-12-12T00:00:00.000+00:00
6bvh,2017-12-13T00:00:00.000+00:00
6bw2,2017-12-14T00:00:00.000+00:00
6bw3,2017-12-14T00:00:00.000+00:00
6bw4,2017-12-14T00:00:00.000+00:00
6bw5,2017-12-14T00:00:00.000+00:00
6bw8,2017-12-14T00:00:00.000+00:00
6bx6,2017-12-17T00:00:00.000+00:00
6bxy,2017-12-19T00:00:00.000+00:00
6by8,2017-12-20T00:00:00.000+00:00
6byk,2017-12-20T00:00:00.000+00:00
6byz,2017-12-21T00:00:00.000+00:00
6c0n,2018-01-01T00:00:00.000+00:00
6c0r,2018-01-02T00:00:00.000+00:00
6c0s,2018-01-02T00:00:00.000+00:00
6c0t,2018-01-02T00:00:00.000+00:00
6c0u,2018-01-02T00:00:00.000+00:00
6c1s,2018-01-05T00:00:00.000+00:00
6c28,2018-01-07T00:00:00.000+00:00
6c2r,2018-01-08T00:00:00.000+00:00
6c2t,2018-01-08T00:00:00.000+00:00
6c2x,2018-01-09T00:00:00.000+00:00
6c2y,2018-01-09T00:00:00.000+00:00
6c3e,2018-01-09T00:00:00.000+00:00
6c3l,2018-01-10T00:00:00.000+00:00
6c3n,2018-01-10T00:00:00.000+00:00
6c3u,2018-01-10T00:00:00.000+00:00
6c42,2018-01-11T00:00:00.000+00:00
6c4d,2018-01-11T00:00:00.000+00:00
6c4g,2018-01-11T00:00:00.000+00:00
6c4u,2018-01-12T00:00:00.000+00:00
6c5f,2018-01-16T00:00:00.000+00:00
6c5h,2018-01-16T00:00:00.000+00:00
6c5j,2018-01-16T00:00:00.000+00:00
6c5k,2018-01-16T00:00:00.000+00:00
6c5q,2018-01-16T00:00:00.000+00:00
6c5t,2018-01-16T00:00:00.000+00:00
6c67,2018-01-17T00:00:00.000+00:00
6c6o,2018-01-19T00:00:00.000+00:00
6c7b,2018-01-22T00:00:00.000+00:00
6c7d,2018-01-22T00:00:00.000+00:00
6c7e,2018-01-22T00:00:00.000+00:00
6c7f,2018-01-22T00:00:00.000+00:00
6c7g,2018-01-22T00:00:00.000+00:00
6c7i,2018-01-22T00:00:00.000+00:00
6c7j,2018-01-22T00:00:00.000+00:00
6c7q,2018-01-23T00:00:00.000+00:00
6c7r,2018-01-23T00:00:00.000+00:00
6c7w,2018-01-23T00:00:00.000+00:00
6c7x,2018-01-23T00:00:00.000+00:00
6c85,2018-01-24T00:00:00.000+00:00
6c8c,2018-01-24T00:00:00.000+00:00
6c8p,2018-01-25T00:00:00.000+00:00
6c8x,2018-01-25T00:00:00.000+00:00
6c91,2018-01-25T00:00:00.000+00:00
6c98,2018-01-25T00:00:00.000+00:00
6c99,2018-01-25T00:00:00.000+00:00
6c9n,2018-01-28T00:00:00.000+00:00
6c9p,2018-01-28T00:00:00.000+00:00
6c9q,2018-01-28T00:00:00.000+00:00
6c9r,2018-01-28T00:00:00.000+00:00
6c9s,2018-01-28T00:00:00.000+00:00
6c9v,2018-01-28T00:00:00.000+00:00
6cb5,2018-02-02T00:00:00.000+00:00
6cbf,2018-02-02T00:00:00.000+00:00
6cbg,2018-02-02T00:00:00.000+00:00
6cbh,2018-02-02T00:00:00.000+00:00
6cc9,2018-02-06T00:00:00.000+00:00
6cck,2018-02-07T00:00:00.000+00:00
6ccl,2018-02-07T00:00:00.000+00:00
6ccm,2018-02-07T00:00:00.000+00:00
6ccn,2018-02-07T00:00:00.000+00:00
6cco,2018-02-07T00:00:00.000+00:00
6ccq,2018-02-07T00:00:00.000+00:00
6ccs,2018-02-07T00:00:00.000+00:00
6cct,2018-02-07T00:00:00.000+00:00
6ccu,2018-02-07T00:00:00.000+00:00
6ccx,2018-02-07T00:00:00.000+00:00
6ccy,2018-02-07T00:00:00.000+00:00
6cd4,2018-02-08T00:00:00.000+00:00
6cd5,2018-02-08T00:00:00.000+00:00
6cd8,2018-02-08T00:00:00.000+00:00
6cd9,2018-02-08T00:00:00.000+00:00
6cdc,2018-02-08T00:00:00.000+00:00
6cdg,2018-02-08T00:00:00.000+00:00
6cdj,2018-02-08T00:00:00.000+00:00
6cdl,2018-02-08T00:00:00.000+00:00
6cdm,2018-02-08T00:00:00.000+00:00
6cdo,2018-02-08T00:00:00.000+00:00
6cdp,2018-02-08T00:00:00.000+00:00
6ce2,2018-02-10T00:00:00.000+00:00
6ce6,2018-02-11T00:00:00.000+00:00
6ce8,2018-02-11T00:00:00.000+00:00
6cea,2018-02-11T00:00:00.000+00:00
6cec,2018-02-11T00:00:00.000+00:00
6ced,2018-02-11T00:00:00.000+00:00
6cee,2018-02-11T00:00:00.000+00:00
6cef,2018-02-11T00:00:00.000+00:00
6ceh,2018-02-11T00:00:00.000+00:00
6cen,2018-02-12T00:00:00.000+00:00
6cer,2018-02-12T00:00:00.000+00:00
6cex,2018-02-12T00:00:00.000+00:00
6cf5,2018-02-13T00:00:00.000+00:00
6cf6,2018-02-13T00:00:00.000+00:00
6cf7,2018-02-13T00:00:00.000+00:00
6cfc,2018-02-14T00:00:00.000+00:00
6cfd,2018-02-14T00:00:00.000+00:00
6cgp,2018-02-20T00:00:00.000+00:00
6cgt,1998-06-06T00:00:00.000+00:00
6cha,1987-02-06T00:00:00.000+00:00
6chh,2018-02-22T00:00:00.000+00:00
6chl,2018-02-22T00:00:00.000+00:00
6chm,2018-02-22T00:00:00.000+00:00
6chn,2018-02-22T00:00:00.000+00:00
6cho,2018-02-22T00:00:00.000+00:00
6chp,2018-02-22T00:00:00.000+00:00
6chq,2018-02-22T00:00:00.000+00:00
6cis,2018-02-25T00:00:00.000+00:00
6ciy,2018-02-25T00:00:00.000+00:00
6cj1,2018-02-25T00:00:00.000+00:00
6cj5,2018-02-26T00:00:00.000+00:00
6cje,2018-02-26T00:00:00.000+00:00
6cjh,2018-02-26T00:00:00.000+00:00
6cjj,2018-02-26T00:00:00.000+00:00
6cjp,2018-02-26T00:00:00.000+00:00
6cjr,2018-02-26T00:00:00.000+00:00
6cjs,2018-02-26T00:00:00.000+00:00
6cjv,2018-02-26T00:00:00.000+00:00
6cjw,2018-02-27T00:00:00.000+00:00
6cjy,2018-02-27T00:00:00.000+00:00
6ck3,2018-02-27T00:00:00.000+00:00
6ck6,2018-02-27T00:00:00.000+00:00
6ckc,2018-02-27T00:00:00.000+00:00
6cki,2018-02-28T00:00:00.000+00:00
6ckl,2018-02-28T00:00:00.000+00:00
6ckr,2018-02-28T00:00:00.000+00:00
6cks,2018-02-28T00:00:00.000+00:00
6ckw,2018-03-01T00:00:00.000+00:00
6ckx,2018-03-01T00:00:00.000+00:00
6clv,2018-03-02T00:00:00.000+00:00
6cmj,2018-03-05T00:00:00.000+00:00
6cmr,2018-03-06T00:00:00.000+00:00
6cms,2018-03-06T00:00:00.000+00:00
6cn5,2018-03-07T00:00:00.000+00:00
6cn6,2018-03-07T00:00:00.000+00:00
6cn8,2018-03-07T00:00:00.000+00:00
6cnj,2018-03-08T00:00:00.000+00:00
6cnk,2018-03-08T00:00:00.000+00:00
6co4,2018-03-11T00:00:00.000+00:00
6coj,2018-03-12T00:00:00.000+00:00
6cpa,1990-02-15T00:00:00.000+00:00
6cpw,2018-03-14T00:00:00.000+00:00
6cq0,2018-03-14T00:00:00.000+00:00
6cq1,2018-03-14T00:00:00.000+00:00
6cq4,2018-03-14T00:00:00.000+00:00
6cq5,2018-03-14T00:00:00.000+00:00
6cqf,2018-03-15T00:00:00.000+00:00
6cqt,2018-03-16T00:00:00.000+00:00
6cqz,2018-03-16T00:00:00.000+00:00
6cse,2018-03-20T00:00:00.000+00:00
6csf,2018-03-20T00:00:00.000+00:00
6csp,2018-03-21T00:00:00.000+00:00
6csq,2018-03-21T00:00:00.000+00:00
6csr,2018-03-21T00:00:00.000+00:00
6css,2018-03-21T00:00:00.000+00:00
6ct7,2018-03-22T00:00:00.000+00:00
6cus,2018-03-26T00:00:00.000+00:00
6cv8,2018-03-27T00:00:00.000+00:00
6cvd,2018-03-27T00:00:00.000+00:00
6cve,2018-03-28T00:00:00.000+00:00
6cvf,2018-03-28T00:00:00.000+00:00
6cvv,2018-03-29T00:00:00.000+00:00
6cvw,2018-03-29T00:00:00.000+00:00
6cvx,2018-03-29T00:00:00.000+00:00
6cvy,2018-03-29T00:00:00.000+00:00
6cw4,2018-03-29T00:00:00.000+00:00
6cw8,2018-03-30T00:00:00.000+00:00
6cwf,2018-03-30T00:00:00.000+00:00
6cwh,2018-03-30T00:00:00.000+00:00
6cwi,2018-03-30T00:00:00.000+00:00
6cwn,2018-03-30T00:00:00.000+00:00
6cyb,2018-04-05T00:00:00.000+00:00
6cyc,2018-04-05T00:00:00.000+00:00
6cyd,2018-04-05T00:00:00.000+00:00
6cyg,2018-04-05T00:00:00.000+00:00
6cyh,2018-04-05T00:00:00.000+00:00
6cyi,2018-04-05T00:00:00.000+00:00
6cz3,2018-04-07T00:00:00.000+00:00
6cz4,2018-04-07T00:00:00.000+00:00
6czb,2018-04-09T00:00:00.000+00:00
6czc,2018-04-09T00:00:00.000+00:00
6czd,2018-04-09T00:00:00.000+00:00
6cze,2018-04-09T00:00:00.000+00:00
6czi,2018-04-09T00:00:00.000+00:00
6czu,2018-04-09T00:00:00.000+00:00
6czv,2018-04-09T00:00:00.000+00:00
6d07,2018-04-10T00:00:00.000+00:00
6d08,2018-04-10T00:00:00.000+00:00
6d15,2018-04-11T00:00:00.000+00:00
6d16,2018-04-11T00:00:00.000+00:00
6d17,2018-04-11T00:00:00.000+00:00
6d18,2018-04-11T00:00:00.000+00:00
6d19,2018-04-11T00:00:00.000+00:00
6d1a,2018-04-11T00:00:00.000+00:00
6d1b,2018-04-11T00:00:00.000+00:00
6d1d,2018-04-11T00:00:00.000+00:00
6d1g,2018-04-11T00:00:00.000+00:00
6d1h,2018-04-11T00:00:00.000+00:00
6d1i,2018-04-11T00:00:00.000+00:00
6d1j,2018-04-11T00:00:00.000+00:00
6d1k,2018-04-11T00:00:00.000+00:00
6d1l,2018-04-12T00:00:00.000+00:00
6d1m,2018-04-12T00:00:00.000+00:00
6d1u,2018-04-12T00:00:00.000+00:00
6d1x,2018-04-12T00:00:00.000+00:00
6d28,2018-04-13T00:00:00.000+00:00
6d2o,2018-04-13T00:00:00.000+00:00
6d3g,2018-04-16T00:00:00.000+00:00
6d3q,2018-04-16T00:00:00.000+00:00
6d3x,2018-04-17T00:00:00.000+00:00
6d3y,2018-04-17T00:00:00.000+00:00
6d3z,2018-04-17T00:00:00.000+00:00
6d40,2018-04-17T00:00:00.000+00:00
6d49,2018-04-17T00:00:00.000+00:00
6d4a,2018-04-17T00:00:00.000+00:00
6d4o,2018-04-18T00:00:00.000+00:00
6d4q,2018-04-18T00:00:00.000+00:00
6d4r,2018-04-18T00:00:00.000+00:00
6d4s,2018-04-18T00:00:00.000+00:00
6d4t,2018-04-18T00:00:00.000+00:00
6d4u,2018-04-18T00:00:00.000+00:00
6d4v,2018-04-18T00:00:00.000+00:00
6d4w,2018-04-18T00:00:00.000+00:00
6d50,2018-04-19T00:00:00.000+00:00
6d55,2018-04-19T00:00:00.000+00:00
6d56,2018-04-19T00:00:00.000+00:00
6d59,2018-04-19T00:00:00.000+00:00
6d5e,2018-04-19T00:00:00.000+00:00
6d5g,2018-04-19T00:00:00.000+00:00
6d5h,2018-04-19T00:00:00.000+00:00
6d5j,2018-04-19T00:00:00.000+00:00
6d5w,2018-04-19T00:00:00.000+00:00
6d6t,2018-04-22T00:00:00.000+00:00
6d6u,2018-04-22T00:00:00.000+00:00
6d78,2018-04-24T00:00:00.000+00:00
6d8e,2018-04-26T00:00:00.000+00:00
6d8v,2018-04-27T00:00:00.000+00:00
6d9x,2018-04-30T00:00:00.000+00:00
6da4,2018-05-01T00:00:00.000+00:00
6dai,2018-05-01T00:00:00.000+00:00
6dak,2018-05-01T00:00:00.000+00:00
6dar,2018-05-01T00:00:00.000+00:00
6das,2018-05-01T00:00:00.000+00:00
6db3,2018-05-02T00:00:00.000+00:00
6db4,2018-05-02T00:00:00.000+00:00
6dcg,2018-05-06T00:00:00.000+00:00
6dcy,2018-05-08T00:00:00.000+00:00
6dcz,2018-05-08T00:00:00.000+00:00
6dd0,2018-05-08T00:00:00.000+00:00
6dd1,2018-05-08T00:00:00.000+00:00
6det,2018-05-13T00:00:00.000+00:00
6df1,2018-05-13T00:00:00.000+00:00
6df2,2018-05-13T00:00:00.000+00:00
6df4,2018-05-14T00:00:00.000+00:00
6df7,2018-05-14T00:00:00.000+00:00
6dge,2018-05-17T00:00:00.000+00:00
6dgl,2018-05-17T00:00:00.000+00:00
6dgo,2018-05-17T00:00:00.000+00:00
6dgq,2018-05-17T00:00:00.000+00:00
6dgr,2018-05-18T00:00:00.000+00:00
6dgt,2018-05-18T00:00:00.000+00:00
6dgx,2018-05-18T00:00:00.000+00:00
6dgy,2018-05-18T00:00:00.000+00:00
6dgz,2018-05-18T00:00:00.000+00:00
6dh0,2018-05-18T00:00:00.000+00:00
6dh1,2018-05-18T00:00:00.000+00:00
6dh2,2018-05-18T00:00:00.000+00:00
6dh3,2018-05-18T00:00:00.000+00:00
6dh4,2018-05-18T00:00:00.000+00:00
6dh5,2018-05-18T00:00:00.000+00:00
6dh6,2018-05-18T00:00:00.000+00:00
6dh7,2018-05-18T00:00:00.000+00:00
6dh8,2018-05-18T00:00:00.000+00:00
6dha,2018-05-18T00:00:00.000+00:00
6dhc,2018-05-19T00:00:00.000+00:00
6dhu,2018-05-21T00:00:00.000+00:00
6di0,2018-05-22T00:00:00.000+00:00
6di1,2018-05-22T00:00:00.000+00:00
6die,2018-05-23T00:00:00.000+00:00
6dif,2018-05-23T00:00:00.000+00:00
6dih,2018-05-23T00:00:00.000+00:00
6dik,2018-05-23T00:00:00.000+00:00
6dil,2018-05-23T00:00:00.000+00:00
6dim,2018-05-23T00:00:00.000+00:00
6dj1,2018-05-24T00:00:00.000+00:00
6dj2,2018-05-24T00:00:00.000+00:00
6dj5,2018-05-24T00:00:00.000+00:00
6dj7,2018-05-24T00:00:00.000+00:00
6djc,2018-05-25T00:00:00.000+00:00
6djd,2018-05-25T00:00:00.000+00:00
6dji,2018-05-25T00:00:00.000+00:00
6djj,2018-05-25T00:00:00.000+00:00
6dk1,2018-05-28T00:00:00.000+00:00
6dkb,2018-05-29T00:00:00.000+00:00
6dkg,2018-05-29T00:00:00.000+00:00
6dki,2018-05-29T00:00:00.000+00:00
6dko,2018-05-30T00:00:00.000+00:00
6dkp,2018-05-30T00:00:00.000+00:00
6dl2,2018-05-31T00:00:00.000+00:00
6dl9,2018-05-31T00:00:00.000+00:00
6dlj,2018-06-01T00:00:00.000+00:00
6dlx,2018-06-04T00:00:00.000+00:00
6dm8,2018-06-04T00:00:00.000+00:00
6dn5,2018-06-06T00:00:00.000+00:00
6dn6,2018-06-06T00:00:00.000+00:00
6dne,2018-06-06T00:00:00.000+00:00
6dnp,2018-06-07T00:00:00.000+00:00
6do1,2018-06-08T00:00:00.000+00:00
6do3,2018-06-08T00:00:00.000+00:00
6do4,2018-06-08T00:00:00.000+00:00
6do5,2018-06-08T00:00:00.000+00:00
6dpt,2018-06-09T00:00:00.000+00:00
6dpx,2018-06-09T00:00:00.000+00:00
6dpy,2018-06-09T00:00:00.000+00:00
6dpz,2018-06-09T00:00:00.000+00:00
6dq4,2018-06-10T00:00:00.000+00:00
6dq5,2018-06-10T00:00:00.000+00:00
6dq6,2018-06-10T00:00:00.000+00:00
6dq8,2018-06-10T00:00:00.000+00:00
6dqa,2018-06-10T00:00:00.000+00:00
6dqb,2018-06-10T00:00:00.000+00:00
6dql,2018-06-11T00:00:00.000+00:00
6drg,2018-06-11T00:00:00.000+00:00
6drt,2018-06-13T00:00:00.000+00:00
6drx,2018-06-13T00:00:00.000+00:00
6dry,2018-06-13T00:00:00.000+00:00
6drz,2018-06-13T00:00:00.000+00:00
6ds0,2018-06-13T00:00:00.000+00:00
6dsp,2018-06-14T00:00:00.000+00:00
6dtn,2018-06-18T00:00:00.000+00:00
6dtw,2018-06-18T00:00:00.000+00:00
6dtx,2018-06-18T00:00:00.000+00:00
6dub,2018-06-20T00:00:00.000+00:00
6dud,2018-06-20T00:00:00.000+00:00
6duf,2018-06-20T00:00:00.000+00:00
6dug,2018-06-20T00:00:00.000+00:00
6duh,2018-06-20T00:00:00.000+00:00
6duk,2018-06-21T00:00:00.000+00:00
6dvl,2018-06-24T00:00:00.000+00:00
6dvm,2018-06-24T00:00:00.000+00:00
6dvn,2018-06-24T00:00:00.000+00:00
6dvo,2018-06-24T00:00:00.000+00:00
6dxg,2018-06-28T00:00:00.000+00:00
6dxl,2018-06-29T00:00:00.000+00:00
6dxx,2018-07-01T00:00:00.000+00:00
6dy7,2018-07-01T00:00:00.000+00:00
6dya,2018-07-01T00:00:00.000+00:00
6dyn,2018-07-02T00:00:00.000+00:00
6dyo,2018-07-02T00:00:00.000+00:00
6dyr,2018-07-02T00:00:00.000+00:00
6dys,2018-07-02T00:00:00.000+00:00
6dyu,2018-07-02T00:00:00.000+00:00
6dyv,2018-07-02T00:00:00.000+00:00
6dyw,2018-07-02T00:00:00.000+00:00
6dyy,2018-07-02T00:00:00.000+00:00
6dyz,2018-07-02T00:00:00.000+00:00
6dz0,2018-07-02T00:00:00.000+00:00
6dz2,2018-07-02T00:00:00.000+00:00
6dz3,2018-07-02T00:00:00.000+00:00
6dzq,2018-07-05T00:00:00.000+00:00
6dzv,2018-07-05T00:00:00.000+00:00
6dzx,2018-07-05T00:00:00.000+00:00
6dzy,2018-07-05T00:00:00.000+00:00
6e05,2018-07-06T00:00:00.000+00:00
6e06,2018-07-06T00:00:00.000+00:00
6e0q,2018-07-06T00:00:00.000+00:00
6e0r,2018-07-06T00:00:00.000+00:00
6e13,2018-07-09T00:00:00.000+00:00
6e1a,2018-07-09T00:00:00.000+00:00
6e1y,2018-07-10T00:00:00.000+00:00
6e1z,2018-07-10T00:00:00.000+00:00
6e22,2018-07-10T00:00:00.000+00:00
6e23,2018-07-10T00:00:00.000+00:00
6e2m,2018-07-11T00:00:00.000+00:00
6e2n,2018-07-11T00:00:00.000+00:00
6e2o,2018-07-11T00:00:00.000+00:00
6e3g,2018-07-13T00:00:00.000+00:00
6e3m,2018-07-14T00:00:00.000+00:00
6e3n,2018-07-14T00:00:00.000+00:00
6e3o,2018-07-14T00:00:00.000+00:00
6e3p,2018-07-14T00:00:00.000+00:00
6e3s,2018-07-15T00:00:00.000+00:00
6e3z,2018-07-16T00:00:00.000+00:00
6e49,2018-07-17T00:00:00.000+00:00
6e4a,2018-07-17T00:00:00.000+00:00
6e4c,2018-07-17T00:00:00.000+00:00
6e4f,2018-07-17T00:00:00.000+00:00
6e4t,2018-07-18T00:00:00.000+00:00
6e4u,2018-07-18T00:00:00.000+00:00
6e4v,2018-07-18T00:00:00.000+00:00
6e4w,2018-07-18T00:00:00.000+00:00
6e59,2018-07-19T00:00:00.000+00:00
6e5b,2018-07-19T00:00:00.000+00:00
6e5g,2018-07-20T00:00:00.000+00:00
6e5l,2018-07-20T00:00:00.000+00:00
6e5s,2018-07-22T00:00:00.000+00:00
6e5t,2018-07-23T00:00:00.000+00:00
6e5x,2018-07-23T00:00:00.000+00:00
6e6j,2018-07-25T00:00:00.000+00:00
6e6m,2018-07-25T00:00:00.000+00:00
6e6v,2018-07-25T00:00:00.000+00:00
6e6w,2018-07-25T00:00:00.000+00:00
6e7j,2018-07-26T00:00:00.000+00:00
6e7m,2018-07-26T00:00:00.000+00:00
6e7r,2018-07-27T00:00:00.000+00:00
6e7s,2018-07-27T00:00:00.000+00:00
6e7t,2018-07-27T00:00:00.000+00:00
6e7u,2018-07-27T00:00:00.000+00:00
6e7v,2018-07-27T00:00:00.000+00:00
6e7w,2018-07-27T00:00:00.000+00:00
6e7x,2018-07-27T00:00:00.000+00:00
6e83,2018-07-27T00:00:00.000+00:00
6e86,2018-07-27T00:00:00.000+00:00
6e8k,2018-07-30T00:00:00.000+00:00
6e8m,2018-07-30T00:00:00.000+00:00
6e8x,2018-07-31T00:00:00.000+00:00
6e91,2018-07-31T00:00:00.000+00:00
6e92,2018-07-31T00:00:00.000+00:00
6e99,2018-07-31T00:00:00.000+00:00
6e9a,2018-07-31T00:00:00.000+00:00
6e9l,2018-08-01T00:00:00.000+00:00
6e9w,2018-08-01T00:00:00.000+00:00
6ea1,2018-08-02T00:00:00.000+00:00
6ea2,2018-08-02T00:00:00.000+00:00
6eaa,2018-08-02T00:00:00.000+00:00
6eab,2018-08-02T00:00:00.000+00:00
6eb1,2018-08-03T00:00:00.000+00:00
6eb2,2018-08-03T00:00:00.000+00:00
6ebe,2018-08-06T00:00:00.000+00:00
6ebw,2018-08-07T00:00:00.000+00:00
6ecz,2018-08-08T00:00:00.000+00:00
6ed6,2018-08-08T00:00:00.000+00:00
6eda,2018-08-09T00:00:00.000+00:00
6edl,2018-08-09T00:00:00.000+00:00
6edr,2018-08-10T00:00:00.000+00:00
6eds,2018-08-10T00:00:00.000+00:00
6ee2,2018-08-13T00:00:00.000+00:00
6ee3,2018-08-13T00:00:00.000+00:00
6ee4,2018-08-13T00:00:00.000+00:00
6ee6,2018-08-13T00:00:00.000+00:00
6eea,2018-08-13T00:00:00.000+00:00
6eeb,2018-08-13T00:00:00.000+00:00
6eed,2018-08-13T00:00:00.000+00:00
6eee,2018-08-13T00:00:00.000+00:00
6eeh,2018-08-14T00:00:00.000+00:00
6eeo,2018-08-15T00:00:00.000+00:00
6efj,2018-08-16T00:00:00.000+00:00
6efk,2018-08-16T00:00:00.000+00:00
6eg9,2018-08-19T00:00:00.000+00:00
6ega,2018-08-19T00:00:00.000+00:00
6egs,2017-09-12T00:00:00.000+00:00
6egw,2017-09-12T00:00:00.000+00:00
6eh2,2017-09-12T00:00:00.000+00:00
6ehh,2017-09-13T00:00:00.000+00:00
6ei4,2017-09-17T00:00:00.000+00:00
6ei5,2017-09-17T00:00:00.000+00:00
6eif,2017-09-19T00:00:00.000+00:00
6eij,2017-09-19T00:00:00.000+00:00
6eil,2017-09-19T00:00:00.000+00:00
6eip,2017-09-19T00:00:00.000+00:00
6eiq,2017-09-19T00:00:00.000+00:00
6eir,2017-09-19T00:00:00.000+00:00
6eis,2017-09-19T00:00:00.000+00:00
6eiz,2017-09-19T00:00:00.000+00:00
6ej2,2017-09-20T00:00:00.000+00:00
6ej3,2017-09-20T00:00:00.000+00:00
6ej4,2017-09-20T00:00:00.000+00:00
6eji,2017-09-21T00:00:00.000+00:00
6ek3,2017-09-25T00:00:00.000+00:00
6ekd,2017-09-26T00:00:00.000+00:00
6ekn,2017-09-26T00:00:00.000+00:00
6ekq,2017-09-26T00:00:00.000+00:00
6eks,2017-09-27T00:00:00.000+00:00
6eku,2017-09-27T00:00:00.000+00:00
6el5,2017-09-27T00:00:00.000+00:00
6ela,2017-09-28T00:00:00.000+00:00
6eln,2017-09-29T00:00:00.000+00:00
6elo,2017-09-29T00:00:00.000+00:00
6elp,2017-09-29T00:00:00.000+00:00
6em6,2017-10-01T00:00:00.000+00:00
6em7,2017-10-01T00:00:00.000+00:00
6ema,2017-10-01T00:00:00.000+00:00
6emh,2017-10-02T00:00:00.000+00:00
6emu,2017-10-03T00:00:00.000+00:00
6en4,2017-10-04T00:00:00.000+00:00
6en5,2017-10-04T00:00:00.000+00:00
6en6,2017-10-04T00:00:00.000+00:00
6enm,2017-10-05T00:00:00.000+00:00
6eo8,2017-10-09T00:00:00.000+00:00
6eo9,2017-10-09T00:00:00.000+00:00
6eog,2017-10-09T00:00:00.000+00:00
6eol,2017-10-09T00:00:00.000+00:00
6eox,2017-10-10T00:00:00.000+00:00
6ep4,2017-10-10T00:00:00.000+00:00
6ep9,2017-10-11T00:00:00.000+00:00
6epa,2017-10-11T00:00:00.000+00:00
6epy,2017-10-12T00:00:00.000+00:00
6epz,2017-10-12T00:00:00.000+00:00
6eq1,2017-10-12T00:00:00.000+00:00
6eq2,2017-10-12T00:00:00.000+00:00
6eq3,2017-10-12T00:00:00.000+00:00
6eq4,2017-10-12T00:00:00.000+00:00
6eq5,2017-10-12T00:00:00.000+00:00
6eq6,2017-10-12T00:00:00.000+00:00
6eq7,2017-10-12T00:00:00.000+00:00
6eq8,2017-10-12T00:00:00.000+00:00
6eqa,2017-10-12T00:00:00.000+00:00
6eqm,2017-10-13T00:00:00.000+00:00
6eqp,2017-10-14T00:00:00.000+00:00
6equ,2017-10-15T00:00:00.000+00:00
6eqv,2017-10-16T00:00:00.000+00:00
6eqw,2017-10-16T00:00:00.000+00:00
6eqx,2017-10-16T00:00:00.000+00:00
6er3,2017-10-16T00:00:00.000+00:00
6er4,2017-10-16T00:00:00.000+00:00
6ert,2017-10-19T00:00:00.000+00:00
6eru,2017-10-19T00:00:00.000+00:00
6erv,2017-10-19T00:00:00.000+00:00
6erw,2017-10-19T00:00:00.000+00:00
6es0,2017-10-19T00:00:00.000+00:00
6esa,2017-10-19T00:00:00.000+00:00
6esj,2017-10-20T00:00:00.000+00:00
6esm,2017-10-23T00:00:00.000+00:00
6esn,2017-10-23T00:00:00.000+00:00
6esy,2017-10-24T00:00:00.000+00:00
6et8,2017-10-25T00:00:00.000+00:00
6etg,2017-10-26T00:00:00.000+00:00
6etj,2017-10-26T00:00:00.000+00:00
6ets,2017-10-27T00:00:00.000+00:00
6ety,2017-10-27T00:00:00.000+00:00
6eu6,2017-10-28T00:00:00.000+00:00
6euc,2017-10-30T00:00:00.000+00:00
6eum,2017-10-30T00:00:00.000+00:00
6euv,2017-10-31T00:00:00.000+00:00
6euw,2017-10-31T00:00:00.000+00:00
6eux,2017-10-31T00:00:00.000+00:00
6euz,2017-10-31T00:00:00.000+00:00
6ev0,2017-10-31T00:00:00.000+00:00
6evm,2017-11-02T00:00:00.000+00:00
6evn,2017-11-02T00:00:00.000+00:00
6evo,2017-11-02T00:00:00.000+00:00
6evp,2017-11-02T00:00:00.000+00:00
6evq,2017-11-02T00:00:00.000+00:00
6evr,2017-11-02T00:00:00.000+00:00
6ew3,2017-11-03T00:00:00.000+00:00
6ew6,2017-11-03T00:00:00.000+00:00
6ew7,2017-11-03T00:00:00.000+00:00
6ewe,2017-11-03T00:00:00.000+00:00
6ewk,2017-11-04T00:00:00.000+00:00
6eww,2017-11-06T00:00:00.000+00:00
6ex0,2017-11-07T00:00:00.000+00:00
6ex1,2017-11-07T00:00:00.000+00:00
6exi,2017-11-08T00:00:00.000+00:00
6exj,2017-11-08T00:00:00.000+00:00
6exm,2017-11-08T00:00:00.000+00:00
6exs,2017-11-09T00:00:00.000+00:00
6ey7,2017-11-10T00:00:00.000+00:00
6ey8,2017-11-11T00:00:00.000+00:00
6ey9,2017-11-11T00:00:00.000+00:00
6eya,2017-11-11T00:00:00.000+00:00
6eyb,2017-11-11T00:00:00.000+00:00
6eyt,2017-11-13T00:00:00.000+00:00
6eyz,2017-11-13T00:00:00.000+00:00
6ez6,2017-11-14T00:00:00.000+00:00
6ez9,2017-11-14T00:00:00.000+00:00
6ezg,2017-11-15T00:00:00.000+00:00
6ezh,2017-11-15T00:00:00.000+00:00
6ezi,2017-11-15T00:00:00.000+00:00
6ezq,2017-11-16T00:00:00.000+00:00
6f05,2017-11-17T00:00:00.000+00:00
6f08,2017-11-17T00:00:00.000+00:00
6f09,2017-11-17T00:00:00.000+00:00
6f0y,2017-11-21T00:00:00.000+00:00
6f1j,2017-11-22T00:00:00.000+00:00
6f1n,2017-11-22T00:00:00.000+00:00
6f1w,2017-11-23T00:00:00.000+00:00
6f1x,2017-11-23T00:00:00.000+00:00
6f20,2017-11-23T00:00:00.000+00:00
6f22,2017-11-23T00:00:00.000+00:00
6f23,2017-11-23T00:00:00.000+00:00
6f26,2017-11-23T00:00:00.000+00:00
6f28,2017-11-23T00:00:00.000+00:00
6f29,2017-11-23T00:00:00.000+00:00
6f2n,2017-11-24T00:00:00.000+00:00
6f34,2017-11-27T00:00:00.000+00:00
6f3b,2017-11-28T00:00:00.000+00:00
6f3d,2017-11-28T00:00:00.000+00:00
6f3e,2017-11-28T00:00:00.000+00:00
6f3f,2017-11-28T00:00:00.000+00:00
6f3g,2017-11-28T00:00:00.000+00:00
6f3i,2017-11-28T00:00:00.000+00:00
6f4n,2017-11-29T00:00:00.000+00:00
6f4w,2017-11-30T00:00:00.000+00:00
6f4x,2017-11-30T00:00:00.000+00:00
6f55,2017-11-30T00:00:00.000+00:00
6f5h,2017-12-01T00:00:00.000+00:00
6f5l,2017-12-01T00:00:00.000+00:00
6f5m,2017-12-01T00:00:00.000+00:00
6f5u,2017-12-03T00:00:00.000+00:00
6f5w,2017-12-04T00:00:00.000+00:00
6f6d,2017-12-05T00:00:00.000+00:00
6f6i,2017-12-05T00:00:00.000+00:00
6f6n,2017-12-05T00:00:00.000+00:00
6f6r,2017-12-06T00:00:00.000+00:00
6f6s,2017-12-06T00:00:00.000+00:00
6f6u,2017-12-06T00:00:00.000+00:00
6f7b,2017-12-08T00:00:00.000+00:00
6f7c,2017-12-08T00:00:00.000+00:00
6f7i,2017-12-09T00:00:00.000+00:00
6f7q,2017-12-11T00:00:00.000+00:00
6f7t,2017-12-11T00:00:00.000+00:00
6f86,2017-12-12T00:00:00.000+00:00
6f8b,2017-12-12T00:00:00.000+00:00
6f8g,2017-12-13T00:00:00.000+00:00
6f8j,2017-12-13T00:00:00.000+00:00
6f8r,2017-12-13T00:00:00.000+00:00
6f8t,2017-12-13T00:00:00.000+00:00
6f8u,2017-12-13T00:00:00.000+00:00
6f8v,2017-12-13T00:00:00.000+00:00
6f8w,2017-12-13T00:00:00.000+00:00
6f8x,2017-12-13T00:00:00.000+00:00
6f90,2017-12-13T00:00:00.000+00:00
6f92,2017-12-13T00:00:00.000+00:00
6f94,2017-12-14T00:00:00.000+00:00
6f96,2017-12-14T00:00:00.000+00:00
6f9g,2017-12-14T00:00:00.000+00:00
6f9r,2017-12-15T00:00:00.000+00:00
6f9t,2017-12-15T00:00:00.000+00:00
6f9u,2017-12-15T00:00:00.000+00:00
6f9v,2017-12-15T00:00:00.000+00:00
6fa2,2017-12-15T00:00:00.000+00:00
6fa3,2017-12-15T00:00:00.000+00:00
6fa4,2017-12-15T00:00:00.000+00:00
6fa5,2017-12-15T00:00:00.000+00:00
6faa,2017-12-15T00:00:00.000+00:00
6fac,2017-12-15T00:00:00.000+00:00
6faf,2017-12-15T00:00:00.000+00:00
6fag,2017-12-15T00:00:00.000+00:00
6fam,2017-12-15T00:00:00.000+00:00
6fap,2017-12-16T00:00:00.000+00:00
6fau,2017-12-18T00:00:00.000+00:00
6fav,2017-12-18T00:00:00.000+00:00
6faw,2017-12-18T00:00:00.000+00:00
6fba,2017-12-18T00:00:00.000+00:00
6fbv,2017-12-19T00:00:00.000+00:00
6fbw,2017-12-20T00:00:00.000+00:00
6fby,2017-12-20T00:00:00.000+00:00
6fc6,2017-12-20T00:00:00.000+00:00
6fcj,2017-12-20T00:00:00.000+00:00
6fcl,2017-12-20T00:00:00.000+00:00
6fdc,2017-12-22T00:00:00.000+00:00
6fdp,2017-12-26T00:00:00.000+00:00
6fdq,2017-12-26T00:00:00.000+00:00
6fdt,2017-12-26T00:00:00.000+00:00
6fdu,2017-12-26T00:00:00.000+00:00
6fe0,2017-12-28T00:00:00.000+00:00
6fe1,2017-12-28T00:00:00.000+00:00
6fe5,2017-12-29T00:00:00.000+00:00
6fel,2018-01-02T00:00:00.000+00:00
6fer,2018-01-03T00:00:00.000+00:00
6few,2018-01-03T00:00:00.000+00:00
6fex,2018-01-03T00:00:00.000+00:00
6ffe,2018-01-07T00:00:00.000+00:00
6fff,2018-01-07T00:00:00.000+00:00
6ffg,2018-01-07T00:00:00.000+00:00
6ffh,2018-01-08T00:00:00.000+00:00
6ffi,2018-01-08T00:00:00.000+00:00
6ffn,2018-01-08T00:00:00.000+00:00
6ffs,2018-01-09T00:00:00.000+00:00
6fg6,2018-01-10T00:00:00.000+00:00
6fgc,2018-01-10T00:00:00.000+00:00
6fgf,2018-01-10T00:00:00.000+00:00
6fgg,2018-01-10T00:00:00.000+00:00
6fgl,2018-01-11T00:00:00.000+00:00
6fgq,2018-01-11T00:00:00.000+00:00
6fgy,2018-01-11T00:00:00.000+00:00
6fh6,2018-01-12T00:00:00.000+00:00
6fh7,2018-01-12T00:00:00.000+00:00
6fhk,2018-01-14T00:00:00.000+00:00
6fhq,2018-01-15T00:00:00.000+00:00
6fhu,2018-01-15T00:00:00.000+00:00
6fi1,2018-01-16T00:00:00.000+00:00
6fi4,2018-01-17T00:00:00.000+00:00
6fi5,2018-01-17T00:00:00.000+00:00
6fii,2018-01-18T00:00:00.000+00:00
6fil,2018-01-19T00:00:00.000+00:00
6fiv,1998-12-02T00:00:00.000+00:00
6fjf,2018-01-22T00:00:00.000+00:00
6fjm,2018-01-22T00:00:00.000+00:00
6fkp,2018-01-24T00:00:00.000+00:00
6fkq,2018-01-24T00:00:00.000+00:00
6fky,2018-01-25T00:00:00.000+00:00
6fkz,2018-01-25T00:00:00.000+00:00
6flg,2018-01-25T00:00:00.000+00:00
6fmc,2018-01-30T00:00:00.000+00:00
6fmf,2018-01-31T00:00:00.000+00:00
6fmi,2018-01-31T00:00:00.000+00:00
6fmj,2018-01-31T00:00:00.000+00:00
6fmk,2018-01-31T00:00:00.000+00:00
6fmn,2018-02-01T00:00:00.000+00:00
6fmp,2018-02-01T00:00:00.000+00:00
6fn9,2018-02-02T00:00:00.000+00:00
6fne,2018-02-03T00:00:00.000+00:00
6fnf,2018-02-04T00:00:00.000+00:00
6fng,2018-02-04T00:00:00.000+00:00
6fni,2018-02-04T00:00:00.000+00:00
6fnj,2018-02-04T00:00:00.000+00:00
6fnq,2018-02-05T00:00:00.000+00:00
6fnr,2018-02-05T00:00:00.000+00:00
6fns,2018-02-05T00:00:00.000+00:00
6fnt,2018-02-05T00:00:00.000+00:00
6fnx,2018-02-05T00:00:00.000+00:00
6fo5,2018-02-06T00:00:00.000+00:00
6fo7,2018-02-06T00:00:00.000+00:00
6fo8,2018-02-06T00:00:00.000+00:00
6fo9,2018-02-06T00:00:00.000+00:00
6fob,2018-02-06T00:00:00.000+00:00
6fod,2018-02-07T00:00:00.000+00:00
6fpu,2018-02-12T00:00:00.000+00:00
6fqo,2018-02-14T00:00:00.000+00:00
6fqu,2018-02-14T00:00:00.000+00:00
6fr0,2018-02-15T00:00:00.000+00:00
6fr2,2018-02-15T00:00:00.000+00:00
6frf,2018-02-15T00:00:00.000+00:00
6frj,2018-02-16T00:00:00.000+00:00
6fs0,2018-02-18T00:00:00.000+00:00
6fs1,2018-02-18T00:00:00.000+00:00
6fsd,2018-02-19T00:00:00.000+00:00
6fse,2018-02-19T00:00:00.000+00:00
6fsy,2018-02-20T00:00:00.000+00:00
6ft3,2018-02-20T00:00:00.000+00:00
6ft4,2018-02-20T00:00:00.000+00:00
6ft7,2018-02-20T00:00:00.000+00:00
6ft8,2018-02-20T00:00:00.000+00:00
6ft9,2018-02-20T00:00:00.000+00:00
6ftf,2018-02-21T00:00:00.000+00:00
6ftn,2018-02-22T00:00:00.000+00:00
6ftp,2018-02-22T00:00:00.000+00:00
6ftw,2018-02-24T00:00:00.000+00:00
6fty,2018-02-26T00:00:00.000+00:00
6ftz,2018-02-26T00:00:00.000+00:00
6fu1,2018-02-26T00:00:00.000+00:00
6fu4,2018-02-26T00:00:00.000+00:00
6fu5,2018-02-26T00:00:00.000+00:00
6fug,2018-02-27T00:00:00.000+00:00
6fuh,2018-02-27T00:00:00.000+00:00
6fui,2018-02-27T00:00:00.000+00:00
6fuj,2018-02-27T00:00:00.000+00:00
6ful,2018-02-27T00:00:00.000+00:00
6fut,2018-02-27T00:00:00.000+00:00
6fv1,2018-02-28T00:00:00.000+00:00
6fv2,2018-02-28T00:00:00.000+00:00
6fv4,2018-03-01T00:00:00.000+00:00
6fvl,2018-03-04T00:00:00.000+00:00
6fvm,2018-03-04T00:00:00.000+00:00
6fvn,2018-03-04T00:00:00.000+00:00
6fvo,2018-03-04T00:00:00.000+00:00
6fx1,2018-03-08T00:00:00.000+00:00
6fyi,2018-03-12T00:00:00.000+00:00
6fyk,2018-03-12T00:00:00.000+00:00
6fyl,2018-03-12T00:00:00.000+00:00
6fym,2018-03-12T00:00:00.000+00:00
6fyp,2018-03-12T00:00:00.000+00:00
6fyv,2018-03-12T00:00:00.000+00:00
6fyz,2018-03-13T00:00:00.000+00:00
6fz4,2018-03-14T00:00:00.000+00:00
6fzf,2018-03-14T00:00:00.000+00:00
6fzg,2018-03-14T00:00:00.000+00:00
6fzj,2018-03-14T00:00:00.000+00:00
6fzm,2018-03-15T00:00:00.000+00:00
6fzp,2018-03-15T00:00:00.000+00:00
6fzu,2018-03-15T00:00:00.000+00:00
6fzx,2018-03-15T00:00:00.000+00:00
6g01,2018-03-15T00:00:00.000+00:00
6g02,2018-03-15T00:00:00.000+00:00
6g07,2018-03-16T00:00:00.000+00:00
6g0q,2018-03-19T00:00:00.000+00:00
6g0v,2018-03-19T00:00:00.000+00:00
6g0w,2018-03-20T00:00:00.000+00:00
6g15,2018-03-20T00:00:00.000+00:00
6g1u,2018-03-22T00:00:00.000+00:00
6g1v,2018-03-22T00:00:00.000+00:00
6g1w,2018-03-22T00:00:00.000+00:00
6g22,2018-03-22T00:00:00.000+00:00
6g24,2018-03-22T00:00:00.000+00:00
6g25,2018-03-22T00:00:00.000+00:00
6g27,2018-03-22T00:00:00.000+00:00
6g28,2018-03-22T00:00:00.000+00:00
6g29,2018-03-22T00:00:00.000+00:00
6g2a,2018-03-22T00:00:00.000+00:00
6g2b,2018-03-22T00:00:00.000+00:00
6g2c,2018-03-22T00:00:00.000+00:00
6g2e,2018-03-23T00:00:00.000+00:00
6g2f,2018-03-23T00:00:00.000+00:00
6g2l,2018-03-23T00:00:00.000+00:00
6g2m,2018-03-23T00:00:00.000+00:00
6g2n,2018-03-23T00:00:00.000+00:00
6g2o,2018-03-23T00:00:00.000+00:00
6g2r,2018-03-23T00:00:00.000+00:00
6g2s,2018-03-23T00:00:00.000+00:00
6g33,2018-03-24T00:00:00.000+00:00
6g34,2018-03-24T00:00:00.000+00:00
6g35,2018-03-24T00:00:00.000+00:00
6g36,2018-03-24T00:00:00.000+00:00
6g37,2018-03-24T00:00:00.000+00:00
6g38,2018-03-24T00:00:00.000+00:00
6g39,2018-03-24T00:00:00.000+00:00
6g3a,2018-03-24T00:00:00.000+00:00
6g3c,2018-03-24T00:00:00.000+00:00
6g3o,2018-03-26T00:00:00.000+00:00
6g3q,2018-03-26T00:00:00.000+00:00
6g3v,2018-03-26T00:00:00.000+00:00
6g3y,2018-03-26T00:00:00.000+00:00
6g46,2018-03-26T00:00:00.000+00:00
6g47,2018-03-26T00:00:00.000+00:00
6g4m,2018-03-28T00:00:00.000+00:00
6g4n,2018-03-28T00:00:00.000+00:00
6g4y,2018-03-28T00:00:00.000+00:00
6g4z,2018-03-28T00:00:00.000+00:00
6g5j,2018-03-29T00:00:00.000+00:00
6g5l,2018-03-29T00:00:00.000+00:00
6g5u,2018-03-30T00:00:00.000+00:00
6g6t,2018-04-03T00:00:00.000+00:00
6g6w,2018-04-03T00:00:00.000+00:00
6g6y,2018-04-03T00:00:00.000+00:00
6g6z,2018-04-04T00:00:00.000+00:00
6g7a,2018-04-05T00:00:00.000+00:00
6g7f,2018-04-05T00:00:00.000+00:00
6g84,2018-04-07T00:00:00.000+00:00
6g85,2018-04-07T00:00:00.000+00:00
6g86,2018-04-07T00:00:00.000+00:00
6g8m,2018-04-09T00:00:00.000+00:00
6g8n,2018-04-09T00:00:00.000+00:00
6g91,2018-04-10T00:00:00.000+00:00
6g92,2018-04-10T00:00:00.000+00:00
6g93,2018-04-10T00:00:00.000+00:00
6g97,2018-04-10T00:00:00.000+00:00
6g98,2018-04-10T00:00:00.000+00:00
6g9a,2018-04-10T00:00:00.000+00:00
6g9b,2018-04-10T00:00:00.000+00:00
6g9d,2018-04-10T00:00:00.000+00:00
6g9f,2018-04-10T00:00:00.000+00:00
6g9h,2018-04-10T00:00:00.000+00:00
6g9i,2018-04-10T00:00:00.000+00:00
6g9j,2018-04-10T00:00:00.000+00:00
6g9k,2018-04-11T00:00:00.000+00:00
6g9m,2018-04-11T00:00:00.000+00:00
6g9n,2018-04-11T00:00:00.000+00:00
6g9s,2018-04-11T00:00:00.000+00:00
6g9u,2018-04-11T00:00:00.000+00:00
6g9x,2018-04-11T00:00:00.000+00:00
6gbe,2018-04-13T00:00:00.000+00:00
6gbw,2018-04-16T00:00:00.000+00:00
6gbx,2018-04-16T00:00:00.000+00:00
6gch,1990-04-06T00:00:00.000+00:00
6gcl,2018-04-18T00:00:00.000+00:00
6gcr,2018-04-19T00:00:00.000+00:00
6gcw,2018-04-19T00:00:00.000+00:00
6gcx,2018-04-19T00:00:00.000+00:00
6gdg,2018-04-23T00:00:00.000+00:00
6gdy,2018-04-24T00:00:00.000+00:00
6ge0,2018-04-25T00:00:00.000+00:00
6ge7,2018-04-25T00:00:00.000+00:00
6gev,2018-04-27T00:00:00.000+00:00
6gf3,2018-04-29T00:00:00.000+00:00
6gf9,2018-04-29T00:00:00.000+00:00
6gfm,2018-05-01T00:00:00.000+00:00
6gfs,2018-05-02T00:00:00.000+00:00
6gfx,2018-05-02T00:00:00.000+00:00
6gfy,2018-05-02T00:00:00.000+00:00
6gfz,2018-05-02T00:00:00.000+00:00
6gg3,2018-05-02T00:00:00.000+00:00
6gg4,2018-05-02T00:00:00.000+00:00
6gg5,2018-05-02T00:00:00.000+00:00
6gg8,2018-05-03T00:00:00.000+00:00
6gga,2018-05-03T00:00:00.000+00:00
6ggb,2018-05-03T00:00:00.000+00:00
6ggd,2018-05-03T00:00:00.000+00:00
6gge,2018-05-03T00:00:00.000+00:00
6ggf,2018-05-03T00:00:00.000+00:00
6ggg,2018-05-03T00:00:00.000+00:00
6ggn,2018-05-03T00:00:00.000+00:00
6ggv,2018-05-04T00:00:00.000+00:00
6gh9,2018-05-06T00:00:00.000+00:00
6ghh,2018-05-07T00:00:00.000+00:00
6ghj,2018-05-08T00:00:00.000+00:00
6ghp,2018-05-08T00:00:00.000+00:00
6ghv,2018-05-09T00:00:00.000+00:00
6gi6,2018-05-10T00:00:00.000+00:00
6gih,2018-05-11T00:00:00.000+00:00
6gin,2018-05-14T00:00:00.000+00:00
6gip,2018-05-14T00:00:00.000+00:00
6giu,2018-05-15T00:00:00.000+00:00
6gj5,2018-05-16T00:00:00.000+00:00
6gj6,2018-05-16T00:00:00.000+00:00
6gj7,2018-05-16T00:00:00.000+00:00
6gj8,2018-05-16T00:00:00.000+00:00
6gjb,2018-05-16T00:00:00.000+00:00
6gjd,2018-05-16T00:00:00.000+00:00
6gji,2018-05-16T00:00:00.000+00:00
6gjj,2018-05-16T00:00:00.000+00:00
6gjl,2018-05-16T00:00:00.000+00:00
6gjm,2018-05-16T00:00:00.000+00:00
6gjn,2018-05-16T00:00:00.000+00:00
6gjr,2018-05-16T00:00:00.000+00:00
6gjw,2018-05-17T00:00:00.000+00:00
6gjy,2018-05-17T00:00:00.000+00:00
6gl3,2018-05-22T00:00:00.000+00:00
6gl8,2018-05-23T00:00:00.000+00:00
6gl9,2018-05-23T00:00:00.000+00:00
6gla,2018-05-23T00:00:00.000+00:00
6glb,2018-05-23T00:00:00.000+00:00
6gmd,2018-05-25T00:00:00.000+00:00
6gmq,2018-05-28T00:00:00.000+00:00
6gmx,2018-05-28T00:00:00.000+00:00
6gn1,2018-05-29T00:00:00.000+00:00
6gnm,2018-05-31T00:00:00.000+00:00
6gnp,2018-05-31T00:00:00.000+00:00
6gnr,2018-05-31T00:00:00.000+00:00
6gnw,2018-05-31T00:00:00.000+00:00
6gon,2018-06-01T00:00:00.000+00:00
6goo,2018-06-01T00:00:00.000+00:00
6gop,2018-06-01T00:00:00.000+00:00
6got,2018-06-04T00:00:00.000+00:00
6gpb,1990-06-04T00:00:00.000+00:00
6gqm,2018-06-07T00:00:00.000+00:00
6gr7,2018-06-09T00:00:00.000+00:00
6grp,2018-06-12T00:00:00.000+00:00
6gu2,2018-06-19T00:00:00.000+00:00
6gu3,2018-06-19T00:00:00.000+00:00
6gu4,2018-06-19T00:00:00.000+00:00
6gu6,2018-06-19T00:00:00.000+00:00
6gu7,2018-06-19T00:00:00.000+00:00
6gub,2018-06-19T00:00:00.000+00:00
6guc,2018-06-19T00:00:00.000+00:00
6gue,2018-06-19T00:00:00.000+00:00
6guf,2018-06-19T00:00:00.000+00:00
6guh,2018-06-19T00:00:00.000+00:00
6guk,2018-06-19T00:00:00.000+00:00
6gva,2018-06-20T00:00:00.000+00:00
6gvf,2018-06-21T00:00:00.000+00:00
6gvg,2018-06-21T00:00:00.000+00:00
6gvh,2018-06-21T00:00:00.000+00:00
6gvi,2018-06-21T00:00:00.000+00:00
6gvx,2018-06-21T00:00:00.000+00:00
6gvz,2018-06-21T00:00:00.000+00:00
6gw1,2018-06-21T00:00:00.000+00:00
6gw4,2018-06-21T00:00:00.000+00:00
6gwe,2018-06-23T00:00:00.000+00:00
6gwr,2018-06-25T00:00:00.000+00:00
6gx3,2018-06-26T00:00:00.000+00:00
6gxa,2018-06-27T00:00:00.000+00:00
6gxb,2018-06-27T00:00:00.000+00:00
6gxe,2018-06-27T00:00:00.000+00:00
6gxg,2018-06-27T00:00:00.000+00:00
6gxq,2018-06-27T00:00:00.000+00:00
6gxu,2018-06-27T00:00:00.000+00:00
6gxw,2018-06-27T00:00:00.000+00:00
6gxy,2018-06-27T00:00:00.000+00:00
6gy0,2018-06-27T00:00:00.000+00:00
6gy1,2018-06-27T00:00:00.000+00:00
6gy5,2018-06-28T00:00:00.000+00:00
6gz9,2018-07-03T00:00:00.000+00:00
6gzd,2018-07-03T00:00:00.000+00:00
6gzh,2018-07-04T00:00:00.000+00:00
6gzl,2018-07-04T00:00:00.000+00:00
6gzm,2018-07-04T00:00:00.000+00:00
6gzy,2018-07-05T00:00:00.000+00:00
6h0b,2018-07-08T00:00:00.000+00:00
6h0u,2018-07-10T00:00:00.000+00:00
6h12,2018-07-10T00:00:00.000+00:00
6h13,2018-07-10T00:00:00.000+00:00
6h14,2018-07-10T00:00:00.000+00:00
6h1d,2018-07-11T00:00:00.000+00:00
6h1h,2018-07-11T00:00:00.000+00:00
6h1i,2018-07-11T00:00:00.000+00:00
6h1u,2018-07-12T00:00:00.000+00:00
6h29,2018-07-13T00:00:00.000+00:00
6h2t,2018-07-16T00:00:00.000+00:00
6h2z,2018-07-17T00:00:00.000+00:00
6h33,2018-07-17T00:00:00.000+00:00
6h34,2018-07-17T00:00:00.000+00:00
6h36,2018-07-17T00:00:00.000+00:00
6h37,2018-07-17T00:00:00.000+00:00
6h38,2018-07-17T00:00:00.000+00:00
6h3k,2018-07-19T00:00:00.000+00:00
6h3q,2018-07-19T00:00:00.000+00:00
6h41,2018-07-20T00:00:00.000+00:00
6h4a,2018-07-20T00:00:00.000+00:00
6h4o,2018-07-23T00:00:00.000+00:00
6h4p,2018-07-23T00:00:00.000+00:00
6h4q,2018-07-23T00:00:00.000+00:00
6h4r,2018-07-23T00:00:00.000+00:00
6h4s,2018-07-23T00:00:00.000+00:00
6h4t,2018-07-23T00:00:00.000+00:00
6h4u,2018-07-23T00:00:00.000+00:00
6h4v,2018-07-23T00:00:00.000+00:00
6h4w,2018-07-23T00:00:00.000+00:00
6h4x,2018-07-23T00:00:00.000+00:00
6h4y,2018-07-23T00:00:00.000+00:00
6h4z,2018-07-23T00:00:00.000+00:00
6h50,2018-07-23T00:00:00.000+00:00
6h51,2018-07-23T00:00:00.000+00:00
6h52,2018-07-23T00:00:00.000+00:00
6h5w,2018-07-25T00:00:00.000+00:00
6h5x,2018-07-25T00:00:00.000+00:00
6h75,2018-07-30T00:00:00.000+00:00
6h76,2018-07-30T00:00:00.000+00:00
6h77,2018-07-30T00:00:00.000+00:00
6h78,2018-07-30T00:00:00.000+00:00
6h7b,2018-07-31T00:00:00.000+00:00
6h7d,2018-07-31T00:00:00.000+00:00
6h7f,2018-07-31T00:00:00.000+00:00
6h7j,2018-07-31T00:00:00.000+00:00
6h7l,2018-07-31T00:00:00.000+00:00
6h7m,2018-07-31T00:00:00.000+00:00
6h7n,2018-07-31T00:00:00.000+00:00
6h7o,2018-07-31T00:00:00.000+00:00
6h7u,2018-07-31T00:00:00.000+00:00
6h7y,2018-07-31T00:00:00.000+00:00
6h7z,2018-07-31T00:00:00.000+00:00
6h8c,2018-08-02T00:00:00.000+00:00
6h8s,2018-08-03T00:00:00.000+00:00
6h96,2018-08-03T00:00:00.000+00:00
6h9b,2018-08-03T00:00:00.000+00:00
6h9v,2018-08-06T00:00:00.000+00:00
6h9x,2018-08-06T00:00:00.000+00:00
6ha4,2018-08-07T00:00:00.000+00:00
6hah,2018-08-07T00:00:00.000+00:00
6hai,2018-08-07T00:00:00.000+00:00
6haj,2018-08-07T00:00:00.000+00:00
6hax,2018-08-09T00:00:00.000+00:00
6hay,2018-08-09T00:00:00.000+00:00
6haz,2018-08-09T00:00:00.000+00:00
6hb5,2018-08-09T00:00:00.000+00:00
6hb6,2018-08-09T00:00:00.000+00:00
6hb7,2018-08-09T00:00:00.000+00:00
6hbm,2018-08-10T00:00:00.000+00:00
6hbn,2018-08-10T00:00:00.000+00:00
6hck,2018-08-15T00:00:00.000+00:00
6hcu,2018-08-16T00:00:00.000+00:00
6hcv,2018-08-16T00:00:00.000+00:00
6hcw,2018-08-16T00:00:00.000+00:00
6hd4,2018-08-17T00:00:00.000+00:00
6hd6,2018-08-17T00:00:00.000+00:00
6hdn,2018-08-18T00:00:00.000+00:00
6hdo,2018-08-18T00:00:00.000+00:00
6hdq,2018-08-18T00:00:00.000+00:00
6hf5,2018-08-21T00:00:00.000+00:00
6hgf,2018-08-23T00:00:00.000+00:00
6hgg,2018-08-23T00:00:00.000+00:00
6hgi,2018-08-23T00:00:00.000+00:00
6hgj,2018-08-23T00:00:00.000+00:00
6hgr,2018-08-23T00:00:00.000+00:00
6hgv,2018-08-23T00:00:00.000+00:00
6hgx,2018-08-23T00:00:00.000+00:00
6hgy,2018-08-23T00:00:00.000+00:00
6hgz,2018-08-23T00:00:00.000+00:00
6hh3,2018-08-24T00:00:00.000+00:00
6hh5,2018-08-24T00:00:00.000+00:00
6hhg,2018-08-28T00:00:00.000+00:00
6hhh,2018-08-28T00:00:00.000+00:00
6hhi,2018-08-28T00:00:00.000+00:00
6hhj,2018-08-28T00:00:00.000+00:00
6hhp,2018-08-28T00:00:00.000+00:00
6hhr,2018-08-29T00:00:00.000+00:00
6hjj,2018-09-04T00:00:00.000+00:00
6hjk,2018-09-04T00:00:00.000+00:00
6hk3,2018-09-05T00:00:00.000+00:00
6hk4,2018-09-05T00:00:00.000+00:00
6hk6,2018-09-05T00:00:00.000+00:00
6hk7,2018-09-05T00:00:00.000+00:00
6hke,2018-09-06T00:00:00.000+00:00
6hkj,2018-09-06T00:00:00.000+00:00
6hkm,2018-09-07T00:00:00.000+00:00
6hkn,2018-09-07T00:00:00.000+00:00
6hks,2018-09-07T00:00:00.000+00:00
6hkx,2018-09-09T00:00:00.000+00:00
6hky,2018-09-09T00:00:00.000+00:00
6hkz,2018-09-09T00:00:00.000+00:00
6hlb,2018-09-11T00:00:00.000+00:00
6hld,2018-09-11T00:00:00.000+00:00
6hle,2018-09-11T00:00:00.000+00:00
6hlx,2018-09-11T00:00:00.000+00:00
6hly,2018-09-11T00:00:00.000+00:00
6hlz,2018-09-11T00:00:00.000+00:00
6hm1,2018-09-11T00:00:00.000+00:00
6hm2,2018-09-12T00:00:00.000+00:00
6hm4,2018-09-12T00:00:00.000+00:00
6hm6,2018-09-12T00:00:00.000+00:00
6hm7,2018-09-12T00:00:00.000+00:00
6hmb,2018-09-12T00:00:00.000+00:00
6hmg,2018-09-12T00:00:00.000+00:00
6hmp,2018-09-12T00:00:00.000+00:00
6hmr,2018-09-12T00:00:00.000+00:00
6hmt,2018-09-12T00:00:00.000+00:00
6hmx,2018-09-13T00:00:00.000+00:00
6hmy,2018-09-13T00:00:00.000+00:00
6hni,2018-09-15T00:00:00.000+00:00
6hoi,2018-09-17T00:00:00.000+00:00
6hol,2018-09-17T00:00:00.000+00:00
6hop,2018-09-18T00:00:00.000+00:00
6hoq,2018-09-18T00:00:00.000+00:00
6hor,2018-09-18T00:00:00.000+00:00
6hot,2018-09-18T00:00:00.000+00:00
6hou,2018-09-18T00:00:00.000+00:00
6hov,2018-09-18T00:00:00.000+00:00
6hoy,2018-09-18T00:00:00.000+00:00
6hp0,2018-09-19T00:00:00.000+00:00
6hp5,2018-09-19T00:00:00.000+00:00
6hp9,2018-09-19T00:00:00.000+00:00
6hpg,2018-09-20T00:00:00.000+00:00
6hpw,2018-09-22T00:00:00.000+00:00
6hq3,2018-09-24T00:00:00.000+00:00
6hq4,2018-09-24T00:00:00.000+00:00
6hqy,2018-09-25T00:00:00.000+00:00
6hr2,2018-09-26T00:00:00.000+00:00
6hro,2018-09-27T00:00:00.000+00:00
6hrp,2018-09-28T00:00:00.000+00:00
6hrq,2018-09-28T00:00:00.000+00:00
6hrt,2018-09-28T00:00:00.000+00:00
6hrw,2018-09-28T00:00:00.000+00:00
6hrx,2018-09-28T00:00:00.000+00:00
6hry,2018-09-28T00:00:00.000+00:00
6hrz,2018-09-28T00:00:00.000+00:00
6hs0,2018-09-28T00:00:00.000+00:00
6hs4,2018-09-28T00:00:00.000+00:00
6hsh,2018-10-01T00:00:00.000+00:00
6hsk,2018-10-01T00:00:00.000+00:00
6hsz,2018-10-02T00:00:00.000+00:00
6ht1,2018-10-02T00:00:00.000+00:00
6ht8,2018-10-03T00:00:00.000+00:00
6htc,2018-10-03T00:00:00.000+00:00
6htg,2018-10-04T00:00:00.000+00:00
6hth,2018-10-04T00:00:00.000+00:00
6hti,2018-10-04T00:00:00.000+00:00
6htn,2018-10-04T00:00:00.000+00:00
6htp,2018-10-04T00:00:00.000+00:00
6htt,2018-10-04T00:00:00.000+00:00
6htz,2018-10-05T00:00:00.000+00:00
6hu0,2018-10-05T00:00:00.000+00:00
6hu1,2018-10-05T00:00:00.000+00:00
6hu2,2018-10-05T00:00:00.000+00:00
6hu3,2018-10-05T00:00:00.000+00:00
6huq,2018-10-09T00:00:00.000+00:00
6huu,2018-10-09T00:00:00.000+00:00
6huv,2018-10-09T00:00:00.000+00:00
6hv0,2018-10-09T00:00:00.000+00:00
6hv2,2018-10-10T00:00:00.000+00:00
6hv4,2018-10-10T00:00:00.000+00:00
6hv7,2018-10-10T00:00:00.000+00:00
6hvh,2018-10-11T00:00:00.000+00:00
6hvi,2018-10-11T00:00:00.000+00:00
6hvj,2018-10-11T00:00:00.000+00:00
6hvt,2018-10-11T00:00:00.000+00:00
6hvu,2018-10-11T00:00:00.000+00:00
6hvv,2018-10-11T00:00:00.000+00:00
6hvw,2018-10-11T00:00:00.000+00:00
6hwu,2018-10-15T00:00:00.000+00:00
6hwv,2018-10-15T00:00:00.000+00:00
6hwz,2018-10-15T00:00:00.000+00:00
6hx1,2018-10-15T00:00:00.000+00:00
6hx5,2018-10-16T00:00:00.000+00:00
6hx8,2018-10-16T00:00:00.000+00:00
6hy2,2018-10-19T00:00:00.000+00:00
6hy7,2018-10-19T00:00:00.000+00:00
6hys,2018-10-22T00:00:00.000+00:00
6hza,2018-10-23T00:00:00.000+00:00
6hzb,2018-10-23T00:00:00.000+00:00
6hzc,2018-10-23T00:00:00.000+00:00
6hzd,2018-10-23T00:00:00.000+00:00
6hzp,2018-10-23T00:00:00.000+00:00
6hzu,2018-10-24T00:00:00.000+00:00
6hzv,2018-10-24T00:00:00.000+00:00
6hzx,2018-10-24T00:00:00.000+00:00
6hzy,2018-10-24T00:00:00.000+00:00
6i0b,2018-10-25T00:00:00.000+00:00
6i0c,2018-10-25T00:00:00.000+00:00
6i0k,2018-10-26T00:00:00.000+00:00
6i0p,2018-10-26T00:00:00.000+00:00
6i0r,2018-10-26T00:00:00.000+00:00
6i0x,2018-10-26T00:00:00.000+00:00
6i0z,2018-10-27T00:00:00.000+00:00
6i10,2018-10-27T00:00:00.000+00:00
6i11,2018-10-27T00:00:00.000+00:00
6i12,2018-10-27T00:00:00.000+00:00
6i13,2018-10-27T00:00:00.000+00:00
6i14,2018-10-27T00:00:00.000+00:00
6i15,2018-10-27T00:00:00.000+00:00
6i16,2018-10-27T00:00:00.000+00:00
6i17,2018-10-27T00:00:00.000+00:00
6i18,2018-10-27T00:00:00.000+00:00
6i3s,2018-11-07T00:00:00.000+00:00
6i3u,2018-11-07T00:00:00.000+00:00
6i41,2018-11-08T00:00:00.000+00:00
6i4x,2018-11-12T00:00:00.000+00:00
6i5g,2018-11-13T00:00:00.000+00:00
6i5i,2018-11-13T00:00:00.000+00:00
6i5p,2018-11-14T00:00:00.000+00:00
6i5y,2018-11-15T00:00:00.000+00:00
6i61,2018-11-15T00:00:00.000+00:00
6i62,2018-11-15T00:00:00.000+00:00
6i63,2018-11-15T00:00:00.000+00:00
6i64,2018-11-15T00:00:00.000+00:00
6i65,2018-11-15T00:00:00.000+00:00
6i66,2018-11-15T00:00:00.000+00:00
6i67,2018-11-15T00:00:00.000+00:00
6i68,2018-11-15T00:00:00.000+00:00
6i74,2018-11-15T00:00:00.000+00:00
6i75,2018-11-15T00:00:00.000+00:00
6i77,2018-11-15T00:00:00.000+00:00
6i78,2018-11-15T00:00:00.000+00:00
6i7a,2018-11-16T00:00:00.000+00:00
6i8b,2018-11-19T00:00:00.000+00:00
6i8l,2018-11-20T00:00:00.000+00:00
6i8m,2018-11-20T00:00:00.000+00:00
6i8t,2018-11-21T00:00:00.000+00:00
6i8y,2018-11-21T00:00:00.000+00:00
6i8z,2018-11-21T00:00:00.000+00:00
6i96,2018-11-22T00:00:00.000+00:00
6i97,2018-11-22T00:00:00.000+00:00
6i9a,2018-11-22T00:00:00.000+00:00
6iam,2018-11-27T00:00:00.000+00:00
6iar,2018-11-27T00:00:00.000+00:00
6ib0,2018-11-28T00:00:00.000+00:00
6ib2,2018-11-28T00:00:00.000+00:00
6ibk,2018-11-30T00:00:00.000+00:00
6ibl,2018-11-30T00:00:00.000+00:00
6ibs,2018-11-30T00:00:00.000+00:00
6ibv,2018-11-30T00:00:00.000+00:00
6ibx,2018-12-01T00:00:00.000+00:00
6iby,2018-12-01T00:00:00.000+00:00
6ibz,2018-12-01T00:00:00.000+00:00
6ic0,2018-12-01T00:00:00.000+00:00
6ic2,2018-12-01T00:00:00.000+00:00
6ic5,2018-12-02T00:00:00.000+00:00
6ic6,2018-12-02T00:00:00.000+00:00
6ic7,2018-12-02T00:00:00.000+00:00
6idb,2018-09-09T00:00:00.000+00:00
6idg,2018-09-10T00:00:00.000+00:00
6idz,2018-09-12T00:00:00.000+00:00
6iez,2018-09-18T00:00:00.000+00:00
6if0,2018-09-18T00:00:00.000+00:00
6ift,2018-09-21T00:00:00.000+00:00
6iht,2018-10-02T00:00:00.000+00:00
6iik,2018-10-06T00:00:00.000+00:00
6iil,2018-10-07T00:00:00.000+00:00
6iin,2018-10-07T00:00:00.000+00:00
6iiu,2018-10-07T00:00:00.000+00:00
6iiv,2018-10-07T00:00:00.000+00:00
6iiw,2018-10-07T00:00:00.000+00:00
6ijh,2018-10-10T00:00:00.000+00:00
6iji,2018-10-10T00:00:00.000+00:00
6ijl,2018-10-10T00:00:00.000+00:00
6ikm,2018-10-16T00:00:00.000+00:00
6ilq,2018-10-19T00:00:00.000+00:00
6ilz,2018-10-21T00:00:00.000+00:00
6im4,2018-10-22T00:00:00.000+00:00
6im6,2018-10-22T00:00:00.000+00:00
6imb,2018-10-22T00:00:00.000+00:00
6imd,2018-10-22T00:00:00.000+00:00
6imi,2018-10-23T00:00:00.000+00:00
6imo,2018-10-23T00:00:00.000+00:00
6imr,2018-10-23T00:00:00.000+00:00
6imt,2018-10-23T00:00:00.000+00:00
6ind,2018-10-24T00:00:00.000+00:00
6ink,2018-10-25T00:00:00.000+00:00
6inm,2018-10-26T00:00:00.000+00:00
6inz,2018-10-29T00:00:00.000+00:00
6ior,2018-10-31T00:00:00.000+00:00
6ios,2018-10-31T00:00:00.000+00:00
6iot,2018-10-31T00:00:00.000+00:00
6iou,2018-10-31T00:00:00.000+00:00
6iph,2018-11-03T00:00:00.000+00:00
6ipi,2018-11-03T00:00:00.000+00:00
6ipj,2018-11-03T00:00:00.000+00:00
6ipl,2018-11-03T00:00:00.000+00:00
6iqg,2018-11-08T00:00:00.000+00:00
6iql,2018-11-08T00:00:00.000+00:00
6irt,2018-11-14T00:00:00.000+00:00
6isd,2018-11-16T00:00:00.000+00:00
6iso,2018-11-17T00:00:00.000+00:00
6itj,2018-11-23T00:00:00.000+00:00
6itp,2018-11-24T00:00:00.000+00:00
6itq,2018-11-24T00:00:00.000+00:00
6iuo,2018-11-29T00:00:00.000+00:00
6iup,2018-11-29T00:00:00.000+00:00
6ixd,2018-12-10T00:00:00.000+00:00
6iyv,2018-12-17T00:00:00.000+00:00
6iyw,2018-12-17T00:00:00.000+00:00
6izq,2018-12-20T00:00:00.000+00:00
6j06,2018-12-21T00:00:00.000+00:00
6j0g,2018-12-24T00:00:00.000+00:00
6j0k,2018-12-24T00:00:00.000+00:00
6j0o,2018-12-25T00:00:00.000+00:00
6j10,2018-12-27T00:00:00.000+00:00
6j1l,2018-12-28T00:00:00.000+00:00
6j3o,2019-01-05T00:00:00.000+00:00
6j3p,2019-01-05T00:00:00.000+00:00
6j5l,2019-01-11T00:00:00.000+00:00
6j63,2019-01-13T00:00:00.000+00:00
6j6m,2019-01-15T00:00:00.000+00:00
6j7e,2019-01-18T00:00:00.000+00:00
6j7l,2019-01-18T00:00:00.000+00:00
6j81,2019-01-18T00:00:00.000+00:00
6j8q,2019-01-21T00:00:00.000+00:00
6j8r,2019-01-21T00:00:00.000+00:00
6j9w,2019-01-24T00:00:00.000+00:00
6j9y,2019-01-24T00:00:00.000+00:00
6jad,2019-01-24T00:00:00.000+00:00
6jag,2019-01-24T00:00:00.000+00:00
6jam,2019-01-24T00:00:00.000+00:00
6jan,2019-01-24T00:00:00.000+00:00
6jao,2019-01-24T00:00:00.000+00:00
6jap,2019-01-24T00:00:00.000+00:00
6jaq,2019-01-24T00:00:00.000+00:00
6jav,2019-01-25T00:00:00.000+00:00
6jaw,2019-01-25T00:00:00.000+00:00
6jax,2019-01-25T00:00:00.000+00:00
6jay,2019-01-25T00:00:00.000+00:00
6jb0,2019-01-25T00:00:00.000+00:00
6jb4,2019-01-25T00:00:00.000+00:00
6jbb,2019-01-25T00:00:00.000+00:00
6jbe,2019-01-25T00:00:00.000+00:00
6jdi,2019-02-01T00:00:00.000+00:00
6jdl,2019-02-01T00:00:00.000+00:00
6jib,2019-02-20T00:00:00.000+00:00
6jid,2019-02-20T00:00:00.000+00:00
6jij,2019-02-21T00:00:00.000+00:00
6jio,2019-02-22T00:00:00.000+00:00
6jjm,2019-02-26T00:00:00.000+00:00
6jjn,2019-02-26T00:00:00.000+00:00
6jjz,2019-02-27T00:00:00.000+00:00
6jki,2019-03-01T00:00:00.000+00:00
6jmf,2019-03-08T00:00:00.000+00:00
6jn3,2019-03-13T00:00:00.000+00:00
6jn4,2019-03-13T00:00:00.000+00:00
6jn5,2019-03-13T00:00:00.000+00:00
6jn6,2019-03-13T00:00:00.000+00:00
6jno,2019-03-17T00:00:00.000+00:00
6joe,2019-03-20T00:00:00.000+00:00
6jof,2019-03-20T00:00:00.000+00:00
6jon,2019-03-22T00:00:00.000+00:00
6jpj,2019-03-27T00:00:00.000+00:00
6jse,2019-04-08T00:00:00.000+00:00
6jsf,2019-04-08T00:00:00.000+00:00
6jsg,2019-04-08T00:00:00.000+00:00
6jsn,2019-04-08T00:00:00.000+00:00
6jsz,2019-04-08T00:00:00.000+00:00
6jt3,2019-04-08T00:00:00.000+00:00
6jtc,2019-04-10T00:00:00.000+00:00
6jut,2019-04-15T00:00:00.000+00:00
6jwa,2019-04-19T00:00:00.000+00:00
6jz0,2019-04-30T00:00:00.000+00:00
6k04,2019-05-05T00:00:00.000+00:00
6k05,2019-05-05T00:00:00.000+00:00
6k0j,2019-05-06T00:00:00.000+00:00
6k1q,2019-05-11T00:00:00.000+00:00
6k1s,2019-05-12T00:00:00.000+00:00
6k2n,2019-05-15T00:00:00.000+00:00
6k3l,2019-05-20T00:00:00.000+00:00
6k4r,2019-05-26T00:00:00.000+00:00
6k4t,2019-05-27T00:00:00.000+00:00
6k4x,2019-05-27T00:00:00.000+00:00
6k5r,2019-05-30T00:00:00.000+00:00
6k5t,2019-05-31T00:00:00.000+00:00
6k9u,2019-06-18T00:00:00.000+00:00
6kdi,2019-07-02T00:00:00.000+00:00
6kdx,2019-07-03T00:00:00.000+00:00
6kdz,2019-07-03T00:00:00.000+00:00
6ke0,2019-07-03T00:00:00.000+00:00
6keb,2019-07-04T00:00:00.000+00:00
6kjd,2019-07-22T00:00:00.000+00:00
6kjf,2019-07-22T00:00:00.000+00:00
6kla,2019-07-30T00:00:00.000+00:00
6klk,2019-07-30T00:00:00.000+00:00
6kmj,2019-07-31T00:00:00.000+00:00
6knh,2019-08-05T00:00:00.000+00:00
6kqi,2019-08-17T00:00:00.000+00:00
6kzc,2019-09-23T00:00:00.000+00:00
6kzd,2019-09-23T00:00:00.000+00:00
6lpr,1991-08-05T00:00:00.000+00:00
6m7h,2018-08-20T00:00:00.000+00:00
6m7i,2018-08-20T00:00:00.000+00:00
6m87,2018-08-21T00:00:00.000+00:00
6m88,2018-08-21T00:00:00.000+00:00
6m89,2018-08-21T00:00:00.000+00:00
6m8a,2018-08-21T00:00:00.000+00:00
6m8b,2018-08-21T00:00:00.000+00:00
6m8c,2018-08-21T00:00:00.000+00:00
6m8d,2018-08-21T00:00:00.000+00:00
6m8e,2018-08-21T00:00:00.000+00:00
6m8q,2018-08-22T00:00:00.000+00:00
6m8w,2018-08-22T00:00:00.000+00:00
6m8y,2018-08-22T00:00:00.000+00:00
6m95,2018-08-22T00:00:00.000+00:00
6m9c,2018-08-23T00:00:00.000+00:00
6m9d,2018-08-23T00:00:00.000+00:00
6m9f,2018-08-23T00:00:00.000+00:00
6m9l,2018-08-23T00:00:00.000+00:00
6m9t,2018-08-24T00:00:00.000+00:00
6ma1,2018-08-25T00:00:00.000+00:00
6ma2,2018-08-25T00:00:00.000+00:00
6ma3,2018-08-25T00:00:00.000+00:00
6ma4,2018-08-25T00:00:00.000+00:00
6ma5,2018-08-25T00:00:00.000+00:00
6maj,2018-08-27T00:00:00.000+00:00
6max,2018-08-28T00:00:00.000+00:00
6mbo,2018-08-30T00:00:00.000+00:00
6mbp,2018-08-30T00:00:00.000+00:00
6mck,2018-08-31T00:00:00.000+00:00
6md0,2018-09-03T00:00:00.000+00:00
6md4,2018-09-03T00:00:00.000+00:00
6md6,2018-09-04T00:00:00.000+00:00
6md7,2018-09-04T00:00:00.000+00:00
6md8,2018-09-04T00:00:00.000+00:00
6mdb,2018-09-04T00:00:00.000+00:00
6mdc,2018-09-04T00:00:00.000+00:00
6mdd,2018-09-04T00:00:00.000+00:00
6mdq,2018-09-05T00:00:00.000+00:00
6mdu,2018-09-05T00:00:00.000+00:00
6me1,2018-09-05T00:00:00.000+00:00
6me2,2018-09-05T00:00:00.000+00:00
6me3,2018-09-05T00:00:00.000+00:00
6me4,2018-09-05T00:00:00.000+00:00
6me5,2018-09-05T00:00:00.000+00:00
6mep,2018-09-06T00:00:00.000+00:00
6mey,2018-09-07T00:00:00.000+00:00
6mg5,2018-09-12T00:00:00.000+00:00
6mh1,2018-09-17T00:00:00.000+00:00
6mh7,2018-09-17T00:00:00.000+00:00
6mhb,2018-09-17T00:00:00.000+00:00
6mhc,2018-09-17T00:00:00.000+00:00
6mhd,2018-09-17T00:00:00.000+00:00
6mhm,2018-09-18T00:00:00.000+00:00
6mi6,2018-09-19T00:00:00.000+00:00
6mia,2018-09-19T00:00:00.000+00:00
6mil,2018-09-19T00:00:00.000+00:00
6mim,2018-09-19T00:00:00.000+00:00
6min,2018-09-19T00:00:00.000+00:00
6miq,2018-09-19T00:00:00.000+00:00
6miv,2018-09-20T00:00:00.000+00:00
6miy,2018-09-20T00:00:00.000+00:00
6mj4,2018-09-20T00:00:00.000+00:00
6mj7,2018-09-20T00:00:00.000+00:00
6mja,2018-09-20T00:00:00.000+00:00
6mjf,2018-09-20T00:00:00.000+00:00
6mji,2018-09-20T00:00:00.000+00:00
6mjj,2018-09-21T00:00:00.000+00:00
6mjq,2018-09-21T00:00:00.000+00:00
6mju,2018-09-22T00:00:00.000+00:00
6mjw,2018-09-23T00:00:00.000+00:00
6mkq,2018-09-26T00:00:00.000+00:00
6mku,2018-09-26T00:00:00.000+00:00
6mkw,2018-09-26T00:00:00.000+00:00
6ml9,2018-09-27T00:00:00.000+00:00
6mla,2018-09-27T00:00:00.000+00:00
6mle,2018-09-27T00:00:00.000+00:00
6mlf,2018-09-27T00:00:00.000+00:00
6mlg,2018-09-27T00:00:00.000+00:00
6mlh,2018-09-27T00:00:00.000+00:00
6mli,2018-09-27T00:00:00.000+00:00
6mlj,2018-09-27T00:00:00.000+00:00
6mll,2018-09-27T00:00:00.000+00:00
6mln,2018-09-27T00:00:00.000+00:00
6mlo,2018-09-27T00:00:00.000+00:00
6mlp,2018-09-27T00:00:00.000+00:00
6mlw,2018-09-28T00:00:00.000+00:00
6mm2,2018-09-28T00:00:00.000+00:00
6mm5,2018-09-29T00:00:00.000+00:00
6mmc,2018-09-30T00:00:00.000+00:00
6mmo,2018-10-01T00:00:00.000+00:00
6mmq,2018-10-01T00:00:00.000+00:00
6mnc,2018-10-01T00:00:00.000+00:00
6mnf,2018-10-01T00:00:00.000+00:00
6mnp,2018-10-02T00:00:00.000+00:00
6mnv,2018-10-03T00:00:00.000+00:00
6mny,2018-10-03T00:00:00.000+00:00
6mo0,2018-10-03T00:00:00.000+00:00
6mo1,2018-10-03T00:00:00.000+00:00
6mo2,2018-10-03T00:00:00.000+00:00
6mo4,2018-10-04T00:00:00.000+00:00
6mo5,2018-10-04T00:00:00.000+00:00
6mo7,2018-10-04T00:00:00.000+00:00
6mo8,2018-10-04T00:00:00.000+00:00
6mo9,2018-10-04T00:00:00.000+00:00
6moa,2018-10-04T00:00:00.000+00:00
6mob,2018-10-04T00:00:00.000+00:00
6mod,2018-10-04T00:00:00.000+00:00
6mom,2018-10-04T00:00:00.000+00:00
6moo,2018-10-04T00:00:00.000+00:00
6mq3,2018-10-09T00:00:00.000+00:00
6mqc,2018-10-09T00:00:00.000+00:00
6mqe,2018-10-09T00:00:00.000+00:00
6mqm,2018-10-10T00:00:00.000+00:00
6mr5,2018-10-11T00:00:00.000+00:00
6mrg,2018-10-12T00:00:00.000+00:00
6ms1,2018-10-16T00:00:00.000+00:00
6msa,2018-10-16T00:00:00.000+00:00
6msc,2018-10-16T00:00:00.000+00:00
6msn,2018-10-17T00:00:00.000+00:00
6mso,2018-10-17T00:00:00.000+00:00
6msy,2018-10-18T00:00:00.000+00:00
6mt0,2018-10-18T00:00:00.000+00:00
6mt4,2018-10-19T00:00:00.000+00:00
6mt5,2018-10-19T00:00:00.000+00:00
6mt6,2018-10-19T00:00:00.000+00:00
6mtv,2018-10-22T00:00:00.000+00:00
6mu1,2018-10-22T00:00:00.000+00:00
6mu3,2018-10-22T00:00:00.000+00:00
6mub,2018-10-22T00:00:00.000+00:00
6mul,2018-10-23T00:00:00.000+00:00
6mum,2018-10-23T00:00:00.000+00:00
6mv3,2018-10-24T00:00:00.000+00:00
6mvu,2018-10-28T00:00:00.000+00:00
6mvx,2018-10-28T00:00:00.000+00:00
6mwe,2018-10-29T00:00:00.000+00:00
6mx3,2018-10-30T00:00:00.000+00:00
6mx8,2018-10-30T00:00:00.000+00:00
6mxb,2018-10-30T00:00:00.000+00:00
6mxd,2018-10-30T00:00:00.000+00:00
6mxe,2018-10-30T00:00:00.000+00:00
6myn,2018-11-01T00:00:00.000+00:00
6mzq,2018-11-05T00:00:00.000+00:00
6mzw,2018-11-05T00:00:00.000+00:00
6n0j,2018-11-07T00:00:00.000+00:00
6n0k,2018-11-07T00:00:00.000+00:00
6n0m,2018-11-07T00:00:00.000+00:00
6n0p,2018-11-07T00:00:00.000+00:00
6n0q,2018-11-07T00:00:00.000+00:00
6n17,2018-11-08T00:00:00.000+00:00
6n19,2018-11-08T00:00:00.000+00:00
6n3e,2018-11-15T00:00:00.000+00:00
6n3f,2018-11-15T00:00:00.000+00:00
6n3k,2018-11-15T00:00:00.000+00:00
6n3l,2018-11-15T00:00:00.000+00:00
6n3n,2018-11-15T00:00:00.000+00:00
6n3o,2018-11-15T00:00:00.000+00:00
6n3v,2018-11-16T00:00:00.000+00:00
6n3w,2018-11-16T00:00:00.000+00:00
6n3x,2018-11-16T00:00:00.000+00:00
6n3y,2018-11-16T00:00:00.000+00:00
6n3z,2018-11-16T00:00:00.000+00:00
6n48,2018-11-17T00:00:00.000+00:00
6n4b,2018-11-18T00:00:00.000+00:00
6n4e,2018-11-19T00:00:00.000+00:00
6n4t,2018-11-20T00:00:00.000+00:00
6n53,2018-11-21T00:00:00.000+00:00
6n5c,2018-11-21T00:00:00.000+00:00
6n5f,2018-11-21T00:00:00.000+00:00
6n5g,2018-11-21T00:00:00.000+00:00
6n5h,2018-11-21T00:00:00.000+00:00
6n5x,2018-11-22T00:00:00.000+00:00
6n69,2018-11-26T00:00:00.000+00:00
6n6o,2018-11-26T00:00:00.000+00:00
6n77,2018-11-27T00:00:00.000+00:00
6n78,2018-11-27T00:00:00.000+00:00
6n79,2018-11-27T00:00:00.000+00:00
6n7a,2018-11-27T00:00:00.000+00:00
6n7b,2018-11-27T00:00:00.000+00:00
6n7c,2018-11-27T00:00:00.000+00:00
6n7d,2018-11-27T00:00:00.000+00:00
6n7q,2018-11-28T00:00:00.000+00:00
6n7y,2018-11-28T00:00:00.000+00:00
6n7z,2018-11-28T00:00:00.000+00:00
6n82,2018-11-28T00:00:00.000+00:00
6n83,2018-11-28T00:00:00.000+00:00
6n87,2018-11-28T00:00:00.000+00:00
6n8x,2018-11-30T00:00:00.000+00:00
6n8y,2018-11-30T00:00:00.000+00:00
6n92,2018-11-30T00:00:00.000+00:00
6n93,2018-11-30T00:00:00.000+00:00
6n94,2018-11-30T00:00:00.000+00:00
6n95,2018-11-30T00:00:00.000+00:00
6n96,2018-11-30T00:00:00.000+00:00
6n97,2018-11-30T00:00:00.000+00:00
6n9h,2018-12-03T00:00:00.000+00:00
6n9l,2018-12-03T00:00:00.000+00:00
6n9p,2018-12-03T00:00:00.000+00:00
6n9t,2018-12-04T00:00:00.000+00:00
6nad,2018-12-05T00:00:00.000+00:00
6naf,2018-12-05T00:00:00.000+00:00
6nao,2018-12-06T00:00:00.000+00:00
6ncj,2018-12-11T00:00:00.000+00:00
6ncn,2018-12-11T00:00:00.000+00:00
6nco,2018-12-11T00:00:00.000+00:00
6ncp,2018-12-11T00:00:00.000+00:00
6nd3,2018-12-13T00:00:00.000+00:00
6ndl,2018-12-13T00:00:00.000+00:00
6ne5,2018-12-17T00:00:00.000+00:00
6nel,2018-12-17T00:00:00.000+00:00
6nem,2018-12-17T00:00:00.000+00:00
6nfg,2018-12-20T00:00:00.000+00:00
6nfh,2018-12-20T00:00:00.000+00:00
6nfi,2018-12-20T00:00:00.000+00:00
6nfn,2018-12-20T00:00:00.000+00:00
6nfo,2018-12-20T00:00:00.000+00:00
6nfy,2018-12-21T00:00:00.000+00:00
6nfz,2018-12-21T00:00:00.000+00:00
6ng0,2018-12-21T00:00:00.000+00:00
6nj0,2019-01-02T00:00:00.000+00:00
6njh,2019-01-03T00:00:00.000+00:00
6nji,2019-01-03T00:00:00.000+00:00
6njj,2019-01-03T00:00:00.000+00:00
6njz,2019-01-04T00:00:00.000+00:00
6nk0,2019-01-04T00:00:00.000+00:00
6nk1,2019-01-04T00:00:00.000+00:00
6nkp,2019-01-07T00:00:00.000+00:00
6nlj,2019-01-08T00:00:00.000+00:00
6nm4,2019-01-10T00:00:00.000+00:00
6nmb,2019-01-10T00:00:00.000+00:00
6nng,2019-01-15T00:00:00.000+00:00
6nnr,2019-01-15T00:00:00.000+00:00
6no9,2019-01-15T00:00:00.000+00:00
6np2,2019-01-17T00:00:00.000+00:00
6np3,2019-01-17T00:00:00.000+00:00
6np4,2019-01-17T00:00:00.000+00:00
6np5,2019-01-17T00:00:00.000+00:00
6npe,2019-01-17T00:00:00.000+00:00
6npf,2019-01-17T00:00:00.000+00:00
6npi,2019-01-17T00:00:00.000+00:00
6npm,2019-01-17T00:00:00.000+00:00
6npp,2019-01-18T00:00:00.000+00:00
6npt,2019-01-18T00:00:00.000+00:00
6npu,2019-01-18T00:00:00.000+00:00
6npv,2019-01-18T00:00:00.000+00:00
6nrf,2019-01-23T00:00:00.000+00:00
6nrg,2019-01-23T00:00:00.000+00:00
6nrh,2019-01-23T00:00:00.000+00:00
6nri,2019-01-23T00:00:00.000+00:00
6nrj,2019-01-23T00:00:00.000+00:00
6nsp,2019-01-25T00:00:00.000+00:00
6nsq,2019-01-25T00:00:00.000+00:00
6nss,2019-01-25T00:00:00.000+00:00
6nsv,2019-01-25T00:00:00.000+00:00
6nsx,2019-01-25T00:00:00.000+00:00
6nt2,2019-01-28T00:00:00.000+00:00
6ntb,2019-01-28T00:00:00.000+00:00
6nti,2019-01-29T00:00:00.000+00:00
6ntj,2019-01-29T00:00:00.000+00:00
6nu1,2019-01-30T00:00:00.000+00:00
6nu5,2019-01-30T00:00:00.000+00:00
6nv7,2019-02-04T00:00:00.000+00:00
6nv9,2019-02-04T00:00:00.000+00:00
6nvg,2019-02-05T00:00:00.000+00:00
6nvh,2019-02-05T00:00:00.000+00:00
6nvi,2019-02-05T00:00:00.000+00:00
6nvj,2019-02-05T00:00:00.000+00:00
6nvl,2019-02-05T00:00:00.000+00:00
6nw3,2019-02-05T00:00:00.000+00:00
6nwc,2019-02-06T00:00:00.000+00:00
6nwk,2019-02-06T00:00:00.000+00:00
6nwl,2019-02-06T00:00:00.000+00:00
6nxz,2019-02-10T00:00:00.000+00:00
6ny0,2019-02-10T00:00:00.000+00:00
6ny4,2019-02-11T00:00:00.000+00:00
6nyh,2019-02-11T00:00:00.000+00:00
6nyv,2019-02-12T00:00:00.000+00:00
6nyw,2019-02-12T00:00:00.000+00:00
6nze,2019-02-13T00:00:00.000+00:00
6nzf,2019-02-13T00:00:00.000+00:00
6nzg,2019-02-13T00:00:00.000+00:00
6nzh,2019-02-13T00:00:00.000+00:00
6nzk,2019-02-13T00:00:00.000+00:00
6nzm,2019-02-14T00:00:00.000+00:00
6nzp,2019-02-14T00:00:00.000+00:00
6nzq,2019-02-14T00:00:00.000+00:00
6nzr,2019-02-14T00:00:00.000+00:00
6nzt,2019-02-14T00:00:00.000+00:00
6nzv,2019-02-14T00:00:00.000+00:00
6o0h,2019-02-16T00:00:00.000+00:00
6o0k,2019-02-16T00:00:00.000+00:00
6o0m,2019-02-16T00:00:00.000+00:00
6o0o,2019-02-17T00:00:00.000+00:00
6o0p,2019-02-17T00:00:00.000+00:00
6o1g,2019-02-19T00:00:00.000+00:00
6o21,2019-02-22T00:00:00.000+00:00
6o2p,2019-02-24T00:00:00.000+00:00
6o3w,2019-02-27T00:00:00.000+00:00
6o3x,2019-02-27T00:00:00.000+00:00
6o3y,2019-02-27T00:00:00.000+00:00
6o48,2019-02-28T00:00:00.000+00:00
6o4w,2019-03-01T00:00:00.000+00:00
6o4x,2019-03-01T00:00:00.000+00:00
6o50,2019-03-01T00:00:00.000+00:00
6o57,2019-03-01T00:00:00.000+00:00
6o5a,2019-03-01T00:00:00.000+00:00
6o5g,2019-03-02T00:00:00.000+00:00
6o5t,2019-03-04T00:00:00.000+00:00
6o5u,2019-03-04T00:00:00.000+00:00
6o5x,2019-03-04T00:00:00.000+00:00
6o68,2019-03-05T00:00:00.000+00:00
6o6f,2019-03-06T00:00:00.000+00:00
6o6g,2019-03-06T00:00:00.000+00:00
6o7g,2019-03-07T00:00:00.000+00:00
6o8i,2019-03-11T00:00:00.000+00:00
6o8u,2019-03-12T00:00:00.000+00:00
6o94,2019-03-13T00:00:00.000+00:00
6o95,2019-03-13T00:00:00.000+00:00
6o9b,2019-03-13T00:00:00.000+00:00
6o9c,2019-03-13T00:00:00.000+00:00
6o9d,2019-03-13T00:00:00.000+00:00
6o9x,2019-03-15T00:00:00.000+00:00
6oa1,2019-03-15T00:00:00.000+00:00
6oa3,2019-03-15T00:00:00.000+00:00
6oac,2019-03-15T00:00:00.000+00:00
6oag,2019-03-16T00:00:00.000+00:00
6oah,2019-03-16T00:00:00.000+00:00
6ob0,2019-03-19T00:00:00.000+00:00
6oco,2019-03-25T00:00:00.000+00:00
6ocq,2019-03-25T00:00:00.000+00:00
6ocu,2019-03-25T00:00:00.000+00:00
6ocw,2019-03-25T00:00:00.000+00:00
6ocz,2019-03-25T00:00:00.000+00:00
6od6,2019-03-26T00:00:00.000+00:00
6ode,2019-03-26T00:00:00.000+00:00
6odz,2019-03-27T00:00:00.000+00:00
6oe0,2019-03-27T00:00:00.000+00:00
6oe1,2019-03-27T00:00:00.000+00:00
6oe3,2019-03-27T00:00:00.000+00:00
6of5,2019-03-28T00:00:00.000+00:00
6oh3,2019-04-04T00:00:00.000+00:00
6ohd,2019-04-05T00:00:00.000+00:00
6oht,2019-04-06T00:00:00.000+00:00
6ohu,2019-04-06T00:00:00.000+00:00
6oi8,2019-04-09T00:00:00.000+00:00
6oi9,2019-04-09T00:00:00.000+00:00
6oie,2019-04-09T00:00:00.000+00:00
6oim,2019-04-09T00:00:00.000+00:00
6oin,2019-04-09T00:00:00.000+00:00
6oio,2019-04-09T00:00:00.000+00:00
6oip,2019-04-09T00:00:00.000+00:00
6oiq,2019-04-09T00:00:00.000+00:00
6oir,2019-04-09T00:00:00.000+00:00
6oja,2019-04-11T00:00:00.000+00:00
6oko,2019-04-14T00:00:00.000+00:00
6olx,2019-04-17T00:00:00.000+00:00
6om2,2019-04-17T00:00:00.000+00:00
6om4,2019-04-18T00:00:00.000+00:00
6om8,2019-04-18T00:00:00.000+00:00
6omu,2019-04-19T00:00:00.000+00:00
6oos,2019-04-23T00:00:00.000+00:00
6oot,2019-04-23T00:00:00.000+00:00
6oou,2019-04-23T00:00:00.000+00:00
6ooy,2019-04-23T00:00:00.000+00:00
6ooz,2019-04-23T00:00:00.000+00:00
6op0,2019-04-23T00:00:00.000+00:00
6op9,2019-04-24T00:00:00.000+00:00
6oqb,2019-04-26T00:00:00.000+00:00
6oqc,2019-04-26T00:00:00.000+00:00
6oqd,2019-04-26T00:00:00.000+00:00
6oqn,2019-04-26T00:00:00.000+00:00
6orr,2019-04-30T00:00:00.000+00:00
6os5,2019-05-01T00:00:00.000+00:00
6os6,2019-05-01T00:00:00.000+00:00
6otg,2019-05-03T00:00:00.000+00:00
6ott,2019-05-03T00:00:00.000+00:00
6ouv,2019-05-05T00:00:00.000+00:00
6ovc,2019-05-07T00:00:00.000+00:00
6ovz,2019-05-08T00:00:00.000+00:00
6ow2,2019-05-09T00:00:00.000+00:00
6ow7,2019-05-09T00:00:00.000+00:00
6ox0,2019-05-13T00:00:00.000+00:00
6oxl,2019-05-13T00:00:00.000+00:00
6oxp,2019-05-14T00:00:00.000+00:00
6oxq,2019-05-14T00:00:00.000+00:00
6oxr,2019-05-14T00:00:00.000+00:00
6oxs,2019-05-14T00:00:00.000+00:00
6oxt,2019-05-14T00:00:00.000+00:00
6oxu,2019-05-14T00:00:00.000+00:00
6oxv,2019-05-14T00:00:00.000+00:00
6oxw,2019-05-14T00:00:00.000+00:00
6oxx,2019-05-14T00:00:00.000+00:00
6oxy,2019-05-14T00:00:00.000+00:00
6oxz,2019-05-14T00:00:00.000+00:00
6oy0,2019-05-14T00:00:00.000+00:00
6oy1,2019-05-14T00:00:00.000+00:00
6oy2,2019-05-14T00:00:00.000+00:00
6oyh,2019-05-14T00:00:00.000+00:00
6oyt,2019-05-15T00:00:00.000+00:00
6oyw,2019-05-15T00:00:00.000+00:00
6oyz,2019-05-15T00:00:00.000+00:00
6oz6,2019-05-15T00:00:00.000+00:00
6p10,2019-05-17T00:00:00.000+00:00
6p11,2019-05-17T00:00:00.000+00:00
6p12,2019-05-17T00:00:00.000+00:00
6p14,2019-05-17T00:00:00.000+00:00
6p1d,2019-05-19T00:00:00.000+00:00
6p1l,2019-05-20T00:00:00.000+00:00
6p3p,2019-05-24T00:00:00.000+00:00
6p3t,2019-05-24T00:00:00.000+00:00
6p3u,2019-05-24T00:00:00.000+00:00
6p3v,2019-05-24T00:00:00.000+00:00
6p3w,2019-05-24T00:00:00.000+00:00
6p5o,2019-05-30T00:00:00.000+00:00
6p5v,2019-05-31T00:00:00.000+00:00
6p5w,2019-05-31T00:00:00.000+00:00
6p7p,2019-06-06T00:00:00.000+00:00
6p7q,2019-06-06T00:00:00.000+00:00
6p83,2019-06-06T00:00:00.000+00:00
6p84,2019-06-06T00:00:00.000+00:00
6p85,2019-06-06T00:00:00.000+00:00
6p86,2019-06-06T00:00:00.000+00:00
6p87,2019-06-06T00:00:00.000+00:00
6p88,2019-06-06T00:00:00.000+00:00
6p89,2019-06-06T00:00:00.000+00:00
6p8a,2019-06-06T00:00:00.000+00:00
6p8x,2019-06-08T00:00:00.000+00:00
6p8y,2019-06-08T00:00:00.000+00:00
6p8z,2019-06-08T00:00:00.000+00:00
6p9e,2019-06-10T00:00:00.000+00:00
6pdj,2019-06-19T00:00:00.000+00:00
6peb,2019-06-20T00:00:00.000+00:00
6peg,2019-06-20T00:00:00.000+00:00
6pek,2019-06-20T00:00:00.000+00:00
6peu,2019-06-20T00:00:00.000+00:00
6pf3,2019-06-21T00:00:00.000+00:00
6pf4,2019-06-21T00:00:00.000+00:00
6pf5,2019-06-21T00:00:00.000+00:00
6pf6,2019-06-21T00:00:00.000+00:00
6pg3,2019-06-24T00:00:00.000+00:00
6pg4,2019-06-24T00:00:00.000+00:00
6pg5,2019-06-24T00:00:00.000+00:00
6pg6,2019-06-24T00:00:00.000+00:00
6pg7,2019-06-24T00:00:00.000+00:00
6pg8,2019-06-24T00:00:00.000+00:00
6pg9,2019-06-24T00:00:00.000+00:00
6pga,2019-06-24T00:00:00.000+00:00
6pgb,2019-06-24T00:00:00.000+00:00
6pgc,2019-06-24T00:00:00.000+00:00
6pge,2019-06-24T00:00:00.000+00:00
6pgo,2019-06-24T00:00:00.000+00:00
6pgp,2019-06-24T00:00:00.000+00:00
6pgx,2019-06-25T00:00:00.000+00:00
6phr,2019-06-25T00:00:00.000+00:00
6pht,2019-06-25T00:00:00.000+00:00
6phx,2019-06-25T00:00:00.000+00:00
6phz,2019-06-25T00:00:00.000+00:00
6pi1,2019-06-25T00:00:00.000+00:00
6pi5,2019-06-26T00:00:00.000+00:00
6pi6,2019-06-26T00:00:00.000+00:00
6pi7,2019-06-26T00:00:00.000+00:00
6pia,2019-06-26T00:00:00.000+00:00
6pic,2019-06-26T00:00:00.000+00:00
6pid,2019-06-26T00:00:00.000+00:00
6pii,2019-06-26T00:00:00.000+00:00
6pit,2019-06-27T00:00:00.000+00:00
6pka,2019-06-28T00:00:00.000+00:00
6pl1,2019-06-30T00:00:00.000+00:00
6pl2,2019-06-30T00:00:00.000+00:00
6pl3,2019-06-30T00:00:00.000+00:00
6plf,2019-06-30T00:00:00.000+00:00
6plg,2019-06-30T00:00:00.000+00:00
6pm9,2019-07-01T00:00:00.000+00:00
6pml,2019-07-02T00:00:00.000+00:00
6pnm,2019-07-02T00:00:00.000+00:00
6pnn,2019-07-02T00:00:00.000+00:00
6pno,2019-07-02T00:00:00.000+00:00
6poh,2019-07-03T00:00:00.000+00:00
6poi,2019-07-04T00:00:00.000+00:00
6poq,2019-07-04T00:00:00.000+00:00
6ppy,2019-07-08T00:00:00.000+00:00
6prc,1997-07-31T00:00:00.000+00:00
6prf,2019-07-10T00:00:00.000+00:00
6prg,2019-07-10T00:00:00.000+00:00
6prt,2019-07-11T00:00:00.000+00:00
6ps0,2019-07-12T00:00:00.000+00:00
6ps1,2019-07-12T00:00:00.000+00:00
6ps3,2019-07-12T00:00:00.000+00:00
6ps4,2019-07-12T00:00:00.000+00:00
6ps5,2019-07-12T00:00:00.000+00:00
6ps6,2019-07-12T00:00:00.000+00:00
6ps9,2019-07-12T00:00:00.000+00:00
6psb,2019-07-12T00:00:00.000+00:00
6pt3,2019-07-14T00:00:00.000+00:00
6pu3,2019-07-16T00:00:00.000+00:00
6pve,2019-07-20T00:00:00.000+00:00
6pvs,2019-07-21T00:00:00.000+00:00
6pvu,2019-07-21T00:00:00.000+00:00
6pvv,2019-07-21T00:00:00.000+00:00
6pvw,2019-07-21T00:00:00.000+00:00
6pvx,2019-07-21T00:00:00.000+00:00
6pvy,2019-07-21T00:00:00.000+00:00
6pvz,2019-07-21T00:00:00.000+00:00
6py0,2019-07-28T00:00:00.000+00:00
6pya,2019-07-29T00:00:00.000+00:00
6pyb,2019-07-29T00:00:00.000+00:00
6pyc,2019-07-29T00:00:00.000+00:00
6pyd,2019-07-29T00:00:00.000+00:00
6pyr,2019-07-30T00:00:00.000+00:00
6pys,2019-07-30T00:00:00.000+00:00
6pyu,2019-07-30T00:00:00.000+00:00
6pz4,2019-07-31T00:00:00.000+00:00
6q2y,2018-12-03T00:00:00.000+00:00
6q30,2018-12-03T00:00:00.000+00:00
6q35,2018-12-03T00:00:00.000+00:00
6q36,2018-12-03T00:00:00.000+00:00
6q37,2018-12-03T00:00:00.000+00:00
6q38,2018-12-03T00:00:00.000+00:00
6q39,2018-12-03T00:00:00.000+00:00
6q3q,2018-12-04T00:00:00.000+00:00
6q3y,2018-12-04T00:00:00.000+00:00
6q3z,2018-12-04T00:00:00.000+00:00
6q4e,2018-12-05T00:00:00.000+00:00
6q4g,2018-12-05T00:00:00.000+00:00
6q4q,2018-12-06T00:00:00.000+00:00
6q54,2018-12-07T00:00:00.000+00:00
6q5b,2018-12-07T00:00:00.000+00:00
6q60,2018-12-10T00:00:00.000+00:00
6q6f,2018-12-10T00:00:00.000+00:00
6q6m,2018-12-11T00:00:00.000+00:00
6q6o,2018-12-11T00:00:00.000+00:00
6q6y,2018-12-12T00:00:00.000+00:00
6q73,2018-12-12T00:00:00.000+00:00
6q74,2018-12-12T00:00:00.000+00:00
6q7a,2018-12-13T00:00:00.000+00:00
6q7h,2018-12-13T00:00:00.000+00:00
6q7v,2018-12-13T00:00:00.000+00:00
6q7w,2018-12-13T00:00:00.000+00:00
6q89,2018-12-14T00:00:00.000+00:00
6q8a,2018-12-14T00:00:00.000+00:00
6q8b,2018-12-14T00:00:00.000+00:00
6q8c,2018-12-14T00:00:00.000+00:00
6q8k,2018-12-14T00:00:00.000+00:00
6q8p,2018-12-15T00:00:00.000+00:00
6q92,2018-12-17T00:00:00.000+00:00
6q96,2018-12-17T00:00:00.000+00:00
6q9h,2018-12-18T00:00:00.000+00:00
6q9l,2018-12-18T00:00:00.000+00:00
6q9o,2018-12-18T00:00:00.000+00:00
6q9q,2018-12-18T00:00:00.000+00:00
6q9s,2018-12-18T00:00:00.000+00:00
6q9t,2018-12-18T00:00:00.000+00:00
6q9u,2018-12-18T00:00:00.000+00:00
6q9w,2018-12-18T00:00:00.000+00:00
6q9y,2018-12-18T00:00:00.000+00:00
6qaa,2018-12-19T00:00:00.000+00:00
6qab,2018-12-19T00:00:00.000+00:00
6qac,2018-12-19T00:00:00.000+00:00
6qad,2018-12-19T00:00:00.000+00:00
6qae,2018-12-19T00:00:00.000+00:00
6qaf,2018-12-19T00:00:00.000+00:00
6qas,2018-12-19T00:00:00.000+00:00
6qat,2018-12-19T00:00:00.000+00:00
6qau,2018-12-19T00:00:00.000+00:00
6qav,2018-12-19T00:00:00.000+00:00
6qc0,2018-12-25T00:00:00.000+00:00
6qcg,2018-12-28T00:00:00.000+00:00
6qcj,2018-12-28T00:00:00.000+00:00
6qdx,2019-01-03T00:00:00.000+00:00
6qe0,2019-01-03T00:00:00.000+00:00
6qe5,2019-01-04T00:00:00.000+00:00
6qed,2019-01-07T00:00:00.000+00:00
6qef,2019-01-07T00:00:00.000+00:00
6qeg,2019-01-07T00:00:00.000+00:00
6qfe,2019-01-10T00:00:00.000+00:00
6qff,2019-01-10T00:00:00.000+00:00
6qfg,2019-01-10T00:00:00.000+00:00
6qfh,2019-01-10T00:00:00.000+00:00
6qfq,2019-01-10T00:00:00.000+00:00
6qft,2019-01-10T00:00:00.000+00:00
6qfu,2019-01-10T00:00:00.000+00:00
6qfv,2019-01-10T00:00:00.000+00:00
6qfw,2019-01-10T00:00:00.000+00:00
6qfx,2019-01-10T00:00:00.000+00:00
6qg4,2019-01-10T00:00:00.000+00:00
6qg7,2019-01-10T00:00:00.000+00:00
6qge,2019-01-11T00:00:00.000+00:00
6qgf,2019-01-11T00:00:00.000+00:00
6qgg,2019-01-11T00:00:00.000+00:00
6qgh,2019-01-11T00:00:00.000+00:00
6qgj,2019-01-11T00:00:00.000+00:00
6qgk,2019-01-11T00:00:00.000+00:00
6qh9,2019-01-16T00:00:00.000+00:00
6qha,2019-01-16T00:00:00.000+00:00
6qhb,2019-01-16T00:00:00.000+00:00
6qhc,2019-01-16T00:00:00.000+00:00
6qho,2019-01-17T00:00:00.000+00:00
6qhr,2019-01-17T00:00:00.000+00:00
6qi4,2019-01-17T00:00:00.000+00:00
6qi7,2019-01-17T00:00:00.000+00:00
6ql1,2019-01-31T00:00:00.000+00:00
6ql2,2019-01-31T00:00:00.000+00:00
6ql3,2019-01-31T00:00:00.000+00:00
6qln,2019-02-01T00:00:00.000+00:00
6qlo,2019-02-01T00:00:00.000+00:00
6qlp,2019-02-01T00:00:00.000+00:00
6qlq,2019-02-01T00:00:00.000+00:00
6qlr,2019-02-01T00:00:00.000+00:00
6qls,2019-02-01T00:00:00.000+00:00
6qlt,2019-02-01T00:00:00.000+00:00
6qlu,2019-02-01T00:00:00.000+00:00
6qm7,2019-02-01T00:00:00.000+00:00
6qmd,2019-02-07T00:00:00.000+00:00
6qme,2019-02-07T00:00:00.000+00:00
6qmj,2019-02-07T00:00:00.000+00:00
6qmk,2019-02-07T00:00:00.000+00:00
6qmr,2019-02-08T00:00:00.000+00:00
6qmt,2019-02-08T00:00:00.000+00:00
6qmu,2019-02-08T00:00:00.000+00:00
6qpl,2019-02-14T00:00:00.000+00:00
6qqq,2019-02-19T00:00:00.000+00:00
6qqt,2019-02-19T00:00:00.000+00:00
6qqu,2019-02-19T00:00:00.000+00:00
6qqv,2019-02-19T00:00:00.000+00:00
6qqw,2019-02-19T00:00:00.000+00:00
6qqz,2019-02-19T00:00:00.000+00:00
6qr0,2019-02-19T00:00:00.000+00:00
6qr1,2019-02-19T00:00:00.000+00:00
6qr2,2019-02-19T00:00:00.000+00:00
6qr3,2019-02-19T00:00:00.000+00:00
6qr4,2019-02-19T00:00:00.000+00:00
6qr7,2019-02-19T00:00:00.000+00:00
6qr9,2019-02-19T00:00:00.000+00:00
6qra,2019-02-19T00:00:00.000+00:00
6qrc,2019-02-19T00:00:00.000+00:00
6qrd,2019-02-19T00:00:00.000+00:00
6qre,2019-02-19T00:00:00.000+00:00
6qrf,2019-02-19T00:00:00.000+00:00
6qrg,2019-02-19T00:00:00.000+00:00
6qri,2019-02-19T00:00:00.000+00:00
6qs1,2019-02-20T00:00:00.000+00:00
6qs5,2019-02-20T00:00:00.000+00:00
6qsz,2019-02-22T00:00:00.000+00:00
6qtm,2019-02-25T00:00:00.000+00:00
6qto,2019-02-25T00:00:00.000+00:00
6qtq,2019-02-25T00:00:00.000+00:00
6qtr,2019-02-25T00:00:00.000+00:00
6qts,2019-02-25T00:00:00.000+00:00
6qtw,2019-02-25T00:00:00.000+00:00
6qtx,2019-02-25T00:00:00.000+00:00
6quv,2019-02-28T00:00:00.000+00:00
6quw,2019-02-28T00:00:00.000+00:00
6qw7,2019-03-05T00:00:00.000+00:00
6qw8,2019-03-05T00:00:00.000+00:00
6qw9,2019-03-05T00:00:00.000+00:00
6qwa,2019-03-05T00:00:00.000+00:00
6qwb,2019-03-05T00:00:00.000+00:00
6qwi,2019-03-05T00:00:00.000+00:00
6qxa,2019-03-07T00:00:00.000+00:00
6qxd,2019-03-07T00:00:00.000+00:00
6qxj,2019-03-07T00:00:00.000+00:00
6qxs,2019-03-07T00:00:00.000+00:00
6qxu,2019-03-08T00:00:00.000+00:00
6qyk,2019-03-09T00:00:00.000+00:00
6qyl,2019-03-09T00:00:00.000+00:00
6qyn,2019-03-09T00:00:00.000+00:00
6qyo,2019-03-09T00:00:00.000+00:00
6qyp,2019-03-09T00:00:00.000+00:00
6qz5,2019-03-11T00:00:00.000+00:00
6qz6,2019-03-11T00:00:00.000+00:00
6qz7,2019-03-11T00:00:00.000+00:00
6qz8,2019-03-11T00:00:00.000+00:00
6qzb,2019-03-11T00:00:00.000+00:00
6qzh,2019-03-11T00:00:00.000+00:00
6r0k,2019-03-13T00:00:00.000+00:00
6r0s,2019-03-13T00:00:00.000+00:00
6r0u,2019-03-13T00:00:00.000+00:00
6r0v,2019-03-13T00:00:00.000+00:00
6r0x,2019-03-13T00:00:00.000+00:00
6r11,2019-03-13T00:00:00.000+00:00
6r12,2019-03-13T00:00:00.000+00:00
6r13,2019-03-13T00:00:00.000+00:00
6r18,2019-03-14T00:00:00.000+00:00
6r1a,2019-03-14T00:00:00.000+00:00
6r1b,2019-03-14T00:00:00.000+00:00
6r1c,2019-03-14T00:00:00.000+00:00
6r1d,2019-03-14T00:00:00.000+00:00
6r1k,2019-03-14T00:00:00.000+00:00
6r1w,2019-03-15T00:00:00.000+00:00
6r1x,2019-03-15T00:00:00.000+00:00
6r49,2019-03-22T00:00:00.000+00:00
6r4k,2019-03-22T00:00:00.000+00:00
6r4s,2019-03-24T00:00:00.000+00:00
6r4v,2019-03-24T00:00:00.000+00:00
6r5f,2019-03-25T00:00:00.000+00:00
6r7d,2019-03-28T00:00:00.000+00:00
6r7j,2019-03-29T00:00:00.000+00:00
6r7k,2019-03-29T00:00:00.000+00:00
6r7r,2019-03-29T00:00:00.000+00:00
6r8i,2019-04-02T00:00:00.000+00:00
6r8l,2019-04-02T00:00:00.000+00:00
6r8o,2019-04-02T00:00:00.000+00:00
6r8p,2019-04-02T00:00:00.000+00:00
6r8q,2019-04-02T00:00:00.000+00:00
6r8r,2019-04-02T00:00:00.000+00:00
6r8w,2019-04-02T00:00:00.000+00:00
6r9s,2019-04-04T00:00:00.000+00:00
6r9u,2019-04-04T00:00:00.000+00:00
6r9x,2019-04-04T00:00:00.000+00:00
6ra1,2019-04-05T00:00:00.000+00:00
6rfi,2019-04-15T00:00:00.000+00:00
6rfj,2019-04-15T00:00:00.000+00:00
6rfn,2019-04-15T00:00:00.000+00:00
6rfw,2019-04-16T00:00:00.000+00:00
6rhe,2019-04-19T00:00:00.000+00:00
6rih,2019-04-24T00:00:00.000+00:00
6rj2,2019-04-26T00:00:00.000+00:00
6rj3,2019-04-26T00:00:00.000+00:00
6rj5,2019-04-26T00:00:00.000+00:00
6rj6,2019-04-26T00:00:00.000+00:00
6rjp,2019-04-29T00:00:00.000+00:00
6rk4,2019-04-30T00:00:00.000+00:00
6rln,2019-05-02T00:00:00.000+00:00
6rmf,2019-05-06T00:00:00.000+00:00
6rml,2019-05-07T00:00:00.000+00:00
6rmm,2019-05-07T00:00:00.000+00:00
6rn6,2019-05-08T00:00:00.000+00:00
6rn7,2019-05-08T00:00:00.000+00:00
6rn9,2019-05-08T00:00:00.000+00:00
6rna,2019-05-08T00:00:00.000+00:00
6rne,2019-05-08T00:00:00.000+00:00
6rni,2019-05-08T00:00:00.000+00:00
6rnt,1991-08-20T00:00:00.000+00:00
6rnu,2019-05-09T00:00:00.000+00:00
6rot,2019-05-13T00:00:00.000+00:00
6rpg,2019-05-14T00:00:00.000+00:00
6rqk,2019-05-16T00:00:00.000+00:00
6rr0,2019-05-16T00:00:00.000+00:00
6rrm,2019-05-20T00:00:00.000+00:00
6rsa,1986-02-25T00:00:00.000+00:00
6rtn,2019-05-24T00:00:00.000+00:00
6rtw,2019-05-27T00:00:00.000+00:00
6rvf,2019-05-31T00:00:00.000+00:00
6rvk,2019-05-31T00:00:00.000+00:00
6rvl,2019-05-31T00:00:00.000+00:00
6rw1,2019-06-03T00:00:00.000+00:00
6rz6,2019-06-12T00:00:00.000+00:00
6s07,2019-06-14T00:00:00.000+00:00
6s0e,2019-06-14T00:00:00.000+00:00
6s1s,2019-06-19T00:00:00.000+00:00
6s43,2019-06-26T00:00:00.000+00:00
6s4n,2019-06-28T00:00:00.000+00:00
6s4t,2019-06-28T00:00:00.000+00:00
6s4u,2019-06-28T00:00:00.000+00:00
6s55,2019-06-30T00:00:00.000+00:00
6s56,2019-06-30T00:00:00.000+00:00
6s57,2019-06-30T00:00:00.000+00:00
6s5k,2019-07-01T00:00:00.000+00:00
6s7k,2019-07-05T00:00:00.000+00:00
6s7s,2019-07-05T00:00:00.000+00:00
6s7z,2019-07-07T00:00:00.000+00:00
6s88,2019-07-08T00:00:00.000+00:00
6s89,2019-07-09T00:00:00.000+00:00
6s8a,2019-07-09T00:00:00.000+00:00
6s90,2019-07-11T00:00:00.000+00:00
6s9b,2019-07-12T00:00:00.000+00:00
6s9c,2019-07-12T00:00:00.000+00:00
6s9d,2019-07-12T00:00:00.000+00:00
6s9w,2019-07-15T00:00:00.000+00:00
6s9x,2019-07-15T00:00:00.000+00:00
6saf,2019-07-16T00:00:00.000+00:00
6sal,2019-07-17T00:00:00.000+00:00
6sbt,2019-07-22T00:00:00.000+00:00
6sd9,2019-07-26T00:00:00.000+00:00
6sdc,2019-07-26T00:00:00.000+00:00
6sdd,2019-07-26T00:00:00.000+00:00
6sde,2019-07-26T00:00:00.000+00:00
6sen,2019-07-30T00:00:00.000+00:00
6seo,2019-07-30T00:00:00.000+00:00
6sfc,2019-08-01T00:00:00.000+00:00
6sfi,2019-08-01T00:00:00.000+00:00
6sfj,2019-08-01T00:00:00.000+00:00
6sfk,2019-08-01T00:00:00.000+00:00
6skb,2019-08-15T00:00:00.000+00:00
6skc,2019-08-15T00:00:00.000+00:00
6skd,2019-08-15T00:00:00.000+00:00
6slg,2019-08-19T00:00:00.000+00:00
6sq0,2019-09-03T00:00:00.000+00:00
6ssy,2019-09-09T00:00:00.000+00:00
6st0,2019-09-09T00:00:00.000+00:00
6st3,2019-09-10T00:00:00.000+00:00
6std,1999-02-11T00:00:00.000+00:00
6stl,2019-09-10T00:00:00.000+00:00
6suo,2019-09-16T00:00:00.000+00:00
6sy7,2019-09-27T00:00:00.000+00:00
6sze,2019-10-02T00:00:00.000+00:00
6szj,2019-10-02T00:00:00.000+00:00
6szp,2019-10-02T00:00:00.000+00:00
6t1i,2019-10-04T00:00:00.000+00:00
6t1j,2019-10-04T00:00:00.000+00:00
6t1l,2019-10-04T00:00:00.000+00:00
6t1m,2019-10-04T00:00:00.000+00:00
6t1n,2019-10-04T00:00:00.000+00:00
6t1o,2019-10-04T00:00:00.000+00:00
6t6a,2019-10-18T00:00:00.000+00:00
6te6,2019-11-11T00:00:00.000+00:00
6tel,2019-11-12T00:00:00.000+00:00
6ten,2019-11-12T00:00:00.000+00:00
6tim,1991-04-23T00:00:00.000+00:00
6tl2,2019-11-29T00:00:00.000+00:00
6tld,2019-12-02T00:00:00.000+00:00
6tyz,2019-08-09T00:00:00.000+00:00
6u26,2019-08-19T00:00:00.000+00:00
6u5m,2019-08-28T00:00:00.000+00:00
6u5y,2019-08-28T00:00:00.000+00:00
6u6w,2019-08-30T00:00:00.000+00:00
6u7o,2019-09-03T00:00:00.000+00:00
6u7p,2019-09-03T00:00:00.000+00:00
6u80,2019-09-04T00:00:00.000+00:00
6u8b,2019-09-04T00:00:00.000+00:00
6u8l,2019-09-05T00:00:00.000+00:00
6u8o,2019-09-05T00:00:00.000+00:00
6ud2,2019-09-18T00:00:00.000+00:00
6udi,2019-09-19T00:00:00.000+00:00
6udt,2019-09-19T00:00:00.000+00:00
6udu,2019-09-19T00:00:00.000+00:00
6udv,2019-09-19T00:00:00.000+00:00
6udx,2019-09-19T00:00:00.000+00:00
6udy,2019-09-19T00:00:00.000+00:00
6ueg,2019-09-20T00:00:00.000+00:00
6uf0,2019-09-23T00:00:00.000+00:00
6ufn,2019-09-24T00:00:00.000+00:00
6ufo,2019-09-24T00:00:00.000+00:00
6ugn,2019-09-26T00:00:00.000+00:00
6ugo,2019-09-26T00:00:00.000+00:00
6ugp,2019-09-26T00:00:00.000+00:00
6ugq,2019-09-26T00:00:00.000+00:00
6ugr,2019-09-26T00:00:00.000+00:00
6ugz,2019-09-26T00:00:00.000+00:00
6uh0,2019-09-26T00:00:00.000+00:00
6uhu,2019-09-28T00:00:00.000+00:00
6uhv,2019-09-28T00:00:00.000+00:00
6uii,2019-10-01T00:00:00.000+00:00
6uil,2019-10-01T00:00:00.000+00:00
6uim,2019-10-01T00:00:00.000+00:00
6ul8,2019-10-07T00:00:00.000+00:00
6un1,2019-10-10T00:00:00.000+00:00
6un3,2019-10-10T00:00:00.000+00:00
6upj,1996-12-10T00:00:00.000+00:00
6uvp,2019-11-04T00:00:00.000+00:00
6uvv,2019-11-04T00:00:00.000+00:00
6uvy,2019-11-04T00:00:00.000+00:00
6uwp,2019-11-05T00:00:00.000+00:00
6uwv,2019-11-05T00:00:00.000+00:00
6uyx,2019-11-14T00:00:00.000+00:00
6uyy,2019-11-14T00:00:00.000+00:00
6uyz,2019-11-14T00:00:00.000+00:00
6v1c,2019-11-20T00:00:00.000+00:00
6v5l,2019-12-04T00:00:00.000+00:00
7abp,1991-04-25T00:00:00.000+00:00
7cpa,1991-05-21T00:00:00.000+00:00
7gch,1990-04-06T00:00:00.000+00:00
7gpb,1990-11-13T00:00:00.000+00:00
7hvp,1990-09-13T00:00:00.000+00:00
7kme,1999-02-26T00:00:00.000+00:00
7lpr,1991-08-05T00:00:00.000+00:00
7prc,1997-08-01T00:00:00.000+00:00
7std,1999-02-11T00:00:00.000+00:00
7upj,1996-12-05T00:00:00.000+00:00
830c,1998-08-06T00:00:00.000+00:00
8a3h,1999-01-20T00:00:00.000+00:00
8abp,1991-04-25T00:00:00.000+00:00
8cpa,1991-05-21T00:00:00.000+00:00
8gpb,1990-11-13T00:00:00.000+00:00
8hvp,1990-10-26T00:00:00.000+00:00
8lpr,1991-08-05T00:00:00.000+00:00
966c,1998-08-07T00:00:00.000+00:00
9abp,1991-11-15T00:00:00.000+00:00
9hvp,1990-11-06T00:00:00.000+00:00
9icd,1991-07-29T00:00:00.000+00:00
9lpr,1991-08-05T00:00:00.000+00:00
