pdb_id,pdb_class
1a30,protease
1bcu,protease
1bzc,hydrolase
1c5z,kinase
1e66,hydrolase
1eby,protease
1g2k,protease
1gpk,hydrolase
1gpn,hydrolase
1h22,hydrolase
1h23,hydrolase
1k1i,protease
1lpg,protease
1mq6,protease
1nc1,hydrolase
1nc3,hydrolase
1nvq,kinase
1o0h,hydrolase
1o3f,kinase
1o5b,protease
1owh,kinase
1oyt,protease
1p1n,other
1p1q,other
1ps3,hydrolase
1pxn,kinase
1q8t,kinase
1q8u,kinase
1qf1,protease
1qkt,nuclear receptor
1r5y,transferase
1s38,transferase
1sqa,kinase
1syi,other
1u1b,hydrolase
1uto,hydrolase
1vso,other
1w4o,hydrolase
1y6r,hydrolase
1yc1,other
1ydr,kinase
1ydt,kinase
1z6e,protease
1z95,nuclear receptor
1z9g,protease
2al5,other
2br1,kinase
2brb,transferase
2c3i,kinase
2cbv,hydrolase
2cet,hydrolase
2fvd,kinase
2fxs,immune/signaling
2hb1,hydrolase
2iwx,immune/signaling
2j78,hydrolase
2j7h,hydrolase
2p15,other
2p4y,nuclear receptor
2pog,nuclear receptor
2qbp,hydrolase
2qbq,hydrolase
2qbr,hydrolase
2qe4,nuclear receptor
2qnq,protease
2r9w,hydrolase
2v00,protease
2v7a,kinase
2vkm,protease
2vvn,hydrolase
2vw5,immune/signaling
2w4x,hydrolase
2w66,hydrolase
2wbg,hydrolase
2wca,hydrolase
2weg,lyase
2wer,immune/signaling
2wn9,transport/binding
2wnc,transport/binding
2wtv,kinase
2wvt,hydrolase
2x00,transport/binding
2xb8,lyase
2xbv,protease
2xdl,immune/signaling
2xii,hydrolase
2xj7,hydrolase
2xnb,transferase
2xys,other
2y5h,protease
2yfe,nuclear receptor
2yge,immune/signaling
2yki,immune/signaling
2ymd,transport/binding
2zb1,kinase
2zcq,transferase
2zcr,transferase
2zda,protease
2zy1,transferase
3acw,kinase
3ag9,kinase
3ao4,transferase
3arp,protease
3arq,protease
3aru,protease
3arv,protease
3ary,protease
3b1m,nuclear receptor
3b27,immune/signaling
3b5r,nuclear receptor
3b65,nuclear receptor
3b68,nuclear receptor
3bgz,kinase
3bv9,protease
3cj4,protease
3coy,ligase
3coz,ligase
3d4z,hydrolase
3d6q,hydrolase
3dd0,lyase
3dx1,nuclear receptor
3dx2,nuclear receptor
3dxg,hydrolase
3e5a,kinase
3e92,kinase
3e93,kinase
3ebp,kinase
3ehy,protease
3ejr,nuclear receptor
3f3a,transport/binding
3f3c,transport/binding
3f3d,transport/binding
3f3e,transport/binding
3fcq,protease
3fur,nuclear receptor
3fv1,other
3fv2,other
3g0w,nuclear receptor
3g2n,transferase
3g2z,protease
3g31,protease
3gbb,other
3gc5,transferase
3ge7,transferase
3gnw,protease
3gr2,protease
3gv9,protease
3gy4,protease
3ivg,ligase
3jvr,kinase
3jvs,kinase
3jya,kinase
3k5v,kinase
3kgp,kinase
3kr8,nuclear receptor
3kwa,lyase
3l7b,transferase
3lka,protease
3mss,kinase
3myg,kinase
3n76,lyase
3n7a,lyase
3n86,lyase
3nq9,transport/binding
3nw9,kinase
3nx7,protease
3o9i,protease
3oe4,kinase
3oe5,kinase
3ozs,kinase
3ozt,kinase
3p5o,immune/signaling
3prs,protease
3pww,protease
3pxf,kinase
3pyy,kinase
3qgy,kinase
3qqs,kinase
3r88,kinase
3rlr,immune/signaling
3rr4,kinase
3rsx,protease
3ryj,lyase
3syr,kinase
3tsk,protease
3twp,kinase
3u5j,immune/signaling
3u8k,transport/binding
3u8n,transport/binding
3u9q,nuclear receptor
3udh,protease
3ueu,transport/binding
3uev,transport/binding
3uew,transport/binding
3uex,transport/binding
3ui7,protease
3uo4,kinase
3up2,kinase
3uri,protease
3utu,protease
3uuo,protease
3wtj,transport/binding
3wz8,protease
3zdg,transport/binding
3zso,transferase
3zsx,transferase
3zt2,transferase
4abg,hydrolase
4agn,other
4agp,other
4agq,other
4bkt,ligase
4cig,transferase
4ciw,lyase
4cr9,hydrolase
4cra,hydrolase
4crc,hydrolase
4ddh,hydrolase
4ddk,hydrolase
4de1,protease
4de2,protease
4de3,protease
4djv,protease
4dld,other
4dli,kinase
4e5w,kinase
4e6q,kinase
4ea2,kinase
4eky,transferase
4eo8,kinase
4eor,kinase
4f09,kinase
4f2w,protease
4f3c,protease
4f9w,kinase
4gfm,kinase
4gid,protease
4gkm,kinase
4gr0,protease
4hge,kinase
4ih5,kinase
4ih7,kinase
4ivb,kinase
4ivc,kinase
4ivd,kinase
4j21,transferase
4j28,protease
4j3l,transferase
4jfs,protease
4jia,kinase
4jsz,lyase
4jxs,protease
4k18,kinase
4k77,kinase
4kz6,protease
4kzq,kinase
4kzu,kinase
4llx,protease
4lzs,other
4m0y,kinase
4m0z,kinase
4mgd,other
4mme,transport/binding
4ogj,kinase
4owm,transferase
4pcs,hydrolase
4qac,transport/binding
4qd6,kinase
4rfm,kinase
4tmn,protease
4twp,kinase
4ty7,protease
4u4s,other
4w9c,ligase
4w9h,ligase
4w9i,ligase
4w9l,ligase
4wiv,other
4x6p,protease
5a7b,immune/signaling
5aba,immune/signaling
5c28,protease
5c2h,protease
5dwr,kinase
5tmn,protease
11gs,transferase
13gs,kinase
16pk,kinase
184l,hydrolase
185l,hydrolase
186l,hydrolase
187l,hydrolase
188l,hydrolase
1a07,transferase
1a08,transferase
1a09,transferase
1a0q,hydrolase
1a0t,other
1a1b,transferase
1a1c,transferase
1a1e,transferase
1a28,nuclear receptor
1a2c,protease
1a37,other
1a3e,protease
1a42,lyase
1a46,protease
1a4g,hydrolase
1a4h,immune/signaling
1a4k,other
1a4m,hydrolase
1a4q,hydrolase
1a4r,hydrolase
1a4w,protease
1a52,nuclear receptor
1a5g,protease
1a5h,protease
1a5v,hydrolase
1a61,protease
1a69,transferase
1a7c,protease
1a7t,hydrolase
1a85,protease
1a86,protease
1a8i,other
1a8t,hydrolase
1a94,protease
1a99,transport/binding
1a9m,protease
1a9q,transferase
1a9u,kinase
1aaq,protease
1abf,transport/binding
1abt,other
1acj,hydrolase
1ad8,protease
1add,hydrolase
1adl,transport/binding
1ado,lyase
1af2,hydrolase
1af6,other
1afk,hydrolase
1afl,hydrolase
1ag9,other
1agm,hydrolase
1agw,kinase
1aht,protease
1ahx,transferase
1ahy,transferase
1ai4,hydrolase
1ai5,hydrolase
1ai6,hydrolase
1ai7,hydrolase
1aid,protease
1aj6,isomerase
1aj7,other
1ajn,hydrolase
1ajp,hydrolase
1ajq,hydrolase
1ajv,protease
1ajx,protease
1akq,other
1akr,other
1akt,other
1aku,other
1akv,other
1akw,other
1al7,oxidoreductase
1al8,oxidoreductase
1alw,protease
1amk,isomerase
1amn,hydrolase
1amw,immune/signaling
1anf,transport/binding
1ao0,transferase
1ao8,oxidoreductase
1apb,transport/binding
1apv,protease
1apw,protease
1aq1,kinase
1aq7,protease
1aqc,other
1aqi,transferase
1aqj,transferase
1at5,hydrolase
1at6,hydrolase
1atl,protease
1atr,immune/signaling
1au0,protease
1au2,protease
1auj,protease
1avd,transport/binding
1avn,lyase
1avp,protease
1aw1,isomerase
1awf,protease
1awh,protease
1awi,transport/binding
1ax0,other
1ax1,other
1ax2,other
1axr,transferase
1axs,other
1axz,other
1ayu,protease
1ayv,protease
1aze,other
1azg,kinase
1azl,other
1azm,lyase
1azx,protease
1b05,transport/binding
1b0f,protease
1b0h,transport/binding
1b11,protease
1b1h,transport/binding
1b2h,transport/binding
1b2i,protease
1b2m,hydrolase
1b32,transport/binding
1b38,kinase
1b39,kinase
1b3f,transport/binding
1b3g,transport/binding
1b3h,transport/binding
1b3l,transport/binding
1b40,transport/binding
1b42,transferase
1b46,transport/binding
1b4d,transferase
1b4h,transport/binding
1b4z,transport/binding
1b51,transport/binding
1b52,transport/binding
1b55,kinase
1b56,transport/binding
1b57,lyase
1b58,transport/binding
1b5g,protease
1b5h,transport/binding
1b5i,transport/binding
1b5j,transport/binding
1b6h,transport/binding
1b6j,protease
1b6k,protease
1b6l,protease
1b6m,protease
1b6p,protease
1b74,isomerase
1b7h,transport/binding
1b8n,transferase
1b8o,transferase
1b8y,protease
1b9j,transport/binding
1b9s,hydrolase
1b9t,hydrolase
1b9v,hydrolase
1ba8,protease
1bai,protease
1bap,transport/binding
1bb0,protease
1bbz,transferase
1bcd,lyase
1bcj,transport/binding
1bdl,protease
1bdq,protease
1bdr,protease
1bgo,protease
1bgq,immune/signaling
1bhf,kinase
1bhx,protease
1bil,protease
1bim,protease
1bio,protease
1biw,protease
1bji,hydrolase
1bjr,protease
1bju,protease
1bjv,protease
1bkj,oxidoreductase
1bkm,other
1bky,transferase
1bl4,isomerase
1bl6,kinase
1bl7,kinase
1bm2,other
1bm6,protease
1bm7,transport/binding
1bma,protease
1bmb,other
1bmk,kinase
1bmm,protease
1bmn,protease
1bmq,hydrolase
1bn1,lyase
1bn3,lyase
1bn4,lyase
1bnm,lyase
1bnn,lyase
1bnq,lyase
1bnt,lyase
1bnu,lyase
1bnv,lyase
1bnw,lyase
1bo5,kinase
1bp0,transferase
1bq3,transferase
1bq4,transferase
1bqm,transferase
1bqn,transferase
1bqo,protease
1br5,hydrolase
1br6,hydrolase
1br8,other
1bra,protease
1bsk,protease
1bt6,transport/binding
1btn,other
1bty,protease
1bug,oxidoreductase
1bux,kinase
1bv7,protease
1bv9,protease
1bwa,protease
1bwb,protease
1bwn,kinase
1bxl,other
1bxo,protease
1bxq,protease
1bxr,transferase
1bzf,oxidoreductase
1bzh,protease
1bzj,hydrolase
1bzs,protease
1c12,immune/signaling
1c1r,protease
1c1u,protease
1c1v,protease
1c29,transferase
1c2t,transferase
1c3b,hydrolase
1c3e,transferase
1c3i,hydrolase
1c3r,lyase
1c3x,transferase
1c4u,protease
1c4v,protease
1c4y,protease
1c50,transferase
1c5c,lyase
1c5f,isomerase
1c5n,kinase
1c5o,kinase
1c5p,kinase
1c5q,kinase
1c5s,kinase
1c5t,kinase
1c5x,kinase
1c5y,kinase
1c6y,protease
1c70,protease
1c7e,other
1c7f,other
1c83,hydrolase
1c84,hydrolase
1c85,hydrolase
1c86,hydrolase
1c87,hydrolase
1c88,hydrolase
1c8k,transferase
1c8l,transferase
1c8v,transferase
1c9d,transferase
1ca8,protease
1caq,protease
1cbr,nuclear receptor
1cbx,protease
1ce5,protease
1cea,protease
1ceb,protease
1cet,oxidoreductase
1cgl,protease
1ch8,ligase
1ci7,transferase
1cil,lyase
1cim,lyase
1cin,lyase
1ciz,protease
1cj1,transport/binding
1cka,other
1ckb,other
1clu,hydrolase
1cnw,lyase
1cnx,lyase
1cny,lyase
1cp6,protease
1cpi,protease
1cps,protease
1cqp,immune/signaling
1cr6,hydrolase
1cs4,hydrolase
1csh,transferase
1csi,transferase
1csr,transferase
1css,transferase
1ct8,immune/signaling
1ctr,transport/binding
1ctt,hydrolase
1ctu,hydrolase
1cw2,transferase
1cwb,isomerase
1cwc,isomerase
1cx9,transferase
1cyn,isomerase
1czc,transferase
1cze,transferase
1czk,other
1czl,other
1czo,other
1czq,immune/signaling
1czr,other
1d04,other
1d09,transferase
1d1p,hydrolase
1d2e,transport/binding
1d2s,transport/binding
1d3d,protease
1d3p,protease
1d3q,protease
1d3v,hydrolase
1d4h,protease
1d4i,protease
1d4j,protease
1d4k,protease
1d4l,protease
1d4p,protease
1d4t,kinase
1d4w,immune/signaling
1d4y,protease
1d5j,protease
1d5r,hydrolase
1d6n,transferase
1d6s,lyase
1d6v,immune/signaling
1d6w,protease
1d7i,isomerase
1d7j,isomerase
1d7x,protease
1d8e,transferase
1d8f,protease
1d8m,protease
1d9i,protease
1dar,other
1db1,nuclear receptor
1db4,protease
1db5,protease
1dbb,other
1dbj,other
1dbk,other
1ddm,transferase
1det,hydrolase
1df8,transport/binding
1dfo,transferase
1dg9,hydrolase
1dgm,kinase
1dhi,oxidoreductase
1dhj,oxidoreductase
1di8,kinase
1di9,kinase
1dif,protease
1dis,oxidoreductase
1dkd,immune/signaling
1dl7,immune/signaling
1dm2,kinase
1dmb,transport/binding
1dmp,protease
1doj,protease
1dpu,transport/binding
1dqx,lyase
1drj,transport/binding
1drk,transport/binding
1drv,oxidoreductase
1dth,protease
1dtq,transferase
1dtt,transferase
1dub,lyase
1dud,hydrolase
1duv,transferase
1dva,protease
1dwc,protease
1dwd,protease
1dx6,hydrolase
1dxp,protease
1dy4,hydrolase
1dzj,transport/binding
1dzk,transport/binding
1dzm,transport/binding
1dzp,transport/binding
1e00,transport/binding
1e02,transport/binding
1e03,other
1e06,transport/binding
1e1v,kinase
1e1x,kinase
1e1y,transferase
1e2k,kinase
1e2l,kinase
1e34,protease
1e37,protease
1e3g,nuclear receptor
1e3v,isomerase
1e4h,transport/binding
1e55,hydrolase
1e5a,transport/binding
1e5j,hydrolase
1e6q,hydrolase
1e6s,hydrolase
1e72,hydrolase
1e8h,oxidoreductase
1e9h,kinase
1eas,protease
1eat,protease
1eb1,protease
1eb2,protease
1ebg,lyase
1ebw,protease
1ebz,protease
1ec0,protease
1ec1,protease
1ec2,protease
1ec3,protease
1ec9,lyase
1ecq,lyase
1ecv,hydrolase
1eed,protease
1eef,other
1eei,other
1efi,other
1efy,transferase
1egh,transferase
1eix,lyase
1ej4,other
1ejn,kinase
1ek1,hydrolase
1ek2,hydrolase
1ekb,protease
1ela,protease
1elb,protease
1elc,protease
1eld,protease
1ele,protease
1elr,immune/signaling
1els,lyase
1em6,transferase
1enu,transferase
1eoc,oxidoreductase
1eoj,protease
1eol,protease
1eou,hydrolase
1epo,protease
1epp,protease
1erb,transport/binding
1ero,hydrolase
1erq,hydrolase
1err,nuclear receptor
1esz,transport/binding
1ets,protease
1ett,protease
1etz,immune/signaling
1eub,protease
1eve,hydrolase
1evh,other
1ew8,hydrolase
1ew9,hydrolase
1ewj,transport/binding
1ex8,kinase
1exv,transferase
1exw,hydrolase
1ez9,transport/binding
1ezf,transferase
1ezq,hydrolase
1f0q,kinase
1f0r,hydrolase
1f0s,hydrolase
1f0t,hydrolase
1f0u,hydrolase
1f1j,protease
1f28,transferase
1f2o,protease
1f2p,protease
1f3e,transferase
1f3j,immune/signaling
1f40,isomerase
1f47,other
1f4e,transferase
1f4f,transferase
1f4g,transferase
1f4x,immune/signaling
1f4y,immune/signaling
1f57,protease
1f5k,kinase
1f5l,kinase
1f73,lyase
1f74,lyase
1f7b,lyase
1f8a,isomerase
1f8e,protease
1f90,immune/signaling
1f92,kinase
1f9e,protease
1f9g,lyase
1fao,immune/signaling
1fax,protease
1fbm,other
1fch,immune/signaling
1fcx,nuclear receptor
1fcy,nuclear receptor
1fcz,nuclear receptor
1fd0,nuclear receptor
1fd7,other
1fdq,transport/binding
1fe3,transport/binding
1ff1,immune/signaling
1fgi,kinase
1fh7,hydrolase
1fh8,hydrolase
1fh9,hydrolase
1fhd,hydrolase
1fhr,transferase
1fig,other
1fiv,protease
1fj4,transferase
1fjs,protease
1fkb,isomerase
1fkf,isomerase
1fkg,isomerase
1fkh,isomerase
1fki,isomerase
1fkn,protease
1fkw,hydrolase
1fl3,immune/signaling
1fl6,oxidoreductase
1flm,transport/binding
1flr,other
1fls,protease
1fm9,nuclear receptor
1fmb,protease
1fo0,immune/signaling
1fo2,hydrolase
1fo3,hydrolase
1fpc,protease
1fpi,hydrolase
1fpp,transferase
1fpy,ligase
1fq4,protease
1fq5,protease
1fq6,protease
1fq7,protease
1fq8,protease
1fsg,transferase
1fsw,hydrolase
1fsy,hydrolase
1ft4,transport/binding
1ft7,protease
1fta,hydrolase
1ftj,other
1ftk,other
1ftl,other
1ftm,other
1fv0,hydrolase
1fv9,kinase
1fvt,kinase
1fvv,kinase
1fw0,other
1fwe,hydrolase
1fwu,transport/binding
1fwv,transport/binding
1fyr,other
1fzj,immune/signaling
1fzk,immune/signaling
1fzm,immune/signaling
1fzo,immune/signaling
1fzq,immune/signaling
1g05,protease
1g1d,lyase
1g1e,other
1g27,hydrolase
1g2a,hydrolase
1g2l,protease
1g2m,protease
1g2o,transferase
1g30,protease
1g32,protease
1g35,protease
1g36,protease
1g37,protease
1g3b,hydrolase
1g3c,hydrolase
1g3d,hydrolase
1g3e,hydrolase
1g3f,other
1g3m,transferase
1g45,lyase
1g46,lyase
1g48,lyase
1g49,protease
1g4j,lyase
1g4k,protease
1g4o,lyase
1g50,transport/binding
1g52,lyase
1g53,lyase
1g54,lyase
1g5f,hydrolase
1g5s,kinase
1g6g,other
1g6r,immune/signaling
1g6s,transferase
1g74,transport/binding
1g7f,hydrolase
1g7g,hydrolase
1g7p,immune/signaling
1g7q,immune/signaling
1g7v,transferase
1g85,transport/binding
1g98,isomerase
1g9a,hydrolase
1g9b,hydrolase
1g9c,hydrolase
1g9d,hydrolase
1g9r,transferase
1g9s,transferase
1g9t,transferase
1ga8,transferase
1ga9,hydrolase
1gaf,other
1gag,kinase
1gah,hydrolase
1gai,hydrolase
1gar,transferase
1gbq,other
1gbt,protease
1gca,transport/binding
1gcz,immune/signaling
1gfw,hydrolase
1gfy,hydrolase
1gfz,transferase
1ggd,protease
1ggn,transferase
1ghv,kinase
1ghw,kinase
1ghy,kinase
1ghz,kinase
1gi1,kinase
1gi4,kinase
1gi6,kinase
1gi7,kinase
1gi8,kinase
1gi9,kinase
1gj4,kinase
1gj5,kinase
1gj6,protease
1gj7,protease
1gj8,protease
1gja,protease
1gjb,protease
1gjc,protease
1gjd,protease
1gmy,protease
1gni,transport/binding
1gnj,transport/binding
1gnm,protease
1gnn,protease
1gno,protease
1gny,other
1gpy,other
1gqs,hydrolase
1grp,oxidoreductase
1gsf,transferase
1gsz,isomerase
1gt1,transport/binding
1gt3,transport/binding
1gt4,transport/binding
1gt5,transport/binding
1gu1,lyase
1gu3,other
1gui,other
1guw,other
1gux,other
1gvk,protease
1gvu,protease
1gvx,protease
1gwm,other
1gwq,nuclear receptor
1gwr,nuclear receptor
1gwv,transferase
1gww,transferase
1gx0,transferase
1gx4,transferase
1gx8,other
1gym,hydrolase
1gyx,isomerase
1gyy,isomerase
1gz3,oxidoreductase
1gz4,oxidoreductase
1gz9,transport/binding
1gzc,transport/binding
1gzg,transferase
1gzv,isomerase
1h00,kinase
1h01,kinase
1h08,kinase
1h0a,other
1h0r,lyase
1h0w,kinase
1h1b,protease
1h1d,transferase
1h1h,hydrolase
1h1p,kinase
1h1q,kinase
1h1r,kinase
1h1s,kinase
1h24,kinase
1h25,kinase
1h26,kinase
1h27,kinase
1h28,kinase
1h2k,other
1h2t,other
1h2u,other
1h35,isomerase
1h36,isomerase
1h37,isomerase
1h39,isomerase
1h3a,isomerase
1h3b,isomerase
1h3c,isomerase
1h3h,transport/binding
1h46,hydrolase
1h4n,lyase
1h4w,protease
1h5u,transferase
1h5v,hydrolase
1h60,oxidoreductase
1h61,oxidoreductase
1h62,oxidoreductase
1h6e,other
1h6h,other
1h79,oxidoreductase
1h7a,oxidoreductase
1h8l,protease
1h8s,other
1h8y,hydrolase
1h9l,protease
1h9z,transport/binding
1ha2,transport/binding
1haa,other
1hbj,hydrolase
1hbv,protease
1hc9,other
1hdq,protease
1hdt,protease
1hee,protease
1hef,protease
1heg,protease
1hge,immune/signaling
1hgi,immune/signaling
1hgj,immune/signaling
1hgt,protease
1hi3,hydrolase
1hi4,hydrolase
1hi5,hydrolase
1hih,protease
1hii,protease
1him,other
1hiv,protease
1hiy,kinase
1hk1,transport/binding
1hk2,transport/binding
1hk3,transport/binding
1hk4,transport/binding
1hk5,transport/binding
1hkj,hydrolase
1hkk,hydrolase
1hkm,hydrolase
1hlf,transferase
1hlk,hydrolase
1hmr,transport/binding
1hms,transport/binding
1hmt,transport/binding
1hn2,transport/binding
1hn4,hydrolase
1hos,protease
1hp0,hydrolase
1hp5,hydrolase
1hpo,protease
1hps,protease
1hpv,protease
1hpx,protease
1hq5,hydrolase
1hqf,hydrolase
1hqg,hydrolase
1hqh,hydrolase
1hrn,protease
1hs6,hydrolase
1hsg,protease
1hsh,protease
1hsl,transport/binding
1hte,protease
1htf,protease
1htg,protease
1hti,oxidoreductase
1hty,hydrolase
1hvh,protease
1hvi,protease
1hvj,protease
1hvk,protease
1hvl,protease
1hvr,protease
1hvs,protease
1hvy,transferase
1hwr,protease
1hww,hydrolase
1hxb,protease
1hxk,hydrolase
1hxw,protease
1hy7,protease
1hyo,hydrolase
1hyv,transferase
1hyz,transferase
1i00,transferase
1i1e,protease
1i2s,hydrolase
1i32,oxidoreductase
1i33,oxidoreductase
1i37,nuclear receptor
1i3z,immune/signaling
1i41,transferase
1i43,transferase
1i48,transferase
1i5d,transferase
1i5h,ligase
1i5r,oxidoreductase
1i6v,transferase
1i72,lyase
1i7c,lyase
1i7g,nuclear receptor
1i7i,nuclear receptor
1i7m,lyase
1i7z,immune/signaling
1i80,transferase
1i8h,isomerase
1i8i,immune/signaling
1i8j,transferase
1i8z,lyase
1i90,lyase
1i91,lyase
1i9l,lyase
1i9m,lyase
1i9n,lyase
1i9o,lyase
1i9p,lyase
1i9q,lyase
1iau,protease
1ibc,protease
1ibg,immune/signaling
1icj,protease
1ida,protease
1idb,protease
1idg,other
1ie9,nuclear receptor
1iem,hydrolase
1iep,kinase
1iew,hydrolase
1if7,lyase
1if8,lyase
1igb,protease
1ih0,transport/binding
1iht,protease
1ihy,oxidoreductase
1ii5,other
1iig,isomerase
1iih,isomerase
1iiq,protease
1ijr,kinase
1ik4,transferase
1ikt,oxidoreductase
1ikv,transferase
1ikw,transferase
1ikx,transferase
1iky,transferase
1il3,hydrolase
1il4,hydrolase
1il5,hydrolase
1il9,hydrolase
1ilh,nuclear receptor
1ilq,immune/signaling
1imx,other
1inc,protease
1ind,other
1inf,hydrolase
1ing,hydrolase
1inh,hydrolase
1inq,immune/signaling
1iq1,other
1irs,other
1is0,kinase
1it6,hydrolase
1iup,hydrolase
1ivp,protease
1iwq,transport/binding
1iy7,hydrolase
1iyl,transferase
1izh,protease
1izi,protease
1j01,hydrolase
1j07,hydrolase
1j14,protease
1j15,protease
1j16,protease
1j17,protease
1j19,other
1j1a,hydrolase
1j36,protease
1j37,hydrolase
1j4k,transferase
1j4p,transferase
1j4q,transferase
1j4r,isomerase
1j5i,other
1j7z,hydrolase
1j80,hydrolase
1j81,hydrolase
1jak,hydrolase
1jao,protease
1jaq,protease
1jbd,other
1jcx,transferase
1jd0,lyase
1jd5,hydrolase
1jd6,hydrolase
1jdj,oxidoreductase
1jet,transport/binding
1jeu,transport/binding
1jev,transport/binding
1jfh,hydrolase
1jg0,transferase
1jgl,immune/signaling
1jh1,hydrolase
1jif,transport/binding
1jii,ligase
1jij,ligase
1jik,ligase
1jil,ligase
1jiz,protease
1jj9,hydrolase
1jje,hydrolase
1jjk,lyase
1jjt,hydrolase
1jk7,hydrolase
1jld,protease
1jlq,transferase
1jlr,transferase
1jlx,other
1jm4,transferase
1jmf,transferase
1jmg,transferase
1jmi,transferase
1jmq,immune/signaling
1jn2,transport/binding
1jn4,hydrolase
1joc,other
1joj,transport/binding
1jp5,protease
1jpl,immune/signaling
1jq3,transferase
1jq8,protease
1jq9,protease
1jqd,transferase
1jqe,transferase
1jqy,other
1jr1,oxidoreductase
1jrs,protease
1jsv,kinase
1jt1,other
1jtq,transferase
1juf,immune/signaling
1juj,transferase
1juq,immune/signaling
1jut,transferase
1juy,ligase
1jvp,kinase
1jvu,hydrolase
1jwm,immune/signaling
1jws,immune/signaling
1jwt,hydrolase
1jwu,immune/signaling
1jyc,transport/binding
1jyi,transport/binding
1jys,hydrolase
1jzs,ligase
1k03,oxidoreductase
1k06,transferase
1k08,transferase
1k1j,protease
1k1l,protease
1k1m,protease
1k1n,protease
1k1o,protease
1k1p,protease
1k1y,transferase
1k21,protease
1k22,protease
1k27,transferase
1k2i,hydrolase
1k2v,other
1k3n,transferase
1k3q,transferase
1k3t,oxidoreductase
1k4g,transferase
1k4h,transferase
1k6c,protease
1k6p,protease
1k6t,protease
1k6v,protease
1k9q,immune/signaling
1k9r,immune/signaling
1k9s,transferase
1ka7,immune/signaling
1kak,hydrolase
1kat,other
1kav,hydrolase
1kc5,immune/signaling
1kc7,kinase
1kcs,immune/signaling
1kdk,transport/binding
1kds,hydrolase
1kdw,hydrolase
1ke0,hydrolase
1ke3,hydrolase
1ke5,kinase
1ke6,kinase
1ke7,kinase
1ke8,kinase
1ke9,kinase
1kf0,kinase
1kf6,oxidoreductase
1kfy,oxidoreductase
1kjr,transport/binding
1kkq,nuclear receptor
1kl3,transport/binding
1kl5,transport/binding
1klg,immune/signaling
1kll,other
1klu,immune/signaling
1km3,lyase
1kmv,oxidoreductase
1kmy,oxidoreductase
1kna,immune/signaling
1kne,immune/signaling
1koj,isomerase
1kpm,hydrolase
1kqb,oxidoreductase
1kr3,hydrolase
1ksn,hydrolase
1kti,transferase
1ktt,protease
1kug,protease
1kui,protease
1kuk,protease
1kv1,kinase
1kv2,kinase
1kv5,isomerase
1kvo,hydrolase
1kwq,lyase
1kwr,lyase
1kyn,protease
1kyv,transferase
1kz8,hydrolase
1kzk,protease
1kzn,isomerase
1l0a,immune/signaling
1l2s,hydrolase
1l2z,immune/signaling
1l5q,transferase
1l5r,transferase
1l5s,transferase
1l6m,transport/binding
1l6s,transferase
1l6y,transferase
1l7x,transferase
1l83,hydrolase
1l8g,hydrolase
1laf,transport/binding
1lag,transport/binding
1lah,transport/binding
1lan,protease
1lb6,immune/signaling
1lbf,lyase
1lcj,kinase
1lcp,protease
1ld7,transferase
1ld8,transferase
1lee,protease
1leg,immune/signaling
1lek,immune/signaling
1lev,hydrolase
1lf2,protease
1lf3,protease
1lf9,hydrolase
1lfo,transport/binding
1lgt,oxidoreductase
1lgw,hydrolase
1lhc,protease
1lhd,protease
1lhe,protease
1lhf,protease
1lhg,protease
1lhu,transport/binding
1lhv,transport/binding
1lhw,transport/binding
1li2,hydrolase
1li3,hydrolase
1li6,hydrolase
1ljt,immune/signaling
1lke,transport/binding
1lkk,kinase
1lkl,kinase
1lkx,other
1ll4,hydrolase
1llb,hydrolase
1lnm,transport/binding
1los,lyase
1lox,oxidoreductase
1lpk,protease
1lpz,protease
1lq2,hydrolase
1lqd,protease
1lqe,protease
1lqf,hydrolase
1lrh,transport/binding
1lrt,oxidoreductase
1lst,transport/binding
1lt5,other
1lt6,other
1lv8,transferase
1lvc,lyase
1lvu,transferase
1lxf,transport/binding
1lxh,other
1lyb,protease
1lyx,isomerase
1lzo,isomerase
1lzq,protease
1m0b,protease
1m0n,lyase
1m0o,lyase
1m0q,lyase
1m13,nuclear receptor
1m1b,isomerase
1m21,protease
1m2p,kinase
1m2q,kinase
1m2r,kinase
1m2x,hydrolase
1m48,immune/signaling
1m4h,protease
1m51,lyase
1m5b,other
1m5c,other
1m5d,other
1m5e,other
1m5f,other
1m5w,transferase
1m6p,other
1m74,transport/binding
1m7d,immune/signaling
1m7i,immune/signaling
1m7q,kinase
1m7y,transferase
1m83,ligase
1m9n,transferase
1mai,hydrolase
1mau,ligase
1maw,ligase
1mcz,lyase
1mdl,isomerase
1me3,protease
1me4,protease
1me7,oxidoreductase
1me8,oxidoreductase
1mem,protease
1mes,protease
1met,protease
1meu,protease
1mf4,protease
1mfa,other
1mfd,other
1mfg,immune/signaling
1mfi,immune/signaling
1mh5,immune/signaling
1mhw,protease
1mik,isomerase
1mj7,immune/signaling
1mjj,immune/signaling
1mkd,hydrolase
1ml1,oxidoreductase
1mm6,other
1mm7,other
1mmp,protease
1mmq,protease
1mmr,protease
1mn9,kinase
1mnc,protease
1mns,other
1moq,transferase
1mpa,other
1mpl,protease
1mq1,transport/binding
1mq5,protease
1mqd,other
1mqg,other
1mqh,other
1mqi,other
1mqj,other
1mrn,kinase
1mrs,kinase
1mrw,protease
1mrx,protease
1ms0,hydrolase
1ms6,protease
1ms7,other
1msm,protease
1msn,protease
1mto,kinase
1mtr,protease
1mu6,hydrolase
1mu8,protease
1mue,hydrolase
1mui,protease
1mv0,other
1mwn,immune/signaling
1mwt,protease
1mx1,hydrolase
1mxl,transport/binding
1mxo,hydrolase
1mxu,other
1my2,other
1my3,other
1my4,other
1my8,hydrolase
1mzc,transferase
1mzs,transferase
1n0s,transport/binding
1n0t,other
1n1g,oxidoreductase
1n1t,hydrolase
1n1v,hydrolase
1n3i,transferase
1n3w,transport/binding
1n3z,hydrolase
1n43,transport/binding
1n46,other
1n4h,nuclear receptor
1n4k,other
1n4m,other
1n51,protease
1n5r,hydrolase
1n5z,other
1n7i,transferase
1n7j,transferase
1n7m,immune/signaling
1n7t,immune/signaling
1n8u,transport/binding
1n8v,transport/binding
1n94,transferase
1n95,transferase
1n9a,transferase
1n9m,transport/binding
1nax,nuclear receptor
1nc6,hydrolase
1nd5,hydrolase
1nde,nuclear receptor
1ndj,transport/binding
1ndv,hydrolase
1ndw,hydrolase
1ndy,hydrolase
1ndz,hydrolase
1nf8,hydrolase
1nfs,isomerase
1nfu,hydrolase
1nfw,hydrolase
1nfx,hydrolase
1nfy,hydrolase
1ngw,immune/signaling
1nh0,protease
1nhg,oxidoreductase
1nhu,transferase
1nhv,transferase
1nhw,oxidoreductase
1nhx,lyase
1nhz,nuclear receptor
1ni1,transferase
1nj1,ligase
1nj5,ligase
1nja,transferase
1njb,transferase
1njc,transferase
1njd,transferase
1nje,transferase
1njf,transferase
1njj,lyase
1njs,transferase
1njt,protease
1nju,protease
1nki,transferase
1nkm,protease
1nl4,transferase
1nl6,protease
1nl9,hydrolase
1nli,hydrolase
1nlj,protease
1nlo,transferase
1nlp,transferase
1nlt,immune/signaling
1nm6,hydrolase
1nmk,isomerase
1nms,hydrolase
1nnb,hydrolase
1nnk,other
1nnu,oxidoreductase
1nny,hydrolase
1no6,hydrolase
1no9,protease
1noi,transferase
1noj,transferase
1nok,transferase
1nox,oxidoreductase
1np0,hydrolase
1npa,protease
1npv,protease
1npw,protease
1npz,protease
1nq0,nuclear receptor
1nq7,nuclear receptor
1nqc,protease
1nt1,hydrolase
1ntk,oxidoreductase
1ntv,immune/signaling
1nu1,protease
1nu3,hydrolase
1nu8,protease
1nvr,kinase
1nvs,kinase
1nw4,transferase
1nw5,transferase
1nw7,transferase
1nwl,hydrolase
1nxy,hydrolase
1ny0,hydrolase
1ny2,protease
1nym,hydrolase
1nyx,nuclear receptor
1nyy,hydrolase
1nz7,hydrolase
1nzl,transferase
1nzq,protease
1nzv,transferase
1o0d,hydrolase
1o0f,hydrolase
1o0m,hydrolase
1o0n,hydrolase
1o0o,hydrolase
1o1s,transferase
1o2g,kinase
1o2h,kinase
1o2j,kinase
1o2k,kinase
1o2n,kinase
1o2o,kinase
1o2p,kinase
1o2q,kinase
1o2r,kinase
1o2s,kinase
1o2t,kinase
1o2u,kinase
1o2v,kinase
1o2w,kinase
1o2x,kinase
1o2y,kinase
1o2z,kinase
1o30,kinase
1o32,kinase
1o33,kinase
1o34,kinase
1o35,kinase
1o36,kinase
1o37,kinase
1o38,kinase
1o39,kinase
1o3b,kinase
1o3c,kinase
1o3d,kinase
1o3e,kinase
1o3g,kinase
1o3h,kinase
1o3i,kinase
1o3j,kinase
1o3k,kinase
1o3l,kinase
1o3p,kinase
1o41,immune/signaling
1o42,immune/signaling
1o43,immune/signaling
1o44,immune/signaling
1o45,immune/signaling
1o46,immune/signaling
1o47,immune/signaling
1o48,immune/signaling
1o49,immune/signaling
1o4a,immune/signaling
1o4b,immune/signaling
1o4d,immune/signaling
1o4e,immune/signaling
1o4f,immune/signaling
1o4g,immune/signaling
1o4h,immune/signaling
1o4i,immune/signaling
1o4j,immune/signaling
1o4k,immune/signaling
1o4l,immune/signaling
1o4m,immune/signaling
1o4n,immune/signaling
1o4o,immune/signaling
1o4p,immune/signaling
1o4q,immune/signaling
1o4r,immune/signaling
1o5a,protease
1o5c,protease
1o5e,protease
1o5f,protease
1o5g,protease
1o5m,kinase
1o5p,other
1o5r,hydrolase
1o6h,isomerase
1o6i,protease
1o6q,isomerase
1o6r,isomerase
1o79,isomerase
1o7o,transferase
1o86,protease
1o8b,isomerase
1o9d,transport/binding
1o9e,transport/binding
1o9k,other
1oai,other
1oar,immune/signaling
1oau,immune/signaling
1oay,immune/signaling
1oba,hydrolase
1obx,other
1ocn,hydrolase
1ocq,hydrolase
1od8,hydrolase
1odi,transferase
1odj,transferase
1ody,protease
1oe0,kinase
1oe7,transferase
1oe8,transferase
1oeb,transport/binding
1ofz,transport/binding
1ogd,other
1ogg,hydrolase
1ogu,kinase
1ogx,isomerase
1ogz,isomerase
1oh4,hydrolase
1ohr,protease
1oi9,kinase
1oif,hydrolase
1oim,hydrolase
1oiq,kinase
1oir,kinase
1oit,kinase
1oiu,kinase
1oiy,kinase
1oj5,other
1ok7,transferase
1okl,lyase
1oko,transport/binding
1okv,kinase
1okw,kinase
1okx,protease
1oky,kinase
1okz,kinase
1ol1,kinase
1ol2,kinase
1ols,oxidoreductase
1olu,oxidoreductase
1olx,oxidoreductase
1om1,transferase
1om2,oxidoreductase
1om9,immune/signaling
1ong,hydrolase
1onh,hydrolase
1onp,oxidoreductase
1ony,hydrolase
1onz,hydrolase
1opi,transport/binding
1oq5,lyase
1oqp,transport/binding
1ork,other
1orw,protease
1os5,transferase
1osg,immune/signaling
1oss,protease
1osv,nuclear receptor
1oth,transferase
1ouk,kinase
1ouy,kinase
1ov3,oxidoreductase
1ove,kinase
1ow4,transport/binding
1ow6,kinase
1ow7,kinase
1ow8,kinase
1owd,kinase
1owe,kinase
1owi,kinase
1owj,kinase
1owk,kinase
1ox9,hydrolase
1oxg,hydrolase
1oxn,other
1oxq,other
1oxr,hydrolase
1oy7,other
1oyn,hydrolase
1oyq,protease
1oz0,transferase
1ozv,transferase
1p01,protease
1p02,protease
1p03,protease
1p04,protease
1p05,protease
1p06,protease
1p0y,transferase
1p10,protease
1p17,transferase
1p19,transferase
1p1o,other
1p28,transport/binding
1p2a,kinase
1p2g,transferase
1p4r,transferase
1p4u,transport/binding
1p57,protease
1p5e,kinase
1p6d,hydrolase
1p6e,hydrolase
1p7m,hydrolase
1p93,nuclear receptor
1pa9,hydrolase
1pau,protease
1pb8,transport/binding
1pb9,transport/binding
1pbk,isomerase
1pbq,transport/binding
1pcg,other
1pdq,immune/signaling
1pdz,lyase
1pf7,transferase
1pf8,kinase
1pfu,ligase
1pfy,ligase
1pg2,ligase
1pgp,oxidoreductase
1ph0,hydrolase
1phw,transferase
1pi4,hydrolase
1pi5,hydrolase
1pig,transferase
1pip,protease
1pk0,lyase
1pkx,transferase
1pl0,transferase
1pme,kinase
1pmn,kinase
1pmu,kinase
1pmv,kinase
1pmx,other
1pop,protease
1pot,transport/binding
1ppc,protease
1pph,protease
1ppi,hydrolase
1ppk,protease
1ppl,protease
1ppm,protease
1ppw,isomerase
1ppx,hydrolase
1pq3,hydrolase
1pq6,other
1pqc,other
1pr1,transferase
1pr5,transferase
1prl,other
1prm,other
1pro,protease
1pu7,hydrolase
1pu8,hydrolase
1pum,transport/binding
1pun,hydrolase
1puq,hydrolase
1pus,hydrolase
1pvn,oxidoreductase
1pw6,immune/signaling
1pwp,hydrolase
1pwq,hydrolase
1pwu,protease
1pwy,transferase
1px4,hydrolase
1pxh,hydrolase
1pxi,kinase
1pxj,kinase
1pxk,kinase
1pxl,kinase
1pxm,kinase
1pxo,kinase
1pxp,kinase
1py1,other
1py2,immune/signaling
1py5,kinase
1pye,kinase
1pyg,other
1pyn,hydrolase
1pyw,immune/signaling
1pz5,immune/signaling
1pzi,other
1pzj,other
1pzo,hydrolase
1pzp,hydrolase
1q0b,other
1q1g,transferase
1q1m,hydrolase
1q1y,hydrolase
1q3d,kinase
1q3w,kinase
1q41,kinase
1q4k,transferase
1q4l,kinase
1q4w,transferase
1q4x,nuclear receptor
1q54,isomerase
1q5k,kinase
1q5l,immune/signaling
1q63,transferase
1q65,transferase
1q66,transferase
1q6j,hydrolase
1q6k,hydrolase
1q6m,hydrolase
1q6n,hydrolase
1q6p,hydrolase
1q6s,hydrolase
1q6t,hydrolase
1q72,immune/signaling
1q7a,hydrolase
1q83,hydrolase
1q84,hydrolase
1q8w,kinase
1q91,hydrolase
1q95,transferase
1q9d,hydrolase
1q9m,hydrolase
1qan,transferase
1qaq,transferase
1qaw,transport/binding
1qb1,protease
1qb6,protease
1qb9,protease
1qbn,protease
1qbo,protease
1qbq,transferase
1qbr,protease
1qbs,protease
1qbt,protease
1qbu,protease
1qbv,protease
1qca,transferase
1qcp,protease
1qf0,protease
1qf2,protease
1qf4,ligase
1qf5,ligase
1qfs,protease
1qft,transport/binding
1qhc,hydrolase
1qhr,protease
1qin,lyase
1qiw,transport/binding
1qj1,protease
1qj6,protease
1qj7,protease
1qji,protease
1qk3,transferase
1qk4,transferase
1qka,transport/binding
1qkb,transport/binding
1qkn,nuclear receptor
1qku,nuclear receptor
1ql7,protease
1ql9,protease
1qm4,transferase
1qm5,transferase
1qng,isomerase
1qnh,isomerase
1qon,other
1qpb,lyase
1qpe,kinase
1qpl,isomerase
1qq9,protease
1qr3,protease
1qs4,protease
1qsc,immune/signaling
1qti,hydrolase
1qtn,protease
1qvt,transport/binding
1qvu,transport/binding
1qw7,hydrolase
1qwe,other
1qwf,other
1qwu,hydrolase
1qx1,hydrolase
1qxk,hydrolase
1qxl,hydrolase
1qxw,hydrolase
1qxy,protease
1qxz,protease
1qy1,transport/binding
1qy2,transport/binding
1qyg,immune/signaling
1r0p,kinase
1r0x,transport/binding
1r10,transport/binding
1r17,other
1r1h,protease
1r1i,hydrolase
1r1j,protease
1r2b,other
1r4w,transferase
1r58,hydrolase
1r5g,hydrolase
1r5h,hydrolase
1r5n,other
1r5v,immune/signaling
1r5w,immune/signaling
1r6g,nuclear receptor
1r6n,other
1r6z,other
1r78,kinase
1r9l,transport/binding
1rbo,lyase
1rbp,transport/binding
1rd4,immune/signaling
1rdi,transport/binding
1rdj,transport/binding
1rdl,transport/binding
1rdn,transport/binding
1rdt,nuclear receptor
1re1,protease
1re8,kinase
1rej,kinase
1rek,kinase
1rev,protease
1rgj,other
1rgk,hydrolase
1rgl,hydrolase
1rhj,protease
1rhk,protease
1rhm,protease
1rhq,protease
1rhr,protease
1rhu,protease
1rin,other
1riw,protease
1rjk,nuclear receptor
1rlp,other
1rlq,other
1rm8,protease
1rmz,protease
1rne,protease
1rnm,hydrolase
1rnt,hydrolase
1ro6,hydrolase
1ro7,transferase
1ros,hydrolase
1rp7,oxidoreductase
1rpa,hydrolase
1rpf,hydrolase
1rpj,transport/binding
1rq2,immune/signaling
1rql,hydrolase
1rr6,transferase
1rri,lyase
1rrw,lyase
1rry,lyase
1rs2,lyase
1rs4,lyase
1rsd,lyase
1rsi,lyase
1rst,other
1rt1,transferase
1rt2,transferase
1rt9,transferase
1rtf,protease
1rth,transferase
1rti,transferase
1rtl,protease
1ru1,kinase
1ru2,kinase
1rv1,ligase
1rw8,kinase
1rwq,protease
1rww,hydrolase
1rwx,hydrolase
1rxp,protease
1ryf,hydrolase
1ryh,hydrolase
1rzx,other
1s17,hydrolase
1s19,nuclear receptor
1s26,lyase
1s39,transferase
1s3k,immune/signaling
1s4d,transferase
1s50,other
1s5q,other
1s5z,kinase
1s63,transferase
1s64,transferase
1s89,transferase
1s9t,other
1s9v,immune/signaling
1sb1,protease
1sbg,protease
1sbr,transport/binding
1sc8,kinase
1sdt,protease
1sdu,protease
1sdv,protease
1sfi,protease
1sgu,protease
1sh9,protease
1shd,transferase
1siv,protease
1sj0,nuclear receptor
1sje,immune/signaling
1sjh,immune/signaling
1skj,kinase
1sl3,hydrolase
1sld,transport/binding
1sle,transport/binding
1slg,transport/binding
1sm2,kinase
1sm3,other
1sme,protease
1snk,hydrolase
1so2,hydrolase
1soj,hydrolase
1sps,transferase
1sqb,oxidoreductase
1sqc,isomerase
1sqi,other
1sqn,nuclear receptor
1sqo,kinase
1sqp,oxidoreductase
1sqq,oxidoreductase
1sqt,kinase
1sr7,nuclear receptor
1sre,transport/binding
1srg,transport/binding
1sri,transport/binding
1ssq,transferase
1stc,kinase
1std,lyase
1stp,transport/binding
1str,other
1sts,other
1sv3,hydrolase
1sve,kinase
1svg,kinase
1svh,kinase
1sw1,other
1sw2,other
1swg,transport/binding
1swi,other
1swk,transport/binding
1swn,transport/binding
1swp,transport/binding
1swr,transport/binding
1syh,other
1syo,transport/binding
1sz0,transport/binding
1szd,other
1szm,kinase
1t08,other
1t13,transferase
1t1r,oxidoreductase
1t1s,oxidoreductase
1t29,immune/signaling
1t2v,other
1t31,protease
1t32,protease
1t37,hydrolase
1t3t,ligase
1t46,kinase
1t48,hydrolase
1t49,hydrolase
1t4e,ligase
1t4j,hydrolase
1t4s,hydrolase
1t4v,protease
1t5a,kinase
1t5f,hydrolase
1t69,hydrolase
1t79,nuclear receptor
1t7d,protease
1t7f,nuclear receptor
1t7j,protease
1t7r,nuclear receptor
1ta2,protease
1ta6,protease
1tbz,protease
1tc1,transferase
1tcw,protease
1tcx,protease
1td7,hydrolase
1tet,other
1tfq,other
1tft,other
1tfz,oxidoreductase
1tg5,oxidoreductase
1thl,protease
1thr,protease
1ths,protease
1thz,transferase
1tjp,transferase
1tka,transferase
1tkb,transferase
1tkc,transferase
1tkt,transferase
1tkx,transferase
1tkz,transferase
1tl1,transferase
1tl3,transferase
1tl7,lyase
1tl9,protease
1tlo,protease
1tmb,protease
1tmm,kinase
1tmn,protease
1tng,protease
1tnh,protease
1tni,protease
1tnj,protease
1tnk,protease
1tnl,protease
1tog,transferase
1toi,transferase
1toj,transferase
1tok,transferase
1tom,protease
1tou,transport/binding
1tow,transport/binding
1tps,protease
1tpw,oxidoreductase
1tpz,immune/signaling
1tq4,immune/signaling
1tqf,protease
1tr7,other
1trd,oxidoreductase
1tsi,oxidoreductase
1tsl,transferase
1tsm,transferase
1tsv,transferase
1tsy,transferase
1tt1,other
1ttm,lyase
1ttv,ligase
1tu6,protease
1tuf,lyase
1tv6,transferase
1tve,oxidoreductase
1tvo,kinase
1tvr,protease
1tx7,hydrolase
1txr,protease
1tyn,protease
1tyr,nuclear receptor
1tys,transferase
1tze,other
1u0g,isomerase
1u0h,lyase
1u1w,isomerase
1u2r,other
1u2y,hydrolase
1u32,hydrolase
1u3q,nuclear receptor
1u3r,nuclear receptor
1u3s,nuclear receptor
1u59,kinase
1u65,hydrolase
1u6q,kinase
1u71,oxidoreductase
1u8t,immune/signaling
1u9e,nuclear receptor
1u9l,transport/binding
1u9q,protease
1u9v,protease
1u9w,protease
1u9x,protease
1ua4,kinase
1ucn,kinase
1udt,hydrolase
1udu,hydrolase
1uef,transferase
1ugp,lyase
1ugw,transport/binding
1ugx,transport/binding
1ugy,transport/binding
1uh1,transport/binding
1uho,hydrolase
1ui0,hydrolase
1uj0,immune/signaling
1uj5,isomerase
1uj6,isomerase
1ujj,hydrolase
1ujk,hydrolase
1uk0,transferase
1uk1,transferase
1ukh,transferase
1ukt,transferase
1ule,transport/binding
1ulg,transport/binding
1uml,hydrolase
1umw,kinase
1ung,kinase
1unh,other
1unl,kinase
1uod,kinase
1uom,nuclear receptor
1uou,transferase
1upf,transferase
1upk,transferase
1ur9,hydrolase
1urc,transferase
1urg,transport/binding
1urw,kinase
1usi,transport/binding
1usk,transport/binding
1usn,protease
1utc,other
1uti,kinase
1utj,hydrolase
1utl,hydrolase
1utm,hydrolase
1utn,hydrolase
1utp,hydrolase
1utr,hydrolase
1utt,protease
1utz,protease
1uu3,kinase
1uu7,kinase
1uu8,kinase
1uu9,kinase
1uv5,kinase
1uv6,transport/binding
1uvr,kinase
1uvs,protease
1uvt,protease
1uvu,protease
1uw6,transport/binding
1uwb,protease
1uwf,other
1uwh,transferase
1uwt,hydrolase
1uwu,hydrolase
1ux7,hydrolase
1uxa,immune/signaling
1uxb,immune/signaling
1uy6,immune/signaling
1uy7,immune/signaling
1uy8,immune/signaling
1uy9,immune/signaling
1uyc,immune/signaling
1uyd,immune/signaling
1uye,immune/signaling
1uyf,immune/signaling
1uyg,immune/signaling
1uyh,immune/signaling
1uyi,immune/signaling
1uyk,immune/signaling
1uym,immune/signaling
1uys,transferase
1uz1,hydrolase
1uz4,hydrolase
1uz8,immune/signaling
1uze,protease
1v0k,hydrolase
1v0l,hydrolase
1v0m,hydrolase
1v0n,hydrolase
1v0o,kinase
1v0p,kinase
1v11,oxidoreductase
1v16,oxidoreductase
1v1j,lyase
1v1k,kinase
1v1m,oxidoreductase
1v2h,transferase
1v2j,protease
1v2k,protease
1v2l,protease
1v2m,protease
1v2n,protease
1v2o,protease
1v2p,protease
1v2q,protease
1v2r,protease
1v2s,protease
1v2t,protease
1v2u,protease
1v2v,protease
1v2w,protease
1v3x,protease
1v41,transferase
1v48,transferase
1v79,hydrolase
1v7a,hydrolase
1vcj,hydrolase
1vcu,hydrolase
1vea,transport/binding
1veb,kinase
1vfn,transferase
1vgc,protease
1vij,protease
1vik,protease
1vj5,hydrolase
1vj6,hydrolase
1vj9,kinase
1vja,kinase
1vjb,other
1vjc,transferase
1vjd,transferase
1vjy,kinase
1vkj,transferase
1vot,hydrolase
1vr1,hydrolase
1vrt,transferase
1vru,transferase
1vsn,hydrolase
1vwf,transport/binding
1vwl,transport/binding
1vwn,transport/binding
1vyf,transport/binding
1vyg,transport/binding
1vyj,transport/binding
1vyq,hydrolase
1vyw,kinase
1vyz,kinase
1vzq,protease
1w0x,kinase
1w0y,protease
1w0z,kinase
1w10,kinase
1w11,kinase
1w12,kinase
1w13,kinase
1w14,kinase
1w1d,kinase
1w1g,kinase
1w1p,hydrolase
1w1t,hydrolase
1w1v,hydrolase
1w1y,hydrolase
1w22,hydrolase
1w25,immune/signaling
1w2g,kinase
1w2h,kinase
1w2k,protease
1w2x,transferase
1w31,lyase
1w3j,hydrolase
1w4l,hydrolase
1w4p,hydrolase
1w4q,hydrolase
1w51,protease
1w5v,protease
1w5w,protease
1w5x,protease
1w5y,protease
1w6h,protease
1w6j,isomerase
1w6r,hydrolase
1w6y,isomerase
1w70,oxidoreductase
1w76,hydrolase
1w7g,protease
1w7h,kinase
1w7x,protease
1w80,other
1w82,kinase
1w83,kinase
1w84,kinase
1w8l,isomerase
1w8m,isomerase
1w96,ligase
1w9u,protease
1w9v,protease
1waw,protease
1wax,hydrolase
1way,protease
1wb0,protease
1wbg,protease
1wbn,kinase
1wbo,kinase
1wbs,kinase
1wbt,kinase
1wbv,kinase
1wbw,kinase
1wc6,lyase
1wcc,kinase
1wcq,hydrolase
1wdn,transport/binding
1wdq,hydrolase
1wdr,hydrolase
1wdy,hydrolase
1we2,kinase
1wht,protease
1wkm,protease
1wm1,protease
1wn6,hydrolase
1wok,transferase
1wqv,protease
1ws1,hydrolase
1ws4,transport/binding
1ws5,transport/binding
1wss,protease
1wtg,protease
1wu1,protease
1wug,transferase
1wum,transferase
1wun,protease
1wv7,protease
1wva,hydrolase
1wvc,transferase
1wvj,other
1wxz,hydrolase
1wzy,kinase
1x07,transferase
1x0n,transport/binding
1x11,other
1x1z,lyase
1x38,hydrolase
1x39,hydrolase
1x6u,transferase
1x70,protease
1x76,nuclear receptor
1x78,nuclear receptor
1x7a,hydrolase
1x7b,nuclear receptor
1x7e,nuclear receptor
1x7q,immune/signaling
1x7r,nuclear receptor
1x81,transferase
1x8b,kinase
1x8d,other
1x8j,transferase
1x8r,transferase
1x8s,other
1x8t,transferase
1x9d,hydrolase
1xa5,transport/binding
1xap,nuclear receptor
1xb7,other
1xbb,kinase
1xbc,kinase
1xbo,hydrolase
1xdd,immune/signaling
1xdg,immune/signaling
1xff,transferase
1xfv,lyase
1xge,hydrolase
1xgi,hydrolase
1xgj,hydrolase
1xh3,immune/signaling
1xh4,kinase
1xh5,kinase
1xh6,kinase
1xh7,kinase
1xh8,kinase
1xh9,kinase
1xhm,immune/signaling
1xhy,other
1xjd,kinase
1xk5,transport/binding
1xk9,transferase
1xka,protease
1xkk,kinase
1xlx,hydrolase
1xlz,hydrolase
1xm4,hydrolase
1xm6,hydrolase
1xmu,hydrolase
1xmy,hydrolase
1xn0,hydrolase
1xn2,protease
1xn3,protease
1xnx,nuclear receptor
1xnz,protease
1xo2,kinase
1xoe,hydrolase
1xog,hydrolase
1xom,hydrolase
1xon,hydrolase
1xoq,hydrolase
1xor,hydrolase
1xos,hydrolase
1xot,hydrolase
1xow,nuclear receptor
1xoz,hydrolase
1xp0,hydrolase
1xp1,nuclear receptor
1xp6,nuclear receptor
1xp9,nuclear receptor
1xpc,nuclear receptor
1xpz,lyase
1xq0,lyase
1xqc,other
1xr8,immune/signaling
1xr9,ligase
1xs7,protease
1xsc,hydrolase
1xt3,other
1xt8,transport/binding
1xuc,protease
1xud,protease
1xug,protease
1xuo,immune/signaling
1xur,protease
1xws,kinase
1xxe,hydrolase
1xxh,transferase
1xxi,transferase
1xz8,transferase
1xzx,nuclear receptor
1y0l,immune/signaling
1y0x,nuclear receptor
1y19,kinase
1y1m,transport/binding
1y1z,transport/binding
1y20,transport/binding
1y2a,other
1y2b,hydrolase
1y2c,hydrolase
1y2d,hydrolase
1y2e,hydrolase
1y2f,other
1y2g,other
1y2h,hydrolase
1y2j,hydrolase
1y2k,hydrolase
1y3a,immune/signaling
1y3g,protease
1y3n,transport/binding
1y3p,transport/binding
1y3v,hydrolase
1y3w,hydrolase
1y3x,hydrolase
1y3y,hydrolase
1y4z,oxidoreductase
1y57,kinase
1y6a,transferase
1y6b,transferase
1y6q,hydrolase
1y8o,kinase
1y8p,kinase
1y91,kinase
1y98,other
1ya4,hydrolase
1ybg,kinase
1ybo,immune/signaling
1yc4,other
1yc5,hydrolase
1yci,oxidoreductase
1ycm,protease
1yda,lyase
1ydb,lyase
1ydd,lyase
1ydk,transferase
1yds,kinase
1yei,immune/signaling
1yej,immune/signaling
1yet,immune/signaling
1yfz,transferase
1yhm,transferase
1yhs,kinase
1yi3,kinase
1yid,ligase
1yk7,protease
1ykp,oxidoreductase
1ykr,kinase
1ylv,lyase
1yly,hydrolase
1ym1,hydrolase
1ym2,protease
1ym4,protease
1yms,hydrolase
1ymx,hydrolase
1ynd,isomerase
1yon,oxidoreductase
1you,protease
1yp9,hydrolase
1ype,hydrolase
1ypg,hydrolase
1ypj,hydrolase
1yq7,transferase
1yqj,transferase
1yqy,hydrolase
1yrs,other
1ysg,other
1ysi,other
1yt7,protease
1yt9,protease
1yvf,transferase
1yvh,ligase
1yvm,protease
1yvx,transferase
1yvz,transferase
1yw2,kinase
1yw7,hydrolase
1yw8,hydrolase
1ywh,kinase
1ywi,immune/signaling
1ywr,kinase
1yxd,transferase
1yy4,nuclear receptor
1yy6,hydrolase
1yye,nuclear receptor
1yyr,transferase
1yys,transferase
1yyy,protease
1yz3,transferase
1z1h,protease
1z1r,protease
1z2b,other
1z34,transferase
1z3c,transferase
1z3j,hydrolase
1z3t,hydrolase
1z3v,hydrolase
1z4n,isomerase
1z4o,isomerase
1z4u,transferase
1z5m,kinase
1z6d,hydrolase
1z6f,protease
1z6j,protease
1z6p,transferase
1z6q,transferase
1z6s,hydrolase
1z71,protease
1z9h,transferase
1z9y,lyase
1zaf,nuclear receptor
1zaj,lyase
1zc9,lyase
1zd2,hydrolase
1zd3,hydrolase
1zd4,hydrolase
1zd5,hydrolase
1zdp,protease
1ze8,lyase
1zeo,nuclear receptor
1zfk,lyase
1zfp,transport/binding
1zfq,lyase
1zgb,hydrolase
1zge,lyase
1zgi,protease
1zgv,protease
1zh7,nuclear receptor
1zhk,immune/signaling
1zhl,immune/signaling
1zhy,transport/binding
1zkk,transferase
1zkl,hydrolase
1zkn,hydrolase
1zky,nuclear receptor
1zm6,hydrolase
1zm7,kinase
1zoe,kinase
1zog,kinase
1zoh,kinase
1zom,hydrolase
1zp5,hydrolase
1zp8,protease
1zpa,protease
1zpb,hydrolase
1zpc,hydrolase
1zrz,kinase
1zs0,hydrolase
1zsb,lyase
1zsf,protease
1zsh,immune/signaling
1zsr,protease
1ztq,protease
1zub,other
1zuc,other
1zvx,hydrolase
1zxc,protease
1zxv,protease
1zyj,kinase
1zyr,transferase
1zz1,hydrolase
1zz2,kinase
1zz3,hydrolase
1zzl,kinase
1zzz,protease
220l,hydrolase
223l,hydrolase
2a0c,kinase
2a0t,transferase
2a14,transferase
2a25,ligase
2a29,hydrolase
2a2g,transport/binding
2a2x,protease
2a3a,hydrolase
2a3b,hydrolase
2a3c,hydrolase
2a3i,transferase
2a3w,transport/binding
2a3x,transport/binding
2a4g,protease
2a4l,kinase
2a4m,ligase
2a4q,protease
2a4r,protease
2a4w,transport/binding
2a4z,transferase
2a58,transferase
2a5b,other
2a5c,other
2a5s,other
2a5u,transferase
2a8g,other
2a8h,protease
2aa6,nuclear receptor
2aa9,transferase
2aac,other
2aay,transferase
2ad5,ligase
2ada,hydrolase
2adm,transferase
2adu,protease
2aeb,protease
2aei,protease
2ael,transferase
2aez,hydrolase
2afw,transferase
2afx,transferase
2agv,protease
2ai7,hydrolase
2ai8,hydrolase
2aia,hydrolase
2aie,hydrolase
2aig,protease
2aj8,protease
2ajb,protease
2ajd,protease
2ajl,protease
2alv,protease
2am1,ligase
2am2,ligase
2am4,transferase
2am9,nuclear receptor
2ama,nuclear receptor
2amt,transferase
2amv,transferase
2an5,transferase
2ank,protease
2anl,protease
2anm,other
2ans,transport/binding
2ao6,nuclear receptor
2aoc,protease
2aod,protease
2aoe,protease
2aof,protease
2aog,protease
2aoi,protease
2aoj,protease
2aou,transferase
2aov,transferase
2aow,transferase
2aox,transferase
2aq7,transferase
2aq9,kinase
2aqb,transferase
2aqu,protease
2arm,hydrolase
2asu,protease
2ate,lyase
2ath,nuclear receptor
2auc,other
2aux,protease
2auz,protease
2avi,transport/binding
2avm,protease
2avo,protease
2avq,protease
2avs,protease
2avv,protease
2aw1,lyase
2ax6,nuclear receptor
2ax9,nuclear receptor
2axi,ligase
2ay1,transferase
2ay2,transferase
2ay3,transferase
2ay4,transferase
2ay5,transferase
2ay6,transferase
2ay7,transferase
2ay8,transferase
2ay9,transferase
2ayp,transferase
2ayr,other
2az5,immune/signaling
2az8,protease
2az9,protease
2azb,protease
2azc,protease
2azm,other
2azr,hydrolase
2b07,hydrolase
2b17,hydrolase
2b1g,transferase
2b1i,transferase
2b1p,kinase
2b1q,hydrolase
2b1r,hydrolase
2b1v,nuclear receptor
2b1z,nuclear receptor
2b2v,transport/binding
2b4l,transport/binding
2b4m,transport/binding
2b52,kinase
2b53,kinase
2b54,kinase
2b55,kinase
2b5j,transferase
2b7a,kinase
2b7d,other
2b7f,protease
2b8l,protease
2b8v,protease
2b9a,other
2baj,kinase
2bak,kinase
2bal,kinase
2ban,transferase
2bb7,protease
2bba,immune/signaling
2bbb,protease
2bcd,protease
2bdf,kinase
2bdj,kinase
2bdl,protease
2bdy,protease
2be2,transferase
2bed,transferase
2bes,isomerase
2bet,isomerase
2bfq,hydrolase
2bfr,hydrolase
2bgd,hydrolase
2bge,hydrolase
2bgn,protease
2bgr,protease
2bj4,nuclear receptor
2bjm,immune/signaling
2bks,protease
2bkt,protease
2bkz,kinase
2bmc,kinase
2bmg,protease
2bmk,immune/signaling
2bmv,transport/binding
2bmz,transport/binding
2bo4,transferase
2boh,protease
2boi,other
2boj,other
2bok,protease
2bow,other
2bpm,kinase
2bpv,protease
2bpx,protease
2bpy,protease
2bq6,protease
2bq7,protease
2bqv,protease
2bqw,protease
2br6,hydrolase
2br8,transport/binding
2brc,immune/signaling
2brg,kinase
2brh,kinase
2brm,kinase
2brn,kinase
2bro,kinase
2brp,lyase
2bt9,other
2btr,kinase
2bts,kinase
2bu5,kinase
2bua,protease
2bub,protease
2buc,protease
2buv,oxidoreductase
2bv4,other
2bvd,hydrolase
2bve,immune/signaling
2bvr,protease
2bvs,protease
2bvx,protease
2bw7,oxidoreductase
2bxt,protease
2bxu,protease
2byh,immune/signaling
2byi,immune/signaling
2byp,other
2byr,other
2bys,transport/binding
2bz5,immune/signaling
2bz6,protease
2bz8,ligase
2bza,protease
2bzz,hydrolase
2c02,hydrolase
2c0o,kinase
2c1a,kinase
2c1b,kinase
2c1n,immune/signaling
2c1p,immune/signaling
2c1q,transport/binding
2c2l,ligase
2c3j,kinase
2c3k,kinase
2c3l,kinase
2c4f,protease
2c4g,kinase
2c4v,lyase
2c4w,lyase
2c57,lyase
2c5n,kinase
2c5o,kinase
2c5x,kinase
2c5y,kinase
2c68,kinase
2c69,kinase
2c6c,protease
2c6e,kinase
2c6g,protease
2c6i,kinase
2c6k,kinase
2c6l,kinase
2c6m,kinase
2c6n,protease
2c6o,kinase
2c80,transferase
2c8w,protease
2c8x,protease
2c8y,protease
2c90,protease
2c92,transferase
2c93,protease
2c94,transferase
2c97,transferase
2c9b,transferase
2c9d,transferase
2c9t,transport/binding
2ca8,transferase
2cbr,nuclear receptor
2cbs,nuclear receptor
2cbu,hydrolase
2cbz,other
2cc7,other
2ccb,other
2ccc,other
2ccs,immune/signaling
2cct,immune/signaling
2ccu,immune/signaling
2ce9,other
2cej,protease
2cem,protease
2cen,protease
2ceo,other
2ceq,hydrolase
2cer,hydrolase
2ces,hydrolase
2cex,transport/binding
2cf8,protease
2cf9,protease
2cfd,oxidoreductase
2cfg,oxidoreductase
2cgf,immune/signaling
2cgr,other
2cgu,kinase
2cgv,kinase
2cgw,kinase
2cgx,kinase
2chm,hydrolase
2cht,isomerase
2chw,kinase
2chx,kinase
2chz,kinase
2cji,protease
2ckm,hydrolase
2cle,transferase
2clf,transferase
2clh,transferase
2cli,transferase
2clk,transferase
2cll,transferase
2clm,transferase
2clo,transferase
2clv,immune/signaling
2clx,kinase
2cm7,hydrolase
2cm8,hydrolase
2cma,hydrolase
2cmb,hydrolase
2cmc,hydrolase
2cmf,hydrolase
2cmo,other
2cn0,protease
2cn8,kinase
2cne,hydrolase
2cnf,hydrolase
2cng,hydrolase
2cnh,hydrolase
2cni,hydrolase
2co0,other
2csm,isomerase
2csn,kinase
2ctc,protease
2cv3,protease
2cvd,transferase
2d06,transferase
2d0k,oxidoreductase
2d1n,protease
2d1x,other
2d2v,hydrolase
2d3z,transferase
2d41,transferase
2dbl,other
2ddf,protease
2df6,immune/signaling
2doo,hydrolase
2dq7,kinase
2drc,oxidoreductase
2dri,transport/binding
2ds1,kinase
2dua,hydrolase
2duv,kinase
2dw7,lyase
2dwx,other
2dxs,kinase
2e1w,hydrolase
2e27,immune/signaling
2e2b,kinase
2e2p,kinase
2e2r,nuclear receptor
2e5y,transferase
2e7f,transferase
2e7l,immune/signaling
2e91,transferase
2e92,transferase
2e93,transferase
2e95,transferase
2e98,transferase
2e99,transferase
2e9a,transferase
2e9c,transferase
2e9d,transferase
2e9n,transferase
2e9o,transferase
2e9u,transferase
2e9v,transferase
2ea2,hydrolase
2ea4,hydrolase
2eep,protease
2eg7,hydrolase
2eg8,hydrolase
2eh8,immune/signaling
2ei6,protease
2emt,other
2epn,hydrolase
2er0,protease
2er6,protease
2er9,protease
2erz,kinase
2esm,kinase
2etk,kinase
2etm,kinase
2etr,kinase
2euf,kinase
2euk,transport/binding
2eum,transport/binding
2evc,protease
2evl,transport/binding
2evm,protease
2evo,protease
2ew5,hydrolase
2ew6,hydrolase
2ewa,kinase
2ewb,protease
2ewp,other
2ews,kinase
2ewy,protease
2exc,kinase
2exg,other
2exm,kinase
2ez5,ligase
2ez7,lyase
2f01,transport/binding
2f0z,hydrolase
2f10,hydrolase
2f14,lyase
2f18,hydrolase
2f1a,hydrolase
2f1b,hydrolase
2f1g,hydrolase
2f2c,kinase
2f2h,hydrolase
2f34,other
2f35,other
2f3e,protease
2f3f,protease
2f3k,protease
2f3r,kinase
2f4b,nuclear receptor
2f4j,kinase
2f5t,other
2f6j,other
2f6t,hydrolase
2f6v,hydrolase
2f6y,hydrolase
2f6z,hydrolase
2f70,hydrolase
2f71,hydrolase
2f7i,other
2f7o,hydrolase
2f7p,hydrolase
2f80,protease
2f81,protease
2f89,transferase
2f8g,protease
2f8i,other
2f94,transferase
2f9b,protease
2f9k,transferase
2f9u,protease
2f9v,protease
2fah,kinase
2fai,nuclear receptor
2fb8,kinase
2fci,kinase
2fda,hydrolase
2fdd,protease
2fde,protease
2fdp,protease
2feq,protease
2fes,protease
2ff1,hydrolase
2ff2,hydrolase
2fgh,immune/signaling
2fgi,kinase
2fgu,protease
2fgv,protease
2fhy,hydrolase
2fie,hydrolase
2fix,hydrolase
2fj0,hydrolase
2fjm,hydrolase
2fjn,hydrolase
2fjp,protease
2fkf,isomerase
2fky,other
2fl2,other
2fl5,immune/signaling
2fl6,other
2flb,hydrolase
2fle,protease
2flh,transport/binding
2flr,hydrolase
2flu,ligase
2fm0,hydrolase
2fm2,protease
2fm5,hydrolase
2fmb,protease
2fme,other
2fo4,immune/signaling
2fpz,protease
2fq6,lyase
2fqo,lyase
2fqt,lyase
2fqw,transport/binding
2fqx,transport/binding
2fqy,transport/binding
2fr3,nuclear receptor
2fr8,oxidoreductase
2fs8,protease
2fs9,protease
2fsa,other
2fsv,oxidoreductase
2ftd,protease
2fts,immune/signaling
2fu8,hydrolase
2fum,kinase
2fuu,other
2fv5,protease
2fv9,protease
2fvc,transferase
2fw3,transferase
2fw6,isomerase
2fwp,isomerase
2fwy,immune/signaling
2fwz,immune/signaling
2fx6,protease
2fx7,immune/signaling
2fx8,immune/signaling
2fx9,immune/signaling
2fxr,protease
2fxu,immune/signaling
2fxv,transferase
2fys,kinase
2fyv,hydrolase
2fzc,transferase
2fzg,transferase
2fzk,transferase
2fzz,protease
2g00,protease
2g01,kinase
2g0g,nuclear receptor
2g0h,nuclear receptor
2g19,oxidoreductase
2g1q,other
2g1r,hydrolase
2g1y,hydrolase
2g24,hydrolase
2g2r,immune/signaling
2g5p,protease
2g5t,protease
2g5u,other
2g63,protease
2g6p,protease
2g6q,other
2g71,transferase
2g72,transferase
2g78,nuclear receptor
2g79,nuclear receptor
2g83,transport/binding
2g8n,transferase
2g8r,hydrolase
2g94,protease
2g96,transferase
2g97,transferase
2g9q,transferase
2g9r,transferase
2g9u,transferase
2g9v,transferase
2g9x,kinase
2ga2,hydrolase
2gbf,protease
2gbg,protease
2gbi,protease
2gc8,transferase
2gcd,kinase
2gd8,lyase
2gde,hydrolase
2gdo,kinase
2gfa,transport/binding
2gfd,immune/signaling
2gfj,hydrolase
2gfk,hydrolase
2gfs,kinase
2gg0,protease
2gg2,protease
2gg3,protease
2gg5,protease
2gg7,protease
2gg8,protease
2gg9,protease
2gga,transferase
2ggb,protease
2ggd,transferase
2ggu,transport/binding
2ggx,transport/binding
2gh6,hydrolase
2gh7,transport/binding
2gh9,transport/binding
2ghg,transferase
2giu,nuclear receptor
2gj4,transferase
2gj5,transport/binding
2gkl,hydrolase
2gl0,kinase
2glm,lyase
2glp,lyase
2gm1,other
2gm9,transferase
2gmk,hydrolase
2gmv,lyase
2gmx,kinase
2gnf,kinase
2gnh,kinase
2gni,kinase
2gnj,kinase
2gnl,kinase
2go4,hydrolase
2gph,kinase
2gpp,nuclear receptor
2gqn,lyase
2gst,transferase
2gsu,hydrolase
2gtk,nuclear receptor
2gtv,isomerase
2gu8,kinase
2gv6,hydrolase
2gv7,hydrolase
2gvd,lyase
2gvf,protease
2gvj,transferase
2gvv,hydrolase
2gvz,lyase
2gyi,oxidoreductase
2gz2,oxidoreductase
2gz7,protease
2gz8,protease
2gzl,transferase
2h02,hydrolase
2h03,hydrolase
2h13,other
2h15,lyase
2h1h,transferase
2h21,transferase
2h23,transferase
2h2d,hydrolase
2h2e,transferase
2h2g,hydrolase
2h2h,hydrolase
2h2j,transferase
2h3e,transferase
2h42,hydrolase
2h44,hydrolase
2h4g,hydrolase
2h4k,hydrolase
2h4n,lyase
2h5a,isomerase
2h5d,protease
2h5i,protease
2h5j,protease
2h65,protease
2h6b,transport/binding
2h6k,other
2h6q,other
2h6t,protease
2h8h,kinase
2h96,kinase
2h9m,other
2h9n,other
2h9p,other
2h9t,hydrolase
2ha0,hydrolase
2ha2,hydrolase
2ha3,hydrolase
2ha4,hydrolase
2ha5,hydrolase
2ha6,hydrolase
2ha7,hydrolase
2hah,protease
2hai,transferase
2haw,hydrolase
2hb3,protease
2hb9,hydrolase
2hd1,hydrolase
2hd6,lyase
2hdq,hydrolase
2hdr,hydrolase
2hds,hydrolase
2hdu,hydrolase
2hdx,immune/signaling
2hf8,hydrolase
2hfp,nuclear receptor
2hh5,hydrolase
2hha,hydrolase
2hhn,protease
2hiw,kinase
2hiz,hydrolase
2hj4,oxidoreductase
2hjb,oxidoreductase
2hk5,kinase
2hkf,immune/signaling
2hl4,lyase
2hm1,hydrolase
2hmb,transport/binding
2hmu,transport/binding
2hmv,transport/binding
2hmw,transport/binding
2hnc,lyase
2hnx,transport/binding
2hny,transferase
2hob,protease
2hoc,lyase
2hog,kinase
2hpa,hydrolase
2hqu,hydrolase
2hr6,hydrolase
2hrm,hydrolase
2hrp,protease
2hs1,protease
2hs2,protease
2hu6,protease
2hug,other
2hvc,nuclear receptor
2hvx,protease
2hw2,transferase
2hwg,transferase
2hwh,transferase
2hwi,transferase
2hwo,kinase
2hwp,kinase
2hxl,kinase
2hxm,hydrolase
2hxq,kinase
2hy0,kinase
2hyy,kinase
2hz0,kinase
2hz4,kinase
2hzi,kinase
2hzl,transport/binding
2hzn,kinase
2hzy,hydrolase
2i03,protease
2i0a,protease
2i0d,protease
2i0e,kinase
2i0g,nuclear receptor
2i0h,kinase
2i0j,nuclear receptor
2i0v,kinase
2i0y,kinase
2i19,transferase
2i1m,kinase
2i1r,transferase
2i2b,transferase
2i2c,transferase
2i3h,other
2i3i,other
2i3v,other
2i3z,protease
2i40,kinase
2i47,hydrolase
2i4d,protease
2i4j,nuclear receptor
2i4p,nuclear receptor
2i4t,transferase
2i4u,protease
2i4v,protease
2i4w,protease
2i4x,protease
2i4z,nuclear receptor
2i5f,transport/binding
2i5j,transferase
2i6a,kinase
2i6b,kinase
2i72,hydrolase
2i7c,transferase
2i80,ligase
2ica,other
2idk,transferase
2idw,protease
2ie4,hydrolase
2ieh,hydrolase
2ien,protease
2ieo,protease
2ig0,other
2igv,isomerase
2igw,isomerase
2igx,hydrolase
2igy,hydrolase
2ihj,transferase
2ihq,nuclear receptor
2iit,protease
2iiv,protease
2iko,hydrolase
2iku,hydrolase
2il2,hydrolase
2ilp,protease
2ima,protease
2imb,protease
2imd,transferase
2in6,kinase
2io6,kinase
2ioa,hydrolase
2iog,nuclear receptor
2iok,nuclear receptor
2ipo,transferase
2iqg,hydrolase
2irz,protease
2is0,protease
2isc,transferase
2isv,lyase
2isw,lyase
2it4,lyase
2itk,isomerase
2ito,kinase
2itp,kinase
2itt,kinase
2ity,kinase
2itz,kinase
2iu0,transferase
2iuz,hydrolase
2iv9,other
2ivu,kinase
2ivz,hydrolase
2iw6,kinase
2iw8,kinase
2iw9,kinase
2iws,immune/signaling
2iwu,immune/signaling
2iyf,transferase
2izl,transport/binding
2izx,kinase
2j27,isomerase
2j2i,kinase
2j2u,protease
2j34,protease
2j3q,hydrolase
2j47,other
2j4a,nuclear receptor
2j4g,other
2j4i,protease
2j4k,kinase
2j4q,hydrolase
2j4z,kinase
2j50,kinase
2j6m,kinase
2j75,hydrolase
2j77,hydrolase
2j79,hydrolase
2j7b,hydrolase
2j7d,hydrolase
2j7e,hydrolase
2j7f,hydrolase
2j7g,hydrolase
2j7w,transferase
2j7x,nuclear receptor
2j83,protease
2j87,kinase
2j94,protease
2j95,protease
2j9a,protease
2j9h,transferase
2j9l,other
2j9n,protease
2ja3,transport/binding
2jaj,transferase
2jal,hydrolase
2jb5,immune/signaling
2jb6,immune/signaling
2jbj,protease
2jbk,protease
2jbl,other
2jbo,kinase
2jbp,kinase
2jbu,protease
2jbv,oxidoreductase
2jc0,transferase
2jdh,transport/binding
2jdk,other
2jdl,hydrolase
2jdn,other
2jdo,kinase
2jdp,other
2jds,kinase
2jdt,kinase
2jdv,kinase
2jew,protease
2jf4,hydrolase
2jfh,ligase
2jfz,isomerase
2jg0,hydrolase
2jg8,immune/signaling
2jgs,transport/binding
2jh0,protease
2jh5,protease
2jh6,protease
2jiu,kinase
2jiw,hydrolase
2jj3,nuclear receptor
2jjb,hydrolase
2jjk,hydrolase
2jjr,hydrolase
2jk7,protease
2jk9,other
2jke,hydrolase
2jkh,protease
2jkk,kinase
2jkm,kinase
2jko,kinase
2jkp,hydrolase
2jkq,kinase
2jkr,other
2jkt,other
2jld,kinase
2jle,protease
2jmj,other
2jnp,protease
2jnw,transport/binding
2jo9,ligase
2joa,other
2jq9,other
2jqi,other
2jqk,other
2jql,other
2jsd,hydrolase
2jst,other
2jt5,protease
2jt6,protease
2jup,other
2jxr,protease
2k00,immune/signaling
2k0g,other
2k0x,transport/binding
2k1q,protease
2k2g,protease
2k2r,other
2k3w,other
2k46,transport/binding
2k4i,immune/signaling
2k62,transport/binding
2kaw,immune/signaling
2kbr,immune/signaling
2kbs,immune/signaling
2kce,transferase
2kdh,transport/binding
2ke1,other
2kff,other
2kfg,other
2kfh,other
2kfx,transport/binding
2kgi,oxidoreductase
2khh,transport/binding
2kmx,nuclear receptor
2knh,other
2ko7,isomerase
2koh,other
2kp8,other
2kpl,other
2krd,immune/signaling
2ks9,other
2ksa,other
2ksb,other
2ksp,other
2kup,immune/signaling
2kvm,other
2kwn,transport/binding
2kzu,other
2l0i,other
2l11,other
2l12,other
2l1b,other
2l1r,transport/binding
2l3r,transport/binding
2l65,other
2l6e,immune/signaling
2l6j,other
2l75,other
2l7u,other
2l84,transferase
2l8j,immune/signaling
2l8r,hydrolase
2l98,transport/binding
2las,other
2lbm,transport/binding
2lbv,other
2lcs,transferase
2lct,kinase
2lgf,transport/binding
2lh8,other
2lha,transport/binding
2liq,transport/binding
2lk1,transport/binding
2lkk,transport/binding
2lko,other
2ll6,oxidoreductase
2ll7,oxidoreductase
2llo,transport/binding
2llq,transport/binding
2lnw,immune/signaling
2lo6,isomerase
2loz,hydrolase
2lp8,other
2lpr,protease
2lsk,transferase
2lsp,other
2lsr,immune/signaling
2lsv,transport/binding
2lto,transferase
2ltv,other
2ltw,other
2ltx,other
2lty,other
2ltz,other
2lwi,immune/signaling
2ly0,immune/signaling
2lya,immune/signaling
2lyb,immune/signaling
2lyw,immune/signaling
2lzg,other
2m0o,transport/binding
2m0u,transport/binding
2m0v,other
2m3m,other
2m3o,ligase
2m3z,immune/signaling
2m41,other
2mas,hydrolase
2mc1,kinase
2mg5,transferase
2mip,protease
2mji,transport/binding
2mkr,immune/signaling
2mlm,protease
2mnz,oxidoreductase
2mov,transport/binding
2mow,other
2mpa,immune/signaling
2mpm,immune/signaling
2mps,ligase
2ms4,isomerase
2mwo,other
2mwp,other
2mwy,other
2n06,immune/signaling
2n0u,immune/signaling
2n0w,immune/signaling
2n14,immune/signaling
2n1g,transferase
2n27,transport/binding
2n3k,other
2n7b,immune/signaling
2n8t,ligase
2n9e,other
2n9x,other
2ncz,transferase
2nd0,immune/signaling
2ndf,other
2ndg,other
2ndo,oxidoreductase
2nm1,hydrolase
2nmb,other
2nmx,lyase
2nmy,protease
2nmz,protease
2nn1,lyase
2nn7,lyase
2nn8,transport/binding
2nnd,GPCR
2nng,lyase
2nnk,protease
2nno,lyase
2nnp,protease
2nnq,transport/binding
2nns,lyase
2nnv,lyase
2no3,kinase
2np8,kinase
2np9,oxidoreductase
2nq6,protease
2nq7,protease
2nqg,protease
2nqi,protease
2nsj,lyase
2nsl,lyase
2nsx,hydrolase
2nt7,hydrolase
2nta,hydrolase
2ntf,immune/signaling
2nv7,nuclear receptor
2nw4,nuclear receptor
2nwl,transport/binding
2nwn,kinase
2nww,transport/binding
2nxd,protease
2nxl,protease
2nxm,protease
2nyr,hydrolase
2o0u,kinase
2o1c,hydrolase
2o1v,immune/signaling
2o22,other
2o2u,kinase
2o3p,transferase
2o3z,hydrolase
2o48,oxidoreductase
2o4h,hydrolase
2o4j,nuclear receptor
2o4k,protease
2o4l,protease
2o4n,protease
2o4p,protease
2o4r,nuclear receptor
2o4s,protease
2o4z,lyase
2o5d,transferase
2o5k,transferase
2o63,transferase
2o64,transferase
2o65,transferase
2o7e,lyase
2o7n,other
2o7v,hydrolase
2o8h,hydrolase
2o9a,lyase
2o9i,nuclear receptor
2o9j,hydrolase
2o9k,other
2o9r,hydrolase
2o9v,immune/signaling
2oa0,hydrolase
2oag,protease
2oah,protease
2oax,nuclear receptor
2oaz,protease
2obj,kinase
2obo,protease
2oc0,protease
2oc1,protease
2oc4,transferase
2oc7,protease
2oc9,transferase
2odd,transport/binding
2oei,other
2of2,kinase
2of4,kinase
2off,transferase
2ofu,kinase
2ofv,kinase
2og8,kinase
2ogy,transferase
2ogz,protease
2oh0,kinase
2oh4,kinase
2ohk,protease
2ohl,protease
2ohm,protease
2ohp,protease
2ohq,protease
2ohr,protease
2ohs,protease
2oht,protease
2ohu,protease
2ohv,isomerase
2oi0,hydrolase
2oi2,kinase
2oi3,kinase
2oi9,immune/signaling
2oic,kinase
2oiq,kinase
2oj9,kinase
2ojf,kinase
2ojg,kinase
2oji,kinase
2ojj,kinase
2ok1,kinase
2olb,transport/binding
2on3,lyase
2on6,transferase
2onb,transferase
2onc,hydrolase
2ony,transferase
2onz,transferase
2oo8,kinase
2ooh,isomerase
2ooz,isomerase
2op3,hydrolase
2op9,protease
2opb,transferase
2oph,protease
2opy,other
2oq6,oxidoreductase
2oqi,protease
2oqs,transport/binding
2oqv,protease
2or4,protease
2or9,immune/signaling
2ork,transport/binding
2os9,transport/binding
2osc,kinase
2osf,lyase
2osm,lyase
2ot1,lyase
2ou7,kinase
2ov4,ligase
2ovq,other
2ovv,hydrolase
2ovx,protease
2ovy,hydrolase
2ow0,protease
2ow1,protease
2ow2,protease
2ow3,kinase
2ow6,hydrolase
2ow7,hydrolase
2ow9,protease
2owb,kinase
2oxd,kinase
2oxn,hydrolase
2oxx,kinase
2oxy,kinase
2oyk,hydrolase
2oyl,hydrolase
2oym,hydrolase
2oz2,protease
2oz5,hydrolase
2oz6,transport/binding
2oz7,nuclear receptor
2ozr,protease
2p09,other
2p0d,transport/binding
2p0x,transport/binding
2p16,protease
2p1c,transferase
2p2a,other
2p2h,kinase
2p2i,kinase
2p33,kinase
2p3a,protease
2p3b,protease
2p3c,protease
2p3d,protease
2p3g,kinase
2p3i,immune/signaling
2p4i,kinase
2p4j,protease
2p4s,transferase
2p53,hydrolase
2p59,protease
2p7a,other
2p7g,other
2p7z,other
2p83,hydrolase
2p8h,protease
2p8n,hydrolase
2p8o,hydrolase
2p8s,protease
2p93,protease
2p94,protease
2p95,protease
2p98,protease
2p99,protease
2p9a,protease
2pax,transferase
2pbw,other
2pcu,protease
2pe0,kinase
2pe1,kinase
2pe2,kinase
2peh,other
2pem,immune/signaling
2pfy,transport/binding
2pg2,other
2pgj,hydrolase
2pgl,hydrolase
2pgz,transport/binding
2ph6,protease
2ph8,protease
2ph9,transport/binding
2phb,other
2pix,other
2piy,protease
2piz,protease
2pj0,protease
2pj1,protease
2pj2,protease
2pj3,protease
2pj4,protease
2pj5,protease
2pj6,protease
2pj7,protease
2pj8,protease
2pj9,protease
2pja,protease
2pjb,protease
2pjc,protease
2pjl,other
2pjt,protease
2pk5,protease
2pk6,protease
2pks,protease
2pl0,kinase
2pl9,immune/signaling
2pmc,immune/signaling
2pmk,transport/binding
2pmn,kinase
2pnc,oxidoreductase
2pnx,other
2poq,oxidoreductase
2pou,lyase
2pov,lyase
2pow,lyase
2pqb,transferase
2pqc,transferase
2pqj,hydrolase
2pql,transport/binding
2pqz,protease
2pr9,other
2pre,protease
2pri,transferase
2prj,transferase
2psj,oxidoreductase
2psu,protease
2psv,protease
2psx,protease
2pt9,transferase
2ptz,lyase
2pu0,lyase
2pu1,lyase
2pu2,hydrolase
2puy,other
2pv1,isomerase
2pv2,isomerase
2pv3,isomerase
2pvh,kinase
2pvj,kinase
2pvk,kinase
2pvl,kinase
2pvm,kinase
2pvn,kinase
2pvu,transport/binding
2pvv,protease
2pvw,protease
2pwc,protease
2pwd,transferase
2pwg,transferase
2pwr,protease
2py4,hydrolase
2pyi,transferase
2pym,hydrolase
2pyn,hydrolase
2pyy,transport/binding
2pze,hydrolase
2pzi,kinase
2pzy,kinase
2q11,hydrolase
2q15,hydrolase
2q1j,protease
2q1l,oxidoreductase
2q1q,lyase
2q2a,transport/binding
2q2c,transport/binding
2q2n,transferase
2q2y,other
2q2z,other
2q38,lyase
2q3z,transferase
2q54,protease
2q55,protease
2q5k,protease
2q63,hydrolase
2q64,hydrolase
2q6b,oxidoreductase
2q6c,oxidoreductase
2q6f,protease
2q6h,transport/binding
2q70,nuclear receptor
2q72,transport/binding
2q7m,other
2q7o,transferase
2q7q,oxidoreductase
2q7y,immune/signaling
2q80,transferase
2q88,transport/binding
2q89,transport/binding
2q8g,kinase
2q8h,kinase
2q8i,kinase
2q8m,hydrolase
2q8s,nuclear receptor
2q8y,transferase
2q8z,lyase
2q92,protease
2q93,protease
2q94,protease
2q95,protease
2q96,protease
2q9m,hydrolase
2q9n,hydrolase
2q9y,transferase
2qa8,nuclear receptor
2qaf,lyase
2qbs,hydrolase
2qbu,transferase
2qbw,other
2qbx,kinase
2qc6,kinase
2qcd,transferase
2qcf,transferase
2qcg,transferase
2qch,transferase
2qci,protease
2qcm,transferase
2qcn,transferase
2qd6,protease
2qd7,protease
2qd8,protease
2qd9,kinase
2qdt,hydrolase
2qe2,transferase
2qe5,transferase
2qf6,immune/signaling
2qfo,immune/signaling
2qfu,transferase
2qg0,immune/signaling
2qg2,immune/signaling
2qh6,nuclear receptor
2qhc,protease
2qhd,hydrolase
2qhm,kinase
2qhn,kinase
2qhr,immune/signaling
2qhy,protease
2qhz,protease
2qi0,protease
2qi1,protease
2qi3,protease
2qi4,protease
2qi5,protease
2qi6,protease
2qi7,protease
2qic,other
2qiq,hydrolase
2qju,transport/binding
2qk5,protease
2qk8,oxidoreductase
2qki,hydrolase
2qky,protease
2ql5,protease
2ql7,protease
2ql9,protease
2qlb,protease
2qlf,protease
2qlj,protease
2qlm,transferase
2qln,transferase
2qlq,kinase
2qm9,transport/binding
2qmd,protease
2qmf,protease
2qmg,protease
2qn1,transferase
2qn2,transferase
2qn3,transferase
2qnb,transferase
2qnn,protease
2qnp,protease
2qnx,transferase
2qnz,transferase
2qo1,transferase
2qo8,lyase
2qoa,lyase
2qoe,protease
2qoh,kinase
2qp6,lyase
2qp8,protease
2qpj,protease
2qpq,transport/binding
2qpu,hydrolase
2qq7,kinase
2qqs,oxidoreductase
2qrg,transferase
2qrh,transferase
2qrk,oxidoreductase
2qrl,oxidoreductase
2qrm,transferase
2qrp,transferase
2qrq,transferase
2qry,transport/binding
2qt5,transport/binding
2qt9,protease
2qta,oxidoreductase
2qtb,protease
2qtg,hydrolase
2qtn,transferase
2qtr,transferase
2qtt,hydrolase
2qtu,nuclear receptor
2qu2,protease
2qu3,protease
2qu5,kinase
2qu6,kinase
2qv7,kinase
2qve,transferase
2qw1,transport/binding
2qwb,hydrolase
2qwc,hydrolase
2qwd,hydrolase
2qwe,hydrolase
2qwf,hydrolase
2qwg,hydrolase
2qx0,kinase
2qyk,hydrolase
2qyl,hydrolase
2qyn,hydrolase
2qzk,protease
2qzl,protease
2qzr,transferase
2qzx,protease
2r02,other
2r03,other
2r05,other
2r0h,transport/binding
2r0u,kinase
2r0y,other
2r0z,immune/signaling
2r1w,immune/signaling
2r1x,immune/signaling
2r1y,immune/signaling
2r2b,immune/signaling
2r2l,transferase
2r2m,protease
2r2w,kinase
2r38,protease
2r3c,immune/signaling
2r3f,kinase
2r3g,kinase
2r3h,kinase
2r3i,kinase
2r3j,kinase
2r3k,kinase
2r3l,kinase
2r3m,kinase
2r3n,kinase
2r3o,kinase
2r3p,kinase
2r3t,protease
2r3w,protease
2r3y,protease
2r43,protease
2r4b,kinase
2r4f,oxidoreductase
2r58,other
2r59,protease
2r5a,other
2r5b,immune/signaling
2r5d,immune/signaling
2r5p,protease
2r5q,protease
2r64,kinase
2r6f,hydrolase
2r6n,protease
2r6w,nuclear receptor
2r6y,nuclear receptor
2r7b,kinase
2r7g,other
2r8q,hydrolase
2r9b,protease
2r9m,protease
2r9s,kinase
2r9x,hydrolase
2ra0,protease
2ra6,transport/binding
2rc8,other
2rc9,other
2rcb,other
2rcu,transferase
2rcw,transferase
2rcx,hydrolase
2rd6,transferase
2reg,transport/binding
2rf2,protease
2rfh,protease
2rfn,kinase
2rfy,hydrolase
2rg5,kinase
2rg6,kinase
2rgp,kinase
2rgu,protease
2ri9,hydrolase
2ria,transport/binding
2rib,transport/binding
2rin,transport/binding
2rio,kinase
2rip,protease
2rjp,protease
2rjr,isomerase
2rjs,isomerase
2rk7,kinase
2rk8,kinase
2rka,kinase
2rkd,kinase
2rke,kinase
2rkf,hydrolase
2rkg,hydrolase
2rkm,transport/binding
2rkn,immune/signaling
2rku,kinase
2rl5,kinase
2rly,other
2rm0,other
2rnw,transferase
2rnx,transferase
2rny,transferase
2rol,immune/signaling
2rox,nuclear receptor
2rqu,immune/signaling
2rr4,transport/binding
2rt5,other
2rvn,other
2sfp,isomerase
2sim,hydrolase
2srt,protease
2std,lyase
2tmn,protease
2toh,oxidoreductase
2tpi,protease
2tsr,transferase
2upj,protease
2usn,protease
2uue,kinase
2uuo,ligase
2uup,ligase
2uvm,kinase
2uw0,kinase
2uw3,kinase
2uw4,kinase
2uw5,kinase
2uw6,kinase
2uw7,kinase
2uw8,kinase
2uwd,immune/signaling
2uwl,protease
2uwo,protease
2uwp,protease
2uxi,other
2uxu,transport/binding
2uxx,oxidoreductase
2uxz,protease
2uy0,protease
2uy3,hydrolase
2uy4,hydrolase
2uy5,hydrolase
2uyi,other
2uym,other
2uyn,other
2uyq,transferase
2uyw,transport/binding
2uz6,other
2uz9,hydrolase
2uzb,kinase
2uzd,kinase
2uze,kinase
2uzj,protease
2uzl,kinase
2uzn,kinase
2uzo,kinase
2uzv,kinase
2v0c,ligase
2v0z,protease
2v10,protease
2v11,protease
2v12,protease
2v13,protease
2v16,protease
2v22,kinase
2v25,other
2v2c,isomerase
2v2h,isomerase
2v2q,kinase
2v2v,kinase
2v3d,hydrolase
2v3e,hydrolase
2v3u,other
2v54,kinase
2v57,other
2v58,ligase
2v59,ligase
2v5a,ligase
2v5x,hydrolase
2v6n,protease
2v77,protease
2v7d,immune/signaling
2v83,hydrolase
2v85,hydrolase
2v86,hydrolase
2v87,hydrolase
2v88,hydrolase
2v8w,other
2v95,nuclear receptor
2v96,hydrolase
2va5,protease
2va6,protease
2va7,protease
2vaq,transferase
2vb8,transferase
2vba,transferase
2vc7,hydrolase
2vc9,hydrolase
2vcb,hydrolase
2vcg,hydrolase
2vci,immune/signaling
2vcj,immune/signaling
2vcq,transferase
2vcw,transferase
2vcx,transferase
2vd0,transferase
2vd1,transferase
2vd4,transferase
2vd7,oxidoreductase
2ves,protease
2veu,hydrolase
2vev,hydrolase
2vew,hydrolase
2vex,hydrolase
2vey,hydrolase
2vf6,transferase
2vfk,hydrolase
2vfz,nuclear receptor
2vgc,protease
2vgo,kinase
2vgp,kinase
2vh0,protease
2vh6,protease
2vhj,hydrolase
2vhq,hydrolase
2vi5,transferase
2vie,protease
2vin,kinase
2vio,kinase
2vip,kinase
2viq,kinase
2viv,kinase
2viw,kinase
2viy,protease
2viz,protease
2vj1,protease
2vj6,hydrolase
2vj7,protease
2vj8,protease
2vj9,protease
2vjx,hydrolase
2vk2,transport/binding
2vk6,hydrolase
2vl1,transferase
2vl8,transferase
2vle,oxidoreductase
2vmc,other
2vmd,other
2vmf,hydrolase
2vnf,other
2vnm,protease
2vnn,protease
2vnp,isomerase
2vnt,kinase
2vo4,transferase
2vo7,kinase
2vpe,immune/signaling
2vpg,immune/signaling
2vpn,transport/binding
2vpo,transport/binding
2vpp,kinase
2vqj,hydrolase
2vqm,hydrolase
2vqt,hydrolase
2vr0,oxidoreductase
2vr3,other
2vr4,hydrolase
2vrj,hydrolase
2vrx,kinase
2vsl,protease
2vt3,other
2vta,kinase
2vtd,ligase
2vte,ligase
2vth,kinase
2vti,kinase
2vtj,kinase
2vtl,kinase
2vtm,kinase
2vtn,kinase
2vto,kinase
2vtp,kinase
2vtq,kinase
2vtr,kinase
2vts,kinase
2vtt,kinase
2vu3,kinase
2vuk,transport/binding
2vur,hydrolase
2vv9,kinase
2vvc,protease
2vvo,isomerase
2vvs,hydrolase
2vvt,isomerase
2vvu,protease
2vvv,protease
2vw1,hydrolase
2vw2,hydrolase
2vwc,immune/signaling
2vwf,nuclear receptor
2vwl,protease
2vwm,protease
2vwn,protease
2vwo,protease
2vwu,kinase
2vwv,kinase
2vww,kinase
2vwx,kinase
2vwy,kinase
2vwz,kinase
2vx0,kinase
2vx1,kinase
2vx9,other
2vxa,other
2vxj,transport/binding
2vxn,isomerase
2vyt,other
2vzr,hydrolase
2w05,kinase
2w06,kinase
2w08,other
2w0d,protease
2w0j,kinase
2w0p,other
2w0s,kinase
2w0x,oxidoreductase
2w0z,nuclear receptor
2w10,hydrolase
2w12,protease
2w16,other
2w17,kinase
2w1c,kinase
2w1d,kinase
2w1e,kinase
2w1f,kinase
2w1g,kinase
2w1h,kinase
2w1i,kinase
2w26,protease
2w2i,oxidoreductase
2w2u,hydrolase
2w3i,protease
2w3k,protease
2w3l,other
2w3o,kinase
2w47,hydrolase
2w4i,isomerase
2w54,oxidoreductase
2w5g,hydrolase
2w5i,hydrolase
2w67,hydrolase
2w68,hydrolase
2w6c,hydrolase
2w6m,ligase
2w6n,ligase
2w6o,ligase
2w6p,ligase
2w6q,ligase
2w6t,other
2w6u,other
2w6z,ligase
2w70,ligase
2w71,ligase
2w73,hydrolase
2w76,other
2w77,other
2w78,other
2w7x,kinase
2w7y,transport/binding
2w85,other
2w87,hydrolase
2w8f,transport/binding
2w8g,transport/binding
2w8j,transferase
2w8w,transferase
2w8y,other
2w92,hydrolase
2w97,other
2w9h,oxidoreductase
2w9r,oxidoreductase
2wa3,oxidoreductase
2wa4,oxidoreductase
2wa8,transport/binding
2waj,kinase
2wap,nuclear receptor
2wb5,hydrolase
2wbb,hydrolase
2wbd,hydrolase
2wc3,hydrolase
2wc4,hydrolase
2wcg,hydrolase
2wcx,transferase
2wd1,kinase
2wd3,lyase
2wd7,oxidoreductase
2we3,hydrolase
2web,protease
2wec,protease
2wed,protease
2weh,lyase
2wei,kinase
2wej,lyase
2weo,lyase
2weq,immune/signaling
2wev,kinase
2wey,hydrolase
2wez,protease
2wf0,protease
2wf1,protease
2wf2,protease
2wf3,protease
2wf4,protease
2wf5,transferase
2wfj,isomerase
2wgi,hydrolase
2wgj,kinase
2wgs,ligase
2who,transferase
2whp,hydrolase
2wi1,immune/signaling
2wi2,immune/signaling
2wi3,immune/signaling
2wi4,immune/signaling
2wi5,immune/signaling
2wi6,immune/signaling
2wi7,immune/signaling
2wih,kinase
2wj1,nuclear receptor
2wj2,nuclear receptor
2wk2,hydrolase
2wk6,transferase
2wks,lyase
2wkt,transferase
2wky,other
2wkz,protease
2wl0,protease
2wl4,transferase
2wl5,transferase
2wly,hydrolase
2wlz,hydrolase
2wm0,hydrolase
2wmr,kinase
2wmu,kinase
2wmv,kinase
2wmw,kinase
2wmx,kinase
2wnj,transport/binding
2wnl,transport/binding
2wo8,protease
2wo9,protease
2woa,protease
2won,transferase
2woq,transferase
2wor,transport/binding
2wos,transport/binding
2wot,kinase
2wou,kinase
2wp1,other
2wpa,kinase
2wpb,lyase
2wq4,transport/binding
2wq5,hydrolase
2wqb,kinase
2wqp,transferase
2wr8,transferase
2wsx,transport/binding
2wtc,kinase
2wtd,kinase
2wti,kinase
2wtj,kinase
2wtw,kinase
2wtx,transferase
2wu6,kinase
2wu7,kinase
2wuf,hydrolase
2wuu,transferase
2wva,lyase
2wvz,hydrolase
2ww0,hydrolase
2ww2,hydrolase
2wwj,oxidoreductase
2wxd,hydrolase
2wxf,kinase
2wxg,kinase
2wxh,kinase
2wxi,kinase
2wxj,kinase
2wxk,kinase
2wxl,kinase
2wxm,kinase
2wxn,kinase
2wxo,kinase
2wxp,kinase
2wxq,kinase
2wxv,kinase
2wyf,transport/binding
2wyg,protease
2wyi,hydrolase
2wyj,protease
2wyn,hydrolase
2wzf,transferase
2wzm,oxidoreductase
2wzs,hydrolase
2wzx,hydrolase
2wzy,transport/binding
2wzz,hydrolase
2x09,hydrolase
2x24,ligase
2x2c,isomerase
2x2i,hydrolase
2x2k,kinase
2x2l,kinase
2x2m,kinase
2x2r,other
2x38,kinase
2x39,kinase
2x3t,transport/binding
2x4o,immune/signaling
2x4r,immune/signaling
2x4s,immune/signaling
2x4t,immune/signaling
2x4u,immune/signaling
2x4z,kinase
2x52,transport/binding
2x5o,ligase
2x6d,transferase
2x6e,transferase
2x6f,kinase
2x6i,kinase
2x6j,kinase
2x6k,kinase
2x6w,hydrolase
2x6x,hydrolase
2x6y,hydrolase
2x7c,other
2x7d,other
2x7o,kinase
2x7s,lyase
2x7t,lyase
2x7u,lyase
2x7x,kinase
2x81,transferase
2x85,hydrolase
2x8d,kinase
2x8e,kinase
2x8i,kinase
2x91,protease
2x95,protease
2x9e,kinase
2x9f,kinase
2xa4,kinase
2xab,immune/signaling
2xae,other
2xaf,oxidoreductase
2xag,oxidoreductase
2xah,oxidoreductase
2xaj,oxidoreductase
2xaq,oxidoreductase
2xas,oxidoreductase
2xb7,kinase
2xb9,lyase
2xba,kinase
2xbj,transferase
2xbp,other
2xbw,protease
2xbx,protease
2xc0,protease
2xc4,hydrolase
2xcg,oxidoreductase
2xch,kinase
2xck,kinase
2xcn,protease
2xcs,isomerase
2xct,isomerase
2xd6,immune/signaling
2xd9,lyase
2xda,lyase
2xde,immune/signaling
2xdk,immune/signaling
2xdm,protease
2xdw,protease
2xdx,immune/signaling
2xe4,protease
2xef,protease
2xeg,protease
2xei,protease
2xej,protease
2xel,other
2xey,kinase
2xez,kinase
2xf0,kinase
2xfi,protease
2xfj,protease
2xfk,protease
2xg3,transport/binding
2xg5,immune/signaling
2xg9,hydrolase
2xgm,transferase
2xgo,transferase
2xgs,transferase
2xh5,kinase
2xhr,immune/signaling
2xhs,other
2xht,immune/signaling
2xhx,immune/signaling
2xi7,transferase
2xib,hydrolase
2xix,kinase
2xiy,kinase
2xiz,kinase
2xj0,kinase
2xj1,kinase
2xj2,kinase
2xjg,immune/signaling
2xjj,immune/signaling
2xjx,immune/signaling
2xk1,protease
2xk3,transferase
2xk4,transferase
2xk6,transferase
2xk7,transferase
2xk8,transferase
2xk9,kinase
2xkc,transferase
2xkd,transferase
2xke,transferase
2xkf,transferase
2xl2,other
2xl3,other
2xln,protease
2xm1,hydrolase
2xm2,hydrolase
2xm8,kinase
2xm9,kinase
2xml,oxidoreductase
2xmy,transferase
2xn3,other
2xn5,other
2xn6,other
2xn7,other
2xne,kinase
2xng,kinase
2xni,protease
2xnm,transferase
2xnn,transferase
2xno,transferase
2xnp,transferase
2xo8,other
2xog,hydrolase
2xoi,hydrolase
2xow,protease
2xp2,kinase
2xp3,kinase
2xp4,kinase
2xp5,kinase
2xp6,kinase
2xp7,kinase
2xp8,kinase
2xpa,kinase
2xpb,kinase
2xpc,ligase
2xpk,hydrolase
2xqq,transport/binding
2xru,kinase
2xrw,other
2xs0,transferase
2xs8,immune/signaling
2xsb,hydrolase
2xtk,hydrolase
2xu1,protease
2xu3,protease
2xu4,protease
2xu5,protease
2xuc,hydrolase
2xuf,hydrolase
2xui,hydrolase
2xup,hydrolase
2xuz,transport/binding
2xv1,transport/binding
2xvd,kinase
2xvn,hydrolase
2xwd,hydrolase
2xwe,hydrolase
2xwy,transferase
2xx2,immune/signaling
2xx4,immune/signaling
2xx5,immune/signaling
2xxn,hydrolase
2xxr,transport/binding
2xxt,transport/binding
2xxw,transport/binding
2xxx,transport/binding
2xxy,transport/binding
2xyd,protease
2xye,hydrolase
2xyf,hydrolase
2xyn,kinase
2xyr,transferase
2xyt,other
2xyu,kinase
2xz5,other
2xzg,other
2xzq,immune/signaling
2xzw,immune/signaling
2y06,immune/signaling
2y07,immune/signaling
2y0j,hydrolase
2y1d,oxidoreductase
2y1g,oxidoreductase
2y1n,transferase
2y1o,ligase
2y1w,transferase
2y1x,transferase
2y2h,transferase
2y2i,transferase
2y2j,transferase
2y2k,transferase
2y2n,transferase
2y2p,transferase
2y34,oxidoreductase
2y36,immune/signaling
2y3p,isomerase
2y4a,hydrolase
2y4m,transferase
2y4s,hydrolase
2y54,transport/binding
2y55,hydrolase
2y56,transport/binding
2y57,transport/binding
2y58,transport/binding
2y59,hydrolase
2y5f,protease
2y5g,protease
2y5k,hydrolase
2y5l,hydrolase
2y67,ligase
2y68,ligase
2y6c,hydrolase
2y6d,hydrolase
2y6o,kinase
2y6s,immune/signaling
2y71,lyase
2y76,lyase
2y77,lyase
2y7i,transport/binding
2y7k,other
2y7p,other
2y7w,other
2y7x,protease
2y7z,protease
2y80,protease
2y81,protease
2y82,protease
2y8c,hydrolase
2y8i,other
2y8l,kinase
2y8o,kinase
2y8q,transferase
2y9g,transport/binding
2y9q,transferase
2ya6,hydrolase
2ya7,hydrolase
2ya8,hydrolase
2yac,kinase
2yak,kinase
2yay,hydrolase
2yaz,hydrolase
2yb0,hydrolase
2yb9,protease
2ybk,oxidoreductase
2ybp,oxidoreductase
2ybs,oxidoreductase
2ybt,hydrolase
2ybu,hydrolase
2yc0,oxidoreductase
2yc3,transferase
2yc5,transferase
2ycf,kinase
2ych,other
2ycm,transferase
2ycq,kinase
2ycr,kinase
2ycs,kinase
2yde,oxidoreductase
2ydf,transport/binding
2ydi,kinase
2ydj,kinase
2ydk,kinase
2ydm,hydrolase
2ydo,GPCR
2ydt,hydrolase
2ydv,GPCR
2ydw,other
2ye9,immune/signaling
2yek,immune/signaling
2yel,immune/signaling
2yem,immune/signaling
2yer,kinase
2yex,kinase
2yfa,other
2yfx,kinase
2yg2,other
2yga,immune/signaling
2ygf,immune/signaling
2ygu,transport/binding
2yhd,nuclear receptor
2yhw,kinase
2yhy,kinase
2yi0,immune/signaling
2yi5,immune/signaling
2yi7,immune/signaling
2yig,protease
2yim,isomerase
2yiq,kinase
2yir,kinase
2yis,kinase
2yit,kinase
2yiu,oxidoreductase
2yiv,oxidoreductase
2yiw,kinase
2yix,kinase
2yj2,protease
2yj8,protease
2yj9,protease
2yjb,protease
2yjc,protease
2yjq,hydrolase
2yjw,immune/signaling
2yjx,immune/signaling
2yk1,immune/signaling
2yk9,immune/signaling
2ykb,immune/signaling
2ykc,immune/signaling
2yke,immune/signaling
2ykj,immune/signaling
2ylc,transport/binding
2yln,transport/binding
2ylo,nuclear receptor
2ylp,nuclear receptor
2ylq,nuclear receptor
2ym3,kinase
2ym4,kinase
2ym5,kinase
2ym6,kinase
2ym7,kinase
2ym8,kinase
2yme,transport/binding
2ymt,transport/binding
2ynd,transferase
2yne,transferase
2ynn,transport/binding
2ynr,transport/binding
2yns,transport/binding
2yof,kinase
2yog,kinase
2yoh,kinase
2yoj,transferase
2yol,protease
2ypi,isomerase
2ypo,transferase
2ypp,transferase
2yq6,other
2ywp,transferase
2yxj,other
2yz3,hydrolase
2z1w,transferase
2z3h,hydrolase
2z3z,protease
2z4b,nuclear receptor
2z4o,protease
2z4r,transport/binding
2z4w,kinase
2z4y,kinase
2z4z,kinase
2z50,kinase
2z52,kinase
2z5o,transport/binding
2z5s,other
2z5t,other
2z60,kinase
2z6w,isomerase
2z78,kinase
2z7g,hydrolase
2z7h,transferase
2z7i,kinase
2z7r,kinase
2z8e,transport/binding
2z92,immune/signaling
2z94,protease
2z97,oxidoreductase
2z9g,protease
2za0,lyase
2za3,lyase
2za5,protease
2zas,nuclear receptor
2zaz,kinase
2zb0,kinase
2zbk,isomerase
2zc9,protease
2zcs,transferase
2zdk,protease
2zdl,protease
2zdm,protease
2zdn,protease
2zdt,kinase
2zdx,kinase
2zdz,protease
2ze1,protease
2zfp,protease
2zfs,protease
2zft,protease
2zg1,transport/binding
2zg3,transport/binding
2zga,protease
2zgm,hydrolase
2zgx,protease
2zhd,protease
2zif,transferase
2zir,transferase
2zis,transferase
2zjf,hydrolase
2zju,transport/binding
2zjv,transport/binding
2zkj,kinase
2zlf,oxidoreductase
2zlg,oxidoreductase
2zm1,kinase
2zm3,kinase
2zmd,kinase
2zmj,nuclear receptor
2zmm,hydrolase
2zn7,hydrolase
2zns,other
2znt,other
2znu,other
2zo3,protease
2zof,protease
2zoq,kinase
2zp0,protease
2zpk,immune/signaling
2zq0,hydrolase
2zq1,protease
2zq2,protease
2zsc,transport/binding
2zu3,protease
2zu4,protease
2zu5,protease
2zv2,kinase
2zv9,kinase
2zva,kinase
2zvj,transferase
2zx5,hydrolase
2zx7,hydrolase
2zx8,hydrolase
2zx9,hydrolase
2zxa,hydrolase
2zxb,hydrolase
2zxg,protease
2zyb,kinase
2zym,transport/binding
2zyn,transport/binding
2zz1,lyase
2zz2,lyase
2zz6,lyase
2zzu,protease
3a1c,hydrolase
3a1d,hydrolase
3a1e,hydrolase
3a29,hydrolase
3a2c,kinase
3a2o,protease
3a3y,hydrolase
3a4o,kinase
3a4p,kinase
3a5y,ligase
3a6t,hydrolase
3a73,transport/binding
3a9i,kinase
3aaq,hydrolase
3aas,protease
3aau,protease
3aav,protease
3abt,oxidoreductase
3abu,oxidoreductase
3acl,transport/binding
3acx,kinase
3ad7,oxidoreductase
3ad8,oxidoreductase
3ads,nuclear receptor
3adt,nuclear receptor
3adu,nuclear receptor
3adv,nuclear receptor
3afk,hydrolase
3agl,kinase
3agm,kinase
3ah8,immune/signaling
3ahn,protease
3aho,protease
3ai8,protease
3aid,protease
3aig,protease
3aje,transport/binding
3al3,transport/binding
3alt,transport/binding
3ama,kinase
3amb,kinase
3amv,transferase
3anq,kinase
3anr,kinase
3ans,protease
3ant,protease
3ao1,transferase
3ao2,transferase
3ao5,transferase
3aox,kinase
3ap4,transport/binding
3ap7,transport/binding
3apc,kinase
3aqa,other
3aqt,other
3ara,protease
3arb,immune/signaling
3ard,immune/signaling
3are,immune/signaling
3arf,immune/signaling
3arg,immune/signaling
3arn,protease
3arr,protease
3art,protease
3arw,protease
3arx,protease
3arz,protease
3as0,protease
3as1,protease
3as2,protease
3as3,protease
3ask,ligase
3asl,ligase
3asx,kinase
3at1,transferase
3at3,kinase
3at4,kinase
3ati,protease
3atk,protease
3atl,protease
3atm,protease
3atp,immune/signaling
3atu,hydrolase
3atv,hydrolase
3atw,protease
3av9,other
3ava,other
3avb,other
3avf,other
3avg,other
3avh,other
3avi,other
3avj,other
3avk,other
3avl,other
3avm,other
3avn,other
3avz,protease
3aw0,protease
3ax5,transport/binding
3axk,lyase
3axm,lyase
3axz,transferase
3ay0,transferase
3ay9,immune/signaling
3aya,transport/binding
3ayc,transport/binding
3ayd,transport/binding
3az8,lyase
3az9,lyase
3aza,lyase
3azb,lyase
3b0w,nuclear receptor
3b1t,protease
3b1u,protease
3b24,immune/signaling
3b25,immune/signaling
3b26,immune/signaling
3b28,immune/signaling
3b2q,transferase
3b2t,kinase
3b2w,kinase
3b3c,protease
3b3x,protease
3b4f,lyase
3b4p,other
3b50,transport/binding
3b5j,hydrolase
3b66,nuclear receptor
3b67,nuclear receptor
3b7i,protease
3b7j,lyase
3b7r,protease
3b7u,protease
3b8q,kinase
3b8r,kinase
3b8z,hydrolase
3b92,protease
3b95,transferase
3b9g,hydrolase
3b9s,immune/signaling
3bar,lyase
3bbt,kinase
3bc3,protease
3bc4,protease
3bc5,nuclear receptor
3bcn,protease
3bcs,transferase
3be2,kinase
3be9,kinase
3bea,kinase
3bel,kinase
3bet,lyase
3bex,kinase
3bf1,kinase
3bft,other
3bg8,protease
3bgb,protease
3bgc,protease
3bgl,oxidoreductase
3bgm,kinase
3bgp,kinase
3bgq,kinase
3bgs,transferase
3bh3,lyase
3bh8,immune/signaling
3bh9,immune/signaling
3bhb,immune/signaling
3bhx,protease
3bi0,protease
3bi1,protease
3bi6,kinase
3bim,other
3biz,kinase
3bjc,hydrolase
3bjm,protease
3bki,transport/binding
3bkl,protease
3bl0,lyase
3bl1,lyase
3bl2,nuclear receptor
3bl7,hydrolase
3bl9,hydrolase
3bla,hydrolase
3blr,kinase
3bls,hydrolase
3blt,hydrolase
3blu,hydrolase
3bm6,hydrolase
3bm8,hydrolase
3bm9,immune/signaling
3bmn,oxidoreductase
3bmo,oxidoreductase
3bmq,oxidoreductase
3bmy,immune/signaling
3bpr,kinase
3bqc,kinase
3bqn,other
3br9,transferase
3bra,protease
3brn,transport/binding
3bsc,transferase
3bt9,other
3btc,other
3bti,other
3btj,other
3btl,other
3btr,nuclear receptor
3bu1,transport/binding
3bu6,kinase
3bu8,transport/binding
3buf,protease
3bug,protease
3buh,protease
3bum,ligase
3bun,ligase
3buo,kinase
3buw,kinase
3bux,kinase
3bv2,kinase
3bv3,kinase
3bva,protease
3bvb,protease
3bwj,kinase
3bwk,protease
3bx5,kinase
3bxe,other
3bxf,other
3bxg,other
3bxh,other
3bxs,protease
3bxz,transport/binding
3bym,kinase
3byo,kinase
3bys,kinase
3byu,kinase
3bz3,kinase
3bze,immune/signaling
3bzf,immune/signaling
3bzi,kinase
3c0z,hydrolase
3c10,hydrolase
3c14,lyase
3c1k,protease
3c1n,kinase
3c1x,kinase
3c2f,transferase
3c2o,transferase
3c2r,transferase
3c2u,hydrolase
3c39,kinase
3c3o,transport/binding
3c3q,transport/binding
3c3r,transport/binding
3c43,protease
3c45,protease
3c49,transferase
3c4c,kinase
3c4e,kinase
3c4f,kinase
3c4h,transferase
3c52,lyase
3c56,lyase
3c5u,kinase
3c6t,protease
3c6u,protease
3c6w,transport/binding
3c72,transferase
3c79,transport/binding
3c7n,immune/signaling
3c7p,lyase
3c7q,kinase
3c84,transport/binding
3c88,protease
3c89,protease
3c8a,protease
3c8b,protease
3c8e,transferase
3c94,hydrolase
3c9e,protease
3caj,lyase
3cbp,kinase
3cbs,nuclear receptor
3ccb,protease
3ccc,protease
3ccn,kinase
3cct,oxidoreductase
3ccw,oxidoreductase
3ccz,oxidoreductase
3cd0,oxidoreductase
3cd5,oxidoreductase
3cd7,oxidoreductase
3cd8,kinase
3cda,oxidoreductase
3cdb,oxidoreductase
3cde,transferase
3ce0,transferase
3ce3,kinase
3cen,protease
3cf1,transport/binding
3cf8,lyase
3cf9,lyase
3cfn,nuclear receptor
3cfs,immune/signaling
3cfv,immune/signaling
3cgf,kinase
3cgo,kinase
3cgy,kinase
3ch9,protease
3chc,protease
3chd,protease
3che,protease
3chf,protease
3chg,transport/binding
3cho,protease
3chp,protease
3chq,protease
3chr,protease
3chs,protease
3cib,protease
3cic,protease
3cid,protease
3cii,immune/signaling
3cj3,protease
3cj5,protease
3cjf,kinase
3cjo,other
3ck7,transport/binding
3ck8,transport/binding
3ckb,transport/binding
3cke,transferase
3ckp,protease
3ckr,protease
3ckt,protease
3ckz,hydrolase
3cl0,hydrolase
3cl2,hydrolase
3clp,other
3cm2,protease
3cm7,protease
3cn0,nuclear receptor
3co9,transferase
3coh,kinase
3coj,ligase
3cow,ligase
3cp9,kinase
3cpb,kinase
3cpc,kinase
3cqu,kinase
3cqw,kinase
3cr4,transport/binding
3cr5,transport/binding
3cs7,protease
3cs8,nuclear receptor
3csl,transport/binding
3cso,transferase
3cth,kinase
3ctj,kinase
3ctq,kinase
3ctt,hydrolase
3cvk,transferase
3cwe,hydrolase
3cwj,transferase
3cwk,nuclear receptor
3cx9,transport/binding
3cy2,kinase
3cyu,lyase
3cyw,protease
3cyy,transport/binding
3cyz,transport/binding
3cz1,transport/binding
3czv,lyase
3d04,lyase
3d0b,immune/signaling
3d0e,kinase
3d14,kinase
3d1e,transferase
3d1f,transferase
3d1g,transferase
3d1v,transferase
3d1x,protease
3d1y,protease
3d1z,hydrolase
3d20,protease
3d25,immune/signaling
3d27,protease
3d28,transferase
3d2e,immune/signaling
3d2r,kinase
3d2t,nuclear receptor
3d32,nuclear receptor
3d3p,hydrolase
3d3x,hydrolase
3d4f,hydrolase
3d4l,protease
3d4q,kinase
3d4y,hydrolase
3d50,hydrolase
3d51,hydrolase
3d52,nuclear receptor
3d5m,transferase
3d62,protease
3d67,protease
3d6o,hydrolase
3d6p,hydrolase
3d78,transport/binding
3d7b,hydrolase
3d7d,protease
3d7f,protease
3d7g,protease
3d7h,protease
3d7k,lyase
3d7z,kinase
3d83,kinase
3d8w,lyase
3d8y,hydrolase
3d8z,hydrolase
3d91,protease
3d94,kinase
3d9k,transferase
3d9l,transferase
3d9m,transferase
3d9n,transferase
3d9o,transferase
3d9p,transferase
3d9v,kinase
3d9z,lyase
3da6,kinase
3da9,protease
3dab,other
3daj,kinase
3daz,lyase
3db6,kinase
3db8,kinase
3dbd,kinase
3dbs,kinase
3dbu,lyase
3dc2,oxidoreductase
3dc3,lyase
3dcc,lyase
3dcq,transport/binding
3dcr,protease
3dcs,lyase
3dct,nuclear receptor
3dcv,kinase
3dcw,lyase
3dd8,lyase
3dda,protease
3ddb,protease
3ddf,hydrolase
3ddg,hydrolase
3ddp,kinase
3ddq,kinase
3ddu,protease
3deh,protease
3dei,protease
3dej,protease
3dek,protease
3dg8,oxidoreductase
3dga,oxidoreductase
3dgl,other
3dgn,transport/binding
3dgo,transport/binding
3dgq,transferase
3dhk,protease
3di6,transferase
3diw,immune/signaling
3djf,transferase
3djk,protease
3djo,hydrolase
3djp,hydrolase
3djq,hydrolase
3djv,hydrolase
3dk1,protease
3dkf,kinase
3dkg,kinase
3dkj,transferase
3dln,immune/signaling
3dm6,protease
3dnd,kinase
3dne,kinase
3dng,protease
3dnj,protease
3dnt,transferase
3dog,kinase
3dow,nuclear receptor
3doy,lyase
3doz,lyase
3dp0,lyase
3dp1,lyase
3dp2,lyase
3dp3,lyase
3dp4,immune/signaling
3dp9,hydrolase
3dpd,kinase
3dpe,protease
3dpf,protease
3dpk,kinase
3dpo,transport/binding
3drf,transport/binding
3drg,transport/binding
3dri,transport/binding
3drp,transferase
3drr,transferase
3drs,transferase
3ds0,immune/signaling
3ds1,immune/signaling
3ds3,immune/signaling
3ds4,immune/signaling
3ds6,kinase
3ds9,protease
3dst,transferase
3dsu,transferase
3dsz,transport/binding
3dt1,kinase
3dtc,kinase
3du8,kinase
3dux,protease
3duy,protease
3dv1,protease
3dv5,protease
3dvp,immune/signaling
3dx0,nuclear receptor
3dx3,nuclear receptor
3dx4,nuclear receptor
3dxh,hydrolase
3dxj,transferase
3dxk,immune/signaling
3dxm,immune/signaling
3dy6,nuclear receptor
3dya,transferase
3dyo,hydrolase
3dz2,lyase
3dz4,lyase
3dz5,lyase
3dz6,lyase
3dzt,transport/binding
3e01,transferase
3e0p,protease
3e0q,transferase
3e12,transferase
3e16,protease
3e1r,transport/binding
3e2m,other
3e37,transferase
3e3b,kinase
3e3c,transport/binding
3e3u,hydrolase
3e4a,protease
3e51,transferase
3e5u,other
3e62,kinase
3e63,kinase
3e64,kinase
3e6k,hydrolase
3e6v,hydrolase
3e6y,immune/signaling
3e73,immune/signaling
3e7a,protease
3e7b,hydrolase
3e7o,kinase
3e81,transferase
3e85,other
3e8n,kinase
3e8r,protease
3e8u,immune/signaling
3e90,protease
3e9b,hydrolase
3e9h,ligase
3e9i,ligase
3eax,hydrolase
3eb1,hydrolase
3ebb,immune/signaling
3ebh,protease
3ebi,protease
3ebl,hydrolase
3ebo,kinase
3ecn,hydrolase
3ed0,lyase
3ee2,transferase
3eeb,protease
3efj,kinase
3efk,kinase
3efr,ligase
3efs,ligase
3eft,lyase
3efw,kinase
3eg6,other
3egk,protease
3ehn,transport/binding
3eht,GPCR
3ehw,hydrolase
3ehx,protease
3eid,kinase
3eig,oxidoreductase
3eio,protease
3ej1,kinase
3ej5,hydrolase
3ejp,nuclear receptor
3ejq,nuclear receptor
3ejs,nuclear receptor
3ejt,nuclear receptor
3eju,nuclear receptor
3eka,lyase
3ekn,kinase
3eko,immune/signaling
3ekp,protease
3ekq,protease
3ekr,immune/signaling
3eks,other
3ekt,protease
3ekv,protease
3ekw,protease
3ekx,protease
3eky,protease
3el0,protease
3el1,protease
3el4,protease
3el5,protease
3el7,kinase
3el8,kinase
3el9,protease
3elc,transferase
3elj,kinase
3elm,protease
3emg,kinase
3emh,other
3eml,GPCR
3ens,protease
3eoc,kinase
3eor,transferase
3eos,transferase
3eou,transferase
3eov,isomerase
3eq7,protease
3eq8,protease
3eq9,protease
3eqb,kinase
3eql,transferase
3eqr,kinase
3eqs,ligase
3eqy,other
3er3,protease
3er5,protease
3erd,nuclear receptor
3erk,kinase
3ern,transferase
3ert,nuclear receptor
3ery,immune/signaling
3esj,transferase
3ess,transferase
3et7,kinase
3eta,kinase
3eu5,transferase
3eu7,other
3evf,protease
3ew2,other
3ewc,hydrolase
3ewh,kinase
3ewj,protease
3ewu,transferase
3ewz,transferase
3ex2,transferase
3ex3,transferase
3ex6,transferase
3exe,oxidoreductase
3exf,oxidoreductase
3exh,oxidoreductase
3exo,protease
3eyd,protease
3eyf,immune/signaling
3eyg,kinase
3eyh,kinase
3eyl,protease
3eys,immune/signaling
3eyu,immune/signaling
3ezr,kinase
3ezv,kinase
3f07,hydrolase
3f0r,hydrolase
3f15,protease
3f16,protease
3f18,protease
3f19,protease
3f1a,protease
3f2a,kinase
3f33,transport/binding
3f34,transport/binding
3f35,transport/binding
3f36,transport/binding
3f37,transport/binding
3f38,transport/binding
3f39,transport/binding
3f3t,kinase
3f3u,kinase
3f3v,kinase
3f3w,kinase
3f48,transport/binding
3f5j,hydrolase
3f5k,hydrolase
3f5l,hydrolase
3f5p,kinase
3f66,kinase
3f68,protease
3f69,kinase
3f6e,lyase
3f6g,transferase
3f6h,transferase
3f70,other
3f78,other
3f7b,lyase
3f7g,other
3f7h,other
3f7i,other
3f7u,lyase
3f7z,kinase
3f81,hydrolase
3f82,kinase
3f88,kinase
3f8c,other
3f8e,lyase
3f8f,other
3f8s,protease
3f8w,transferase
3f9n,kinase
3f9w,transferase
3f9y,transferase
3fa3,isomerase
3faa,kinase
3fal,immune/signaling
3fas,other
3fat,other
3fbr,other
3fc1,kinase
3fc2,kinase
3fc8,transport/binding
3fcb,transport/binding
3fcf,hydrolase
3fci,hydrolase
3fck,hydrolase
3fcl,hydrolase
3fdm,other
3fdn,kinase
3fdt,other
3fed,protease
3fee,protease
3feg,kinase
3fei,nuclear receptor
3fej,nuclear receptor
3ff3,protease
3ff6,ligase
3ffg,protease
3ffp,lyase
3fgc,oxidoreductase
3fh5,protease
3fh7,protease
3fh8,protease
3fhb,transferase
3fhe,protease
3fhr,kinase
3fi2,kinase
3fi3,kinase
3fj7,other
3fjg,transport/binding
3fjz,transferase
3fkt,protease
3fkv,hydrolase
3fl5,kinase
3fl8,oxidoreductase
3fl9,oxidoreductase
3fmq,protease
3fmr,protease
3fmz,transport/binding
3fn0,immune/signaling
3fnm,protease
3fnu,protease
3fpd,transferase
3fpm,kinase
3fq7,isomerase
3fqa,isomerase
3fqe,kinase
3fqh,kinase
3fqk,transferase
3fql,transferase
3fqs,kinase
3fr2,transport/binding
3fr4,transport/binding
3fr5,transport/binding
3frg,protease
3frz,protease
3fsj,lyase
3fsm,protease
3ft2,immune/signaling
3ft3,immune/signaling
3ft4,immune/signaling
3ft5,immune/signaling
3ft8,immune/signaling
3fts,protease
3ftu,protease
3ftv,protease
3ftw,protease
3fty,protease
3ftz,protease
3fu0,protease
3fu3,protease
3fu5,protease
3fu6,protease
3fud,protease
3fue,protease
3fuf,protease
3fuh,protease
3fui,protease
3fuj,protease
3fuk,protease
3ful,protease
3fum,protease
3fun,protease
3fup,kinase
3fuz,other
3fv3,protease
3fv7,hydrolase
3fv8,kinase
3fvg,other
3fvk,other
3fvl,protease
3fvn,other
3fw3,lyase
3fw4,transport/binding
3fwv,immune/signaling
3fx6,protease
3fxb,transport/binding
3fxv,nuclear receptor
3fxw,kinase
3fyj,kinase
3fyk,kinase
3fyz,hydrolase
3fz1,kinase
3fzc,hydrolase
3fzn,lyase
3fzr,kinase
3fzs,kinase
3fzt,kinase
3fzy,protease
3g08,immune/signaling
3g0b,protease
3g0c,protease
3g0d,protease
3g0e,kinase
3g0f,kinase
3g0g,protease
3g0i,hydrolase
3g15,kinase
3g19,protease
3g1d,lyase
3g1m,other
3g1v,lyase
3g2h,transferase
3g2i,transferase
3g2j,transferase
3g2k,transferase
3g2l,transferase
3g2s,transport/binding
3g2t,transport/binding
3g2u,transport/binding
3g2v,transport/binding
3g2w,transport/binding
3g2y,protease
3g30,protease
3g32,protease
3g34,protease
3g35,protease
3g3d,transferase
3g3m,transferase
3g3n,hydrolase
3g3r,kinase
3g42,protease
3g45,hydrolase
3g4f,transferase
3g4g,hydrolase
3g4i,hydrolase
3g4k,hydrolase
3g4l,hydrolase
3g58,hydrolase
3g5d,kinase
3g5k,hydrolase
3g5v,immune/signaling
3g5y,immune/signaling
3g6g,kinase
3g6h,kinase
3g6m,protease
3g6z,protease
3g70,protease
3g72,protease
3g76,protease
3g7l,other
3g86,protease
3g8e,transferase
3g8i,nuclear receptor
3g8o,nuclear receptor
3g90,kinase
3g9e,nuclear receptor
3g9l,kinase
3g9n,kinase
3ga5,transport/binding
3gb2,kinase
3gba,other
3gbe,transferase
3gbq,other
3gc4,transferase
3gc7,kinase
3gcp,kinase
3gcq,kinase
3gcu,kinase
3gcv,kinase
3gds,protease
3gdt,lyase
3gen,kinase
3gf2,other
3gfe,kinase
3gfw,kinase
3ggc,transferase
3ggu,protease
3ggv,protease
3ggw,immune/signaling
3ghe,immune/signaling
3gi4,protease
3gi5,protease
3gi6,protease
3gjd,transport/binding
3gjq,protease
3gjs,protease
3gjt,protease
3gjw,transferase
3gk1,transport/binding
3gk2,transport/binding
3gk4,transport/binding
3gkz,immune/signaling
3gl6,oxidoreductase
3gm0,immune/signaling
3gn7,transferase
3gnv,protease
3gol,transferase
3gp0,kinase
3gpe,kinase
3gpj,protease
3gpo,protease
3gqo,immune/signaling
3gqz,protease
3grj,protease
3gs6,hydrolase
3gs7,nuclear receptor
3gsg,protease
3gsm,hydrolase
3gss,transferase
3gst,transferase
3gt9,other
3gta,other
3gtc,protease
3gur,kinase
3gus,kinase
3guz,ligase
3gv6,transport/binding
3gvb,protease
3gvu,kinase
3gw5,protease
3gws,nuclear receptor
3gwt,hydrolase
3gwu,transport/binding
3gwv,transport/binding
3gww,transport/binding
3gwx,nuclear receptor
3gx0,oxidoreductase
3gxl,kinase
3gxt,hydrolase
3gxy,immune/signaling
3gxz,immune/signaling
3gy2,protease
3gy3,protease
3gy7,protease
3gyn,protease
3gz9,nuclear receptor
3gzn,ligase
3h03,other
3h06,other
3h0a,nuclear receptor
3h0b,protease
3h0e,protease
3h0j,transferase
3h0q,transferase
3h0s,transferase
3h0v,lyase
3h0w,lyase
3h0y,kinase
3h0z,kinase
3h1x,hydrolase
3h1z,kinase
3h21,kinase
3h22,kinase
3h23,kinase
3h26,kinase
3h2a,kinase
3h2c,kinase
3h2f,kinase
3h2m,kinase
3h2n,kinase
3h2o,kinase
3h30,kinase
3h3c,kinase
3h52,nuclear receptor
3h59,protease
3h5b,protease
3h5s,protease
3h5u,protease
3h6z,other
3h78,transferase
3h85,kinase
3h89,protease
3h8b,protease
3h8c,protease
3h91,other
3h98,transferase
3h9f,kinase
3h9k,transferase
3h9o,kinase
3ha6,kinase
3hab,protease
3hac,protease
3hau,protease
3hav,transferase
3haw,protease
3hb4,oxidoreductase
3hb8,transferase
3hbo,protease
3hc8,hydrolase
3hcm,transport/binding
3hd3,protease
3hdk,protease
3hdm,kinase
3hdn,kinase
3hdz,hydrolase
3hec,kinase
3heg,kinase
3hek,immune/signaling
3hf6,oxidoreductase
3hf8,oxidoreductase
3hfb,oxidoreductase
3hfj,transferase
3hfv,ligase
3hfz,ligase
3hg1,immune/signaling
3hha,protease
3hhk,protease
3hhm,kinase
3hhu,immune/signaling
3hig,oxidoreductase
3hii,oxidoreductase
3hj0,nuclear receptor
3hjo,transferase
3hk1,transport/binding
3hkn,lyase
3hkq,lyase
3hkt,lyase
3hku,lyase
3hkw,transferase
3hky,transferase
3hl5,protease
3hl7,kinase
3hl8,hydrolase
3hll,kinase
3hlo,protease
3hmm,kinase
3hmo,kinase
3hmp,kinase
3hmv,hydrolase
3hnb,other
3hng,kinase
3hnz,transferase
3ho2,transferase
3ho9,transferase
3hp2,kinase
3hp5,kinase
3hp9,hydrolase
3hpt,protease
3hq5,nuclear receptor
3hqh,ligase
3hqr,oxidoreductase
3hqw,protease
3hqy,protease
3hqz,protease
3hr1,protease
3hrb,kinase
3hrf,kinase
3hs4,lyase
3hs8,transferase
3hs9,transferase
3hu1,transport/binding
3hu2,transport/binding
3hu3,transport/binding
3hub,kinase
3hv3,kinase
3hv4,kinase
3hv5,kinase
3hv6,kinase
3hv7,kinase
3hvc,kinase
3hvg,protease
3hvh,transferase
3hvi,transferase
3hvj,transferase
3hvk,transferase
3hw1,protease
3hwn,protease
3hww,transferase
3hwx,transferase
3hx3,transport/binding
3hxb,transferase
3hxc,transferase
3hxd,transferase
3hxe,transferase
3hxf,transferase
3hy5,transport/binding
3hy7,protease
3hy9,hydrolase
3hyf,protease
3hyg,protease
3hzk,immune/signaling
3hzm,immune/signaling
3hzv,immune/signaling
3hzy,immune/signaling
3i02,immune/signaling
3i06,protease
3i0r,protease
3i0s,protease
3i1y,hydrolase
3i25,protease
3i28,hydrolase
3i3d,hydrolase
3i4a,transferase
3i4b,kinase
3i4y,oxidoreductase
3i51,oxidoreductase
3i5n,kinase
3i5r,other
3i5z,kinase
3i60,kinase
3i6c,isomerase
3i6m,hydrolase
3i6o,protease
3i6z,hydrolase
3i73,transferase
3i7b,kinase
3i7c,kinase
3i7e,protease
3i7g,protease
3i7i,protease
3i81,kinase
3i8t,transport/binding
3i90,other
3i91,other
3i97,immune/signaling
3i9g,immune/signaling
3ia6,nuclear receptor
3iad,hydrolase
3iae,lyase
3iaf,lyase
3iaw,protease
3ibc,protease
3ibi,lyase
3ibl,lyase
3ibn,lyase
3ibu,lyase
3idp,kinase
3ie3,kinase
3iej,protease
3ieo,lyase
3ies,oxidoreductase
3iet,immune/signaling
3if7,transport/binding
3ifl,immune/signaling
3ifo,immune/signaling
3ifp,immune/signaling
3ig1,transferase
3ig6,kinase
3ig7,kinase
3igb,protease
3igg,kinase
3igp,lyase
3igv,transferase
3ihz,isomerase
3ii5,kinase
3iit,protease
3iiw,other
3iiy,other
3ij0,other
3ij1,other
3ijg,isomerase
3ijh,immune/signaling
3ijy,immune/signaling
3ijz,transferase
3ik1,transferase
3ik3,kinase
3ika,kinase
3ikc,immune/signaling
3ikd,isomerase
3ikg,isomerase
3il5,transferase
3il6,transferase
3ilq,immune/signaling
3ime,ligase
3img,ligase
3imy,other
3in3,protease
3in4,protease
3ind,protease
3ine,protease
3inf,protease
3inh,protease
3iny,transferase
3io7,kinase
3iob,ligase
3ioc,ligase
3iod,ligase
3ioe,ligase
3iof,hydrolase
3iog,hydrolase
3ioi,nuclear receptor
3iok,kinase
3ion,kinase
3iop,kinase
3ip5,transport/binding
3ip6,transport/binding
3ip8,lyase
3ip9,transport/binding
3ipa,transport/binding
3ipb,nuclear receptor
3ipe,nuclear receptor
3iph,kinase
3ipq,nuclear receptor
3ips,nuclear receptor
3ipu,nuclear receptor
3ipx,kinase
3ipy,kinase
3iqg,transferase
3iqh,transferase
3iqi,transferase
3iqj,kinase
3iqq,transport/binding
3iqu,immune/signaling
3iqv,immune/signaling
3irx,protease
3is9,protease
3isj,ligase
3iss,transferase
3isw,hydrolase
3itc,hydrolase
3ith,transferase
3itu,hydrolase
3itz,kinase
3iu7,protease
3iu8,protease
3iu9,protease
3iub,ligase
3iuc,immune/signaling
3iue,ligase
3iut,protease
3iux,ligase
3ivc,ligase
3ivh,protease
3ivi,protease
3ivq,ligase
3ivv,ligase
3ivx,ligase
3iw4,kinase
3iw5,kinase
3iw6,kinase
3iw7,kinase
3iw8,kinase
3iww,protease
3iwy,ligase
3ixg,hydrolase
3ixj,protease
3ixk,protease
3jdw,transferase
3jpv,kinase
3jpx,other
3jq7,oxidoreductase
3jq8,oxidoreductase
3jq9,oxidoreductase
3jqa,oxidoreductase
3jqb,oxidoreductase
3jqf,oxidoreductase
3jqg,oxidoreductase
3jrs,other
3jrx,ligase
3jsi,hydrolase
3jsw,hydrolase
3juk,transferase
3juo,other
3jup,other
3juq,other
3jvk,immune/signaling
3jwq,hydrolase
3jwr,hydrolase
3jxw,kinase
3jy0,kinase
3jy9,kinase
3jyj,isomerase
3jyr,transport/binding
3jzb,other
3jzc,other
3jzf,ligase
3jzg,other
3jzh,other
3jzi,ligase
3jzj,transport/binding
3jzk,ligase
3jzo,transport/binding
3jzp,transport/binding
3jzq,transport/binding
3jzr,ligase
3jzs,ligase
3k00,transport/binding
3k02,transport/binding
3k05,other
3k0h,ligase
3k0k,ligase
3k15,ligase
3k16,isomerase
3k1j,protease
3k22,nuclear receptor
3k23,nuclear receptor
3k26,other
3k27,other
3k2f,lyase
3k37,hydrolase
3k39,hydrolase
3k3a,hydrolase
3k3b,other
3k3e,hydrolase
3k3g,transport/binding
3k3h,hydrolase
3k3i,kinase
3k3j,kinase
3k41,transport/binding
3k48,immune/signaling
3k4d,protease
3k4q,hydrolase
3k54,kinase
3k5c,protease
3k5d,protease
3k5f,protease
3k5g,protease
3k5i,transferase
3k5k,transferase
3k5u,kinase
3k5x,protease
3k7f,hydrolase
3k83,hydrolase
3k84,hydrolase
3k8c,isomerase
3k8d,transferase
3k8o,transferase
3k8q,transferase
3k97,immune/signaling
3k98,immune/signaling
3k99,immune/signaling
3k9x,protease
3ka2,protease
3kab,kinase
3kac,kinase
3kad,kinase
3kaf,kinase
3kag,kinase
3kah,kinase
3kai,kinase
3kb3,hydrolase
3kb7,kinase
3kba,nuclear receptor
3kbz,hydrolase
3kc0,hydrolase
3kc1,hydrolase
3kc3,kinase
3kce,kinase
3kcf,kinase
3kd7,other
3kdb,protease
3kdc,protease
3kdd,protease
3kdm,immune/signaling
3kdt,nuclear receptor
3kdu,nuclear receptor
3kec,protease
3ked,protease
3kej,protease
3kek,protease
3ken,other
3kf4,kinase
3kf7,kinase
3kfa,kinase
3kfc,nuclear receptor
3kfn,protease
3kga,kinase
3kgq,protease
3kgt,nuclear receptor
3kgu,nuclear receptor
3khj,oxidoreductase
3khv,kinase
3kid,kinase
3kig,lyase
3kiv,other
3kjd,transferase
3kjf,protease
3kjn,protease
3kjq,protease
3kku,protease
3kl6,protease
3kl8,kinase
3km4,protease
3kmc,protease
3kme,protease
3kmm,kinase
3kmx,protease
3kmy,protease
3kn0,protease
3koo,hydrolase
3kpu,transferase
3kpv,transferase
3kpw,transferase
3kqa,kinase
3kqb,protease
3kqc,protease
3kqd,protease
3kqe,protease
3kqm,transferase
3kqo,transferase
3kqp,transferase
3kqr,other
3kqs,transferase
3kqt,transferase
3kqw,transferase
3kqy,transferase
3kr0,transferase
3kr1,transferase
3kr2,transferase
3kr4,protease
3kr5,protease
3krd,protease
3krj,kinase
3krl,kinase
3krr,kinase
3krw,kinase
3krx,kinase
3kry,protease
3ksl,transferase
3ksq,transferase
3ktr,transport/binding
3kvw,kinase
3kvx,kinase
3kw9,protease
3kwb,protease
3kwf,protease
3kwj,protease
3kwz,protease
3kx1,protease
3kxz,kinase
3kyq,nuclear receptor
3kyr,protease
3kze,immune/signaling
3l08,kinase
3l0e,other
3l0k,lyase
3l0n,lyase
3l0v,protease
3l13,kinase
3l16,kinase
3l17,kinase
3l1n,transport/binding
3l1s,kinase
3l2y,transport/binding
3l38,protease
3l3a,protease
3l3l,kinase
3l3m,transferase
3l3q,other
3l3x,nuclear receptor
3l3z,nuclear receptor
3l4t,hydrolase
3l4v,hydrolase
3l4x,hydrolase
3l4y,hydrolase
3l4z,hydrolase
3l54,kinase
3l58,protease
3l59,protease
3l5b,protease
3l5c,protease
3l5d,protease
3l5e,protease
3l5f,protease
3l5r,isomerase
3l6f,nuclear receptor
3l6h,transport/binding
3l6x,other
3l79,transferase
3l7a,transferase
3l7c,transferase
3l7d,transferase
3l7g,protease
3l81,nuclear receptor
3l8s,kinase
3l8v,kinase
3l8x,kinase
3l9h,other
3l9l,kinase
3l9m,kinase
3l9n,kinase
3lau,kinase
3lbj,other
3lbk,ligase
3lbl,ligase
3lbz,other
3lc3,protease
3lc5,protease
3lcd,kinase
3lce,hydrolase
3lco,kinase
3lcu,transferase
3lcv,transferase
3ldp,immune/signaling
3ldq,immune/signaling
3ldw,transferase
3le6,kinase
3le8,ligase
3le9,protease
3lea,protease
3lf0,immune/signaling
3lfn,kinase
3lfs,kinase
3lgl,other
3lgp,protease
3lgs,hydrolase
3lhg,hydrolase
3lhj,kinase
3lhs,transport/binding
3li2,transport/binding
3lik,protease
3lil,protease
3lir,protease
3liw,protease
3lj3,kinase
3lj7,nuclear receptor
3ljg,protease
3ljj,protease
3ljo,protease
3ljt,protease
3ljz,protease
3lk0,transport/binding
3lk1,transport/binding
3lk8,protease
3lkh,protease
3lkj,immune/signaling
3lkz,transferase
3ll8,hydrolase
3lle,transport/binding
3llm,hydrolase
3lm1,transport/binding
3lmk,immune/signaling
3lmp,nuclear receptor
3lnj,ligase
3lnk,protease
3lnz,ligase
3lok,kinase
3loo,kinase
3lox,protease
3lp0,transferase
3lp1,transferase
3lp2,protease
3lp4,hydrolase
3lp7,hydrolase
3lpb,kinase
3lpf,protease
3lpg,protease
3lpi,protease
3lpj,protease
3lpk,protease
3lpl,oxidoreductase
3lpp,hydrolase
3lpr,protease
3lpt,transferase
3lpu,transferase
3lq2,oxidoreductase
3lq4,oxidoreductase
3lq5,kinase
3lq8,kinase
3lqi,transferase
3lqj,transferase
3lrh,immune/signaling
3ls4,immune/signaling
3luo,isomerase
3lvp,kinase
3lvw,ligase
3lw0,kinase
3lxe,lyase
3lxg,hydrolase
3lxk,kinase
3lxl,kinase
3lxo,hydrolase
3lxs,protease
3ly2,protease
3lzb,kinase
3lzs,protease
3lzu,protease
3lzv,protease
3m11,kinase
3m17,transport/binding
3m1k,lyase
3m1s,kinase
3m2u,oxidoreductase
3m2w,kinase
3m35,protease
3m36,protease
3m37,protease
3m3c,hydrolase
3m3e,hydrolase
3m3o,hydrolase
3m3r,other
3m3x,lyase
3m3z,immune/signaling
3m40,lyase
3m53,transferase
3m54,transferase
3m55,transferase
3m56,transferase
3m57,transferase
3m58,transferase
3m59,transferase
3m5a,transferase
3m5e,lyase
3m67,lyase
3m6f,other
3m6p,hydrolase
3m6q,hydrolase
3m6r,hydrolase
3m8p,transferase
3m8q,transferase
3m8u,transport/binding
3m94,other
3m96,lyase
3m9f,protease
3ma3,kinase
3mag,transferase
3mam,transport/binding
3max,hydrolase
3mb6,kinase
3mb7,kinase
3mbl,kinase
3mbp,transport/binding
3mbz,protease
3mct,transferase
3mdz,lyase
3me9,other
3mea,other
3met,other
3meu,other
3mf5,transferase
3mfw,hydrolase
3mg0,hydrolase
3mg4,hydrolase
3mg6,hydrolase
3mg7,hydrolase
3mg8,hydrolase
3mhc,lyase
3mhi,lyase
3mhl,lyase
3mhm,lyase
3mho,lyase
3mhw,hydrolase
3mi3,transferase
3miy,transferase
3mj1,transferase
3mj2,transferase
3mj5,protease
3mjl,hydrolase
3mke,protease
3mkf,protease
3mkn,protease
3mks,ligase
3ml2,lyase
3ml5,lyase
3mlb,transferase
3mle,ligase
3mmf,lyase
3mn8,protease
3mna,lyase
3mnu,lyase
3mo0,transferase
3mo2,transferase
3mo5,transferase
3mo8,other
3moe,kinase
3mof,kinase
3moh,kinase
3mp1,transport/binding
3mp6,transport/binding
3mpm,kinase
3mpt,kinase
3mqf,kinase
3mrt,kinase
3mrv,kinase
3mrx,kinase
3ms2,kinase
3ms4,kinase
3ms7,kinase
3ms9,kinase
3msc,kinase
3msj,protease
3msk,protease
3msl,protease
3mt7,kinase
3mt8,kinase
3mt9,kinase
3mta,kinase
3mtb,kinase
3mtd,kinase
3mtw,protease
3muf,kinase
3muk,immune/signaling
3mv0,hydrolase
3mv5,kinase
3mvh,kinase
3mvj,kinase
3mvl,kinase
3mvm,kinase
3mw1,kinase
3mwe,transferase
3mwu,kinase
3mww,transferase
3mxc,transport/binding
3mxd,protease
3mxe,protease
3mxf,other
3mxr,protease
3mxs,protease
3mxy,transport/binding
3my1,other
3my5,transferase
3myq,lyase
3mz3,hydrolase
3mz6,hydrolase
3mzc,lyase
3n0h,oxidoreductase
3n0n,lyase
3n1c,kinase
3n1v,kinase
3n1w,kinase
3n23,hydrolase
3n2c,hydrolase
3n2e,kinase
3n2p,lyase
3n2u,protease
3n2v,protease
3n35,transport/binding
3n3g,hydrolase
3n3j,lyase
3n3l,kinase
3n45,kinase
3n46,kinase
3n49,kinase
3n4b,lyase
3n4c,protease
3n4l,protease
3n51,kinase
3n5e,kinase
3n5h,kinase
3n5j,kinase
3n5k,hydrolase
3n5u,hydrolase
3n6k,kinase
3n7h,transport/binding
3n7o,protease
3n7r,GPCR
3n7s,GPCR
3n87,lyase
3n8k,lyase
3n8n,lyase
3n9r,lyase
3n9s,lyase
3nal,hydrolase
3nam,hydrolase
3nan,hydrolase
3nb5,lyase
3nba,transferase
3nc4,kinase
3nc9,kinase
3ncg,kinase
3ncq,immune/signaling
3ncr,immune/signaling
3ncz,kinase
3ndm,kinase
3nee,transport/binding
3nef,hydrolase
3neg,hydrolase
3neo,transport/binding
3nes,transport/binding
3new,kinase
3nex,transport/binding
3nf3,protease
3nf6,protease
3nf7,protease
3nf8,protease
3nf9,protease
3nfk,other
3nfl,other
3ng4,immune/signaling
3nga,kinase
3nhi,transport/binding
3nht,transport/binding
3ni5,lyase
3nif,other
3nii,ligase
3nij,ligase
3nik,ligase
3nil,ligase
3nim,ligase
3nin,ligase
3njq,protease
3njy,oxidoreductase
3nk8,hydrolase
3nkk,hydrolase
3nlb,kinase
3nm6,hydrolase
3nmq,immune/signaling
3nnu,kinase
3nnv,kinase
3nnw,kinase
3nnx,kinase
3np7,kinase
3np9,kinase
3npa,kinase
3npc,kinase
3nrm,kinase
3nrz,oxidoreductase
3ns7,protease
3ns9,kinase
3nsh,protease
3nsn,hydrolase
3nsq,nuclear receptor
3nth,other
3nti,other
3nu3,protease
3nu4,protease
3nu5,protease
3nu6,protease
3nu9,protease
3nuj,protease
3nuo,protease
3nus,kinase
3nuu,kinase
3nuy,kinase
3nw3,immune/signaling
3nw5,kinase
3nw6,kinase
3nw7,kinase
3nwb,kinase
3nwe,kinase
3nww,kinase
3nxq,protease
3ny3,ligase
3nyd,hydrolase
3nyn,kinase
3nyx,kinase
3nzc,oxidoreductase
3nzi,protease
3nzk,hydrolase
3nzs,kinase
3nzu,kinase
3nzw,protease
3nzx,protease
3o0e,other
3o0g,kinase
3o0j,protease
3o0u,protease
3o1d,other
3o1e,other
3o1g,hydrolase
3o23,kinase
3o2m,kinase
3o3j,protease
3o4k,immune/signaling
3o4l,immune/signaling
3o56,protease
3o57,protease
3o5n,other
3o5x,hydrolase
3o64,protease
3o6l,immune/signaling
3o6m,immune/signaling
3o6t,other
3o75,other
3o7u,protease
3o84,ligase
3o86,hydrolase
3o87,hydrolase
3o88,hydrolase
3o8h,other
3o8p,kinase
3o95,protease
3o96,kinase
3o99,protease
3o9a,protease
3o9b,protease
3o9c,protease
3o9d,protease
3o9e,protease
3o9f,protease
3o9g,protease
3o9h,protease
3o9l,protease
3o9p,transport/binding
3o9v,protease
3oad,protease
3oaf,oxidoreductase
3oag,protease
3oap,nuclear receptor
3oaw,kinase
3oay,immune/signaling
3ob0,immune/signaling
3ob1,ligase
3ob2,ligase
3obq,transport/binding
3obu,transport/binding
3obx,transport/binding
3oc0,protease
3ocb,kinase
3ocg,kinase
3ocp,kinase
3oct,kinase
3ocz,protease
3odi,isomerase
3odk,kinase
3odl,isomerase
3odu,GPCR
3oe0,GPCR
3oe6,GPCR
3oe8,GPCR
3oe9,GPCR
3oeu,protease
3oev,protease
3of8,protease
3og7,kinase
3ogm,ligase
3ogp,protease
3ogq,protease
3ogx,immune/signaling
3ohf,protease
3ohh,protease
3ohi,lyase
3oik,lyase
3oil,lyase
3oim,lyase
3oj8,protease
3ok9,protease
3okh,nuclear receptor
3oki,nuclear receptor
3oku,lyase
3okv,lyase
3old,protease
3ole,protease
3olf,nuclear receptor
3olg,protease
3oli,protease
3omc,hydrolase
3omg,hydrolase
3omm,nuclear receptor
3oob,isomerase
3oof,nuclear receptor
3ook,nuclear receptor
3oot,protease
3ooz,protease
3opm,protease
3opp,hydrolase
3opr,hydrolase
3oq5,transferase
3oqf,protease
3oqk,protease
3orn,kinase
3os3,kinase
3osi,nuclear receptor
3osw,nuclear receptor
3ot3,kinase
3ot8,kinase
3otf,transport/binding
3otq,hydrolase
3otx,kinase
3ouh,oxidoreductase
3oui,oxidoreductase
3ouj,oxidoreductase
3ove,immune/signaling
3ovn,transferase
3ovx,protease
3ovz,protease
3ow3,kinase
3ow4,kinase
3ow6,immune/signaling
3owb,immune/signaling
3owd,immune/signaling
3owk,kinase
3owl,kinase
3own,protease
3oxc,protease
3oxi,kinase
3oxz,kinase
3oy0,lyase
3oy1,kinase
3oy3,kinase
3oy8,transport/binding
3oyl,transferase
3oyn,transferase
3oyp,protease
3oyq,lyase
3oys,lyase
3oyw,transport/binding
3oz1,other
3ozj,nuclear receptor
3ozp,protease
3ozr,kinase
3p0g,GPCR
3p17,protease
3p1d,transport/binding
3p23,kinase
3p2e,transferase
3p2h,transferase
3p2k,transferase
3p3g,hydrolase
3p3h,lyase
3p3j,lyase
3p3r,transport/binding
3p3s,transport/binding
3p3t,transport/binding
3p3u,transport/binding
3p44,lyase
3p4f,other
3p4q,oxidoreductase
3p4r,oxidoreductase
3p4v,lyase
3p4w,transport/binding
3p50,transport/binding
3p55,lyase
3p58,lyase
3p5k,kinase
3p5l,lyase
3p76,hydrolase
3p78,kinase
3p79,kinase
3p7a,kinase
3p7b,kinase
3p7c,kinase
3p7i,transport/binding
3p8e,protease
3p8h,other
3p8n,protease
3p8o,protease
3p8p,protease
3p8z,kinase
3p9h,transport/binding
3p9j,kinase
3p9l,transport/binding
3p9m,transport/binding
3p9t,other
3pa3,kinase
3pa4,kinase
3pa5,kinase
3pa8,protease
3pab,transport/binding
3pax,transferase
3pb3,transferase
3pb7,kinase
3pb8,kinase
3pb9,kinase
3pbb,kinase
3pcb,oxidoreductase
3pcc,oxidoreductase
3pce,oxidoreductase
3pcf,oxidoreductase
3pcg,oxidoreductase
3pch,oxidoreductase
3pcj,oxidoreductase
3pck,oxidoreductase
3pcn,oxidoreductase
3pcu,nuclear receptor
3pd2,ligase
3pd3,ligase
3pd4,ligase
3pd8,other
3pd9,other
3pdc,protease
3pdh,hydrolase
3pdq,oxidoreductase
3pe1,kinase
3peq,nuclear receptor
3pfp,kinase
3pgl,protease
3pgu,other
3phe,kinase
3pi5,protease
3pix,kinase
3piy,kinase
3piz,kinase
3pj1,kinase
3pj2,kinase
3pj3,kinase
3pj8,kinase
3pjc,kinase
3pjg,oxidoreductase
3pjt,lyase
3pju,lyase
3pka,protease
3pkb,protease
3pkc,protease
3pkd,protease
3pke,protease
3pkn,transport/binding
3plu,transport/binding
3pm1,other
3pma,protease
3pn1,ligase
3pn3,protease
3pn4,hydrolase
3po1,protease
3po6,lyase
3poa,transport/binding
3poz,kinase
3pp0,kinase
3pp1,kinase
3pp7,kinase
3ppj,kinase
3ppk,kinase
3ppm,protease
3ppo,transport/binding
3ppp,transport/binding
3ppq,transport/binding
3ppr,transport/binding
3pqz,kinase
3pr0,protease
3prf,kinase
3prz,kinase
3ps1,hydrolase
3ps6,kinase
3psb,kinase
3psd,kinase
3psl,transferase
3ptg,kinase
3pty,transferase
3puj,transport/binding
3puk,transport/binding
3pup,kinase
3pvu,kinase
3pvw,kinase
3pwd,kinase
3pwh,GPCR
3pwk,oxidoreductase
3pwm,protease
3px8,hydrolase
3px9,hydrolase
3pxe,other
3pxq,kinase
3pxy,kinase
3pxz,kinase
3py0,kinase
3py1,kinase
3pz1,kinase
3pz2,kinase
3pz3,kinase
3pz4,kinase
3q0z,kinase
3q1x,transferase
3q2a,oxidoreductase
3q2g,protease
3q2h,protease
3q2j,kinase
3q2m,kinase
3q32,kinase
3q3b,kinase
3q3k,protease
3q3t,protease
3q43,protease
3q44,protease
3q4b,protease
3q4c,kinase
3q4j,kinase
3q4k,kinase
3q4l,kinase
3q5h,protease
3q5u,other
3q6k,transport/binding
3q6s,other
3q6w,kinase
3q6z,transferase
3q71,transferase
3q77,protease
3q7j,protease
3q8d,transport/binding
3q8h,transferase
3q92,kinase
3q96,kinase
3qa2,kinase
3qaa,protease
3qai,kinase
3qak,GPCR
3qaq,kinase
3qar,kinase
3qbc,kinase
3qbh,protease
3qbn,kinase
3qc4,kinase
3qc9,kinase
3qce,protease
3qcf,protease
3qch,protease
3qci,protease
3qcj,protease
3qck,protease
3qcl,protease
3qcq,kinase
3qcs,kinase
3qcx,kinase
3qcy,kinase
3qd0,kinase
3qd3,kinase
3qd4,kinase
3qdd,immune/signaling
3qel,transport/binding
3qem,transport/binding
3qfd,immune/signaling
3qfv,kinase
3qfy,kinase
3qfz,kinase
3qg6,immune/signaling
3qgw,kinase
3qi1,protease
3qi3,protease
3qi4,hydrolase
3qin,transferase
3qio,transferase
3qip,kinase
3qiy,protease
3qiz,protease
3qj0,protease
3qj9,protease
3qk0,kinase
3qk5,protease
3qkd,other
3qkk,kinase
3qkl,kinase
3qkm,kinase
3qkv,protease
3ql9,transport/binding
3qlc,transport/binding
3qlm,hydrolase
3qmk,other
3qn7,kinase
3qnd,immune/signaling
3qnj,immune/signaling
3qo2,transport/binding
3qo3,transport/binding
3qo9,transferase
3qox,transferase
3qpn,protease
3qpo,protease
3qpp,protease
3qps,other
3qqa,other
3qqk,kinase
3qqu,kinase
3qri,kinase
3qrj,kinase
3qrk,kinase
3qs1,protease
3qs4,transport/binding
3qs5,transport/binding
3qs6,transport/binding
3qs8,kinase
3qsb,kinase
3qsd,protease
3qt6,kinase
3qt7,kinase
3qtf,immune/signaling
3qti,kinase
3qto,protease
3qtq,kinase
3qtr,kinase
3qts,kinase
3qtu,kinase
3qtv,protease
3qtw,kinase
3qtx,kinase
3qtz,kinase
3qu0,kinase
3que,kinase
3qup,kinase
3qvu,transferase
3qvv,transferase
3qw5,protease
3qw6,protease
3qw7,protease
3qw8,protease
3qwc,protease
3qx5,protease
3qx9,transport/binding
3qxc,ligase
3qxd,immune/signaling
3qxh,ligase
3qxm,other
3qxp,kinase
3qxt,immune/signaling
3qxv,immune/signaling
3qzq,protease
3qzt,other
3qzv,other
3r00,kinase
3r01,kinase
3r02,kinase
3r04,kinase
3r0h,transport/binding
3r0i,oxidoreductase
3r0t,kinase
3r0w,protease
3r0y,protease
3r16,lyase
3r17,lyase
3r1v,transport/binding
3r21,kinase
3r22,kinase
3r24,transferase
3r2a,nuclear receptor
3r2b,kinase
3r2f,protease
3r2y,kinase
3r42,other
3r4m,immune/signaling
3r4n,immune/signaling
3r4o,immune/signaling
3r4p,immune/signaling
3r5j,protease
3r5m,nuclear receptor
3r5n,nuclear receptor
3r5t,transport/binding
3r6c,kinase
3r6g,protease
3r6t,kinase
3r6u,transport/binding
3r7b,protease
3r7n,protease
3r7o,kinase
3r7q,kinase
3r7r,kinase
3r8i,nuclear receptor
3r8u,kinase
3r8v,kinase
3r8z,kinase
3r91,immune/signaling
3r92,immune/signaling
3r93,other
3r9d,kinase
3r9h,kinase
3r9n,kinase
3r9o,kinase
3rah,kinase
3rak,kinase
3ral,kinase
3rbm,kinase
3rbq,transport/binding
3rbu,protease
3rcd,kinase
3rcj,kinase
3rde,oxidoreductase
3rdh,immune/signaling
3rdo,transport/binding
3rdq,transport/binding
3rdv,immune/signaling
3re4,kinase
3rey,GPCR
3rf4,isomerase
3rf5,isomerase
3rg2,ligase
3rhk,kinase
3rhx,kinase
3ri1,kinase
3rik,protease
3ril,protease
3rin,kinase
3rj7,lyase
3rjc,kinase
3rjm,protease
3rjw,kinase
3rk5,kinase
3rk7,kinase
3rk9,kinase
3rkb,kinase
3rkz,immune/signaling
3rl7,immune/signaling
3rl8,immune/signaling
3rlb,transport/binding
3rlp,immune/signaling
3rlq,immune/signaling
3rm4,protease
3rm8,protease
3rm9,protease
3rme,protease
3rmf,kinase
3rni,kinase
3ro0,protease
3ro4,kinase
3roc,kinase
3rpr,kinase
3rpv,kinase
3rpy,kinase
3rq7,kinase
3rqe,transport/binding
3rqf,transport/binding
3rqg,transport/binding
3rqw,transport/binding
3rse,immune/signaling
3rsr,oxidoreductase
3rsv,protease
3rt4,immune/signaling
3rt6,transport/binding
3rt8,transport/binding
3rtf,transport/binding
3rth,protease
3rtm,protease
3rtn,protease
3rtp,kinase
3rtx,transferase
3ru1,protease
3rul,immune/signaling
3rum,transport/binding
3run,hydrolase
3rup,ligase
3rux,ligase
3rv3,ligase
3rv4,ligase
3rv6,transferase
3rv7,transferase
3rv8,transferase
3rv9,transferase
3rvg,kinase
3rvi,protease
3rw9,transferase
3rwc,immune/signaling
3rwd,immune/signaling
3rwe,immune/signaling
3rwf,immune/signaling
3rwg,immune/signaling
3rwh,immune/signaling
3rwi,immune/signaling
3rwj,immune/signaling
3rwp,kinase
3rwq,kinase
3rx5,protease
3rx7,protease
3rx8,protease
3rxa,protease
3rxb,protease
3rxd,protease
3rxe,protease
3rxf,protease
3rxg,protease
3rxh,protease
3rxi,protease
3rxj,protease
3rxk,protease
3rxl,protease
3rxm,protease
3rxo,protease
3rxp,protease
3ry8,immune/signaling
3ryv,lyase
3ryw,transferase
3ryx,lyase
3ryy,lyase
3ryz,lyase
3rz0,lyase
3rz1,lyase
3rz3,ligase
3rz5,lyase
3rz7,lyase
3rz8,lyase
3rz9,other
3rzb,kinase
3rzi,transferase
3s00,kinase
3s0b,transport/binding
3s0d,transport/binding
3s0e,transport/binding
3s0j,transferase
3s0n,protease
3s0o,kinase
3s1g,kinase
3s1h,kinase
3s1y,protease
3s22,protease
3s2a,kinase
3s2o,protease
3s2p,kinase
3s2v,other
3s3i,kinase
3s3k,protease
3s3m,transferase
3s3n,transferase
3s3o,transferase
3s3q,protease
3s3r,protease
3s3v,oxidoreductase
3s43,protease
3s45,protease
3s4q,kinase
3s53,protease
3s54,protease
3s56,protease
3s5y,protease
3s68,kinase
3s6t,hydrolase
3s71,lyase
3s72,lyase
3s73,lyase
3s74,lyase
3s75,lyase
3s76,lyase
3s77,lyase
3s78,lyase
3s7a,oxidoreductase
3s7b,transferase
3s7f,transferase
3s7l,protease
3s7m,protease
3s8l,immune/signaling
3s8n,immune/signaling
3s8x,lyase
3s9e,other
3s9i,kinase
3s9t,lyase
3s9y,lyase
3s9z,kinase
3sad,kinase
3sap,lyase
3sax,lyase
3saz,kinase
3sb0,kinase
3sbh,lyase
3sbi,lyase
3sc1,kinase
3sd5,kinase
3sdg,transport/binding
3sdi,protease
3sdk,protease
3sfc,protease
3sff,protease
3sfg,transferase
3sfh,protease
3sfi,transport/binding
3sgt,kinase
3sgv,transferase
3sgx,kinase
3sh0,kinase
3sh1,transport/binding
3sha,protease
3shb,ligase
3shc,protease
3shj,protease
3shv,other
3shy,protease
3shz,protease
3si3,protease
3si4,protease
3sie,protease
3sio,transport/binding
3sjf,protease
3sji,protease
3sjo,protease
3sjt,protease
3sk2,transport/binding
3ska,kinase
3skc,kinase
3ske,kinase
3skf,protease
3skg,protease
3skh,kinase
3skk,protease
3sl0,protease
3sl1,protease
3sl4,hydrolase
3sl5,protease
3sl8,protease
3slz,protease
3sm0,kinase
3sm1,protease
3sm2,protease
3smq,transferase
3sn7,protease
3sn8,protease
3sna,protease
3snb,protease
3snc,protease
3snd,protease
3sni,protease
3snl,protease
3so6,other
3so9,protease
3soq,other
3sou,ligase
3sov,other
3sow,ligase
3spf,other
3spk,protease
3sqq,kinase
3sr4,kinase
3srb,protease
3src,protease
3srg,hydrolase
3srv,kinase
3st5,protease
3st6,transferase
3std,lyase
3stj,protease
3str,protease
3su0,protease
3su1,protease
3su4,protease
3su6,protease
3sud,protease
3sue,protease
3suf,protease
3sug,protease
3sur,hydrolase
3sus,hydrolase
3sut,hydrolase
3suu,protease
3suv,hydrolase
3suw,hydrolase
3sv2,protease
3sv6,protease
3sv7,protease
3sv8,protease
3sv9,protease
3svj,protease
3svv,kinase
3sw2,protease
3sw8,protease
3sw9,transferase
3sww,protease
3sx4,protease
3sx9,kinase
3sxf,kinase
3sxu,transferase
3sym,kinase
3sz1,nuclear receptor
3sz9,oxidoreductase
3szb,oxidoreductase
3szm,other
3t01,protease
3t03,nuclear receptor
3t07,kinase
3t08,hydrolase
3t09,hydrolase
3t0b,hydrolase
3t0d,hydrolase
3t0l,other
3t0m,other
3t0t,kinase
3t0w,transport/binding
3t0x,transport/binding
3t19,kinase
3t1a,kinase
3t1l,transport/binding
3t1m,transport/binding
3t1n,other
3t2c,hydrolase
3t2p,hydrolase
3t2q,hydrolase
3t2t,transport/binding
3t2v,immune/signaling
3t2w,transport/binding
3t3c,protease
3t3d,kinase
3t3e,kinase
3t3g,kinase
3t3h,kinase
3t3i,kinase
3t3u,kinase
3t3v,kinase
3t3y,oxidoreductase
3t4h,oxidoreductase
3t4n,other
3t4p,kinase
3t4v,oxidoreductase
3t5i,transport/binding
3t5u,lyase
3t60,protease
3t64,protease
3t6b,protease
3t6j,protease
3t6r,other
3t6y,protease
3t70,protease
3t7g,ligase
3t82,lyase
3t83,lyase
3t84,lyase
3t85,lyase
3t8s,transport/binding
3t8v,protease
3t8w,protease
3t9t,kinase
3ta0,immune/signaling
3ta1,immune/signaling
3tam,kinase
3tao,isomerase
3tay,transport/binding
3tb6,transport/binding
3tc5,isomerase
3tcg,transport/binding
3tcp,kinase
3tct,nuclear receptor
3tcy,oxidoreductase
3td4,transport/binding
3tdc,ligase
3tdh,transferase
3tdj,other
3tdu,ligase
3tdz,other
3te5,transferase
3tf6,other
3tf7,GPCR
3tfk,GPCR
3tfn,kinase
3tfp,kinase
3tfu,kinase
3tfv,kinase
3tg5,transferase
3tge,protease
3tgs,immune/signaling
3th0,hydrolase
3th8,kinase
3th9,protease
3thb,kinase
3thd,hydrolase
3ti1,kinase
3ti3,protease
3ti4,protease
3ti5,protease
3ti6,protease
3ti8,protease
3tia,protease
3tib,protease
3tic,protease
3tif,transport/binding
3tiw,ligase
3tiy,kinase
3tiz,kinase
3tjc,kinase
3tjd,kinase
3tjh,GPCR
3tk2,oxidoreductase
3tkh,kinase
3tki,kinase
3tkm,nuclear receptor
3tku,kinase
3tkw,protease
3tkz,hydrolase
3tl0,hydrolase
3tl5,kinase
3tlh,protease
3tll,kinase
3tmk,kinase
3tn8,kinase
3tne,protease
3tnh,kinase
3tpp,protease
3tpr,protease
3tpu,GPCR
3tpx,ligase
3ts4,protease
3tsd,oxidoreductase
3tsz,other
3tt0,kinase
3tt4,protease
3tti,kinase
3ttj,kinase
3ttm,transport/binding
3ttn,transport/binding
3ttp,protease
3ttz,isomerase
3tu1,ligase
3tu7,protease
3tu9,lyase
3tv4,kinase
3tv5,transferase
3tv6,kinase
3tv7,kinase
3tv8,hydrolase
3tvc,protease
3tvl,hydrolase
3tvw,transferase
3tvx,protease
3twd,kinase
3twj,kinase
3twr,immune/signaling
3tws,immune/signaling
3twu,immune/signaling
3twv,immune/signaling
3tww,immune/signaling
3twx,immune/signaling
3txo,kinase
3ty0,nuclear receptor
3tyq,kinase
3tyv,kinase
3tz0,kinase
3tz2,kinase
3tz4,kinase
3tza,other
3tzd,transport/binding
3tzm,kinase
3u0d,transport/binding
3u0p,immune/signaling
3u0t,immune/signaling
3u10,transport/binding
3u15,ligase
3u18,immune/signaling
3u1i,protease
3u1y,protease
3u2k,isomerase
3u2q,other
3u3f,kinase
3u3u,transport/binding
3u3z,other
3u4h,protease
3u4i,protease
3u4o,kinase
3u4r,kinase
3u4u,kinase
3u4w,kinase
3u51,kinase
3u5l,immune/signaling
3u6a,protease
3u6h,kinase
3u6i,kinase
3u6j,kinase
3u6w,transferase
3u78,oxidoreductase
3u7k,protease
3u7l,protease
3u7m,protease
3u7n,protease
3u7s,protease
3u81,kinase
3u8d,hydrolase
3u8h,hydrolase
3u8j,transport/binding
3u8l,transport/binding
3u8m,transport/binding
3u8w,kinase
3u90,transport/binding
3u92,other
3u93,other
3u9c,kinase
3u9n,kinase
3ua8,transport/binding
3ua9,kinase
3ual,immune/signaling
3ubd,kinase
3ubx,immune/signaling
3ucj,lyase
3ud5,kinase
3ud7,other
3ud8,other
3ud9,other
3uda,other
3udd,kinase
3udj,protease
3udk,protease
3udm,protease
3udn,protease
3udp,protease
3udq,protease
3udr,protease
3udv,kinase
3udy,protease
3ue4,kinase
3uec,other
3ued,other
3uef,other
3ueo,transport/binding
3uf9,hydrolase
3ufa,protease
3ufl,protease
3ug2,kinase
3ugc,kinase
3uh2,kinase
3uh4,kinase
3uhm,protease
3ui2,transport/binding
3uib,kinase
3uig,other
3uih,other
3uii,other
3uij,other
3uik,other
3uil,immune/signaling
3uix,kinase
3uj9,transferase
3ujb,transferase
3ujc,transferase
3ujd,transferase
3ukr,immune/signaling
3uli,kinase
3umo,kinase
3ump,kinase
3umq,immune/signaling
3umw,kinase
3umx,kinase
3unj,kinase
3unk,kinase
3unn,other
3unz,kinase
3uo5,kinase
3uo6,kinase
3uo9,protease
3uod,kinase
3uoh,kinase
3uoj,kinase
3uok,kinase
3uol,kinase
3up7,kinase
3upf,kinase
3uph,kinase
3upi,kinase
3upk,transferase
3upv,transport/binding
3upx,kinase
3upy,oxidoreductase
3upz,kinase
3uqf,kinase
3uqg,kinase
3uqp,protease
3uqr,protease
3ur0,kinase
3ur9,protease
3usn,protease
3usx,immune/signaling
3ut5,immune/signaling
3uu1,kinase
3uug,transport/binding
3uvk,other
3uvl,other
3uvm,other
3uvn,other
3uvo,other
3uvp,kinase
3uvq,kinase
3uvu,hydrolase
3uvw,other
3uvx,other
3uw4,other
3uw5,other
3uw9,other
3uwk,kinase
3uwl,transferase
3uwo,kinase
3ux0,transport/binding
3uxd,lyase
3uxg,other
3uxk,isomerase
3uxl,isomerase
3uxm,kinase
3uyr,immune/signaling
3uyt,kinase
3uz5,lyase
3uza,GPCR
3uzc,GPCR
3uzd,hydrolase
3uzj,lyase
3uzp,kinase
3v01,kinase
3v04,kinase
3v0l,kinase
3v0p,kinase
3v1r,protease
3v2n,other
3v2o,other
3v2p,other
3v2q,other
3v2w,GPCR
3v2x,other
3v30,other
3v31,other
3v3b,ligase
3v3l,ligase
3v3m,protease
3v3q,nuclear receptor
3v3v,kinase
3v43,transferase
3v49,nuclear receptor
3v4j,hydrolase
3v4t,transferase
3v4v,other
3v4x,transferase
3v51,kinase
3v5g,lyase
3v5j,kinase
3v5l,kinase
3v5p,kinase
3v5q,kinase
3v5t,kinase
3v66,kinase
3v6r,kinase
3v6s,kinase
3v78,other
3v7c,ligase
3v7d,ligase
3v7s,ligase
3v7t,protease
3v7x,lyase
3v8s,kinase
3v8t,kinase
3v8w,kinase
3v9b,protease
3va4,other
3vap,kinase
3vb4,protease
3vb5,protease
3vb6,protease
3vb7,protease
3vbd,lyase
3vbg,ligase
3vbq,kinase
3vbt,kinase
3vbv,kinase
3vbw,kinase
3vbx,kinase
3vby,kinase
3vc4,kinase
3vd7,hydrolase
3vd9,hydrolase
3vdb,hydrolase
3vdc,hydrolase
3veh,transferase
3veu,protease
3vf3,protease
3vf5,protease
3vf7,protease
3vf8,kinase
3vf9,kinase
3vfa,protease
3vfb,protease
3vfj,transport/binding
3vfq,transferase
3vg1,protease
3vgc,protease
3vha,immune/signaling
3vhc,immune/signaling
3vhd,immune/signaling
3vhe,kinase
3vhk,kinase
3vhu,nuclear receptor
3vhv,nuclear receptor
3vi2,lyase
3vi5,transferase
3vi7,transferase
3vid,kinase
3vjc,kinase
3vje,kinase
3vjk,protease
3vjl,protease
3vjm,protease
3vnt,kinase
3vo3,kinase
3voz,hydrolase
3vp1,protease
3vp2,protease
3vp3,protease
3vp4,protease
3vqh,kinase
3vqs,protease
3vqu,kinase
3vrt,other
3vru,other
3vrv,other
3vrw,other
3vry,kinase
3vs3,kinase
3vsw,protease
3vsx,protease
3vtb,other
3vtc,other
3vtd,other
3vtr,hydrolase
3vuc,protease
3vv6,protease
3vv7,protease
3vv8,protease
3vva,oxidoreductase
3vvy,other
3vvz,other
3vw0,other
3vw1,other
3vw2,other
3vw6,kinase
3vw7,protease
3vw9,lyase
3vws,kinase
3vx3,transport/binding
3vyd,protease
3vye,protease
3vyf,protease
3vzd,kinase
3vzg,transport/binding
3vzv,ligase
3w07,lyase
3w0l,kinase
3w1f,kinase
3w2o,kinase
3w2p,kinase
3w2q,kinase
3w2r,kinase
3w2s,kinase
3w2t,protease
3w32,kinase
3w33,kinase
3w37,hydrolase
3w54,oxidoreductase
3w55,kinase
3w5e,protease
3w5n,hydrolase
3w5t,nuclear receptor
3w69,ligase
3w8o,transport/binding
3w9k,transport/binding
3w9r,hydrolase
3wab,protease
3wav,protease
3waw,protease
3wax,protease
3way,protease
3wb4,protease
3wb5,protease
3wbl,kinase
3wc5,protease
3wc7,protease
3wcb,transferase
3wcf,transferase
3wcg,transferase
3wch,transferase
3wci,transferase
3wcl,transferase
3wd1,protease
3wd9,protease
3wdc,immune/signaling
3wdd,immune/signaling
3wde,immune/signaling
3wdz,other
3we4,kinase
3wf5,kinase
3wf6,kinase
3wf7,kinase
3wf8,kinase
3wf9,kinase
3wff,nuclear receptor
3wfg,nuclear receptor
3wgg,other
3wgw,transport/binding
3wha,immune/signaling
3whw,protease
3wi2,protease
3wi6,kinase
3wig,kinase
3wix,other
3wiy,other
3wiz,other
3wjw,lyase
3wk4,protease
3wk5,protease
3wk6,protease
3wk7,protease
3wk8,protease
3wk9,protease
3wka,protease
3wkb,protease
3wkc,protease
3wkd,protease
3wke,protease
3wmb,hydrolase
3wmc,hydrolase
3wnr,isomerase
3wns,isomerase
3wnt,isomerase
3wp0,transport/binding
3wp1,transport/binding
3wpn,other
3wq5,hydrolase
3wq6,hydrolase
3wqh,protease
3wqm,protease
3wqv,hydrolase
3wqw,hydrolase
3ws8,protease
3ws9,protease
3wsy,other
3wt5,other
3wt7,other
3wth,transport/binding
3wti,transport/binding
3wtk,transport/binding
3wtl,transport/binding
3wtm,transport/binding
3wtn,transport/binding
3wto,transport/binding
3wut,other
3wuu,other
3wuv,other
3wv1,protease
3wv2,protease
3wv3,protease
3wvm,transport/binding
3wyj,transferase
3wyk,protease
3wyl,protease
3wym,protease
3wyx,kinase
3wyy,kinase
3wz6,protease
3wz7,protease
3wzj,transferase
3wzk,transferase
3wzn,transport/binding
3wzp,transport/binding
3wzq,transport/binding
3wzu,kinase
3x00,transport/binding
3x1k,transferase
3zbf,kinase
3zbx,kinase
3zc5,kinase
3zc6,kinase
3zcl,kinase
3zcw,other
3zcz,protease
3zdh,transport/binding
3zdv,transport/binding
3zeb,protease
3zep,kinase
3zev,immune/signaling
3zh8,kinase
3zha,immune/signaling
3zhf,immune/signaling
3zhx,oxidoreductase
3zhz,oxidoreductase
3zi0,oxidoreductase
3zi8,transport/binding
3zim,kinase
3zj6,hydrolase
3zj8,hydrolase
3zk6,other
3zke,other
3zki,hydrolase
3zlk,transferase
3zll,transferase
3zln,other
3zlo,other
3zlq,hydrolase
3zlr,other
3zls,transferase
3zlv,hydrolase
3zlw,transferase
3zlx,transferase
3zly,transferase
3zm4,transferase
3zm5,ligase
3zm6,ligase
3zm9,kinase
3zmg,hydrolase
3zmh,protease
3zmi,protease
3zmj,protease
3zmm,kinase
3zmp,transferase
3zmq,transferase
3zmt,oxidoreductase
3zmu,other
3zmv,other
3zmz,oxidoreductase
3zn0,oxidoreductase
3zn1,oxidoreductase
3znc,lyase
3znr,hydrolase
3zns,hydrolase
3zo1,kinase
3zo2,kinase
3zo4,kinase
3zos,kinase
3zot,protease
3zov,hydrolase
3zpq,GPCR
3zpr,GPCR
3zps,protease
3zpt,protease
3zpu,protease
3zq9,hydrolase
3zqe,other
3zqi,other
3zqt,nuclear receptor
3zrc,ligase
3zrk,kinase
3zrl,kinase
3zrm,kinase
3zs0,oxidoreductase
3zs1,oxidoreductase
3zsq,transferase
3zst,hydrolase
3zsw,transferase
3zsy,transferase
3zsz,transferase
3zt1,transferase
3zt3,transferase
3zt4,transferase
3ztc,ligase
3ztd,ligase
3ztx,kinase
3zv7,hydrolase
3zvt,hydrolase
3zvv,kinase
3zvw,hydrolase
3zvy,ligase
3zw3,kinase
3zxe,transport/binding
3zxh,protease
3zxr,ligase
3zxv,ligase
3zxz,kinase
3zy2,transferase
3zya,kinase
3zyb,transport/binding
3zyf,transport/binding
3zyh,transport/binding
3zyr,transport/binding
3zyu,immune/signaling
3zze,kinase
3zzf,kinase
3zzh,kinase
456c,protease
4a0j,other
4a16,hydrolase
4a1w,other
4a22,lyase
4a23,hydrolase
4a2a,other
4a4c,transferase
4a4e,transport/binding
4a4f,transport/binding
4a4g,transport/binding
4a4h,transport/binding
4a4l,kinase
4a4o,kinase
4a4q,protease
4a4v,nuclear receptor
4a4w,nuclear receptor
4a4x,kinase
4a50,other
4a51,other
4a6b,protease
4a6c,protease
4a6l,hydrolase
4a6s,transport/binding
4a6v,hydrolase
4a6w,transferase
4a7b,hydrolase
4a7c,kinase
4a7i,protease
4a7j,other
4a95,transferase
4a9c,hydrolase
4a9i,immune/signaling
4a9m,immune/signaling
4a9n,immune/signaling
4a9r,kinase
4a9s,transferase
4a9t,transferase
4a9u,transferase
4aa0,kinase
4aa1,hydrolase
4aa2,hydrolase
4aa4,kinase
4aa5,kinase
4aa7,transferase
4aac,kinase
4aaw,transferase
4ab8,hydrolase
4ab9,hydrolase
4aba,hydrolase
4abb,hydrolase
4abd,hydrolase
4abe,hydrolase
4abf,hydrolase
4abh,hydrolase
4abi,hydrolase
4abj,hydrolase
4abk,transferase
4abu,transport/binding
4abv,transport/binding
4ac3,transferase
4acc,transferase
4acd,transferase
4acf,ligase
4acg,transferase
4ach,transferase
4aci,other
4acm,kinase
4acu,hydrolase
4acx,hydrolase
4ad2,hydrolase
4ad3,hydrolase
4ad6,transferase
4ael,hydrolase
4af3,kinase
4afe,transferase
4afg,transport/binding
4afh,transport/binding
4afj,kinase
4aft,other
4ag8,kinase
4agc,kinase
4agd,kinase
4agl,other
4agm,other
4ago,other
4ah9,transferase
4ahr,transferase
4ahs,transferase
4ahu,transferase
4ahv,transferase
4ai5,hydrolase
4ai8,oxidoreductase
4aia,hydrolase
4aif,immune/signaling
4aj1,oxidoreductase
4aj2,oxidoreductase
4aj4,oxidoreductase
4aje,oxidoreductase
4aji,oxidoreductase
4ajk,oxidoreductase
4ajl,oxidoreductase
4ajn,oxidoreductase
4ajo,oxidoreductase
4ajw,transferase
4akn,transport/binding
4al4,oxidoreductase
4alg,immune/signaling
4alu,transferase
4alv,transferase
4alw,kinase
4alx,transport/binding
4aml,transport/binding
4amw,hydrolase
4amx,hydrolase
4amy,protease
4amz,protease
4an0,protease
4an1,protease
4an2,transferase
4an3,transferase
4an9,transferase
4anb,transferase
4anm,transferase
4anq,kinase
4anu,transferase
4anv,transferase
4anw,transferase
4anx,transferase
4aoc,hydrolase
4aof,transferase
4aoi,kinase
4aom,other
4ap0,other
4ap7,kinase
4aph,protease
4apo,immune/signaling
4app,kinase
4apr,protease
4aq3,other
4aq4,transport/binding
4aq6,oxidoreductase
4aqc,kinase
4aqh,other
4ara,hydrolase
4arb,hydrolase
4ark,kinase
4aro,hydrolase
4arw,transferase
4as9,immune/signaling
4asd,kinase
4ase,kinase
4asj,transferase
4ask,oxidoreductase
4asy,transferase
4at3,kinase
4at4,kinase
4at5,kinase
4att,transport/binding
4au7,transferase
4au8,transferase
4aua,kinase
4auj,transport/binding
4auy,other
4av0,other
4av4,other
4av5,other
4avg,transferase
4avh,other
4avi,other
4avj,other
4avs,transport/binding
4avt,transport/binding
4avu,transferase
4avw,transferase
4aw5,kinase
4aw8,transport/binding
4awf,transferase
4awg,transferase
4awi,kinase
4awj,ligase
4awk,transferase
4awm,transferase
4awo,immune/signaling
4awp,immune/signaling
4awq,immune/signaling
4ax9,protease
4axa,kinase
4axd,kinase
4axm,hydrolase
4ay5,transferase
4ay6,transferase
4ayp,hydrolase
4ayq,hydrolase
4ayr,hydrolase
4ayt,other
4ayu,transport/binding
4ayv,hydrolase
4ayw,other
4ayx,other
4ayy,hydrolase
4az0,hydrolase
4az2,hydrolase
4az3,protease
4az5,hydrolase
4az6,hydrolase
4aza,other
4azb,hydrolase
4azc,hydrolase
4aze,transferase
4azf,transferase
4azg,hydrolase
4azi,hydrolase
4azp,transport/binding
4azt,kinase
4azy,hydrolase
4b00,hydrolase
4b05,hydrolase
4b0b,lyase
4b0c,lyase
4b0g,transferase
4b0j,lyase
4b11,transferase
4b12,transferase
4b13,transferase
4b14,transferase
4b1c,hydrolase
4b1d,hydrolase
4b1j,hydrolase
4b2d,transferase
4b2i,hydrolase
4b2l,hydrolase
4b32,hydrolase
4b33,hydrolase
4b34,hydrolase
4b35,hydrolase
4b3b,hydrolase
4b3c,hydrolase
4b3d,hydrolase
4b3u,transferase
4b4g,transferase
4b4m,transferase
4b4n,transport/binding
4b4q,other
4b5b,transferase
4b5d,transport/binding
4b5s,lyase
4b5t,lyase
4b5w,lyase
4b60,other
4b6c,isomerase
4b6e,protease
4b6f,protease
4b6o,lyase
4b6p,lyase
4b6q,lyase
4b6r,lyase
4b6s,lyase
4b70,hydrolase
4b71,protease
4b72,hydrolase
4b73,protease
4b74,protease
4b76,protease
4b77,hydrolase
4b78,hydrolase
4b7j,hydrolase
4b7n,hydrolase
4b7p,immune/signaling
4b7q,hydrolase
4b7r,hydrolase
4b7z,hydrolase
4b80,hydrolase
4b81,hydrolase
4b82,hydrolase
4b83,hydrolase
4b84,hydrolase
4b85,hydrolase
4b8o,transport/binding
4b8p,transport/binding
4b8y,transport/binding
4b95,other
4b9h,transport/binding
4b9k,ligase
4b9w,other
4b9z,hydrolase
4ba3,other
4bae,isomerase
4bah,protease
4bak,protease
4bam,hydrolase
4ban,protease
4bao,protease
4baq,protease
4bb2,transport/binding
4bb4,kinase
4bb9,kinase
4bbe,transferase
4bbf,transferase
4bbg,other
4bbh,transferase
4bc5,kinase
4bcc,protease
4bcd,protease
4bcf,transferase
4bcg,transferase
4bch,transferase
4bci,transferase
4bcj,transferase
4bck,transferase
4bcm,transferase
4bcn,transferase
4bco,transferase
4bcp,transferase
4bcq,kinase
4bcs,transport/binding
4bcw,lyase
4bd3,other
4bda,kinase
4bdb,kinase
4bdc,kinase
4bdd,kinase
4bde,kinase
4bdf,kinase
4bdg,kinase
4bdh,kinase
4bdi,kinase
4bdj,kinase
4bdk,kinase
4bds,hydrolase
4bdt,hydrolase
4bea,other
4bek,hydrolase
4bf1,lyase
4bf6,lyase
4bfd,hydrolase
4bfp,transferase
4bfr,transferase
4bfy,transferase
4bfz,transferase
4bg1,oxidoreductase
4bg6,immune/signaling
4bgg,kinase
4bgh,transferase
4bgk,oxidoreductase
4bgm,oxidoreductase
4bgx,immune/signaling
4bgy,immune/signaling
4bh3,immune/signaling
4bh4,immune/signaling
4bhf,oxidoreductase
4bhi,oxidoreductase
4bhn,transferase
4bhz,transferase
4bi0,kinase
4bi1,kinase
4bi2,transferase
4bi6,isomerase
4bi7,isomerase
4bib,transferase
4bic,transferase
4bid,transferase
4bie,transferase
4bio,oxidoreductase
4bis,oxidoreductase
4bj8,transport/binding
4bj9,transferase
4bjb,transferase
4bjc,transferase
4bjx,transport/binding
4bkj,kinase
4bks,ligase
4bky,kinase
4bkz,kinase
4blb,transport/binding
4bnt,oxidoreductase
4bnu,oxidoreductase
4bnv,oxidoreductase
4bnx,oxidoreductase
4bny,oxidoreductase
4bnz,oxidoreductase
4bo0,oxidoreductase
4bo1,oxidoreductase
4bo2,oxidoreductase
4bo3,oxidoreductase
4bo4,oxidoreductase
4bo5,oxidoreductase
4bo6,oxidoreductase
4bo7,oxidoreductase
4bo8,oxidoreductase
4bo9,oxidoreductase
4bpi,other
4bpj,other
4bps,hydrolase
4bqg,immune/signaling
4bqh,transferase
4bqs,kinase
4bqt,other
4bqw,oxidoreductase
4bqx,oxidoreductase
4bqy,oxidoreductase
4br3,kinase
4brx,kinase
4bs0,lyase
4bs4,transferase
4bs5,protease
4bsq,protease
4bt3,lyase
4bt4,lyase
4bt5,lyase
4bt9,oxidoreductase
4btb,oxidoreductase
4bti,hydrolase
4btk,transferase
4btl,hydrolase
4btm,transferase
4btt,hydrolase
4btu,hydrolase
4btw,oxidoreductase
4btx,oxidoreductase
4bty,oxidoreductase
4bup,transferase
4buq,other
4bv2,hydrolase
4bvb,hydrolase
4bw1,other
4bw2,other
4bw3,other
4bw4,other
4bxn,other
4bxu,other
4byi,kinase
4byj,kinase
4bzn,kinase
4bzo,kinase
4bzr,protease
4bzs,protease
4c0r,transport/binding
4c16,other
4c1c,hydrolase
4c1d,hydrolase
4c1e,hydrolase
4c1f,hydrolase
4c1g,hydrolase
4c1h,hydrolase
4c1m,oxidoreductase
4c1t,transport/binding
4c1u,transport/binding
4c1w,transport/binding
4c1y,transport/binding
4c2v,kinase
4c35,transferase
4c36,transferase
4c37,transferase
4c38,transferase
4c3k,other
4c4e,kinase
4c4f,kinase
4c4g,kinase
4c4h,kinase
4c4i,kinase
4c4j,kinase
4c4n,immune/signaling
4c52,other
4c5d,other
4c5w,oxidoreductase
4c61,kinase
4c66,other
4c68,transferase
4c6u,transferase
4c6v,transferase
4c6x,transferase
4c6z,transferase
4c70,transferase
4c72,transferase
4c73,transferase
4c7t,kinase
4c8r,oxidoreductase
4c94,other
4c9w,hydrolase
4c9x,hydrolase
4ca4,other
4ca5,protease
4ca6,protease
4ca7,protease
4ca8,protease
4cae,transferase
4caf,transferase
4cbt,hydrolase
4cby,hydrolase
4cc2,immune/signaling
4cc3,immune/signaling
4cc5,ligase
4cc6,ligase
4cc7,immune/signaling
4ccd,hydrolase
4cd0,kinase
4cd1,hydrolase
4cd4,hydrolase
4cd5,hydrolase
4cd6,hydrolase
4cd8,hydrolase
4cdr,kinase
4ce1,immune/signaling
4ce2,immune/signaling
4ce3,immune/signaling
4ceb,transferase
4cfe,kinase
4cff,kinase
4cfl,kinase
4cfm,kinase
4cft,oxidoreductase
4cfu,transferase
4cfv,kinase
4cfw,other
4cfx,other
4cg8,kinase
4cg9,kinase
4cga,kinase
4cgi,transferase
4cgj,transferase
4ch2,hydrolase
4ch8,hydrolase
4ci1,ligase
4ci2,ligase
4ci3,ligase
4cik,hydrolase
4civ,lyase
4cix,lyase
4ciy,lyase
4ciz,isomerase
4cj4,transferase
4cjn,hydrolase
4cjp,transferase
4cjq,transferase
4cjr,transferase
4ck3,transferase
4cki,kinase
4ckj,kinase
4ckr,kinase
4cku,hydrolase
4cl6,lyase
4cl9,other
4clb,other
4cli,kinase
4clj,kinase
4clp,lyase
4clz,lyase
4cmo,kinase
4cmt,kinase
4cmu,kinase
4cnh,kinase
4cp5,transferase
4cp7,protease
4cpq,protease
4cpr,protease
4cps,protease
4cpt,protease
4cpu,protease
4cpw,protease
4cpx,protease
4cpy,hydrolase
4cpz,hydrolase
4cq0,lyase
4cqe,kinase
4cqf,hydrolase
4cqg,transferase
4cr5,hydrolase
4crb,hydrolase
4crd,hydrolase
4crf,hydrolase
4crj,kinase
4crl,kinase
4cs9,immune/signaling
4csd,transport/binding
4csj,nuclear receptor
4css,transport/binding
4cst,transport/binding
4csy,other
4ctj,transferase
4ctk,transferase
4cts,transferase
4cu1,oxidoreductase
4cu7,hydrolase
4cu8,hydrolase
4cwb,kinase
4cwf,immune/signaling
4cwn,immune/signaling
4cwo,immune/signaling
4cwp,immune/signaling
4cwq,immune/signaling
4cwr,immune/signaling
4cws,immune/signaling
4cwt,immune/signaling
4cxw,oxidoreductase
4cxx,oxidoreductase
4cxy,oxidoreductase
4cy1,other
4czs,transport/binding
4d08,hydrolase
4d09,hydrolase
4d0w,kinase
4d0x,kinase
4d1a,transport/binding
4d1b,transport/binding
4d1c,transport/binding
4d1d,transport/binding
4d1j,hydrolase
4d1s,kinase
4d1y,protease
4d2d,transport/binding
4d2p,kinase
4d2r,kinase
4d2s,transferase
4d2t,kinase
4d2v,transferase
4d2w,transferase
4d3h,other
4d4d,hydrolase
4d52,transport/binding
4d62,immune/signaling
4d63,immune/signaling
4d7b,transport/binding
4d83,protease
4d85,protease
4d88,protease
4d89,protease
4d8a,kinase
4d8c,protease
4d8e,protease
4d8i,protease
4d8n,protease
4d8s,hydrolase
4d8z,kinase
4d9p,kinase
4da5,kinase
4daf,kinase
4dai,kinase
4daw,kinase
4db7,kinase
4dbm,transport/binding
4dbn,kinase
4dcd,protease
4dce,kinase
4dcx,transport/binding
4dcy,transport/binding
4ddl,protease
4ddm,hydrolase
4dds,protease
4ddy,protease
4de0,protease
4de5,hydrolase
4de7,transferase
4dea,kinase
4deb,kinase
4ded,kinase
4deg,kinase
4deh,kinase
4dei,kinase
4del,lyase
4dem,kinase
4der,transport/binding
4det,transport/binding
4deu,transport/binding
4dfb,kinase
4dff,protease
4dfg,protease
4dfl,kinase
4dfn,kinase
4dfu,kinase
4dgb,isomerase
4dgg,kinase
4dgm,kinase
4dgn,kinase
4dgr,protease
4dh6,protease
4dhf,kinase
4dhl,hydrolase
4dhm,other
4dhn,other
4dho,other
4dhp,other
4dhq,other
4dhr,other
4dhs,other
4dht,other
4dhu,other
4di2,protease
4dij,ligase
4dj7,immune/signaling
4djh,GPCR
4djo,protease
4djp,protease
4djq,protease
4djs,immune/signaling
4dju,protease
4djw,protease
4djx,protease
4djy,protease
4dk5,transferase
4dk7,other
4dk8,other
4dko,immune/signaling
4dkp,immune/signaling
4dkq,immune/signaling
4dkr,immune/signaling
4dkt,protease
4dlj,kinase
4dma,nuclear receptor
4dmn,immune/signaling
4dmw,transferase
4dmy,protease
4dn0,transport/binding
4do3,protease
4do4,protease
4do5,protease
4dow,other
4dpf,protease
4dpi,protease
4dpt,kinase
4dpu,kinase
4dpy,kinase
4dq2,ligase
4dr9,protease
4drk,isomerase
4drm,isomerase
4drn,isomerase
4dro,isomerase
4drp,isomerase
4dru,transferase
4ds1,transport/binding
4dst,hydrolase
4dsu,hydrolase
4dsy,protease
4dt2,protease
4dtk,kinase
4dtt,protease
4du8,kinase
4duh,isomerase
4dum,transport/binding
4dus,protease
4dv8,protease
4dv9,protease
4dve,transport/binding
4dvf,protease
4dvi,kinase
4dwb,kinase
4dwg,kinase
4dwk,protease
4dx9,transport/binding
4dxg,transport/binding
4dxj,kinase
4dy6,kinase
4dzw,kinase
4dzy,kinase
4e0w,other
4e0x,other
4e1e,kinase
4e1k,kinase
4e1m,kinase
4e1n,kinase
4e1z,kinase
4e20,kinase
4e26,kinase
4e28,kinase
4e34,other
4e35,other
4e3b,immune/signaling
4e3d,lyase
4e3f,lyase
4e3g,lyase
4e3h,lyase
4e3i,protease
4e3j,protease
4e3k,protease
4e3l,protease
4e3m,protease
4e3n,protease
4e3o,protease
4e49,lyase
4e4a,lyase
4e4l,kinase
4e4n,kinase
4e4x,kinase
4e5d,oxidoreductase
4e5f,hydrolase
4e5g,hydrolase
4e5h,hydrolase
4e5i,hydrolase
4e5j,hydrolase
4e6c,kinase
4e6d,kinase
4e70,transferase
4e7r,protease
4e81,immune/signaling
4e8w,kinase
4e8y,kinase
4e8z,kinase
4e90,protease
4e93,kinase
4e96,other
4e9u,kinase
4ea1,kinase
4ea3,GPCR
4ear,kinase
4eb8,kinase
4eb9,other
4ebv,kinase
4ebw,kinase
4ec0,isomerase
4ec4,other
4ede,transport/binding
4edu,other
4edy,isomerase
4edz,isomerase
4ee0,isomerase
4eeh,immune/signaling
4eej,transport/binding
4eev,kinase
4ef4,immune/signaling
4ef6,ligase
4efg,transport/binding
4efk,ligase
4efs,protease
4eft,immune/signaling
4efu,immune/signaling
4eg4,ligase
4eg5,ligase
4eg6,ligase
4eg7,ligase
4ega,ligase
4egh,protease
4egi,protease
4egk,protease
4eh2,kinase
4eh3,kinase
4eh4,kinase
4eh5,kinase
4eh6,kinase
4eh7,kinase
4eh8,kinase
4eh9,kinase
4ehe,kinase
4ehg,kinase
4ehm,kinase
4ehr,other
4ehv,kinase
4ehz,kinase
4ei4,kinase
4ej2,transferase
4ej8,protease
4ejf,protease
4ejl,protease
4ejn,kinase
4ek9,kinase
4eke,transferase
4ekg,kinase
4eki,kinase
4el0,transferase
4el5,transferase
4el9,kinase
4elb,oxidoreductase
4ele,oxidoreductase
4elf,oxidoreductase
4elg,oxidoreductase
4elh,oxidoreductase
4em7,isomerase
4emt,other
4emv,isomerase
4en4,kinase
4enx,kinase
4eny,kinase
4eo4,ligase
4eo6,kinase
4eoh,kinase
4eoi,kinase
4eok,kinase
4eol,kinase
4eon,kinase
4eop,kinase
4eos,kinase
4eox,protease
4eoy,transport/binding
4ep2,protease
4epy,hydrolase
4eqc,kinase
4eqf,transport/binding
4eqj,protease
4er1,protease
4er2,protease
4er4,protease
4ere,ligase
4erf,ligase
4erk,kinase
4erq,transferase
4erw,kinase
4ery,transferase
4erz,transferase
4es0,transferase
4esg,transferase
4esi,protease
4est,protease
4etz,immune/signaling
4eu0,immune/signaling
4eu3,transferase
4euc,transferase
4euo,transport/binding
4euv,immune/signaling
4ew2,kinase
4ew3,kinase
4ewh,kinase
4ewn,lyase
4ewo,protease
4ewr,transferase
4exg,protease
4exh,protease
4exs,hydrolase
4exz,transport/binding
4eyj,kinase
4eym,kinase
4eyr,protease
4ez3,kinase
4ez5,kinase
4ezj,kinase
4ezk,kinase
4ezl,kinase
4ezo,transport/binding
4ezq,transport/binding
4ezr,transport/binding
4ezt,transport/binding
4ezw,transport/binding
4ezx,transport/binding
4ezy,immune/signaling
4ezz,immune/signaling
4f08,kinase
4f0c,transferase
4f14,transport/binding
4f1l,kinase
4f1q,kinase
4f1s,kinase
4f20,immune/signaling
4f39,transport/binding
4f3i,immune/signaling
4f3k,protease
4f49,protease
4f4p,kinase
4f5y,immune/signaling
4f63,kinase
4f64,kinase
4f65,kinase
4f6s,kinase
4f6u,kinase
4f6v,kinase
4f6w,kinase
4f6x,kinase
4f70,kinase
4f7j,kinase
4f7l,kinase
4f7n,kinase
4f7v,kinase
4f8h,transport/binding
4f8j,transport/binding
4f9g,immune/signaling
4f9u,transferase
4f9v,transferase
4f9y,kinase
4fab,other
4fai,transferase
4fak,transferase
4fbe,transferase
4fbx,kinase
4fc0,kinase
4fcb,protease
4fcd,protease
4fcf,protease
4fci,protease
4fck,protease
4fcm,hydrolase
4fcq,immune/signaling
4fcr,immune/signaling
4fe6,protease
4fe9,transport/binding
4fea,protease
4fem,transport/binding
4feq,kinase
4fev,kinase
4few,kinase
4ff8,kinase
4ffs,hydrolase
4fgt,kinase
4fgx,protease
4fgy,nuclear receptor
4fgz,transferase
4fhh,other
4fhi,other
4fht,other
4fi9,other
4fic,kinase
4fil,transport/binding
4fiv,protease
4fjz,kinase
4fk6,kinase
4fk7,kinase
4fkk,protease
4fl1,kinase
4fl2,kinase
4fl3,kinase
4flh,transferase
4fli,protease
4flj,protease
4flk,protease
4fll,protease
4flp,other
4fm7,protease
4fm8,protease
4fmn,hydrolase
4fmo,hydrolase
4fmq,transferase
4fmu,transferase
4fn5,other
4fnn,immune/signaling
4fns,hydrolase
4fny,kinase
4fnz,kinase
4fob,kinase
4foc,kinase
4fod,kinase
4fp1,isomerase
4fpf,hydrolase
4fpk,hydrolase
4fqo,transport/binding
4fr3,transport/binding
4fri,protease
4frj,protease
4frk,protease
4frs,protease
4fs3,oxidoreductase
4fs4,protease
4fse,protease
4fsl,protease
4ft2,transferase
4fut,ligase
4fvq,kinase
4fvr,kinase
4fxf,kinase
4fxj,kinase
4fxp,kinase
4fxq,kinase
4fxy,protease
4fxz,transport/binding
4fyh,hydrolase
4fyo,kinase
4fys,protease
4fz3,hydrolase
4fz6,kinase
4fzc,protease
4fzg,protease
4fzj,ligase
4g0c,lyase
4g0k,oxidoreductase
4g0l,oxidoreductase
4g0p,other
4g0y,other
4g11,kinase
4g16,kinase
4g17,kinase
4g19,transferase
4g1f,protease
4g2f,kinase
4g2j,protease
4g2l,protease
4g2r,kinase
4g2w,protease
4g2y,protease
4g31,kinase
4g34,kinase
4g3e,kinase
4g3f,kinase
4g3g,kinase
4g4p,transport/binding
4g55,other
4g5f,ligase
4g5y,ligase
4g68,transport/binding
4g69,immune/signaling
4g8n,other
4g8o,other
4g8r,other
4g8v,protease
4g8y,protease
4g90,protease
4g93,other
4g95,oxidoreductase
4g9c,kinase
4ga3,transferase
4gah,protease
4gao,ligase
4gb9,kinase
4gbd,lyase
4gby,transport/binding
4gbz,transport/binding
4gcj,kinase
4gd6,protease
4gdy,kinase
4ge1,transport/binding
4ge2,protease
4ge4,kinase
4ge5,protease
4ge6,protease
4ge7,kinase
4ge9,kinase
4gee,isomerase
4gfd,kinase
4gfn,isomerase
4gfo,kinase
4gg5,kinase
4gg7,kinase
4ggl,isomerase
4ggz,transport/binding
4gh6,protease
4ghi,other
4ght,protease
4gih,kinase
4gii,kinase
4giu,kinase
4gj2,kinase
4gj3,kinase
4gj6,protease
4gj7,protease
4gj8,protease
4gj9,protease
4gja,protease
4gjb,protease
4gjc,protease
4gjd,protease
4gk2,kinase
4gk3,kinase
4gk4,kinase
4gk7,protease
4gkc,transport/binding
4gkh,kinase
4gki,kinase
4glr,immune/signaling
4glw,ligase
4glx,ligase
4gly,kinase
4gm3,transferase
4gm8,transferase
4gmc,kinase
4gmy,kinase
4gne,transferase
4gnf,transferase
4gng,transferase
4gny,transport/binding
4gpk,transport/binding
4gpl,ligase
4gq4,other
4gq6,other
4gql,protease
4gqp,immune/signaling
4gqr,protease
4gr3,protease
4gr8,protease
4gs6,kinase
4gs8,protease
4gs9,other
4gsc,protease
4gsy,kinase
4gtm,kinase
4gto,kinase
4gtp,kinase
4gtq,kinase
4gtr,kinase
4gts,kinase
4gtt,kinase
4gtv,kinase
4gu6,kinase
4gu9,kinase
4gue,kinase
4gui,lyase
4guj,lyase
4gv1,kinase
4gv8,hydrolase
4gvc,immune/signaling
4gvd,immune/signaling
4gvm,protease
4gvu,protease
4gw1,immune/signaling
4gw5,immune/signaling
4gw6,protease
4gw8,kinase
4gwi,transport/binding
4gwk,oxidoreductase
4gxl,transport/binding
4gxs,other
4gy5,ligase
4gye,protease
4gz3,transferase
4gzf,protease
4gzp,immune/signaling
4gzt,immune/signaling
4gzw,immune/signaling
4gzx,immune/signaling
4h1e,protease
4h1j,kinase
4h1m,kinase
4h2j,kinase
4h2m,kinase
4h2o,kinase
4h36,kinase
4h38,kinase
4h39,kinase
4h3a,kinase
4h3b,kinase
4h3c,kinase
4h3f,protease
4h3g,protease
4h3i,protease
4h3j,protease
4h3q,kinase
4h42,protease
4h4b,protease
4h4d,oxidoreductase
4h4e,oxidoreductase
4h4m,protease
4h58,kinase
4h5c,kinase
4h5d,kinase
4h5e,kinase
4h71,kinase
4h75,other
4h7q,kinase
4h81,kinase
4h85,kinase
4ha5,protease
4hai,protease
4hbm,ligase
4hbn,other
4hbp,protease
4hbv,other
4hbw,other
4hbx,other
4hby,immune/signaling
4hco,kinase
4hct,kinase
4hcu,kinase
4hcv,kinase
4hcz,other
4hdb,protease
4hdc,kinase
4hdf,protease
4hdp,protease
4he9,protease
4heg,protease
4hej,kinase
4heu,protease
4hev,protease
4hf4,protease
4hfp,protease
4hfz,ligase
4hg7,ligase
4hgc,protease
4hgl,kinase
4hgs,kinase
4hgt,kinase
4hhy,kinase
4hhz,kinase
4hiq,nuclear receptor
4his,nuclear receptor
4hj2,transferase
4hki,transferase
4hkk,transferase
4hkn,transferase
4hkp,lyase
4hl5,transferase
4hla,protease
4hlc,kinase
4hld,kinase
4hlf,transferase
4hlg,transferase
4hlh,transferase
4hlk,transferase
4hlm,transferase
4hlw,nuclear receptor
4hmh,transferase
4hmk,other
4hmq,transport/binding
4hn2,kinase
4hnc,isomerase
4hnf,kinase
4hni,kinase
4hnn,transferase
4hnp,protease
4hod,other
4hp0,protease
4hpi,protease
4hpy,immune/signaling
4hra,kinase
4hrc,protease
4hrd,protease
4hs6,immune/signaling
4hs8,immune/signaling
4hso,transferase
4ht0,lyase
4ht2,lyase
4ht6,other
4htp,hydrolase
4htx,protease
4hu1,lyase
4huo,protease
4hup,protease
4hv3,protease
4hv7,protease
4hva,protease
4hvb,kinase
4hvd,kinase
4hvg,kinase
4hvh,kinase
4hvi,kinase
4hvs,kinase
4hw2,other
4hw3,other
4hw7,kinase
4hwb,immune/signaling
4hwo,ligase
4hwp,ligase
4hwr,ligase
4hws,ligase
4hwt,ligase
4hww,protease
4hxj,kinase
4hxl,other
4hxm,other
4hxq,protease
4hxr,other
4hxs,other
4hxw,isomerase
4hxz,isomerase
4hy0,ligase
4hy1,isomerase
4hy4,ligase
4hy5,ligase
4hy9,transport/binding
4hyb,transport/binding
4hyf,kinase
4hyh,kinase
4hyi,kinase
4hym,isomerase
4hys,kinase
4hyu,kinase
4hz5,isomerase
4hze,protease
4hzm,protease
4hzt,protease
4hzw,protease
4hzx,protease
4hzz,protease
4i06,hydrolase
4i0d,protease
4i0f,protease
4i0r,kinase
4i0s,kinase
4i0t,kinase
4i0z,protease
4i10,protease
4i11,kinase
4i12,protease
4i1c,protease
4i1r,protease
4i2w,immune/signaling
4i2z,immune/signaling
4i31,protease
4i32,protease
4i33,protease
4i3z,transferase
4i47,hydrolase
4i4e,kinase
4i4f,kinase
4i54,immune/signaling
4i5c,kinase
4i5h,kinase
4i5m,kinase
4i5p,kinase
4i60,transport/binding
4i6b,kinase
4i6f,kinase
4i6h,kinase
4i6q,kinase
4i71,protease
4i72,protease
4i73,protease
4i74,protease
4i7b,ligase
4i7c,ligase
4i7d,ligase
4i7f,protease
4i7j,hydrolase
4i7k,hydrolase
4i7l,hydrolase
4i7m,hydrolase
4i7p,hydrolase
4i80,other
4i8n,protease
4i8w,protease
4i8x,oxidoreductase
4i8z,protease
4i9c,hydrolase
4i9h,oxidoreductase
4i9i,kinase
4i9o,transferase
4i9r,nuclear receptor
4i9s,nuclear receptor
4i9u,oxidoreductase
4i9z,protease
4ia0,protease
4iaw,transport/binding
4iax,transport/binding
4ib5,kinase
4ibb,other
4ibc,other
4ibd,other
4ibe,other
4ibf,other
4ibg,other
4ibi,other
4ibj,other
4ibk,other
4ibm,kinase
4idt,kinase
4idv,kinase
4idz,oxidoreductase
4ie0,oxidoreductase
4ie2,protease
4ie3,protease
4ie4,oxidoreductase
4ie5,oxidoreductase
4ie6,oxidoreductase
4ie7,oxidoreductase
4ieh,oxidoreductase
4ifh,protease
4ifi,ligase
4igk,ligase
4igq,immune/signaling
4igr,other
4igt,other
4ih3,lyase
4ih6,kinase
4iho,immune/signaling
4ii9,transferase
4iic,hydrolase
4iid,hydrolase
4iie,hydrolase
4iif,hydrolase
4ij1,kinase
4ijh,transport/binding
4ijl,transport/binding
4ijp,kinase
4ijq,transferase
4ikn,other
4ikr,protease
4iks,protease
4ikt,protease
4iku,protease
4im0,kinase
4imq,protease
4imz,protease
4in9,protease
4inb,immune/signaling
4inh,protease
4int,protease
4io2,other
4io3,other
4io4,other
4io5,other
4io6,other
4io7,other
4io8,immune/signaling
4ipf,ligase
4ipi,transferase
4ipj,transferase
4ipn,hydrolase
4iq6,kinase
4iqt,kinase
4iqu,kinase
4ir5,transport/binding
4ir6,transport/binding
4irx,transport/binding
4is6,immune/signaling
4ish,protease
4isi,protease
4isu,other
4ith,kinase
4iti,kinase
4itj,kinase
4itp,lyase
4iu0,protease
4iu1,protease
4iu4,protease
4iue,transferase
4iuo,lyase
4iur,other
4iut,other
4iuu,other
4iuv,other
4iva,kinase
4ivk,hydrolase
4ivs,protease
4ivt,protease
4iwd,kinase
4iwz,lyase
4ixh,oxidoreductase
4ixu,protease
4ixv,protease
4iz0,kinase
4izm,transport/binding
4izy,kinase
4j03,protease
4j04,kinase
4j06,kinase
4j08,kinase
4j09,transferase
4j0a,kinase
4j0p,protease
4j0r,immune/signaling
4j0s,immune/signaling
4j0t,protease
4j0v,protease
4j0y,protease
4j0z,protease
4j17,protease
4j1c,protease
4j1e,protease
4j1f,protease
4j1h,protease
4j1i,protease
4j1k,protease
4j1p,immune/signaling
4j22,transferase
4j24,nuclear receptor
4j26,nuclear receptor
4j2c,other
4j2t,protease
4j3d,protease
4j3e,ligase
4j3i,immune/signaling
4j3j,protease
4j3m,transferase
4j3u,hydrolase
4j44,other
4j45,other
4j46,other
4j47,other
4j48,other
4j4n,isomerase
4j4o,isomerase
4j4v,immune/signaling
4j51,protease
4j52,kinase
4j53,kinase
4j58,isomerase
4j59,isomerase
4j5b,isomerase
4j5c,isomerase
4j5d,isomerase
4j5e,isomerase
4j5p,protease
4j6i,kinase
4j70,protease
4j73,other
4j74,ligase
4j77,other
4j78,other
4j79,other
4j7d,ligase
4j7e,ligase
4j7i,transferase
4j81,other
4j82,other
4j84,other
4j86,other
4j8b,other
4j8g,other
4j8m,kinase
4j8r,immune/signaling
4j8s,other
4j8t,transport/binding
4j93,immune/signaling
4j9a,transport/binding
4jai,kinase
4jaj,kinase
4jal,transferase
4jaz,nuclear receptor
4jbl,transferase
4jbo,kinase
4jbp,kinase
4jc1,transport/binding
4jck,transport/binding
4jda,other
4jdf,other
4je7,protease
4je8,hydrolase
4jfd,immune/signaling
4jfe,immune/signaling
4jff,immune/signaling
4jfi,isomerase
4jfj,isomerase
4jfk,isomerase
4jfl,isomerase
4jfm,isomerase
4jft,protease
4jfv,protease
4jfw,protease
4jfx,immune/signaling
4jg0,immune/signaling
4jg6,kinase
4jg7,kinase
4jg8,kinase
4jgv,other
4jh0,protease
4jhq,transport/binding
4jht,oxidoreductase
4jhz,protease
4jib,protease
4jik,kinase
4jin,kinase
4jit,transferase
4jj7,protease
4jj8,protease
4jje,protease
4jjm,isomerase
4jjq,hydrolase
4jjs,kinase
4jju,kinase
4jk5,kinase
4jk6,kinase
4jkt,hydrolase
4jkw,immune/signaling
4jlg,kinase
4jlh,kinase
4jlj,kinase
4jlm,kinase
4jln,kinase
4jls,transferase
4jmg,other
4jmu,protease
4jmx,kinase
4jn2,immune/signaling
4jn4,immune/signaling
4jnc,protease
4jne,immune/signaling
4jnj,transport/binding
4jnm,kinase
4joa,kinase
4joe,transport/binding
4jof,transport/binding
4jog,transport/binding
4joh,transport/binding
4joj,transport/binding
4jok,transport/binding
4joo,protease
4jp9,protease
4jpa,protease
4jpc,protease
4jpe,protease
4jps,kinase
4jpx,oxidoreductase
4jpy,oxidoreductase
4jq7,kinase
4jq8,kinase
4jql,immune/signaling
4jr0,protease
4jr3,kinase
4jr5,kinase
4jrg,ligase
4jrv,kinase
4jsa,lyase
4jsc,ligase
4jsr,protease
4jss,lyase
4jt8,protease
4jt9,protease
4ju3,kinase
4ju4,kinase
4ju6,kinase
4ju7,kinase
4jv6,transport/binding
4jv7,ligase
4jv8,other
4jv9,ligase
4jvb,other
4jve,ligase
4jvi,other
4jvj,kinase
4jvq,protease
4jwk,hydrolase
4jwr,ligase
4jx7,kinase
4jx9,hydrolase
4jxv,protease
4jxw,protease
4jym,hydrolase
4jyt,protease
4jyu,protease
4jyv,protease
4jz1,protease
4jzd,protease
4jze,protease
4jzf,protease
4jzi,hydrolase
4jzr,oxidoreductase
4k0o,transport/binding
4k0u,other
4k0y,kinase
4k19,transport/binding
4k1b,kinase
4k1e,protease
4k2f,protease
4k2g,protease
4k2y,protease
4k3h,immune/signaling
4k3k,transferase
4k3l,transferase
4k3m,transferase
4k3n,protease
4k3o,transferase
4k3p,transferase
4k3q,transferase
4k3r,transferase
4k42,other
4k43,other
4k4e,kinase
4k4f,kinase
4k4j,other
4k55,immune/signaling
4k5l,protease
4k5m,protease
4k5n,protease
4k5o,protease
4k5p,protease
4k5y,GPCR
4k5z,protease
4k60,protease
4k63,immune/signaling
4k64,immune/signaling
4k66,immune/signaling
4k67,immune/signaling
4k69,protease
4k6i,other
4k6t,immune/signaling
4k6u,immune/signaling
4k6v,immune/signaling
4k6w,immune/signaling
4k6y,transport/binding
4k6z,kinase
4k72,transport/binding
4k75,transport/binding
4k76,transport/binding
4k78,transport/binding
4k7i,oxidoreductase
4k7n,oxidoreductase
4k7o,oxidoreductase
4k8a,kinase
4k8o,transport/binding
4k8s,protease
4k9g,isomerase
4k9h,protease
4k9y,kinase
4kab,kinase
4kai,transferase
4kao,kinase
4kb7,transferase
4kb8,kinase
4kb9,protease
4kba,kinase
4kbc,kinase
4kbi,transferase
4kbk,kinase
4kby,immune/signaling
4kc1,kinase
4kc2,kinase
4kc4,kinase
4kcg,kinase
4kcx,other
4ke0,protease
4ke1,protease
4keq,hydrolase
4kfp,kinase
4kfq,other
4kif,transferase
4kii,transport/binding
4kij,lyase
4kil,hydrolase
4kin,kinase
4kio,kinase
4kip,kinase
4kiq,kinase
4kiu,lyase
4kiw,lyase
4kju,other
4kjv,other
4klb,protease
4kln,hydrolase
4klv,transferase
4km0,oxidoreductase
4km2,oxidoreductase
4kmd,other
4kmu,transferase
4kmz,transport/binding
4kn0,transport/binding
4kn1,transport/binding
4kn2,transport/binding
4kn4,transferase
4kn7,transferase
4knb,kinase
4kne,oxidoreductase
4kni,lyase
4knj,lyase
4knm,lyase
4knn,lyase
4knr,kinase
4knx,kinase
4ko8,hydrolase
4kod,hydrolase
4kom,immune/signaling
4kon,immune/signaling
4kot,transferase
4kov,transferase
4kow,transferase
4kox,transferase
4kp0,protease
4kp4,kinase
4kp5,lyase
4kp6,protease
4kp8,lyase
4kpx,kinase
4kpz,transferase
4kql,transferase
4kqo,protease
4kqp,transport/binding
4kqq,protease
4kqr,protease
4krs,kinase
4ks1,protease
4ks2,protease
4ks3,protease
4ks4,protease
4ks5,protease
4ksp,kinase
4ksq,kinase
4ktc,protease
4ktu,protease
4kup,protease
4kvm,kinase
4kw6,oxidoreductase
4kwf,oxidoreductase
4kwg,oxidoreductase
4kwo,kinase
4kwp,kinase
4kww,kinase
4kx8,protease
4kxb,protease
4kxl,hydrolase
4kxm,hydrolase
4kxn,hydrolase
4kyh,lyase
4kyk,lyase
4kz0,kinase
4kz3,protease
4kz4,protease
4kz5,protease
4kz7,protease
4kz8,protease
4kza,protease
4kzb,protease
4kzc,kinase
4kzl,kinase
4l02,kinase
4l09,kinase
4l0b,kinase
4l0i,kinase
4l0l,transport/binding
4l0s,kinase
4l0t,kinase
4l0v,kinase
4l10,kinase
4l19,protease
4l1a,protease
4l1u,transport/binding
4l23,transferase
4l2f,kinase
4l2g,kinase
4l2k,kinase
4l2l,protease
4l2x,kinase
4l31,kinase
4l32,kinase
4l33,kinase
4l34,kinase
4l3o,protease
4l3p,kinase
4l4m,kinase
4l4v,immune/signaling
4l4z,other
4l50,other
4l51,other
4l52,kinase
4l53,kinase
4l58,transferase
4l5j,other
4l6q,kinase
4l6s,kinase
4l6t,protease
4l70,kinase
4l7b,other
4l7c,other
4l7d,other
4l7f,kinase
4l7g,protease
4l7h,protease
4l7j,protease
4l7l,kinase
4l7n,kinase
4l7o,kinase
4l7r,kinase
4l7u,kinase
4l8m,kinase
4l9i,kinase
4la7,hydrolase
4lar,immune/signaling
4lbl,transport/binding
4lbo,transport/binding
4lbp,lyase
4lbu,kinase
4lc7,protease
4lch,hydrolase
4led,transport/binding
4len,protease
4leq,kinase
4lg6,immune/signaling
4lge,ligase
4lgg,kinase
4lgh,kinase
4lgu,ligase
4lh2,oxidoreductase
4lh3,oxidoreductase
4lh5,kinase
4lh6,ligase
4lh7,ligase
4li5,kinase
4li6,kinase
4li7,kinase
4li8,kinase
4lil,transferase
4lj5,immune/signaling
4lj8,immune/signaling
4ljh,transport/binding
4lk6,transport/binding
4lk7,transport/binding
4lkd,transport/binding
4lke,transport/binding
4lkf,transport/binding
4lkg,immune/signaling
4lkh,immune/signaling
4lkj,immune/signaling
4lkk,immune/signaling
4lko,protease
4lkq,protease
4lkt,transport/binding
4ll3,protease
4llj,protease
4llk,protease
4llp,protease
4lm0,protease
4lm1,protease
4lm2,protease
4lm3,protease
4lm4,protease
4lm5,kinase
4lmn,kinase
4lmu,kinase
4ln2,immune/signaling
4ln7,hydrolase
4lnb,transferase
4lnf,ligase
4lng,transferase
4lno,ligase
4lnp,immune/signaling
4lnw,other
4loo,kinase
4lop,kinase
4loq,kinase
4lov,transport/binding
4loy,protease
4lp0,isomerase
4lp6,lyase
4lp9,protease
4lpb,isomerase
4lpf,lyase
4lpg,kinase
4lph,kinase
4lq3,transferase
4lq9,transferase
4lqg,protease
4lqy,hydrolase
4lrh,transport/binding
4lrr,transferase
4lsj,nuclear receptor
4lte,protease
4lts,kinase
4luo,other
4luv,transport/binding
4luz,transport/binding
4lv1,protease
4lv2,protease
4lv3,protease
4lv4,lyase
4lvt,other
4lw1,transport/binding
4lwc,transport/binding
4lwe,immune/signaling
4lwh,immune/signaling
4lwi,immune/signaling
4lwt,ligase
4lwu,ligase
4lwv,ligase
4lww,kinase
4lxa,protease
4lxb,protease
4lxd,other
4lxk,protease
4lxm,protease
4lxz,protease
4ly1,protease
4ly9,transport/binding
4lyn,kinase
4lys,other
4lyw,other
4lzr,other
4m0e,protease
4m0f,protease
4m0r,kinase
4m12,kinase
4m13,kinase
4m14,kinase
4m1d,immune/signaling
4m1j,hydrolase
4m2r,lyase
4m2u,lyase
4m2v,lyase
4m2w,lyase
4m3b,transport/binding
4m3d,transport/binding
4m3e,transport/binding
4m3f,transport/binding
4m3g,transport/binding
4m3m,protease
4m3p,transferase
4m3q,kinase
4m48,transport/binding
4m4q,hydrolase
4m5g,kinase
4m5h,kinase
4m5i,kinase
4m5j,kinase
4m5k,kinase
4m5l,kinase
4m5m,kinase
4m5n,kinase
4m5o,hydrolase
4m5r,hydrolase
4m5u,hydrolase
4m6p,kinase
4m6q,kinase
4m6u,isomerase
4m7b,kinase
4m7c,hydrolase
4m7j,immune/signaling
4m7x,kinase
4m7y,kinase
4m84,kinase
4m8e,nuclear receptor
4m8h,nuclear receptor
4m8t,kinase
4m8x,protease
4m8y,protease
4man,other
4mao,kinase
4mb9,isomerase
4mbc,isomerase
4mbf,protease
4mbi,kinase
4mbj,kinase
4mbl,kinase
4mbp,transport/binding
4mc1,protease
4mc2,protease
4mc6,protease
4mc9,protease
4mcb,kinase
4mcc,kinase
4mcd,kinase
4mcv,kinase
4md6,protease
4mdn,ligase
4mdq,ligase
4mdr,nuclear receptor
4mds,protease
4mdt,hydrolase
4men,other
4meo,other
4mep,other
4meq,other
4mex,transferase
4mf0,kinase
4mf1,kinase
4mfe,transferase
4mg5,other
4mg6,other
4mg7,other
4mg8,other
4mg9,other
4mga,other
4mgb,other
4mgc,other
4mgv,isomerase
4mh7,kinase
4mha,kinase
4mho,kinase
4mhs,kinase
4mhy,transferase
4mhz,transferase
4mi3,kinase
4mi6,kinase
4mi9,kinase
4mib,kinase
4mic,kinase
4mji,immune/signaling
4mjo,protease
4mjp,kinase
4mjq,kinase
4mjr,kinase
4mk0,kinase
4mk1,hydrolase
4mk2,hydrolase
4mk5,hydrolase
4mk7,kinase
4mk8,kinase
4mk9,kinase
4mka,kinase
4mlt,lyase
4mlx,lyase
4mm4,transport/binding
4mm5,transport/binding
4mm6,transport/binding
4mm7,transport/binding
4mm8,transport/binding
4mm9,transport/binding
4mma,transport/binding
4mmf,transport/binding
4mmm,oxidoreductase
4mmp,transport/binding
4mn3,other
4mnp,transport/binding
4mnq,immune/signaling
4mnv,kinase
4mnw,kinase
4mnx,kinase
4mny,kinase
4mo4,kinase
4mo8,lyase
4mot,isomerase
4mp2,kinase
4mp7,kinase
4mpc,kinase
4mpe,kinase
4mpn,kinase
4mq1,kinase
4mq2,kinase
4mq6,transferase
4mqp,transferase
4mqu,kinase
4mr3,other
4mr4,other
4mr5,other
4mr6,other
4mra,kinase
4mrd,other
4mre,other
4mrf,other
4mrg,other
4mrh,other
4mro,kinase
4mrw,protease
4mrz,protease
4ms0,protease
4msa,protease
4msc,protease
4mse,protease
4msg,kinase
4msk,kinase
4msl,immune/signaling
4msn,protease
4mss,protease
4msu,kinase
4mt9,kinase
4mti,ligase
4mu7,ligase
4mue,ligase
4muf,ligase
4muk,ligase
4mul,ligase
4muw,protease
4mvh,protease
4mvn,protease
4mvw,ligase
4mvx,ligase
4mvy,ligase
4mw0,ligase
4mw1,ligase
4mw2,ligase
4mw4,ligase
4mw5,ligase
4mw6,ligase
4mw7,ligase
4mw9,ligase
4mwb,ligase
4mwc,ligase
4mwe,ligase
4mwq,hydrolase
4mwr,hydrolase
4mwu,hydrolase
4mwv,hydrolase
4mww,hydrolase
4mwx,hydrolase
4mwy,hydrolase
4mx0,hydrolase
4mx1,protease
4mx5,protease
4mx9,kinase
4mxa,kinase
4mxc,kinase
4my6,other
4myd,transferase
4myh,transport/binding
4myq,protease
4mz4,kinase
4mz5,other
4mz6,other
4mzf,other
4mzh,other
4mzj,other
4mzk,other
4mzl,other
4mzo,protease
4mzs,protease
4n00,protease
4n07,other
4n1b,other
4n1t,protease
4n1u,protease
4n1z,transferase
4n3r,kinase
4n3w,transferase
4n4s,kinase
4n4t,kinase
4n4v,kinase
4n5d,protease
4n5g,nuclear receptor
4n5t,other
4n6g,protease
4n6h,GPCR
4n6y,kinase
4n6z,kinase
4n70,kinase
4n7e,immune/signaling
4n7g,immune/signaling
4n7h,other
4n7j,protease
4n7m,protease
4n7u,immune/signaling
4n7y,immune/signaling
4n84,immune/signaling
4n8d,hydrolase
4n8e,hydrolase
4n8q,transferase
4n8r,nuclear receptor
4n98,kinase
4n99,kinase
4n9a,kinase
4n9b,kinase
4n9c,kinase
4n9d,kinase
4n9e,kinase
4na4,hydrolase
4na7,protease
4na8,protease
4na9,protease
4nah,kinase
4nak,kinase
4nal,kinase
4nan,kinase
4nat,kinase
4nau,kinase
4nb3,transport/binding
4nb6,other
4nbk,protease
4nbl,protease
4nbn,protease
4ncg,transferase
4ncm,transferase
4nct,kinase
4ndu,transport/binding
4ng9,protease
4nga,protease
4ngm,protease
4ngn,protease
4ngp,protease
4ngq,protease
4ngr,protease
4ngs,protease
4ngt,protease
4nh7,immune/signaling
4nh8,immune/signaling
4nh9,immune/signaling
4nhc,immune/signaling
4nhx,oxidoreductase
4nhy,oxidoreductase
4nie,nuclear receptor
4nj3,kinase
4nj9,immune/signaling
4nja,immune/signaling
4njd,kinase
4nk3,protease
4nk9,kinase
4nka,kinase
4nks,kinase
4nkt,transferase
4nku,transferase
4nl1,kinase
4nld,kinase
4nmo,other
4nmp,other
4nmq,other
4nmr,other
4nms,other
4nmt,other
4nmv,other
4nmx,protease
4nni,other
4nnn,protease
4nnr,isomerase
4nnw,protease
4no1,protease
4no6,protease
4no8,protease
4no9,protease
4np2,other
4np3,other
4np9,other
4npv,protease
4nq6,protease
4nra,transport/binding
4nrb,transport/binding
4nrc,transport/binding
4nrk,immune/signaling
4nrl,immune/signaling
4nrm,oxidoreductase
4nro,oxidoreductase
4nrp,oxidoreductase
4nrq,oxidoreductase
4nrt,transferase
4nru,transferase
4ntj,GPCR
4nuc,other
4nud,other
4nue,other
4nuf,transport/binding
4nus,kinase
4nvp,transport/binding
4nvq,kinase
4nw2,transport/binding
4nw5,kinase
4nw6,kinase
4nw7,protease
4nwc,other
4nwd,other
4nwk,protease
4nwm,kinase
4nxo,protease
4nxq,immune/signaling
4nxr,immune/signaling
4nxs,protease
4nxu,transferase
4ny3,hydrolase
4nyf,kinase
4nyi,immune/signaling
4nyj,immune/signaling
4nym,immune/signaling
4nyt,immune/signaling
4nzb,transport/binding
4nzm,kinase
4nzn,kinase
4nzo,kinase
4o04,immune/signaling
4o05,immune/signaling
4o07,immune/signaling
4o09,immune/signaling
4o0a,transport/binding
4o0b,immune/signaling
4o0j,immune/signaling
4o0r,kinase
4o0t,kinase
4o0v,kinase
4o0x,kinase
4o0y,kinase
4o0z,kinase
4o10,kinase
4o12,kinase
4o13,kinase
4o15,kinase
4o1b,kinase
4o1d,kinase
4o1l,kinase
4o24,hydrolase
4o28,kinase
4o2a,ligase
4o2b,ligase
4o2c,immune/signaling
4o2e,immune/signaling
4o2f,immune/signaling
4o2p,kinase
4o36,oxidoreductase
4o37,oxidoreductase
4o3a,other
4o3b,other
4o3c,other
4o3f,kinase
4o3t,transferase
4o3u,transferase
4o42,transport/binding
4o43,hydrolase
4o44,protease
4o45,transport/binding
4o4g,protease
4o4k,hydrolase
4o4r,transferase
4o4y,immune/signaling
4o55,immune/signaling
4o5b,immune/signaling
4o5g,hydrolase
4o61,oxidoreductase
4o62,transport/binding
4o6e,kinase
4o6w,kinase
4o70,other
4o71,other
4o72,other
4o74,other
4o75,other
4o76,other
4o77,other
4o78,other
4o7a,other
4o7b,other
4o7c,other
4o7d,hydrolase
4o7e,other
4o7f,other
4o91,kinase
4o97,protease
4o9s,transport/binding
4o9v,protease
4o9w,kinase
4oag,transferase
4oak,protease
4oar,nuclear receptor
4oas,ligase
4oaz,transport/binding
4ob0,lyase
4ob1,hydrolase
4ob2,lyase
4oba,ligase
4obo,kinase
4obp,kinase
4obq,kinase
4obv,lyase
4obz,protease
4oc0,protease
4oc1,protease
4oc2,protease
4oc3,protease
4oc4,protease
4oc5,protease
4oc6,protease
4occ,ligase
4ock,kinase
4ocp,kinase
4ocq,kinase
4oct,oxidoreductase
4ocv,kinase
4ocx,immune/signaling
4ocz,protease
4od0,protease
4od7,oxidoreductase
4od9,protease
4ode,ligase
4odf,ligase
4odk,isomerase
4odl,isomerase
4odm,isomerase
4odn,isomerase
4odp,isomerase
4odq,isomerase
4oee,other
4oef,other
4oeg,other
4oel,protease
4oem,protease
4oeu,transport/binding
4oew,protease
4oex,protease
4ofb,other
4ofl,transport/binding
4og3,other
4og4,other
4og5,other
4og6,other
4og7,other
4og8,other
4ogi,kinase
4ogn,ligase
4ogt,ligase
4ogv,ligase
4ohk,kinase
4ohm,kinase
4oho,kinase
4ohp,kinase
4oi6,transport/binding
4oiv,other
4ojq,protease
4ojr,immune/signaling
4ok3,protease
4ok5,protease
4ok6,protease
4okg,protease
4okp,hydrolase
4oks,protease
4olc,kinase
4old,hydrolase
4olh,kinase
4oma,transferase
4omc,protease
4omd,protease
4omj,transport/binding
4omk,transport/binding
4ona,kinase
4onf,immune/signaling
4ono,immune/signaling
4oo9,GPCR
4ool,kinase
4oon,kinase
4oow,transferase
4op1,kinase
4op2,kinase
4op3,kinase
4oq3,ligase
4oq5,other
4oq6,other
4or0,transport/binding
4oru,transferase
4orx,transferase
4ory,transferase
4os1,kinase
4os2,kinase
4os4,kinase
4os5,kinase
4os6,kinase
4os7,kinase
4osf,isomerase
4ot6,kinase
4otf,kinase
4otg,kinase
4oth,kinase
4oti,kinase
4oty,oxidoreductase
4ou3,protease
4oue,hydrolase
4ouj,other
4ov5,immune/signaling
4ovf,kinase
4ovg,kinase
4ovh,kinase
4ovz,protease
4ow0,protease
4own,transferase
4owo,transferase
4owv,transferase
4oya,lyase
4oyb,lyase
4oyi,lyase
4oyk,ligase
4oym,lyase
4oyo,lyase
4oyp,lyase
4oys,kinase
4oyt,transferase
4oz1,other
4oz2,lyase
4oz3,lyase
4ozj,immune/signaling
4ozl,immune/signaling
4ozn,immune/signaling
4ozo,hydrolase
4p0a,ligase
4p0b,ligase
4p0n,protease
4p0v,kinase
4p0w,transferase
4p0x,kinase
4p10,protease
4p1r,hydrolase
4p1u,kinase
4p2t,protease
4p3h,protease
4p44,protease
4p45,protease
4p4b,protease
4p4d,protease
4p4e,protease
4p4f,protease
4p4i,protease
4p4j,protease
4p58,kinase
4p5d,hydrolase
4p5e,hydrolase
4p5z,kinase
4p6c,lyase
4p6e,protease
4p6g,protease
4p6w,nuclear receptor
4p6x,nuclear receptor
4p72,ligase
4p73,ligase
4p74,ligase
4p75,ligase
4p7e,transferase
4p7m,immune/signaling
4p7s,immune/signaling
4p90,kinase
4pax,transferase
4pb1,transport/binding
4pb2,transport/binding
4pce,other
4pci,other
4pct,hydrolase
4pd5,transport/binding
4pd6,transport/binding
4pd7,transport/binding
4pd8,transport/binding
4pd9,transport/binding
4pda,transport/binding
4pdk,other
4pee,hydrolase
4pf3,nuclear receptor
4pf5,transport/binding
4pft,transport/binding
4pfu,transport/binding
4pg3,ligase
4pg9,immune/signaling
4pgb,immune/signaling
4pgc,immune/signaling
4pgd,immune/signaling
4pge,immune/signaling
4pgh,transferase
4ph4,kinase
4phu,hydrolase
4phv,protease
4phw,protease
4pid,protease
4pin,transferase
4pio,transferase
4piq,protease
4pis,protease
4pji,immune/signaling
4pjt,kinase
4pkb,protease
4pkr,protease
4pks,protease
4pkt,protease
4pku,protease
4pkv,protease
4pkw,protease
4pl0,transport/binding
4pl3,transferase
4pl4,transferase
4pl5,transferase
4pl6,other
4pli,other
4pm0,hydrolase
4pml,transferase
4pmm,kinase
4pmp,kinase
4pms,kinase
4pmt,kinase
4pn1,hydrolase
4pnc,protease
4pni,kinase
4pnk,kinase
4pnl,transferase
4pnm,transferase
4pnn,transferase
4pnq,transferase
4pnr,transferase
4pns,transferase
4pnt,transferase
4pnu,kinase
4pnw,kinase
4po0,transport/binding
4po7,other
4poh,nuclear receptor
4poj,nuclear receptor
4pop,transport/binding
4pov,transport/binding
4pow,transport/binding
4pox,other
4pp0,transport/binding
4pp3,other
4pp5,other
4pp7,kinase
4pp9,kinase
4ppa,kinase
4ppb,kinase
4ppc,kinase
4pqa,protease
4pqn,kinase
4pr5,immune/signaling
4pra,immune/signaling
4prb,immune/signaling
4prd,immune/signaling
4pre,immune/signaling
4prg,nuclear receptor
4prh,immune/signaling
4pri,immune/signaling
4prj,kinase
4prn,immune/signaling
4prp,immune/signaling
4pry,protease
4ps0,protease
4ps1,protease
4ps3,kinase
4ps5,other
4ps7,kinase
4ps8,kinase
4psb,transport/binding
4psh,transport/binding
4psq,transport/binding
4psx,transferase
4ptc,kinase
4pte,kinase
4ptg,kinase
4puj,kinase
4puk,kinase
4pul,kinase
4pum,kinase
4puz,kinase
4pv0,kinase
4pv5,lyase
4pv7,protease
4pvo,protease
4pvt,protease
4pvv,kinase
4pvx,kinase
4pvy,kinase
4px6,kinase
4pxf,GPCR
4pxm,nuclear receptor
4py1,kinase
4py2,ligase
4py4,kinase
4pyn,transferase
4pyo,transferase
4pyq,kinase
4pyv,protease
4pyx,lyase
4pyy,lyase
4pz5,other
4pz8,transferase
4pzh,lyase
4pzv,transferase
4pzw,protease
4pzx,protease
4q06,lyase
4q07,lyase
4q08,lyase
4q09,lyase
4q0a,other
4q0k,transport/binding
4q0l,lyase
4q15,ligase
4q18,kinase
4q19,kinase
4q1a,kinase
4q1b,kinase
4q1c,kinase
4q1d,kinase
4q1e,kinase
4q1f,kinase
4q1n,protease
4q1s,hydrolase
4q1w,protease
4q1x,protease
4q1y,protease
4q2k,protease
4q3q,protease
4q3r,protease
4q3s,protease
4q3t,protease
4q3u,protease
4q4e,protease
4q4i,protease
4q4o,kinase
4q4p,kinase
4q4q,kinase
4q4r,kinase
4q4s,kinase
4q6d,lyase
4q6e,lyase
4q6f,other
4q6r,lyase
4q7p,lyase
4q7s,lyase
4q7v,lyase
4q7w,lyase
4q81,lyase
4q83,lyase
4q87,lyase
4q8x,lyase
4q8y,lyase
4q90,lyase
4q93,ligase
4q99,lyase
4q9m,kinase
4q9o,kinase
4q9s,kinase
4q9y,lyase
4q9z,kinase
4qaa,transport/binding
4qab,transport/binding
4qag,protease
4qb3,other
4qbb,protease
4qbm,other
4qc1,other
4qdk,transferase
4qem,protease
4qer,protease
4qev,other
4qew,other
4qf7,protease
4qf8,protease
4qf9,other
4qfg,kinase
4qfl,transport/binding
4qfn,transport/binding
4qfo,transport/binding
4qfp,transport/binding
4qfr,kinase
4qfs,kinase
4qg7,kinase
4qga,kinase
4qgd,protease
4qge,protease
4qgf,kinase
4qgg,kinase
4qgh,kinase
4qgi,protease
4qh7,other
4qh8,other
4qhc,protease
4qhp,protease
4qht,other
4qij,transferase
4qip,other
4qir,protease
4qiy,lyase
4qiz,lyase
4qj0,lyase
4qjm,lyase
4qjo,lyase
4qjp,lyase
4qjr,nuclear receptor
4qjw,lyase
4qjx,lyase
4qk4,nuclear receptor
4qkd,oxidoreductase
4qkx,immune/signaling
4ql1,other
4ql8,nuclear receptor
4qlk,hydrolase
4qll,hydrolase
4qlq,protease
4qls,protease
4qlt,protease
4qlu,protease
4qlv,protease
4qme,protease
4qmm,kinase
4qmn,kinase
4qmo,kinase
4qmp,kinase
4qmq,kinase
4qms,kinase
4qmt,kinase
4qmu,kinase
4qmv,kinase
4qmw,kinase
4qmx,kinase
4qmy,kinase
4qmz,kinase
4qn7,hydrolase
4qn9,hydrolase
4qna,kinase
4qnb,immune/signaling
4qnu,transferase
4qo4,ligase
4qo9,kinase
4qoc,ligase
4qok,immune/signaling
4qp1,kinase
4qp2,kinase
4qp6,kinase
4qp7,kinase
4qp8,kinase
4qp9,kinase
4qpa,kinase
4qpd,oxidoreductase
4qpl,ligase
4qps,kinase
4qq4,transport/binding
4qq5,kinase
4qqc,kinase
4qqi,immune/signaling
4qr3,other
4qr4,other
4qr5,other
4qrc,kinase
4qsh,ligase
4qsk,ligase
4qsm,oxidoreductase
4qsu,immune/signaling
4qsv,immune/signaling
4qsw,immune/signaling
4qsx,immune/signaling
4qt0,oxidoreductase
4qt1,kinase
4qt2,isomerase
4qta,kinase
4qtb,kinase
4qtc,kinase
4qtd,kinase
4qtl,lyase
4qtn,transport/binding
4quo,protease
4qvl,protease
4qvm,protease
4qvn,protease
4qvp,protease
4qvq,protease
4qvv,protease
4qvw,protease
4qvx,other
4qvy,protease
4qw0,protease
4qw1,protease
4qw3,protease
4qw4,protease
4qw5,protease
4qw6,protease
4qw7,protease
4qwf,protease
4qwg,protease
4qwi,protease
4qwj,protease
4qwk,protease
4qwl,protease
4qwr,protease
4qws,protease
4qwu,protease
4qwx,protease
4qxj,protease
4qxo,immune/signaling
4qxq,immune/signaling
4qxr,immune/signaling
4qxt,immune/signaling
4qy3,lyase
4qy8,immune/signaling
4qye,kinase
4qyg,kinase
4qyh,kinase
4qyo,immune/signaling
4qyy,kinase
4qz0,protease
4qz1,protease
4qz2,protease
4qz3,protease
4qz4,protease
4qz5,protease
4qz6,protease
4qz7,protease
4qzs,other
4qzw,protease
4qzx,protease
4r02,protease
4r06,nuclear receptor
4r0a,immune/signaling
4r0i,protease
4r17,protease
4r18,protease
4r1e,other
4r1v,kinase
4r1y,kinase
4r3b,hydrolase
4r3c,kinase
4r3s,immune/signaling
4r3w,oxidoreductase
4r4c,other
4r4i,other
4r4o,other
4r4q,other
4r4t,other
4r59,lyase
4r5a,lyase
4r5b,lyase
4r5g,immune/signaling
4r5n,protease
4r5t,protease
4r5v,protease
4r5w,kinase
4r5x,protease
4r5y,kinase
4r6e,kinase
4r6t,protease
4r6v,kinase
4r6w,transferase
4r6x,transferase
4r73,transport/binding
4r74,transport/binding
4r75,transport/binding
4r76,protease
4r7m,protease
4r8y,protease
4r91,protease
4r92,protease
4r93,protease
4r95,protease
4ra1,transport/binding
4ra5,kinase
4rab,kinase
4rac,kinase
4rad,kinase
4rak,nuclear receptor
4ran,kinase
4rao,kinase
4raq,kinase
4rcd,protease
4rce,protease
4rcf,protease
4rcp,kinase
4rdn,transport/binding
4re2,hydrolase
4re3,hydrolase
4re4,hydrolase
4re9,protease
4res,hydrolase
4ret,hydrolase
4rfc,lyase
4rfd,lyase
4rfr,oxidoreductase
4rfy,kinase
4rfz,kinase
4rg0,kinase
4rgd,other
4rh5,hydrolase
4rhu,kinase
4rhx,kinase
4rhy,kinase
4rio,kinase
4ris,immune/signaling
4riu,lyase
4riv,lyase
4rj3,kinase
4rj4,kinase
4rj5,kinase
4rj6,kinase
4rj7,kinase
4rj8,kinase
4rkx,protease
4rlk,kinase
4rll,kinase
4rlt,lyase
4rlu,lyase
4rlw,lyase
4rme,other
4rn0,protease
4rn1,protease
4rn2,protease
4rn4,lyase
4rn6,protease
4rpn,other
4rpo,other
4rpv,kinase
4rqi,other
4rqk,kinase
4rqv,kinase
4rqz,protease
4rr6,ligase
4rra,ligase
4rrf,ligase
4rrg,ligase
4rrn,protease
4rro,protease
4rrq,ligase
4rrr,ligase
4rrs,protease
4rrv,kinase
4rs0,oxidoreductase
4rsc,isomerase
4rse,isomerase
4rsk,hydrolase
4rsp,protease
4rss,kinase
4rt0,other
4rt1,other
4ruu,transport/binding
4rux,lyase
4ruy,lyase
4ruz,lyase
4rvk,kinase
4rvl,kinase
4rvm,kinase
4rvr,transport/binding
4rvt,kinase
4rwj,kinase
4rwk,kinase
4rwl,kinase
4rww,other
4rx5,kinase
4rx7,kinase
4rx8,kinase
4rx9,kinase
4rxa,transferase
4rxc,transferase
4rxd,transferase
4rxe,kinase
4rxh,transport/binding
4rxz,other
4ryc,protease
4ryd,protease
4ryg,protease
4ryl,transferase
4rz1,protease
4s1g,protease
4s2i,hydrolase
4s3e,oxidoreductase
4s3f,oxidoreductase
4sga,protease
4std,lyase
4tim,oxidoreductase
4tju,transferase
4tjw,transferase
4tjy,transferase
4tjz,transport/binding
4tk0,transferase
4tk1,immune/signaling
4tk2,immune/signaling
4tk3,immune/signaling
4tk4,immune/signaling
4tk5,transferase
4tkb,transport/binding
4tkf,transferase
4tkg,transferase
4tkh,transport/binding
4tki,transferase
4tkj,transport/binding
4tkn,immune/signaling
4tky,oxidoreductase
4tln,protease
4tlr,transferase
4tmf,protease
4tmk,kinase
4tmp,other
4tmr,kinase
4tn2,transferase
4tn4,kinase
4tnw,transport/binding
4to8,lyase
4tpk,hydrolase
4tpm,protease
4tpp,protease
4tpt,kinase
4tpw,other
4tq3,transferase
4tqn,transferase
4trc,transferase
4trw,protease
4trz,protease
4ts1,ligase
4tsx,transport/binding
4tsz,transferase
4tt2,other
4tte,other
4ttv,ligase
4tu4,other
4tuh,other
4tun,hydrolase
4tv3,kinase
4tvj,transferase
4tw6,isomerase
4tw7,isomerase
4tw8,isomerase
4tw9,transferase
4twc,transferase
4twd,transport/binding
4twt,immune/signaling
4tww,protease
4twy,protease
4tx6,hydrolase
4txc,kinase
4txe,hydrolase
4txs,kinase
4ty1,kinase
4ty6,protease
4ty8,kinase
4ty9,transferase
4tya,kinase
4tyb,kinase
4tyl,protease
4tyo,isomerase
4tyt,hydrolase
4tz2,protease
4tz8,protease
4tzm,transport/binding
4tzn,transport/binding
4tzq,transport/binding
4u01,protease
4u03,transferase
4u0a,immune/signaling
4u0b,immune/signaling
4u0c,immune/signaling
4u0d,immune/signaling
4u0e,immune/signaling
4u0f,immune/signaling
4u0g,protease
4u0i,kinase
4u0m,transferase
4u0n,transferase
4u0s,transferase
4u0u,transferase
4u0w,lyase
4u0x,protease
4u1b,hydrolase
4u2w,protease
4u2y,transferase
4u3f,oxidoreductase
4u43,kinase
4u44,kinase
4u45,kinase
4u4x,other
4u54,transport/binding
4u58,transport/binding
4u5j,kinase
4u5l,transport/binding
4u5n,transport/binding
4u5o,transport/binding
4u5s,transport/binding
4u5u,transport/binding
4u5v,transport/binding
4u68,other
4u69,hydrolase
4u6c,hydrolase
4u6e,protease
4u6r,kinase
4u6w,hydrolase
4u6x,immune/signaling
4u6y,immune/signaling
4u6z,hydrolase
4u70,hydrolase
4u71,hydrolase
4u73,hydrolase
4u79,kinase
4u7o,kinase
4u7q,protease
4u7t,kinase
4u7v,protease
4u82,transferase
4u8w,protease
4u90,transferase
4u91,transferase
4u93,immune/signaling
4ua8,transport/binding
4uac,transport/binding
4ual,kinase
4uat,hydrolase
4uau,hydrolase
4uc5,transferase
4ucc,immune/signaling
4ucd,immune/signaling
4uce,immune/signaling
4uco,ligase
4ucr,ligase
4ucs,ligase
4uct,ligase
4ucu,ligase
4ucv,ligase
4ud7,lyase
4uda,immune/signaling
4udb,immune/signaling
4ue1,ligase
4ufd,protease
4ufe,protease
4uff,protease
4ufg,protease
4ufh,hydrolase
4ufi,hydrolase
4ufj,hydrolase
4ufk,hydrolase
4ufl,hydrolase
4ufm,hydrolase
4ufu,transferase
4ufy,transferase
4ufz,ligase
4uhg,transferase
4ui3,transferase
4ui4,transferase
4ui5,transferase
4ui6,transferase
4ui7,transferase
4ui8,transferase
4uia,protease
4uib,hydrolase
4uil,immune/signaling
4uin,immune/signaling
4uit,other
4uiu,other
4uiv,other
4uiw,other
4uix,other
4uiy,other
4uiz,other
4uj1,kinase
4uj2,kinase
4uj9,kinase
4uja,kinase
4ujb,kinase
4um1,transport/binding
4um3,immune/signaling
4um9,immune/signaling
4uma,transferase
4umb,transferase
4umc,transferase
4umj,transferase
4umn,other
4umq,transferase
4umr,transferase
4umt,transferase
4umu,kinase
4und,transferase
4unn,transferase
4unp,kinase
4unq,kinase
4unr,transferase
4uns,transferase
4uof,kinase
4uoh,kinase
4up5,other
4ura,oxidoreductase
4urk,kinase
4url,isomerase
4urm,isomerase
4urn,isomerase
4uro,isomerase
4uru,immune/signaling
4urv,immune/signaling
4urw,immune/signaling
4urx,immune/signaling
4ury,immune/signaling
4urz,immune/signaling
4us3,transport/binding
4us4,transport/binding
4usi,immune/signaling
4usj,kinase
4usw,lyase
4utn,hydrolase
4utr,hydrolase
4utv,hydrolase
4utx,hydrolase
4uu5,other
4uu7,hydrolase
4uu8,hydrolase
4uua,hydrolase
4uub,hydrolase
4uuh,transferase
4uuq,hydrolase
4uv8,other
4uv9,other
4uva,other
4uvb,other
4uvc,other
4uvu,transferase
4uvv,transferase
4uvw,transferase
4uvx,transferase
4uvy,transferase
4uw1,transferase
4uwf,transferase
4uwg,transferase
4uwh,kinase
4uwk,kinase
4uwl,kinase
4ux4,transferase
4ux6,oxidoreductase
4ux9,transferase
4uxb,transferase
4uxh,kinase
4uxj,kinase
4uxl,kinase
4uxq,kinase
4uy1,hydrolase
4uyd,other
4uye,other
4uyf,other
4uyg,other
4uyh,other
4uyn,kinase
4uzd,kinase
4uzh,kinase
4v01,transferase
4v04,transferase
4v05,transferase
4v0i,kinase
4v1f,transferase
4v24,kinase
4v25,kinase
4v27,hydrolase
4vgc,protease
4w4s,transferase
4w4v,kinase
4w4w,kinase
4w4x,kinase
4w4y,kinase
4w4z,kinase
4w50,kinase
4w52,hydrolase
4w53,hydrolase
4w54,hydrolase
4w55,hydrolase
4w57,hydrolase
4w5a,hydrolase
4w5j,kinase
4w7p,kinase
4w7t,immune/signaling
4w97,other
4w9d,ligase
4w9e,ligase
4w9f,ligase
4w9g,ligase
4w9j,ligase
4w9k,ligase
4w9n,oxidoreductase
4w9o,isomerase
4w9p,isomerase
4w9q,isomerase
4w9s,hydrolase
4w9w,kinase
4w9x,kinase
4wa9,kinase
4waf,kinase
4wag,kinase
4wbg,hydrolase
4wbo,kinase
4wcf,oxidoreductase
4wci,immune/signaling
4wcu,hydrolase
4wef,immune/signaling
4wet,oxidoreductase
4wey,oxidoreductase
4wf2,ligase
4wf4,oxidoreductase
4wf6,protease
4wgi,transport/binding
4wh7,protease
4wh9,protease
4whh,kinase
4whl,kinase
4whq,oxidoreductase
4whr,oxidoreductase
4whs,oxidoreductase
4wht,immune/signaling
4why,immune/signaling
4whz,kinase
4wi1,ligase
4wj5,immune/signaling
4wj7,other
4wk1,immune/signaling
4wk2,immune/signaling
4wk7,protease
4wkb,protease
4wkc,protease
4wke,protease
4wki,protease
4wkn,protease
4wko,protease
4wkp,protease
4wks,protease
4wkt,protease
4wku,protease
4wkv,protease
4wlb,nuclear receptor
4wm9,hydrolase
4wmc,hydrolase
4wmu,other
4wmv,other
4wmx,other
4wmy,transport/binding
4wn0,transport/binding
4wn1,protease
4wn5,other
4wnk,kinase
4wnm,kinase
4wno,kinase
4wnp,kinase
4wop,ligase
4wov,kinase
4wp7,oxidoreductase
4wpf,nuclear receptor
4wph,hydrolase
4wpn,oxidoreductase
4wq2,protease
4wq3,protease
4wr7,lyase
4wr8,isomerase
4wrb,isomerase
4wri,transport/binding
4wrq,immune/signaling
4wrs,kinase
4wsj,hydrolase
4wsk,hydrolase
4wsy,kinase
4wt2,ligase
4wt6,kinase
4wtu,protease
4wup,lyase
4wuy,kinase
4wv6,transport/binding
4wvl,kinase
4wvt,other
4wvu,other
4ww6,lyase
4ww8,lyase
4wwn,kinase
4wwo,kinase
4wwp,kinase
4wx4,protease
4wx6,protease
4wx7,protease
4wxi,protease
4wy1,protease
4wy3,protease
4wy6,protease
4wy7,immune/signaling
4wym,immune/signaling
4wyo,ligase
4wyp,hydrolase
4wyy,protease
4wyz,hydrolase
4wz4,protease
4wz5,protease
4wz6,hydrolase
4wz8,ligase
4wzv,nuclear receptor
4x0f,protease
4x0u,oxidoreductase
4x0z,immune/signaling
4x11,immune/signaling
4x13,immune/signaling
4x14,immune/signaling
4x1f,nuclear receptor
4x1n,protease
4x1p,protease
4x1q,protease
4x1r,protease
4x1s,protease
4x21,kinase
4x24,protease
4x2i,immune/signaling
4x2l,protease
4x2s,transport/binding
4x34,other
4x3e,other
4x3h,immune/signaling
4x3i,immune/signaling
4x3k,other
4x3r,protease
4x3s,other
4x3t,other
4x3u,other
4x47,hydrolase
4x48,other
4x49,hydrolase
4x50,transport/binding
4x5p,transport/binding
4x5q,transport/binding
4x5r,transport/binding
4x5y,other
4x5z,other
4x60,kinase
4x61,kinase
4x63,kinase
4x68,protease
4x69,protease
4x6h,hydrolase
4x6i,hydrolase
4x6j,hydrolase
4x6k,hydrolase
4x6m,protease
4x6n,protease
4x6o,protease
4x6s,immune/signaling
4x6x,protease
4x6y,protease
4x7h,kinase
4x7i,protease
4x7j,kinase
4x7k,kinase
4x7l,kinase
4x7n,kinase
4x7o,kinase
4x7q,kinase
4x8g,protease
4x8n,other
4x8o,kinase
4x8p,other
4x8s,protease
4x8t,protease
4x8u,protease
4x8v,protease
4x9r,kinase
4x9v,kinase
4x9w,kinase
4xaq,immune/signaling
4xar,immune/signaling
4xas,immune/signaling
4xbb,protease
4xbd,protease
4xbo,transferase
4xc2,immune/signaling
4xcb,oxidoreductase
4xct,protease
4xcu,kinase
4xdo,oxidoreductase
4xe0,kinase
4xe1,lyase
4xek,kinase
4xg3,kinase
4xg4,kinase
4xg6,kinase
4xg7,kinase
4xg8,kinase
4xg9,kinase
4xgz,other
4xh2,other
4xh6,kinase
4xhe,transport/binding
4xhk,kinase
4xhl,kinase
4xhv,immune/signaling
4xii,hydrolase
4xip,immune/signaling
4xiq,immune/signaling
4xir,immune/signaling
4xit,immune/signaling
4xj0,kinase
4xjs,transferase
4xjt,transferase
4xk9,transport/binding
4xkb,transport/binding
4xkc,transport/binding
4xkx,protease
4xm6,protease
4xm7,protease
4xm8,protease
4xmb,other
4xmo,kinase
4xmr,immune/signaling
4xnv,GPCR
4xnw,GPCR
4xo8,other
4xoc,isomerase
4xoe,isomerase
4xpj,other
4xqa,immune/signaling
4xqb,immune/signaling
4xqu,immune/signaling
4xrq,immune/signaling
4xs2,kinase
4xsx,transferase
4xsy,transferase
4xsz,transferase
4xt2,other
4xt9,other
4xta,nuclear receptor
4xtm,transport/binding
4xtp,transport/binding
4xtt,transport/binding
4xtv,ligase
4xty,ligase
4xtz,ligase
4xu0,ligase
4xu1,ligase
4xu2,ligase
4xu3,ligase
4xua,transport/binding
4xub,transport/binding
4xuc,kinase
4xue,kinase
4xuh,nuclear receptor
4xum,nuclear receptor
4xuz,hydrolase
4xv1,kinase
4xv2,kinase
4xv3,kinase
4xv9,kinase
4xwk,hydrolase
4xx3,protease
4xx4,protease
4xx9,kinase
4xxh,other
4xxs,protease
4xy2,protease
4xy8,other
4xy9,other
4xya,other
4xyc,ligase
4xyf,kinase
4xyn,transport/binding
4y0a,kinase
4y16,immune/signaling
4y24,transport/binding
4y29,nuclear receptor
4y2b,protease
4y2j,oxidoreductase
4y2p,oxidoreductase
4y2q,oxidoreductase
4y2s,oxidoreductase
4y2t,oxidoreductase
4y2u,oxidoreductase
4y2v,oxidoreductase
4y2x,oxidoreductase
4y2y,oxidoreductase
4y32,transport/binding
4y38,protease
4y3b,other
4y3j,protease
4y3y,protease
4y46,kinase
4y4g,protease
4y4j,protease
4y4v,protease
4y59,transport/binding
4y5d,transport/binding
4y5h,kinase
4y5i,immune/signaling
4y5s,oxidoreductase
4y62,transferase
4y64,transferase
4y67,oxidoreductase
4y6m,hydrolase
4y6p,oxidoreductase
4y6r,oxidoreductase
4y6s,oxidoreductase
4y73,kinase
4y79,hydrolase
4y7r,transport/binding
4y83,kinase
4y85,kinase
4y87,protease
4y8c,protease
4y8d,kinase
4y8x,protease
4y8y,protease
4y8z,protease
4y94,kinase
4ya8,hydrolase
4yab,other
4yad,other
4yas,lyase
4yat,other
4yax,other
4yay,GPCR
4yb5,transferase
4yb6,transferase
4yb7,transferase
4ybi,protease
4ybj,kinase
4ybk,kinase
4ybm,other
4ybs,other
4ybt,other
4yc0,kinase
4yc8,kinase
4yc9,other
4ycl,hydrolase
4ycm,hydrolase
4ycn,hydrolase
4ycu,ligase
4ycv,ligase
4ycw,ligase
4ydf,protease
4ydg,protease
4ydn,transport/binding
4ydq,ligase
4ye3,protease
4yec,protease
4yee,kinase
4yef,kinase
4yes,protease
4yff,kinase
4yfi,kinase
4ygf,lyase
4yh3,other
4yh4,other
4yha,lyase
4yhf,kinase
4yhm,immune/signaling
4yho,immune/signaling
4yhp,immune/signaling
4yhq,protease
4yht,kinase
4yhz,immune/signaling
4yih,protease
4yik,protease
4yje,other
4yjl,other
4yjn,kinase
4yk0,transferase
4yk5,isomerase
4yk6,other
4ykj,other
4ykk,other
4ykn,kinase
4yl0,isomerase
4yl1,isomerase
4yl3,isomerase
4ylj,kinase
4ylk,kinase
4yll,kinase
4ylu,protease
4ym2,transport/binding
4ym4,immune/signaling
4ymb,immune/signaling
4ymg,transferase
4ymh,transferase
4ymj,kinase
4yml,protease
4ymq,nuclear receptor
4ymx,transport/binding
4ynb,hydrolase
4ynd,transferase
4yne,kinase
4ynk,other
4ynl,other
4yo6,kinase
4yo8,protease
4yog,protease
4yoi,protease
4yoj,protease
4yoz,other
4yp1,immune/signaling
4yp8,kinase
4ypf,ligase
4yps,kinase
4yqh,protease
4yqm,kinase
4yqu,kinase
4yqv,kinase
4yrc,ligase
4yrd,oxidoreductase
4yrg,ligase
4yrr,ligase
4yrs,ligase
4yrt,ligase
4ys7,protease
4ysi,hydrolase
4ysl,hydrolase
4yt6,protease
4yt7,protease
4ytc,kinase
4ytf,kinase
4yth,kinase
4yti,kinase
4yur,kinase
4yuw,transferase
4yux,transferase
4yuy,transferase
4yuz,transferase
4yv0,transferase
4yv1,transferase
4yv2,transferase
4yv5,other
4yv8,hydrolase
4yv9,transport/binding
4yvc,kinase
4yve,kinase
4yvz,transferase
4yw2,hydrolase
4yw6,transport/binding
4yw7,transport/binding
4ywa,transport/binding
4yx4,lyase
4yx9,protease
4yxd,oxidoreductase
4yxi,lyase
4yxo,lyase
4yxu,lyase
4yy6,other
4yyi,other
4yyl,protease
4yym,other
4yyn,other
4yyt,lyase
4yz5,hydrolase
4yz9,kinase
4yzc,kinase
4yzm,kinase
4yzn,kinase
4yzu,protease
4z07,kinase
4z0d,other
4z0e,other
4z0f,other
4z0k,protease
4z0q,lyase
4z0u,hydrolase
4z16,kinase
4z1e,lyase
4z1j,lyase
4z1k,lyase
4z1n,lyase
4z1q,other
4z1s,immune/signaling
4z22,hydrolase
4z2b,protease
4z2g,protease
4z2h,protease
4z2i,protease
4z2j,protease
4z2k,protease
4z2l,protease
4z2o,transport/binding
4z2p,transport/binding
4z3v,kinase
4z46,hydrolase
4z5w,other
4z68,other
4z6h,other
4z6i,other
4z7f,transport/binding
4z7h,kinase
4z7n,immune/signaling
4z7o,immune/signaling
4z7q,immune/signaling
4z83,kinase
4z84,kinase
4z88,transport/binding
4z89,transport/binding
4z8a,transport/binding
4z8d,kinase
4z8m,ligase
4z90,transport/binding
4z93,other
4z9l,kinase
4za0,lyase
4zae,protease
4zam,protease
4zb6,transferase
4zb8,transferase
4zba,transferase
4zbf,other
4zbi,other
4zcs,transferase
4zcw,lyase
4zdu,immune/signaling
4ze6,protease
4zeb,transport/binding
4zec,transport/binding
4zed,transport/binding
4zei,transport/binding
4zek,transport/binding
4zfi,ligase
4zg6,protease
4zg7,protease
4zg9,protease
4zga,protease
4zgk,ligase
4zh2,kinase
4zh3,kinase
4zh4,kinase
4zhl,protease
4zhm,protease
4zij,oxidoreductase
4zim,kinase
4zip,protease
4zj8,immune/signaling
4zjc,transferase
4zji,kinase
4zjj,kinase
4zjr,other
4zjw,other
4zk5,kinase
4zki,kinase
4zl4,protease
4zla,protease
4zlo,kinase
4zls,protease
4zly,kinase
4zlz,kinase
4zme,kinase
4zmf,kinase
4znx,immune/signaling
4zo5,protease
4zom,other
4zow,transport/binding
4zpe,protease
4zpf,protease
4zpg,protease
4zph,other
4zqt,protease
4zro,protease
4zs0,kinase
4zs2,other
4zs3,other
4zs9,transport/binding
4zsa,kinase
4zsg,kinase
4zsh,nuclear receptor
4zsj,kinase
4zsl,kinase
4zsm,protease
4zsp,protease
4zsq,protease
4zsr,protease
4zt2,ligase
4zt3,ligase
4zt4,ligase
4zt5,ligase
4zt6,ligase
4zt7,ligase
4zt8,hydrolase
4ztl,kinase
4ztm,kinase
4ztn,kinase
4ztq,kinase
4ztr,kinase
4zts,kinase
4zud,GPCR
4zum,protease
4zun,protease
4zuo,protease
4zup,protease
4zuq,protease
4zur,protease
4zv1,transport/binding
4zv2,transport/binding
4zvi,isomerase
4zw3,protease
4zw5,protease
4zw6,protease
4zw7,protease
4zw8,protease
4zwx,lyase
4zwy,lyase
4zwz,lyase
4zx0,lyase
4zx1,lyase
4zx3,protease
4zx4,protease
4zx5,protease
4zx6,protease
4zx8,protease
4zx9,protease
4zxx,protease
4zxy,protease
4zy0,protease
4zy1,protease
4zy2,protease
4zy4,kinase
4zy5,kinase
4zy6,kinase
4zyc,ligase
4zyf,other
4zyi,other
4zyq,protease
4zyr,transport/binding
4zyt,kinase
4zyu,kinase
4zyv,kinase
4zyw,kinase
4zyx,kinase
4zyy,kinase
4zyz,kinase
4zz0,kinase
4zz1,kinase
4zz2,kinase
4zz3,kinase
4zzd,other
4zzx,transferase
4zzy,transferase
4zzz,transferase
5a00,transferase
5a09,protease
5a0a,protease
5a0b,protease
5a0c,protease
5a0e,isomerase
5a14,kinase
5a1f,oxidoreductase
5a2i,immune/signaling
5a2j,transport/binding
5a2k,immune/signaling
5a2s,hydrolase
5a3h,hydrolase
5a3n,oxidoreductase
5a3o,transport/binding
5a3q,hydrolase
5a3r,hydrolase
5a3s,hydrolase
5a3t,oxidoreductase
5a3u,oxidoreductase
5a3w,oxidoreductase
5a3x,kinase
5a46,kinase
5a4c,kinase
5a4e,transferase
5a4l,transferase
5a4q,transferase
5a4t,transferase
5a54,transferase
5a5d,transport/binding
5a5o,hydrolase
5a5p,hydrolase
5a5q,hydrolase
5a5r,hydrolase
5a5s,hydrolase
5a5v,transport/binding
5a5z,hydrolase
5a69,hydrolase
5a6a,hydrolase
5a6b,hydrolase
5a6h,lyase
5a6i,transport/binding
5a6k,hydrolase
5a6n,kinase
5a6x,transport/binding
5a7c,transport/binding
5a7i,hydrolase
5a7j,hydrolase
5a7y,transferase
5a81,hydrolase
5a82,other
5a83,hydrolase
5a85,hydrolase
5a8x,protease
5a8y,protease
5a8z,protease
5a9u,kinase
5aa8,kinase
5aa9,kinase
5aaa,kinase
5aab,kinase
5aac,kinase
5aad,kinase
5aae,kinase
5aaf,kinase
5aag,kinase
5aan,transport/binding
5ab1,other
5ab9,immune/signaling
5abe,hydrolase
5abf,hydrolase
5abg,hydrolase
5abh,hydrolase
5abp,transport/binding
5abw,protease
5acb,transferase
5acw,hydrolase
5acx,hydrolase
5acy,other
5ad1,transport/binding
5adq,transferase
5adr,transferase
5ads,transferase
5adt,transferase
5aeh,transferase
5aei,other
5ael,transferase
5aen,protease
5aep,kinase
5aer,immune/signaling
5aes,hydrolase
5afj,transport/binding
5afk,transport/binding
5afl,transport/binding
5afm,transport/binding
5afn,transport/binding
5afv,kinase
5afx,transferase
5agu,transferase
5agv,transferase
5ah2,transferase
5ahj,hydrolase
5ahu,transferase
5ahw,immune/signaling
5ai0,hydrolase
5ai1,isomerase
5ai4,hydrolase
5ai5,hydrolase
5ai6,hydrolase
5ai8,hydrolase
5ai9,hydrolase
5aia,hydrolase
5aib,hydrolase
5aic,hydrolase
5aip,other
5ais,transferase
5aiv,transferase
5aix,transferase
5ajc,transport/binding
5ajo,transferase
5ajp,transferase
5ajv,transferase
5ajw,transferase
5ajx,transferase
5ajy,transferase
5ajz,transferase
5ak0,transferase
5ak2,nuclear receptor
5ak3,hydrolase
5ak4,hydrolase
5ak5,hydrolase
5ak6,hydrolase
5ake,hydrolase
5akg,hydrolase
5akh,hydrolase
5aki,hydrolase
5akj,hydrolase
5akk,hydrolase
5akl,hydrolase
5aku,transferase
5akw,transferase
5akz,hydrolase
5al1,transferase
5al2,transferase
5al3,transferase
5al4,transferase
5al5,transferase
5alb,immune/signaling
5alc,immune/signaling
5ald,hydrolase
5ale,hydrolase
5alf,hydrolase
5alg,hydrolase
5alh,hydrolase
5ali,hydrolase
5alj,hydrolase
5alk,hydrolase
5all,hydrolase
5alm,hydrolase
5aln,hydrolase
5alo,hydrolase
5alp,hydrolase
5alr,hydrolase
5als,hydrolase
5alt,hydrolase
5alu,hydrolase
5alv,hydrolase
5alw,hydrolase
5alx,hydrolase
5aly,hydrolase
5alz,hydrolase
5am0,hydrolase
5am1,hydrolase
5am2,hydrolase
5am3,hydrolase
5am4,hydrolase
5am5,hydrolase
5am6,kinase
5am7,transferase
5amd,lyase
5amg,lyase
5aml,lyase
5amn,kinase
5anq,oxidoreductase
5ans,hydrolase
5ant,hydrolase
5anu,hydrolase
5anv,hydrolase
5anw,hydrolase
5aoi,immune/signaling
5aoj,immune/signaling
5aok,immune/signaling
5aol,immune/signaling
5aom,immune/signaling
5ap0,kinase
5ap1,kinase
5ap2,kinase
5ap3,kinase
5ap4,kinase
5ap5,kinase
5ap6,kinase
5ap7,kinase
5aph,other
5apj,other
5apr,protease
5aqf,immune/signaling
5aqg,immune/signaling
5aqh,immune/signaling
5aqj,immune/signaling
5aqn,immune/signaling
5aqo,immune/signaling
5aqp,immune/signaling
5aqq,immune/signaling
5aqr,immune/signaling
5aqt,immune/signaling
5aqu,immune/signaling
5aqv,immune/signaling
5aqz,immune/signaling
5ar0,immune/signaling
5ar4,kinase
5ar5,kinase
5ar7,kinase
5ar8,kinase
5arf,transferase
5arg,oxidoreductase
5aut,kinase
5auu,kinase
5auv,kinase
5auw,kinase
5aux,kinase
5auy,kinase
5auz,kinase
5av0,kinase
5ave,immune/signaling
5avf,immune/signaling
5avi,other
5awj,other
5awt,other
5awu,other
5ax3,kinase
5ax9,kinase
5axi,ligase
5axp,protease
5axq,protease
5ayf,kinase
5ayt,transport/binding
5ayy,transferase
5azf,other
5azg,other
5b0x,kinase
5b1s,transferase
5b25,protease
5b2d,immune/signaling
5b4k,protease
5b4l,protease
5b4w,immune/signaling
5b56,immune/signaling
5b5b,other
5b5f,transport/binding
5b5g,transport/binding
5b5o,protease
5b5p,protease
5b6c,hydrolase
5b6g,other
5bjt,transport/binding
5bml,kinase
5bmm,kinase
5bms,kinase
5bnj,kinase
5bnm,kinase
5bnr,kinase
5bns,kinase
5boj,transport/binding
5bot,protease
5boy,protease
5bpa,protease
5bpe,protease
5bpp,protease
5bq0,kinase
5bqg,isomerase
5bqh,isomerase
5bqi,isomerase
5bqs,kinase
5brn,kinase
5bry,protease
5brz,immune/signaling
5bs0,immune/signaling
5bs4,protease
5bsk,kinase
5btr,hydrolase
5btv,transport/binding
5btx,other
5bue,kinase
5bui,kinase
5buj,kinase
5bvd,kinase
5bve,kinase
5bvf,kinase
5bvk,transferase
5bvn,transferase
5bvo,transferase
5bvw,transferase
5bw4,transferase
5bwb,protease
5bwc,protease
5byi,lyase
5byy,kinase
5byz,kinase
5c0k,ligase
5c0m,other
5c11,hydrolase
5c13,hydrolase
5c1m,immune/signaling
5c1w,protease
5c1x,protease
5c1y,protease
5c20,protease
5c26,kinase
5c29,protease
5c2a,protease
5c2e,protease
5c2o,hydrolase
5c3k,ligase
5c3p,oxidoreductase
5c42,transferase
5c4k,transferase
5c4l,transferase
5c4o,other
5c4s,other
5c4t,other
5c4u,other
5c5h,ligase
5c5t,oxidoreductase
5c6o,transport/binding
5c6p,transport/binding
5c6v,other
5c7a,ligase
5c7b,other
5c7c,ligase
5c7d,ligase
5c7e,other
5c7f,other
5c7n,transferase
5c83,ligase
5c84,ligase
5c85,transport/binding
5c87,transport/binding
5c8k,kinase
5c8m,kinase
5c8n,kinase
5c91,ligase
5cal,kinase
5can,kinase
5cao,kinase
5cap,kinase
5caq,kinase
5cas,kinase
5cau,kinase
5cav,kinase
5cbm,protease
5cbr,other
5cbs,immune/signaling
5cc2,immune/signaling
5ccl,kinase
5ccm,kinase
5cdh,protease
5ceh,oxidoreductase
5cei,kinase
5ceo,kinase
5cep,kinase
5ceq,kinase
5cf4,kinase
5cf5,kinase
5cf6,kinase
5cf8,kinase
5cfa,other
5cfb,transport/binding
5cgc,GPCR
5cgd,GPCR
5cgj,other
5cgv,protease
5chk,other
5ci7,kinase
5cil,immune/signaling
5cin,immune/signaling
5cj6,nuclear receptor
5cjf,lyase
5ckr,transferase
5cks,kinase
5clm,protease
5cls,protease
5cnj,immune/signaling
5cnm,immune/signaling
5cp5,immune/signaling
5cp9,other
5cpr,transferase
5cqj,kinase
5cqt,immune/signaling
5cqu,kinase
5cqx,hydrolase
5cr7,hydrolase
5cs2,hydrolase
5cs3,other
5cs5,other
5cs6,transferase
5csd,transport/binding
5csh,transferase
5cso,hydrolase
5csp,transferase
5cst,hydrolase
5csw,kinase
5csx,kinase
5csz,immune/signaling
5ct1,other
5ct2,other
5ct7,kinase
5ctb,kinase
5ctc,kinase
5cte,kinase
5cu2,transferase
5cu4,transferase
5cuh,hydrolase
5cuq,transferase
5cuu,hydrolase
5cvd,transferase
5cw8,other
5cwa,transferase
5cxa,hydrolase
5cxh,kinase
5cxi,other
5cxz,kinase
5cy3,kinase
5cy9,immune/signaling
5cyi,transferase
5cyv,other
5czb,transferase
5czm,hydrolase
5d0c,immune/signaling
5d0j,immune/signaling
5d0r,lyase
5d10,kinase
5d11,kinase
5d12,kinase
5d1j,kinase
5d1n,transferase
5d1r,other
5d1s,protease
5d1t,protease
5d1u,protease
5d1w,other
5d21,transport/binding
5d24,other
5d25,other
5d26,other
5d29,protease
5d2a,transport/binding
5d2r,protease
5d3c,hydrolase
5d3h,other
5d3j,other
5d3l,other
5d3n,other
5d3p,other
5d3s,other
5d3t,other
5d3x,transport/binding
5d45,transport/binding
5d47,transport/binding
5d48,transport/binding
5d4a,transport/binding
5d6e,protease
5d6f,protease
5d6j,ligase
5d6p,isomerase
5d6q,isomerase
5d6y,oxidoreductase
5d75,isomerase
5d7a,kinase
5d7c,isomerase
5d7e,other
5d7r,isomerase
5d7x,transport/binding
5d9k,kinase
5d9l,kinase
5d9p,hydrolase
5da3,kinase
5dah,transport/binding
5db0,other
5db1,other
5db2,other
5db3,other
5dbm,other
5dcz,kinase
5dd0,immune/signaling
5dd9,other
5dda,other
5ddb,other
5ddc,other
5ddd,other
5dde,other
5ddf,other
5dex,transport/binding
5dey,kinase
5dfp,kinase
5dg6,protease
5dgj,protease
5dgm,transferase
5dgu,protease
5dgw,protease
5dgz,kinase
5dh3,kinase
5dh4,protease
5dh5,protease
5dhf,transport/binding
5dhg,GPCR
5dhh,GPCR
5dhj,kinase
5dhp,kinase
5dhq,kinase
5di1,kinase
5dia,kinase
5dif,transport/binding
5diq,transferase
5dit,isomerase
5diu,isomerase
5div,isomerase
5dj5,hydrolase
5djp,transferase
5djr,transferase
5djv,transferase
5dk4,ligase
5dkn,transport/binding
5dkr,transport/binding
5dl1,protease
5dls,kinase
5dlv,hydrolase
5dlx,other
5dlz,other
5dms,kinase
5dnu,hydrolase
5doh,lyase
5dp4,protease
5dp5,protease
5dp6,protease
5dp7,protease
5dp8,protease
5dp9,protease
5dpa,protease
5dpw,other
5dpx,hydrolase
5dq8,other
5dqc,protease
5dqe,other
5dqf,transport/binding
5drc,transferase
5dri,transferase
5dro,protease
5drq,protease
5drr,protease
5drs,lyase
5drt,transferase
5dry,transferase
5dsx,transferase
5dt2,transferase
5dtj,protease
5dtk,hydrolase
5dtm,transferase
5dtq,transferase
5dtr,transferase
5dts,hydrolase
5dtt,hydrolase
5dtw,lyase
5du4,lyase
5du6,lyase
5du8,lyase
5duc,lyase
5duf,lyase
5dus,immune/signaling
5duw,transport/binding
5dv4,hydrolase
5dva,hydrolase
5dw1,other
5dw2,other
5dx3,nuclear receptor
5dx4,immune/signaling
5dxb,nuclear receptor
5dxe,nuclear receptor
5dxg,nuclear receptor
5dxh,kinase
5dxt,kinase
5dxu,kinase
5dy5,hydrolase
5dy7,transport/binding
5dya,transport/binding
5dyo,immune/signaling
5dyt,hydrolase
5dyw,hydrolase
5dyy,hydrolase
5e0a,immune/signaling
5e0g,protease
5e0h,protease
5e0j,protease
5e0l,transport/binding
5e0m,transport/binding
5e13,hydrolase
5e1b,transferase
5e1d,transferase
5e1e,kinase
5e1m,transferase
5e1o,transferase
5e1s,kinase
5e28,lyase
5e2k,lyase
5e2l,transferase
5e2m,lyase
5e2n,lyase
5e2o,protease
5e2p,protease
5e2q,protease
5e2r,lyase
5e2s,lyase
5e2v,immune/signaling
5e2w,immune/signaling
5e3a,protease
5e3d,transport/binding
5e3g,transport/binding
5e4w,transport/binding
5e5g,transferase
5e6o,other
5e73,other
5e74,other
5e7n,other
5e7r,kinase
5e80,transport/binding
5e88,transport/binding
5e89,transport/binding
5e8a,transport/binding
5e8f,hydrolase
5e8r,transferase
5e8w,kinase
5e8z,kinase
5e90,kinase
5e91,kinase
5ea3,immune/signaling
5ea4,immune/signaling
5ea5,immune/signaling
5ea6,immune/signaling
5ea7,immune/signaling
5eak,kinase
5eay,transport/binding
5eb2,other
5eb3,other
5ece,kinase
5ech,transferase
5eci,transferase
5ect,hydrolase
5ecv,kinase
5edb,transport/binding
5edc,transport/binding
5edd,hydrolase
5edi,hydrolase
5edl,transport/binding
5edq,kinase
5edr,kinase
5eds,kinase
5edu,protease
5ee7,GPCR
5ee8,protease
5eec,protease
5eef,protease
5eei,protease
5eek,protease
5eel,immune/signaling
5een,protease
5eeq,immune/signaling
5ef7,protease
5ef8,protease
5efb,protease
5efh,hydrolase
5efj,protease
5eg4,hydrolase
5ega,protease
5egm,protease
5egs,transferase
5egu,other
5eh0,kinase
5eh5,lyase
5eh7,lyase
5eh8,lyase
5ehe,lyase
5ehg,transferase
5ehi,transferase
5ehn,hydrolase
5ehp,protease
5ehq,hydrolase
5ehr,protease
5ehv,transferase
5ehw,transferase
5ehy,kinase
5ei2,kinase
5ei3,other
5ei4,other
5ei6,kinase
5ei8,kinase
5eie,hydrolase
5eif,transferase
5eij,lyase
5eis,other
5eiw,transferase
5eje,kinase
5ejl,transport/binding
5ejv,other
5ejw,other
5ek0,other
5ek9,other
5ekg,other
5ekh,lyase
5ekj,lyase
5ekm,lyase
5ekn,kinase
5eko,kinase
5ekx,transferase
5el2,transport/binding
5el9,lyase
5eld,other
5ele,other
5elf,other
5elq,other
5elv,other
5elw,lyase
5ely,protease
5elz,kinase
5em3,transport/binding
5em5,kinase
5em6,kinase
5em7,kinase
5em8,kinase
5em9,other
5ema,other
5emj,kinase
5emk,kinase
5eml,kinase
5emm,kinase
5en3,transport/binding
5enb,immune/signaling
5enc,immune/signaling
5ene,immune/signaling
5enf,immune/signaling
5eng,transferase
5enh,immune/signaling
5eni,immune/signaling
5enj,immune/signaling
5enk,protease
5enm,protease
5eob,transferase
5eoc,immune/signaling
5eok,hydrolase
5eol,kinase
5eom,transferase
5eou,transport/binding
5ep7,transferase
5epk,other
5epl,other
5epn,protease
5epp,protease
5epr,transport/binding
5eps,transport/binding
5epy,protease
5eq0,other
5eq1,transport/binding
5eqe,kinase
5eqp,kinase
5eqq,protease
5eqy,kinase
5er1,protease
5er2,protease
5er4,transport/binding
5er5,transport/binding
5erg,transferase
5es1,kinase
5esq,immune/signaling
5est,protease
5eta,transferase
5etb,transport/binding
5etf,kinase
5eth,other
5etj,kinase
5etk,kinase
5etl,kinase
5etm,kinase
5etn,kinase
5eto,kinase
5etp,kinase
5etq,kinase
5etr,kinase
5ets,kinase
5ett,kinase
5etu,immune/signaling
5etv,kinase
5etx,protease
5ety,transferase
5eu1,other
5eud,lyase
5eue,lyase
5euk,immune/signaling
5ev8,hydrolase
5eva,transport/binding
5evb,hydrolase
5evd,hydrolase
5evk,hydrolase
5evz,immune/signaling
5ew0,hydrolase
5ew3,kinase
5ew9,kinase
5ewa,hydrolase
5ewd,transport/binding
5ewh,transport/binding
5ewj,transport/binding
5ewk,kinase
5ewm,transport/binding
5ewy,kinase
5ewz,immune/signaling
5exl,protease
5exm,protease
5exn,protease
5exw,immune/signaling
5ey4,immune/signaling
5ey8,ligase
5ey9,ligase
5eyc,kinase
5eyd,kinase
5eyk,kinase
5eym,kinase
5eyr,other
5eyz,other
5ez0,kinase
5ezg,other
5ezh,other
5ezx,protease
5ezz,protease
5f00,protease
5f01,protease
5f02,protease
5f04,other
5f08,other
5f0c,other
5f0f,other
5f0h,other
5f1c,other
5f1h,other
5f1j,other
5f1l,other
5f1r,transport/binding
5f1u,transferase
5f1v,transferase
5f1x,immune/signaling
5f1z,kinase
5f20,kinase
5f25,other
5f27,other
5f29,transport/binding
5f2f,transport/binding
5f2k,transferase
5f2p,other
5f2r,immune/signaling
5f2s,oxidoreductase
5f2u,transport/binding
5f2w,oxidoreductase
5f32,oxidoreductase
5f37,oxidoreductase
5f39,oxidoreductase
5f3c,oxidoreductase
5f3e,oxidoreductase
5f3g,oxidoreductase
5f3i,oxidoreductase
5f3t,transferase
5f3z,transferase
5f41,transferase
5f4l,immune/signaling
5f4n,transferase
5f4p,immune/signaling
5f4r,immune/signaling
5f4u,immune/signaling
5f5b,protease
5f5i,oxidoreductase
5f5z,other
5f60,other
5f61,other
5f62,other
5f63,other
5f67,other
5f6d,ligase
5f6u,ligase
5f6v,ligase
5f74,other
5f88,immune/signaling
5f8y,transport/binding
5f90,transport/binding
5f91,lyase
5f94,kinase
5f95,kinase
5f9b,nuclear receptor
5f9e,kinase
5fa7,protease
5fah,hydrolase
5fao,protease
5fap,protease
5faq,protease
5fas,protease
5fat,protease
5fb0,immune/signaling
5fb1,immune/signaling
5fb7,transport/binding
5fbe,hydrolase
5fbi,hydrolase
5fbn,kinase
5fbo,kinase
5fck,hydrolase
5fcw,hydrolase
5fcz,hydrolase
5fd2,kinase
5fdc,lyase
5fdd,protease
5fdg,protease
5fdi,lyase
5fdo,other
5fdp,kinase
5fdr,other
5fdz,transferase
5fe6,transferase
5fe7,transferase
5fe9,transferase
5ff6,immune/signaling
5fgk,kinase
5fh6,other
5fh7,other
5fh8,other
5fhm,other
5fhn,other
5fho,immune/signaling
5fi2,protease
5fi6,protease
5fi7,protease
5fiv,protease
5fjw,transport/binding
5fjx,transport/binding
5fkj,hydrolase
5fky,hydrolase
5fl0,hydrolase
5fl1,hydrolase
5fl4,lyase
5fl5,lyase
5fl6,lyase
5flo,lyase
5flp,lyase
5flq,lyase
5fls,lyase
5flt,lyase
5fnc,immune/signaling
5fnd,immune/signaling
5fnf,immune/signaling
5fng,lyase
5fni,lyase
5fnj,lyase
5fnq,other
5fnr,other
5fns,other
5fnt,other
5fnu,other
5fog,lyase
5fol,lyase
5foo,hydrolase
5fos,hydrolase
5fot,hydrolase
5fou,hydrolase
5fov,hydrolase
5fow,hydrolase
5fox,hydrolase
5fp0,hydrolase
5fpi,other
5fpk,hydrolase
5fpp,hydrolase
5fpu,other
5fq9,hydrolase
5fqb,hydrolase
5fqc,hydrolase
5fqp,nuclear receptor
5fqr,nuclear receptor
5fqs,nuclear receptor
5fqt,nuclear receptor
5fqv,nuclear receptor
5fs5,other
5fsb,transport/binding
5fsc,transport/binding
5fsl,hydrolase
5fsm,hydrolase
5fsn,hydrolase
5fso,hydrolase
5fsx,hydrolase
5fsy,hydrolase
5ftg,kinase
5fto,kinase
5ftq,kinase
5fue,hydrolase
5ful,transferase
5fum,hydrolase
5fun,oxidoreductase
5fus,lyase
5fut,kinase
5fv7,hydrolase
5fwa,transferase
5fwg,transferase
5fwj,oxidoreductase
5fwr,other
5fxq,transferase
5fxr,transferase
5fxs,transferase
5fyq,hydrolase
5fyx,transport/binding
5g10,hydrolase
5g11,hydrolase
5g17,hydrolase
5g1a,hydrolase
5g1c,hydrolase
5g1n,transferase
5g1p,transferase
5g1z,transferase
5g22,transferase
5g2b,hydrolase
5g2g,isomerase
5g2n,kinase
5g3m,hydrolase
5g3n,hydrolase
5g3w,hydrolase
5g42,transport/binding
5g43,transport/binding
5g45,transport/binding
5g46,transport/binding
5g4m,immune/signaling
5g4n,immune/signaling
5g4o,immune/signaling
5g53,GPCR
5g57,hydrolase
5g5f,transferase
5g5v,hydrolase
5g5z,transport/binding
5g60,transport/binding
5g61,transport/binding
5g6u,transport/binding
5gg4,hydrolase
5ggj,transferase
5ggk,transferase
5ggl,transferase
5ggn,transferase
5ggo,transferase
5ggp,transferase
5ggz,immune/signaling
5ghv,kinase
5gic,nuclear receptor
5gid,nuclear receptor
5gj9,oxidoreductase
5gja,oxidoreductase
5gjd,kinase
5gjf,kinase
5gjg,kinase
5glu,transport/binding
5gmh,immune/signaling
5gmi,immune/signaling
5gmj,immune/signaling
5gmm,lyase
5gmn,lyase
5gmp,transferase
5gmu,transferase
5gmv,other
5gn5,kinase
5gn6,kinase
5gn7,oxidoreductase
5gn9,oxidoreductase
5gnk,transferase
5go2,transferase
5gow,other
5gp7,transferase
5gr9,transferase
5gs4,nuclear receptor
5gs9,immune/signaling
5gsa,kinase
5gso,protease
5gsw,protease
5gtr,nuclear receptor
5gty,transferase
5gu4,hydrolase
5gub,transport/binding
5gut,transferase
5gv2,immune/signaling
5gvk,kinase
5gvl,kinase
5gvm,kinase
5gvn,kinase
5gvp,kinase
5gwa,hydrolase
5gwy,protease
5gwz,protease
5gx6,transport/binding
5gx7,transport/binding
5h08,protease
5h09,kinase
5h0b,kinase
5h0e,kinase
5h0g,kinase
5h0h,kinase
5h13,kinase
5h14,kinase
5h15,kinase
5h17,kinase
5h19,kinase
5h1e,other
5h1t,other
5h1u,other
5h1v,other
5h21,transport/binding
5h22,immune/signaling
5h2u,kinase
5h3q,kinase
5h4j,protease
5h5f,transferase
5h5q,oxidoreductase
5h5r,oxidoreductase
5h5s,oxidoreductase
5h63,transferase
5h6v,protease
5h7g,other
5h7h,other
5h85,transferase
5h8b,kinase
5h8e,kinase
5h8g,kinase
5h8x,hydrolase
5h9p,transport/binding
5h9q,transport/binding
5h9r,transport/binding
5h9s,transport/binding
5ha1,transport/binding
5ha9,kinase
5hbe,kinase
5hbh,kinase
5hbj,kinase
5hbs,transport/binding
5hcl,other
5hct,hydrolase
5hcv,immune/signaling
5hcx,kinase
5hcy,kinase
5hd0,protease
5hda,immune/signaling
5hdu,protease
5hdv,protease
5hdx,protease
5hdz,protease
5he0,kinase
5he1,kinase
5he2,kinase
5he3,kinase
5he4,protease
5he5,protease
5he7,protease
5heb,transport/binding
5hed,transport/binding
5hes,kinase
5hex,kinase
5hey,transport/binding
5hf1,transport/binding
5hfb,transport/binding
5hfc,transport/binding
5hff,transport/binding
5hfj,transport/binding
5hfu,kinase
5hg1,kinase
5hg5,kinase
5hg7,kinase
5hg8,kinase
5hg9,kinase
5hgc,other
5hgq,ligase
5hh4,hydrolase
5hh5,hydrolase
5hh6,hydrolase
5hhx,immune/signaling
5hi7,transferase
5hip,transport/binding
5his,transport/binding
5hj9,hydrolase
5hja,hydrolase
5hjb,other
5hjc,immune/signaling
5hjd,other
5hjq,immune/signaling
5hk1,GPCR
5hk2,GPCR
5hk9,protease
5hka,protease
5hkb,protease
5hkh,immune/signaling
5hki,transferase
5hkm,transferase
5hl9,kinase
5hlb,kinase
5hld,kinase
5hln,kinase
5hlp,kinase
5hls,other
5hlw,transferase
5hm0,other
5hm3,ligase
5hmh,ligase
5hmi,ligase
5hmk,ligase
5hmy,kinase
5hn0,kinase
5hn7,kinase
5hn8,kinase
5hn9,kinase
5hna,kinase
5hng,transferase
5ho6,transferase
5ho7,transferase
5ho8,transferase
5hoa,transferase
5hog,other
5hor,transferase
5hpm,immune/signaling
5hrv,other
5hrw,other
5hrx,other
5htb,kinase
5htc,kinase
5htl,other
5htz,protease
5hu0,protease
5hu1,protease
5hu9,kinase
5huw,immune/signaling
5huy,transport/binding
5hv0,oxidoreductase
5hv1,transferase
5hva,hydrolase
5hvp,protease
5hvs,isomerase
5hvt,isomerase
5hvu,kinase
5hvy,transferase
5hwu,hydrolase
5hwv,transferase
5hx6,kinase
5hx8,kinase
5hyq,immune/signaling
5hyr,nuclear receptor
5hz5,transport/binding
5hz6,transport/binding
5hz8,transport/binding
5hz9,transport/binding
5hzn,kinase
5hzx,hydrolase
5i0b,kinase
5i0l,protease
5i12,protease
5i13,protease
5i1q,other
5i22,other
5i24,hydrolase
5i25,hydrolase
5i29,other
5i2e,protease
5i2f,protease
5i2i,immune/signaling
5i2r,hydrolase
5i2z,protease
5i38,oxidoreductase
5i3a,oxidoreductase
5i3m,protease
5i3v,protease
5i3w,protease
5i3x,protease
5i3y,protease
5i40,transport/binding
5i43,protease
5i4o,protease
5i4v,transport/binding
5i56,transport/binding
5i58,transport/binding
5i59,transport/binding
5i5x,transferase
5i5z,kinase
5i7u,protease
5i7x,transport/binding
5i7y,other
5i80,other
5i83,other
5i86,other
5i88,other
5i89,other
5i8b,other
5i8c,immune/signaling
5i8g,other
5i8p,protease
5i94,protease
5i9i,protease
5i9x,kinase
5i9y,kinase
5i9z,kinase
5ia0,kinase
5ia1,kinase
5ia2,kinase
5ia3,kinase
5ia4,kinase
5ia5,kinase
5iaw,other
5iay,ligase
5ick,other
5icp,kinase
5icv,transferase
5icx,immune/signaling
5icy,immune/signaling
5icz,immune/signaling
5id0,immune/signaling
5id1,immune/signaling
5idn,kinase
5idp,kinase
5ie1,protease
5iee,hydrolase
5ief,hydrolase
5ieg,hydrolase
5ien,other
5ieo,other
5iep,other
5ier,other
5iez,other
5if4,other
5if6,other
5ifu,ligase
5igk,other
5igl,other
5igm,other
5igq,hydrolase
5ih2,immune/signaling
5ih5,kinase
5ih6,kinase
5ih8,kinase
5ih9,kinase
5iha,kinase
5ihc,kinase
5ihh,transport/binding
5ii1,other
5ii2,other
5iis,kinase
5ij7,kinase
5ijj,hydrolase
5ijp,transport/binding
5ijr,immune/signaling
5ikb,other
5il1,transport/binding
5im3,oxidoreductase
5ime,kinase
5in9,immune/signaling
5inh,protease
5iok,other
5iop,immune/signaling
5ioy,other
5ioz,other
5ipa,other
5ipj,kinase
5iq6,transferase
5iql,other
5ir1,immune/signaling
5isl,oxidoreductase
5ism,protease
5isz,immune/signaling
5itd,kinase
5itf,immune/signaling
5ito,transport/binding
5itp,transport/binding
5iu2,kinase
5iu4,GPCR
5iu6,transferase
5iu7,GPCR
5iu8,GPCR
5iua,GPCR
5iub,GPCR
5iug,kinase
5iuh,kinase
5iui,kinase
5iv2,immune/signaling
5iv4,lyase
5ivc,oxidoreductase
5ive,oxidoreductase
5ivf,oxidoreductase
5ivj,oxidoreductase
5ivn,transport/binding
5ivs,protease
5ivt,protease
5ivv,oxidoreductase
5ivy,oxidoreductase
5ivz,immune/signaling
5iw0,oxidoreductase
5iwg,hydrolase
5ix0,hydrolase
5ix1,other
5ixf,immune/signaling
5ixq,kinase
5ixt,kinase
5iy4,transport/binding
5iyv,kinase
5iyy,immune/signaling
5iz6,other
5iz8,other
5iz9,other
5iza,other
5izc,oxidoreductase
5izf,kinase
5izj,kinase
5izq,immune/signaling
5izu,other
5j0d,transferase
5j18,other
5j19,other
5j1r,other
5j1v,kinase
5j1w,kinase
5j1x,immune/signaling
5j20,immune/signaling
5j27,immune/signaling
5j2x,immune/signaling
5j31,immune/signaling
5j32,oxidoreductase
5j3l,other
5j3s,hydrolase
5j3v,transport/binding
5j41,kinase
5j47,hydrolase
5j4n,transport/binding
5j4v,hydrolase
5j4y,hydrolase
5j58,ligase
5j59,ligase
5j5d,transferase
5j5r,oxidoreductase
5j5t,kinase
5j5x,kinase
5j64,immune/signaling
5j6a,kinase
5j6d,oxidoreductase
5j6l,immune/signaling
5j6m,immune/signaling
5j6n,immune/signaling
5j6s,protease
5j71,kinase
5j74,immune/signaling
5j75,immune/signaling
5j79,kinase
5j7b,kinase
5j7f,ligase
5j7g,ligase
5j7j,transport/binding
5j7p,isomerase
5j7q,isomerase
5j7s,kinase
5j7w,transferase
5j82,immune/signaling
5j86,immune/signaling
5j87,kinase
5j8i,kinase
5j8m,immune/signaling
5j8u,immune/signaling
5j8x,hydrolase
5j8z,lyase
5j9f,ligase
5j9k,other
5j9l,kinase
5j9x,immune/signaling
5j9y,kinase
5j9z,kinase
5ja0,transferase
5jah,hydrolase
5jal,hydrolase
5jan,hydrolase
5jao,hydrolase
5jap,hydrolase
5jar,hydrolase
5jas,hydrolase
5jat,hydrolase
5jau,hydrolase
5jaz,oxidoreductase
5jbi,oxidoreductase
5jc1,oxidoreductase
5jcb,immune/signaling
5jcj,oxidoreductase
5jdc,oxidoreductase
5jdi,oxidoreductase
5jek,immune/signaling
5jeo,immune/signaling
5jer,immune/signaling
5jf1,hydrolase
5jf2,hydrolase
5jf3,hydrolase
5jf4,hydrolase
5jf5,hydrolase
5jf6,hydrolase
5jf7,hydrolase
5jf8,hydrolase
5jfd,hydrolase
5jfp,protease
5jfr,protease
5jfu,protease
5jg1,protease
5jga,kinase
5jgb,kinase
5jgd,kinase
5jgi,immune/signaling
5jgq,immune/signaling
5jh6,kinase
5jha,kinase
5jhb,kinase
5jhd,immune/signaling
5jhk,immune/signaling
5ji6,protease
5ji8,other
5jic,kinase
5jid,transport/binding
5jim,transport/binding
5jin,transferase
5jiq,transport/binding
5jiy,transferase
5jjm,nuclear receptor
5jjr,transferase
5jjs,transferase
5jk3,kinase
5jlz,immune/signaling
5jm4,immune/signaling
5jmp,oxidoreductase
5jmw,oxidoreductase
5jmx,hydrolase
5jn8,lyase
5jn9,lyase
5jna,lyase
5jnc,lyase
5jnl,oxidoreductase
5jnn,immune/signaling
5jo0,oxidoreductase
5jog,protease
5joh,protease
5jop,immune/signaling
5jox,hydrolase
5jpt,hydrolase
5jq5,kinase
5jq7,immune/signaling
5jq8,kinase
5jq9,kinase
5jqb,immune/signaling
5jr2,kinase
5jr6,protease
5jrq,kinase
5jrs,kinase
5js3,protease
5jsg,other
5jsj,other
5jsm,kinase
5jss,protease
5jt2,kinase
5jt9,protease
5jur,transferase
5juz,kinase
5jv0,kinase
5jv1,kinase
5jv2,kinase
5jvi,protease
5jxn,protease
5jxq,transferase
5jy0,protease
5jy3,nuclear receptor
5jyo,hydrolase
5jyp,hydrolase
5jyy,protease
5jz9,hydrolase
5jzb,hydrolase
5jzi,immune/signaling
5jzn,kinase
5jzs,hydrolase
5jzy,hydrolase
5k00,kinase
5k03,transferase
5k05,transferase
5k09,transferase
5k0b,transferase
5k0c,transferase
5k0f,transferase
5k0h,hydrolase
5k0i,isomerase
5k0j,transferase
5k0m,other
5k0s,ligase
5k0t,ligase
5k0x,kinase
5k13,other
5k1f,hydrolase
5k1i,hydrolase
5k1v,protease
5k32,hydrolase
5k48,hydrolase
5k4i,kinase
5k4j,kinase
5k4l,oxidoreductase
5k4x,oxidoreductase
5k4z,oxidoreductase
5k51,transferase
5k5c,transferase
5k5e,hydrolase
5k5n,kinase
5k5s,immune/signaling
5k6a,oxidoreductase
5k6s,hydrolase
5k76,kinase
5k7h,other
5k8n,hydrolase
5k8o,hydrolase
5k8s,kinase
5k8v,transferase
5k9w,hydrolase
5ka1,hydrolase
5ka3,hydrolase
5ka7,hydrolase
5ka9,hydrolase
5kab,hydrolase
5kad,protease
5kam,transferase
5kap,kinase
5kat,other
5kau,other
5kax,other
5kbe,other
5kbf,kinase
5kbg,other
5kbh,other
5kbi,other
5kbq,kinase
5kbr,kinase
5kby,protease
5kcb,other
5kcv,kinase
5kcx,kinase
5kde,protease
5kdf,protease
5kdr,transferase
5ke0,kinase
5kej,transferase
5kew,immune/signaling
5kez,protease
5kgn,isomerase
5kgw,kinase
5kgx,kinase
5kh3,hydrolase
5kh7,hydrolase
5khd,transport/binding
5khg,transport/binding
5khh,transport/binding
5khi,transport/binding
5khj,transport/binding
5khk,transport/binding
5khm,other
5khx,kinase
5kit,kinase
5kj0,other
5kj2,kinase
5kjk,kinase
5kjm,kinase
5kjn,kinase
5kk8,kinase
5kkr,kinase
5kks,kinase
5kkt,kinase
5klp,transferase
5klr,immune/signaling
5kls,transport/binding
5klt,immune/signaling
5klz,hydrolase
5km0,hydrolase
5km3,hydrolase
5km5,hydrolase
5km9,hydrolase
5kmf,transport/binding
5kmh,transport/binding
5knj,kinase
5knr,transferase
5kns,transferase
5knt,transferase
5knv,transferase
5knx,transferase
5ko1,kinase
5ko5,transferase
5koq,protease
5kos,protease
5kpk,kinase
5kpl,kinase
5kpm,kinase
5kq5,kinase
5kqd,kinase
5kqf,protease
5kqg,protease
5kql,protease
5kqx,protease
5kqy,protease
5kr0,protease
5kr1,protease
5kr2,protease
5kr8,protease
5kre,protease
5ks7,protease
5ksu,immune/signaling
5ksv,immune/signaling
5ksx,kinase
5ktu,transferase
5ktw,transferase
5ktx,transferase
5ku3,transferase
5ku6,lyase
5ku9,protease
5kup,kinase
5kv8,hydrolase
5kv9,hydrolase
5kva,transferase
5kw2,hydrolase
5kww,immune/signaling
5kx7,kinase
5kx8,kinase
5kxc,transport/binding
5kxi,transport/binding
5kya,nuclear receptor
5kyj,nuclear receptor
5kz0,kinase
5kzi,kinase
5kzp,immune/signaling
5kzq,immune/signaling
5l01,oxidoreductase
5l0c,immune/signaling
5l0h,other
5l13,oxidoreductase
5l15,hydrolase
5l17,hydrolase
5l26,transport/binding
5l2i,kinase
5l2m,oxidoreductase
5l2n,oxidoreductase
5l2o,oxidoreductase
5l2s,kinase
5l2t,kinase
5l2w,kinase
5l2y,protease
5l2z,protease
5l30,protease
5l3a,transferase
5l3e,oxidoreductase
5l3f,oxidoreductase
5l3g,oxidoreductase
5l3j,isomerase
5l44,protease
5l4e,transport/binding
5l4f,transport/binding
5l4h,transport/binding
5l4i,transport/binding
5l4j,transport/binding
5l4m,transport/binding
5l6h,ligase
5l6i,ligase
5l6j,ligase
5l6o,kinase
5l6p,kinase
5l72,kinase
5l7e,immune/signaling
5l7f,protease
5l7g,immune/signaling
5l7h,immune/signaling
5l7k,transport/binding
5l87,other
5l8a,immune/signaling
5l8c,hydrolase
5l8n,transport/binding
5l8o,transport/binding
5l8t,other
5l8y,hydrolase
5l96,other
5l97,other
5l98,other
5l99,other
5l9g,transport/binding
5l9h,hydrolase
5l9i,transport/binding
5l9l,transport/binding
5l9o,transport/binding
5laq,hydrolase
5lav,ligase
5law,ligase
5lax,immune/signaling
5lay,ligase
5laz,ligase
5lb7,hydrolase
5lbq,oxidoreductase
5lc0,protease
5lca,hydrolase
5lce,hydrolase
5lcf,hydrolase
5lch,hydrolase
5lcj,transferase
5lck,transferase
5ld8,transferase
5ldk,hydrolase
5ldm,hydrolase
5ldo,hydrolase
5ldp,hydrolase
5le1,hydrolase
5lg3,transport/binding
5lgn,oxidoreductase
5lgo,protease
5lgp,transferase
5lgq,transferase
5lgr,transferase
5lgs,transferase
5lgt,oxidoreductase
5lgu,oxidoreductase
5lh4,protease
5lh8,protease
5lhg,oxidoreductase
5lhh,oxidoreductase
5lhi,oxidoreductase
5lhu,transferase
5li3,immune/signaling
5lif,protease
5lj0,other
5lj1,other
5lj2,other
5ljj,kinase
5ljq,lyase
5ljt,lyase
5lkr,hydrolase
5ll4,lyase
5ll5,lyase
5ll7,hydrolase
5ll9,lyase
5lla,lyase
5llc,lyase
5lle,lyase
5llg,lyase
5llh,lyase
5lli,ligase
5llm,transport/binding
5llo,lyase
5llp,lyase
5lm4,transport/binding
5lm6,hydrolase
5lma,kinase
5lmb,kinase
5lmk,transferase
5lne,other
5lny,immune/signaling
5lo5,immune/signaling
5lo6,immune/signaling
5loh,kinase
5lom,transport/binding
5lp1,protease
5lp6,ligase
5lpd,hydrolase
5lpj,other
5lpk,other
5lpl,other
5lpm,other
5lpr,protease
5lqf,transferase
5lqq,hydrolase
5lrg,protease
5lrj,protease
5lrk,protease
5lrq,other
5ls6,transferase
5lsc,hydrolase
5lsg,nuclear receptor
5lsh,transport/binding
5lso,other
5lss,transferase
5lsx,transferase
5lsy,transferase
5lt6,transferase
5lt9,immune/signaling
5ltn,transferase
5lto,immune/signaling
5lu2,immune/signaling
5lub,protease
5lud,isomerase
5luu,other
5lvd,protease
5lvf,other
5lvl,kinase
5lvn,kinase
5lvq,transferase
5lvr,transferase
5lvx,hydrolase
5lwd,protease
5lwe,other
5lwm,kinase
5lwn,transferase
5lws,protease
5lx6,transferase
5lxb,transport/binding
5lxc,kinase
5lxd,kinase
5lxp,transferase
5ly1,oxidoreductase
5ly2,oxidoreductase
5ly3,immune/signaling
5lyh,transferase
5lyn,immune/signaling
5lyr,hydrolase
5lyw,protease
5lyx,protease
5lyy,hydrolase
5lz2,hydrolase
5lz4,hydrolase
5lz5,hydrolase
5lz7,hydrolase
5lz8,hydrolase
5lz9,hydrolase
5lzg,other
5lzh,other
5lzj,other
5m0d,hydrolase
5m0m,hydrolase
5m0s,hydrolase
5m17,hydrolase
5m1z,hydrolase
5m23,transferase
5m25,transferase
5m28,transport/binding
5m29,transport/binding
5m2q,transport/binding
5m2v,other
5m34,transport/binding
5m39,other
5m3a,other
5m3b,transport/binding
5m44,kinase
5m4c,kinase
5m4f,kinase
5m4i,kinase
5m4k,kinase
5m4q,protease
5m4u,kinase
5m51,kinase
5m53,kinase
5m55,kinase
5m56,kinase
5m57,kinase
5m5d,hydrolase
5m5q,protease
5m63,immune/signaling
5m6f,ligase
5m6h,ligase
5m6m,other
5m6u,kinase
5m77,hydrolase
5m7m,hydrolase
5m7s,hydrolase
5m7t,hydrolase
5m7u,hydrolase
5m9d,other
5m9w,protease
5ma7,protease
5mae,protease
5maj,protease
5mar,hydrolase
5mat,hydrolase
5mav,hydrolase
5may,transport/binding
5mb1,transport/binding
5mby,protease
5meh,hydrolase
5mek,transferase
5mes,immune/signaling
5mev,immune/signaling
5mf6,hydrolase
5mfr,protease
5mfs,protease
5mft,protease
5mg2,other
5mge,other
5mgf,other
5mgg,other
5mgi,hydrolase
5mgj,other
5mgk,other
5mgl,other
5mgm,other
5mgx,isomerase
5mhp,hydrolase
5mhq,other
5mi5,hydrolase
5mi6,hydrolase
5mi7,hydrolase
5mih,transport/binding
5mim,protease
5mja,kinase
5mjb,kinase
5mjn,lyase
5mk1,hydrolase
5mk3,hydrolase
5mk9,transport/binding
5mka,transport/binding
5mkj,other
5mkr,immune/signaling
5mks,immune/signaling
5mkx,other
5mky,other
5mkz,other
5ml0,other
5ml2,transport/binding
5ml3,transport/binding
5ml4,transport/binding
5ml5,kinase
5ml6,transport/binding
5ml8,transport/binding
5mli,other
5mlj,other
5mlo,hydrolase
5mlw,hydrolase
5mm9,hydrolase
5mme,transferase
5mmg,other
5mmn,isomerase
5mmp,isomerase
5mn1,hydrolase
5mnb,hydrolase
5mnc,hydrolase
5mng,hydrolase
5mnh,hydrolase
5mnn,hydrolase
5mno,hydrolase
5mnr,protease
5mnx,hydrolase
5mny,hydrolase
5mo0,hydrolase
5mo2,hydrolase
5mo8,transferase
5mob,immune/signaling
5moc,other
5mod,transferase
5moe,transferase
5mon,hydrolase
5moo,hydrolase
5moq,hydrolase
5mos,hydrolase
5mpk,other
5mpn,other
5mpz,other
5mqe,other
5mql,kinase
5mqt,kinase
5mqv,kinase
5mqx,immune/signaling
5mqy,protease
5mra,transport/binding
5mrb,kinase
5mrd,kinase
5mrh,immune/signaling
5mri,immune/signaling
5mrm,transferase
5mro,transferase
5mrp,transferase
5msb,lyase
5mt0,hydrolase
5mt4,hydrolase
5mte,hydrolase
5mts,other
5mtv,other
5mtw,immune/signaling
5mtx,kinase
5mty,kinase
5muc,transport/binding
5mw2,other
5mw3,transferase
5mw4,transferase
5mw6,other
5mwa,hydrolase
5mwd,other
5mwg,transport/binding
5mwh,transport/binding
5mwj,other
5mwo,other
5mwp,immune/signaling
5mwy,immune/signaling
5mwz,transport/binding
5mxf,hydrolase
5mxk,other
5mxo,other
5mxq,hydrolase
5mxr,hydrolase
5mxv,other
5mxx,kinase
5my8,kinase
5myd,hydrolase
5myg,other
5myk,immune/signaling
5myl,other
5mym,other
5myn,other
5myo,immune/signaling
5myr,other
5mys,other
5myv,kinase
5myx,immune/signaling
5mz3,kinase
5mz8,oxidoreductase
5mzg,hydrolase
5n0d,lyase
5n0e,lyase
5n0f,hydrolase
5n16,other
5n17,other
5n18,other
5n1p,hydrolase
5n1r,lyase
5n1s,lyase
5n1v,kinase
5n1x,kinase
5n1y,immune/signaling
5n1z,kinase
5n20,kinase
5n21,kinase
5n24,lyase
5n25,lyase
5n2d,other
5n2f,immune/signaling
5n2t,protease
5n2x,protease
5n2z,protease
5n31,protease
5n34,protease
5n3v,protease
5n3w,hydrolase
5n3y,protease
5n49,other
5n4s,hydrolase
5n4t,hydrolase
5n53,oxidoreductase
5n55,hydrolase
5n58,hydrolase
5n69,immune/signaling
5n70,hydrolase
5n7b,immune/signaling
5n7g,immune/signaling
5n7v,kinase
5n7x,transport/binding
5n84,kinase
5n87,kinase
5n8b,transport/binding
5n8e,transport/binding
5n8j,other
5n8t,transport/binding
5n8v,immune/signaling
5n8w,transport/binding
5n93,kinase
5n99,transport/binding
5n9k,kinase
5n9l,kinase
5n9n,kinase
5n9r,hydrolase
5n9s,kinase
5n9t,hydrolase
5na0,kinase
5nad,kinase
5nai,hydrolase
5nap,hydrolase
5nar,hydrolase
5nat,hydrolase
5nau,hydrolase
5naw,hydrolase
5nb6,hydrolase
5nb7,hydrolase
5nba,hydrolase
5nbw,immune/signaling
5ncq,hydrolase
5ncy,transferase
5ncz,transferase
5ndb,hydrolase
5ndd,protease
5ndf,transferase
5ne1,hydrolase
5ne3,hydrolase
5ne5,hydrolase
5nea,lyase
5neb,other
5nee,lyase
5nev,transferase
5nf5,other
5nf6,other
5nf9,transport/binding
5nfa,transport/binding
5nfb,transport/binding
5nfh,ligase
5ng9,other
5ngb,transferase
5nge,hydrolase
5ngf,hydrolase
5ngr,hydrolase
5ngs,hydrolase
5ngt,hydrolase
5ngu,kinase
5ngz,ligase
5nhf,kinase
5nhh,kinase
5nhj,kinase
5nhl,kinase
5nho,kinase
5nhp,kinase
5nhv,kinase
5nhy,hydrolase
5nhz,hydrolase
5ni0,hydrolase
5ni5,other
5ni7,other
5ni8,other
5nib,other
5nih,other
5nin,immune/signaling
5njx,isomerase
5njz,kinase
5nk2,kinase
5nk3,kinase
5nk4,kinase
5nk6,kinase
5nk7,kinase
5nk8,kinase
5nk9,kinase
5nka,kinase
5nkb,kinase
5nkc,kinase
5nkd,kinase
5nkg,kinase
5nkh,kinase
5nki,kinase
5nkn,transport/binding
5nlk,transferase
5nme,immune/signaling
5nmf,immune/signaling
5nmg,immune/signaling
5nn0,hydrolase
5nn4,hydrolase
5nn5,hydrolase
5nn6,hydrolase
5nne,other
5nob,transferase
5np8,kinase
5npb,hydrolase
5npc,hydrolase
5npd,hydrolase
5npe,hydrolase
5npf,hydrolase
5npr,transferase
5nps,transferase
5nq5,kinase
5nqe,transferase
5nqr,hydrolase
5nr7,kinase
5nr8,hydrolase
5nra,hydrolase
5nrf,hydrolase
5nsp,transferase
5nsx,transferase
5nt0,transferase
5nt4,hydrolase
5ntk,other
5ntp,immune/signaling
5ntq,immune/signaling
5ntt,kinase
5ntw,immune/signaling
5nu1,immune/signaling
5nu3,transferase
5nu5,transferase
5nud,kinase
5nut,transferase
5nuu,hydrolase
5nvc,transferase
5nve,transferase
5nvf,transferase
5nvh,transferase
5nvv,ligase
5nvw,ligase
5nvx,ligase
5nvy,ligase
5nvz,ligase
5nw0,ligase
5nw1,ligase
5nw2,ligase
5nw7,isomerase
5nw8,kinase
5nwb,transferase
5nwc,transferase
5nwd,transferase
5nwe,hydrolase
5nwg,transferase
5nwh,hydrolase
5nwi,immune/signaling
5nwk,immune/signaling
5nwz,kinase
5nx2,GPCR
5nx9,lyase
5nxg,lyase
5nxi,lyase
5nxo,lyase
5nxp,lyase
5nxq,other
5nxv,lyase
5nxw,lyase
5nxx,transport/binding
5nxy,transport/binding
5ny1,lyase
5ny3,lyase
5ny6,lyase
5nya,lyase
5nyh,immune/signaling
5nyz,hydrolase
5nz2,hydrolase
5nz4,hydrolase
5nze,immune/signaling
5nzf,immune/signaling
5nzm,transferase
5nzn,immune/signaling
5nzo,oxidoreductase
5nzp,oxidoreductase
5nzq,oxidoreductase
5o07,lyase
5o0a,transferase
5o0b,transferase
5o0e,kinase
5o0j,kinase
5o0s,hydrolase
5o11,kinase
5o1a,transport/binding
5o1b,transport/binding
5o1c,transport/binding
5o1d,transport/binding
5o1e,transport/binding
5o1f,transport/binding
5o1g,transport/binding
5o1h,transport/binding
5o1i,transport/binding
5o1s,kinase
5o22,oxidoreductase
5o2d,other
5o3q,immune/signaling
5o3r,immune/signaling
5o45,other
5o48,transferase
5o4f,other
5o4s,transport/binding
5o4t,transport/binding
5o4y,other
5o4z,hydrolase
5o55,transport/binding
5o5a,transport/binding
5o5f,transport/binding
5o5h,transport/binding
5o5m,kinase
5o7e,protease
5o7i,kinase
5o7n,hydrolase
5o83,kinase
5o87,immune/signaling
5o8t,immune/signaling
5o91,kinase
5o9h,GPCR
5o9o,transferase
5o9p,transferase
5o9q,transferase
5o9r,transferase
5o9y,transferase
5oa2,transferase
5oa6,transferase
5oae,oxidoreductase
5oah,transport/binding
5oai,ligase
5oaj,immune/signaling
5oax,transport/binding
5obg,transport/binding
5obj,kinase
5obr,kinase
5oci,immune/signaling
5ocj,transferase
5od1,hydrolase
5od5,transport/binding
5ods,other
5odu,transport/binding
5odx,immune/signaling
5ody,transport/binding
5oei,transport/binding
5of0,protease
5ofi,transport/binding
5ofu,transferase
5ofv,oxidoreductase
5ofw,oxidoreductase
5ofx,transport/binding
5ogb,nuclear receptor
5ogl,transferase
5oh1,ligase
5oh2,ligase
5oh3,ligase
5oh4,ligase
5oh7,ligase
5oh9,ligase
5oha,ligase
5ohi,hydrolase
5ohj,hydrolase
5oht,hydrolase
5ohy,hydrolase
5oje,hydrolase
5ok3,kinase
5ok6,protease
5okt,kinase
5oku,transport/binding
5ol3,kinase
5olb,hydrolase
5olk,oxidoreductase
5om2,transport/binding
5om3,transport/binding
5om7,transport/binding
5om9,protease
5one,kinase
5oot,kinase
5op2,kinase
5op4,kinase
5op5,kinase
5op6,oxidoreductase
5op8,oxidoreductase
5opb,kinase
5opc,oxidoreductase
5opr,kinase
5ops,kinase
5opu,kinase
5opv,kinase
5oq4,kinase
5oq5,kinase
5oq6,kinase
5oq7,kinase
5oq8,kinase
5oqu,transferase
5oqw,protease
5or9,other
5orb,other
5org,transport/binding
5orh,transferase
5orj,transferase
5ork,transferase
5orl,kinase
5orr,kinase
5ort,kinase
5orv,kinase
5orw,kinase
5orx,kinase
5ory,kinase
5orz,kinase
5os0,kinase
5os1,kinase
5os2,kinase
5os3,kinase
5os4,kinase
5os5,kinase
5os7,transferase
5os8,transferase
5osd,kinase
5ose,kinase
5osk,other
5osl,transferase
5oss,hydrolase
5ost,hydrolase
5osy,hydrolase
5ot3,kinase
5ot8,transport/binding
5ot9,transport/binding
5ota,transport/binding
5otc,transport/binding
5otr,transferase
5otz,transferase
5ou1,oxidoreductase
5ou2,oxidoreductase
5ou3,oxidoreductase
5oua,kinase
5oug,transport/binding
5ouh,transport/binding
5oui,transport/binding
5oul,transferase
5ous,kinase
5ov8,transport/binding
5ov9,hydrolase
5ovc,other
5ove,immune/signaling
5ovf,immune/signaling
5ovg,immune/signaling
5ovh,immune/signaling
5ovi,immune/signaling
5ovp,other
5ovr,hydrolase
5ovv,other
5ovx,hydrolase
5ow1,hydrolase
5ow8,hydrolase
5owa,transport/binding
5owc,hydrolase
5owf,transport/binding
5owh,kinase
5owl,kinase
5ows,transferase
5owt,transferase
5ox5,oxidoreductase
5ox6,oxidoreductase
5oxg,kinase
5oxk,transport/binding
5oxl,transport/binding
5oxm,transport/binding
5oxn,transport/binding
5oy3,oxidoreductase
5oyd,hydrolase
5prc,other
5pzm,transferase
5pzn,transferase
5q0d,protease
5q0e,protease
5q0f,protease
5q0g,protease
5q0h,protease
5q0i,other
5q0j,other
5q0l,other
5q0m,other
5q0n,other
5q0o,other
5q0p,other
5q0q,other
5q0r,other
5q0s,other
5q0t,other
5q0u,other
5q0v,other
5q0w,other
5q0x,other
5q0y,other
5q0z,other
5q10,other
5q11,other
5q12,other
5q13,other
5q14,other
5q15,other
5q16,other
5q17,other
5q18,other
5q19,other
5q1a,other
5q1b,other
5q1c,other
5q1d,other
5q1e,other
5q1f,other
5q1g,other
5q1h,other
5q1i,other
5qa4,hydrolase
5qa5,hydrolase
5qa6,hydrolase
5qa7,hydrolase
5qa8,hydrolase
5qa9,hydrolase
5qaa,hydrolase
5qab,hydrolase
5qac,hydrolase
5qad,hydrolase
5qae,hydrolase
5qaf,hydrolase
5qag,hydrolase
5qah,hydrolase
5qai,hydrolase
5qaj,hydrolase
5qak,hydrolase
5qal,hydrolase
5qam,hydrolase
5qan,hydrolase
5qao,hydrolase
5qap,hydrolase
5qaq,hydrolase
5qar,hydrolase
5qas,hydrolase
5qat,hydrolase
5qau,hydrolase
5qav,hydrolase
5qaw,hydrolase
5qax,hydrolase
5qay,hydrolase
5qaz,hydrolase
5qb0,hydrolase
5qb1,hydrolase
5qb2,hydrolase
5qb3,hydrolase
5qbv,hydrolase
5qby,hydrolase
5qc4,hydrolase
5qck,protease
5qcl,protease
5qcm,protease
5qcn,protease
5qik,kinase
5qil,kinase
5qim,kinase
5qin,kinase
5qj2,oxidoreductase
5qj3,oxidoreductase
5qqo,protease
5qqp,protease
5qtt,protease
5qtu,protease
5std,lyase
5sve,hydrolase
5svi,other
5svk,other
5svl,other
5svx,other
5svy,other
5svz,transport/binding
5swf,hydrolase
5swg,kinase
5swh,kinase
5sxk,kinase
5sxm,other
5sxn,protease
5sy2,protease
5sy3,protease
5sym,protease
5syn,protease
5sys,kinase
5sz0,lyase
5sz1,lyase
5sz2,lyase
5sz3,lyase
5sz4,lyase
5sz5,lyase
5sz6,lyase
5sz7,lyase
5sz9,protease
5szb,transport/binding
5szc,transport/binding
5t18,kinase
5t19,hydrolase
5t1a,GPCR
5t1i,other
5t1k,immune/signaling
5t1l,immune/signaling
5t1m,immune/signaling
5t1s,kinase
5t1t,kinase
5t1u,protease
5t1w,protease
5t23,transferase
5t27,transferase
5t28,transferase
5t2b,transferase
5t2d,transferase
5t2g,transferase
5t2i,transferase
5t2l,transferase
5t2m,transferase
5t2p,immune/signaling
5t2t,transferase
5t2y,kinase
5t31,kinase
5t35,ligase
5t36,other
5t37,other
5t3n,kinase
5t4b,protease
5t4e,protease
5t4f,protease
5t4h,protease
5t4u,other
5t4v,other
5t52,transport/binding
5t54,transport/binding
5t5g,kinase
5t66,hydrolase
5t68,kinase
5t6f,protease
5t6g,protease
5t6j,other
5t6p,immune/signaling
5t6z,immune/signaling
5t70,immune/signaling
5t78,immune/signaling
5t7s,transport/binding
5t8e,nuclear receptor
5t8j,nuclear receptor
5t8o,kinase
5t8p,kinase
5t8q,kinase
5t8r,other
5t90,transport/binding
5t92,nuclear receptor
5t97,nuclear receptor
5t9u,isomerase
5t9w,isomerase
5t9z,isomerase
5ta2,isomerase
5ta4,isomerase
5ta6,kinase
5tb6,transferase
5tbe,kinase
5tbj,transferase
5tbm,other
5tbn,immune/signaling
5tbp,nuclear receptor
5tc0,kinase
5tca,protease
5tcc,protease
5tci,transferase
5tcj,transferase
5tco,kinase
5tcy,other
5td2,kinase
5td7,hydrolase
5tdb,ligase
5tdi,protease
5tdr,other
5tdw,other
5teg,transferase
5teh,kinase
5tex,kinase
5tfx,lyase
5tg1,protease
5tg2,protease
5tg4,protease
5tg5,protease
5tg6,protease
5tg7,protease
5tgc,immune/signaling
5tgy,other
5th2,immune/signaling
5th4,lyase
5th7,transferase
5thi,lyase
5thj,lyase
5thn,lyase
5tho,protease
5ti0,lyase
5ti2,other
5ti3,other
5ti4,other
5ti5,other
5ti6,other
5ti7,other
5tig,isomerase
5tiu,kinase
5tjx,protease
5tkb,protease
5tkd,kinase
5tkj,immune/signaling
5tkk,immune/signaling
5tks,protease
5tkt,protease
5tku,protease
5tl9,transferase
5tln,protease
5tmp,kinase
5tnt,protease
5to8,kinase
5tob,kinase
5toe,kinase
5tol,protease
5toz,kinase
5tp0,protease
5tpb,hydrolase
5tpc,hydrolase
5tpg,oxidoreductase
5tpx,transferase
5tq1,hydrolase
5tq3,kinase
5tq4,kinase
5tq5,kinase
5tq6,kinase
5tq7,kinase
5tq8,kinase
5tqe,protease
5tqf,protease
5tqg,protease
5tqu,ligase
5tr6,kinase
5trf,ligase
5trg,protease
5trh,kinase
5tri,kinase
5trj,kinase
5trk,kinase
5trr,protease
5trs,protease
5try,protease
5ts0,hydrolase
5tt3,lyase
5tt7,kinase
5tt8,lyase
5ttf,transferase
5ttg,transferase
5tts,kinase
5ttu,kinase
5ttv,kinase
5ttw,other
5tuo,lyase
5tuq,kinase
5tur,kinase
5tus,oxidoreductase
5tuy,kinase
5tuz,kinase
5tv1,immune/signaling
5tv3,lyase
5tvn,GPCR
5tw2,immune/signaling
5tw3,transferase
5tw5,immune/signaling
5twg,immune/signaling
5twh,immune/signaling
5twj,transferase
5twl,kinase
5two,nuclear receptor
5twx,other
5twz,kinase
5tx3,kinase
5tx5,kinase
5txy,lyase
5ty1,lyase
5ty8,lyase
5ty9,lyase
5tya,lyase
5tyh,kinase
5tyi,immune/signaling
5tyj,protease
5tyk,protease
5tyl,protease
5tyn,protease
5tyo,protease
5typ,protease
5tyr,protease
5tys,protease
5tz3,protease
5tza,protease
5tzc,protease
5tzd,transport/binding
5tzh,protease
5tzo,hydrolase
5tzw,protease
5tzx,protease
5tzy,hydrolase
5tzz,protease
5u00,protease
5u06,immune/signaling
5u0d,lyase
5u0e,lyase
5u0f,lyase
5u0g,lyase
5u0w,kinase
5u0y,kinase
5u0z,kinase
5u11,kinase
5u12,transferase
5u13,kinase
5u14,transferase
5u1q,immune/signaling
5u28,kinase
5u2c,kinase
5u2e,kinase
5u2f,kinase
5u2j,hydrolase
5u3b,hydrolase
5u48,transport/binding
5u49,transport/binding
5u4a,transport/binding
5u4b,transport/binding
5u4c,transport/binding
5u4d,transport/binding
5u4e,transport/binding
5u4f,transport/binding
5u4g,transport/binding
5u4x,transferase
5u5h,other
5u5k,other
5u5l,nuclear receptor
5u5t,transferase
5u62,transferase
5u66,immune/signaling
5u69,other
5u6b,kinase
5u6c,kinase
5u6d,other
5u6j,protease
5u6k,transport/binding
5u6v,other
5u7d,protease
5u7i,protease
5u7j,protease
5u7k,protease
5u7l,protease
5u7m,immune/signaling
5u7o,immune/signaling
5u8a,other
5u8c,transport/binding
5u8f,other
5u94,kinase
5u98,immune/signaling
5u9d,kinase
5u9i,immune/signaling
5uac,kinase
5uah,kinase
5ual,kinase
5ubt,kinase
5uc1,nuclear receptor
5uc4,immune/signaling
5uch,immune/signaling
5uci,immune/signaling
5ucj,immune/signaling
5ue4,protease
5ueu,immune/signaling
5uex,immune/signaling
5uey,immune/signaling
5uez,immune/signaling
5uf0,immune/signaling
5ufc,immune/signaling
5uff,immune/signaling
5ufi,ligase
5ufo,other
5ufp,other
5ufr,other
5ufs,nuclear receptor
5ug8,kinase
5ug9,kinase
5uga,kinase
5ugb,kinase
5ugc,kinase
5ugd,protease
5ugg,protease
5ugh,transferase
5ugm,nuclear receptor
5uhi,other
5uig,GPCR
5uiq,kinase
5uir,kinase
5uis,kinase
5uit,kinase
5uiu,kinase
5ujv,transport/binding
5uk8,kinase
5ukj,kinase
5ukk,kinase
5ukl,kinase
5ukm,kinase
5ul1,kinase
5ul5,isomerase
5ul6,immune/signaling
5ula,other
5ulg,isomerase
5uln,oxidoreductase
5ulp,transferase
5ult,protease
5umw,transport/binding
5umx,transport/binding
5umy,lyase
5umz,other
5un1,other
5un9,hydrolase
5unf,GPCR
5ung,GPCR
5unh,GPCR
5unj,nuclear receptor
5unp,kinase
5uoo,other
5uor,kinase
5uov,protease
5uox,kinase
5uoy,protease
5up0,protease
5up3,kinase
5upe,kinase
5upf,kinase
5upj,protease
5upz,protease
5uq9,oxidoreductase
5uqv,protease
5uqx,protease
5ur1,kinase
5ur5,other
5ur6,other
5ur9,transport/binding
5ura,transport/binding
5urj,protease
5urk,protease
5urm,protease
5usf,ligase
5usq,kinase
5usy,kinase
5usz,kinase
5ut0,kinase
5ut4,kinase
5ut6,kinase
5uuu,kinase
5uv1,transferase
5uv2,transferase
5uv5,kinase
5uvc,kinase
5uw5,lyase
5uwf,protease
5uwi,other
5uwj,other
5uwk,protease
5uwl,protease
5uwm,protease
5uwn,protease
5uwp,other
5ux4,hydrolase
5uxf,oxidoreductase
5uxm,transferase
5uxn,transferase
5uy8,transferase
5uyu,protease
5uz0,transferase
5uzj,kinase
5uzk,kinase
5v0n,protease
5v13,transport/binding
5v19,kinase
5v1b,oxidoreductase
5v1d,transferase
5v1y,other
5v24,kinase
5v2l,lyase
5v2p,transport/binding
5v2q,transport/binding
5v35,immune/signaling
5v37,kinase
5v3h,kinase
5v3o,ligase
5v3r,transport/binding
5v3x,kinase
5v3y,kinase
5v40,kinase
5v41,kinase
5v42,kinase
5v49,ligase
5v4b,ligase
5v4q,protease
5v5d,protease
5v5e,protease
5v5n,kinase
5v5o,immune/signaling
5v5y,kinase
5v6u,protease
5v6y,GPCR
5v79,kinase
5v7a,kinase
5v7i,kinase
5v7t,kinase
5v7w,kinase
5v82,kinase
5v83,hydrolase
5v84,other
5v86,hydrolase
5v88,hydrolase
5v8o,kinase
5v8p,protease
5v8q,nuclear receptor
5v8v,protease
5v9p,oxidoreductase
5v9t,oxidoreductase
5va9,protease
5vad,ligase
5var,oxidoreductase
5vb5,nuclear receptor
5vb6,nuclear receptor
5vb7,nuclear receptor
5vb9,immune/signaling
5vc3,kinase
5vc4,kinase
5vc5,kinase
5vc6,kinase
5vcv,kinase
5vcw,kinase
5vcx,kinase
5vcy,kinase
5vcz,kinase
5vd0,kinase
5vd1,kinase
5vd2,kinase
5vd3,kinase
5vdk,kinase
5vdr,transferase
5vds,transferase
5vdu,transferase
5vdv,transferase
5vdw,transferase
5vee,kinase
5vew,GPCR
5vex,GPCR
5vfc,other
5vfd,protease
5vfj,hydrolase
5vfm,hydrolase
5vfn,hydrolase
5vgi,oxidoreductase
5vgo,kinase
5vgy,lyase
5vh0,transport/binding
5vi6,protease
5vih,transport/binding
5vii,transport/binding
5vij,transport/binding
5vil,kinase
5vio,kinase
5vja,kinase
5vjn,kinase
5vjp,kinase
5vk0,ligase
5vkc,immune/signaling
5vkf,transport/binding
5vkm,transport/binding
5vl2,other
5vlh,hydrolase
5vlk,hydrolase
5vll,hydrolase
5vlp,hydrolase
5vlr,kinase
5vm0,other
5vm6,other
5vnb,other
5vnd,kinase
5vo1,kinase
5vo2,kinase
5vo6,kinase
5voj,protease
5vom,other
5vp0,protease
5vp1,protease
5vp9,protease
5vpm,protease
5vqe,hydrolase
5vqi,other
5vqq,transferase
5vqr,transferase
5vqs,transferase
5vqt,transferase
5vqu,transferase
5vqv,transferase
5vqw,transferase
5vqx,transferase
5vqy,transferase
5vqz,transferase
5vr8,oxidoreductase
5vrl,oxidoreductase
5vrp,protease
5vs6,hydrolase
5vsb,hydrolase
5vsc,kinase
5vsd,kinase
5vse,kinase
5vsf,kinase
5vsj,transferase
5vsk,protease
5vt1,kinase
5vt4,transferase
5vtb,transport/binding
5vwi,immune/signaling
5vwk,immune/signaling
5vyy,immune/signaling
5vzu,ligase
5vzy,immune/signaling
5w0e,other
5w0f,transferase
5w0i,transferase
5w0l,other
5w0q,transferase
5w10,hydrolase
5w12,protease
5w13,protease
5w14,protease
5w19,transferase
5w1e,other
5w1v,immune/signaling
5w1w,immune/signaling
5w2p,transferase
5w2q,transferase
5w2s,transferase
5w38,immune/signaling
5w3i,protease
5w44,protease
5w4e,other
5w4r,other
5w4s,kinase
5w4v,other
5w4w,kinase
5w5j,kinase
5w5k,hydrolase
5w5o,kinase
5w5s,immune/signaling
5w5u,immune/signaling
5w5v,kinase
5w6e,protease
5w6i,immune/signaling
5w6o,kinase
5w6r,immune/signaling
5w6t,immune/signaling
5w6u,immune/signaling
5w73,protease
5w7i,transferase
5w7j,transferase
5w7u,protease
5w7x,other
5w84,kinase
5w85,kinase
5w86,kinase
5w88,transport/binding
5w8h,oxidoreductase
5w8i,oxidoreductase
5w8j,oxidoreductase
5w8v,transferase
5w92,protease
5w94,other
5w99,transferase
5w9g,protease
5wa1,transport/binding
5wa4,transferase
5wa5,kinase
5wa6,protease
5wa7,protease
5wa8,hydrolase
5wa9,hydrolase
5wae,protease
5wag,protease
5wal,kinase
5wap,protease
5wb3,protease
5wb6,protease
5wbf,immune/signaling
5wbk,other
5wbl,other
5wbm,kinase
5wbo,kinase
5wbp,kinase
5wbq,kinase
5wbr,kinase
5wbz,kinase
5wcl,transport/binding
5wcm,protease
5wdc,protease
5wdj,oxidoreductase
5wdl,protease
5wdw,protease
5we9,protease
5web,protease
5wef,protease
5wei,protease
5wej,protease
5wep,kinase
5wev,kinase
5wew,kinase
5wex,oxidoreductase
5wf3,protease
5wf5,GPCR
5wf6,GPCR
5wf7,kinase
5wfc,kinase
5wfd,kinase
5wfj,kinase
5wfm,protease
5wfw,protease
5wfz,protease
5wg3,transferase
5wg4,transferase
5wg5,kinase
5wg6,kinase
5wg7,lyase
5wg8,protease
5wg9,protease
5wgd,nuclear receptor
5wgp,lyase
5wgq,nuclear receptor
5wh5,protease
5wh6,protease
5whc,hydrolase
5wi0,kinase
5wi1,kinase
5wic,other
5wii,other
5wij,kinase
5wik,kinase
5win,kinase
5wio,other
5wip,other
5wir,transport/binding
5wj6,protease
5wjj,kinase
5wkf,immune/signaling
5wkh,immune/signaling
5wkl,protease
5wkm,protease
5wl0,transferase
5wle,hydrolase
5wlg,immune/signaling
5wlo,protease
5wlt,GPCR
5wlv,GPCR
5wmg,other
5wmt,immune/signaling
5wo4,kinase
5wou,other
5wp5,transferase
5wpb,protease
5wqa,hydrolase
5wqc,GPCR
5wqd,other
5wqj,transferase
5wqk,transferase
5wr7,kinase
5wre,immune/signaling
5wrs,kinase
5ws3,immune/signaling
5wtt,other
5wuk,other
5wuu,other
5wvd,kinase
5wxf,protease
5wxg,hydrolase
5wxh,hydrolase
5wxo,protease
5wxp,protease
5wyq,transferase
5wyr,transferase
5wys,oxidoreductase
5wyx,immune/signaling
5wyz,immune/signaling
5wzr,hydrolase
5wzs,hydrolase
5wzt,hydrolase
5wzu,hydrolase
5wzv,hydrolase
5wzw,hydrolase
5x02,kinase
5x13,other
5x26,transferase
5x27,transferase
5x28,transferase
5x33,other
5x4m,other
5x4n,other
5x4o,other
5x4p,other
5x4q,other
5x54,other
5x5g,hydrolase
5x5o,kinase
5x62,transferase
5x72,transport/binding
5x73,transport/binding
5x74,transport/binding
5x79,kinase
5x8i,kinase
5x9h,other
5x9o,other
5x9p,other
5xaf,immune/signaling
5xag,immune/signaling
5xff,kinase
5xfj,kinase
5xg4,protease
5xg5,transport/binding
5xgh,transferase
5xgl,transport/binding
5xhr,hydrolase
5xhs,hydrolase
5xhz,transport/binding
5xig,ligase
5xih,ligase
5xii,ligase
5xij,ligase
5xiw,other
5xjm,GPCR
5xkm,hydrolase
5xmp,kinase
5xmr,kinase
5xms,kinase
5xmt,kinase
5xmu,kinase
5xmv,kinase
5xmx,nuclear receptor
5xn3,transferase
5xo2,immune/signaling
5xo7,hydrolase
5xof,immune/signaling
5xp7,kinase
5xpi,ligase
5xpl,other
5xpm,other
5xpn,other
5xpo,other
5xpp,other
5xqx,transferase
5xs2,transferase
5xs8,transport/binding
5xsr,kinase
5xst,kinase
5xsu,kinase
5xup,transport/binding
5xv7,transferase
5xva,transferase
5xvf,transferase
5xvg,transferase
5xvk,transferase
5xvq,transferase
5xvu,kinase
5xvw,other
5xw6,other
5xwr,transport/binding
5xxf,transport/binding
5xxk,ligase
5xyf,other
5xyx,kinase
5xyy,kinase
5xyz,kinase
5xzr,hydrolase
5y0f,transport/binding
5y0g,transport/binding
5y0x,transport/binding
5y0z,hydrolase
5y12,transport/binding
5y13,transport/binding
5y1u,other
5y1y,other
5y20,other
5y21,other
5y24,transport/binding
5y2f,hydrolase
5y3n,immune/signaling
5y3o,immune/signaling
5y48,hydrolase
5y53,other
5y59,other
5y5n,hydrolase
5y5t,kinase
5y5u,kinase
5y5w,other
5y6d,hydrolase
5y6e,hydrolase
5y6k,other
5y7h,hydrolase
5y7j,hydrolase
5y7k,hydrolase
5y7w,nuclear receptor
5y7z,kinase
5y80,kinase
5y86,kinase
5y8c,other
5y8w,other
5y8y,other
5y8z,other
5y93,other
5y94,other
5y97,other
5y9l,protease
5ya5,transferase
5yas,lyase
5yba,isomerase
5ybe,other
5ybi,hydrolase
5yc1,immune/signaling
5yc2,other
5yc3,other
5yc4,other
5yc8,GPCR
5yco,transport/binding
5ye7,protease
5ye8,protease
5ye9,protease
5yea,protease
5yf1,transferase
5yfs,isomerase
5yft,isomerase
5yfz,transferase
5yg2,transferase
5yg3,transferase
5yg4,transferase
5ygd,other
5ygf,other
5ygi,kinase
5yh8,transport/binding
5yhe,transport/binding
5yhg,other
5yhl,immune/signaling
5yia,protease
5yib,protease
5yic,protease
5yid,protease
5yie,protease
5yj8,other
5yjb,oxidoreductase
5yjf,transferase
5yji,transferase
5yjk,protease
5yjm,protease
5yjo,transferase
5yjp,protease
5yjy,oxidoreductase
5ykp,protease
5yl2,immune/signaling
5ylj,immune/signaling
5yls,immune/signaling
5ylt,kinase
5ylu,other
5ylv,other
5yof,protease
5yov,other
5yp5,nuclear receptor
5yp6,nuclear receptor
5ypo,other
5ypp,transferase
5ypw,transferase
5ypy,transferase
5yql,protease
5yqn,protease
5yqo,protease
5yqw,transport/binding
5yqx,other
5yr4,protease
5yr5,protease
5yr6,protease
5yso,other
5yto,oxidoreductase
5ytu,oxidoreductase
5yu9,other
5yum,transferase
5yun,transport/binding
5yv5,other
5yve,transport/binding
5yvx,transferase
5ywg,oxidoreductase
5ywx,kinase
5ywy,immune/signaling
5yy4,immune/signaling
5yy6,oxidoreductase
5yy9,transferase
5yyb,transport/binding
5yyf,other
5yyz,transferase
5yz2,transferase
5yz7,hydrolase
5yzc,immune/signaling
5yzd,immune/signaling
5z1c,protease
5z1d,kinase
5z1e,kinase
5z1r,other
5z1s,other
5z1t,other
5z4h,isomerase
5z4o,isomerase
5z5f,hydrolase
5z5v,other
5z66,hydrolase
5z68,transport/binding
5z7b,other
5z7j,hydrolase
5z89,hydrolase
5z95,hydrolase
5z99,transport/binding
5z9e,isomerase
5za1,other
5za2,hydrolase
5za7,kinase
5za8,kinase
5za9,kinase
5zae,kinase
5zaf,kinase
5zag,kinase
5zah,kinase
5zaj,kinase
5zbz,hydrolase
5zc5,hydrolase
5zcu,immune/signaling
5zdb,hydrolase
5zdc,hydrolase
5zdd,hydrolase
5zde,hydrolase
5zdf,hydrolase
5zdg,hydrolase
5zdp,oxidoreductase
5ze6,transferase
5zee,hydrolase
5zef,hydrolase
5zeq,protease
5zfi,protease
5zg0,transport/binding
5zg1,transport/binding
5zg3,transport/binding
5zgg,other
5zh2,ligase
5zh3,ligase
5zh4,ligase
5zh5,ligase
5zhj,transferase
5zhl,transferase
5zhm,transferase
5zhn,transferase
5zia,immune/signaling
5zjf,oxidoreductase
5zjy,transport/binding
5zjz,transport/binding
5zk3,GPCR
5zk5,transport/binding
5zk7,transport/binding
5zk8,GPCR
5zk9,transport/binding
5zkb,GPCR
5zkc,GPCR
5zku,hydrolase
5zla,hydrolase
5zlf,transferase
5zma,hydrolase
5zml,transport/binding
5zmq,protease
5zms,protease
5znc,transferase
5zni,transferase
5znl,hydrolase
5znp,other
5znr,other
5zo7,other
5zo8,other
5zo9,other
5zob,protease
5zoo,hydrolase
5zop,hydrolase
5zqo,kinase
5zqp,kinase
5zqq,kinase
5zqr,kinase
5zqu,nuclear receptor
5zr3,immune/signaling
5zt1,hydrolase
5ztn,kinase
5zty,GPCR
5zu0,transferase
5zuj,other
5zun,hydrolase
5zvw,other
5zw6,other
5zwe,other
5zwf,other
5zwh,other
5zwi,other
5zxi,nuclear receptor
5zxk,immune/signaling
5zyg,other
5zyh,other
5zyi,other
5zyj,other
5zyk,other
5zyl,other
5zym,other
5zys,other
5zz2,protease
5zz4,kinase
5zzw,transferase
6a03,immune/signaling
6a04,immune/signaling
6a1c,transferase
6a30,other
6a3n,hydrolase
6a5e,transferase
6a6k,other
6a6w,other
6a73,immune/signaling
6a80,transport/binding
6a84,transferase
6a87,transport/binding
6a8g,protease
6a8n,protease
6a93,other
6a94,other
6a9c,other
6a9o,oxidoreductase
6aa4,hydrolase
6aa5,hydrolase
6aad,ligase
6aah,kinase
6aaj,kinase
6aak,kinase
6aam,kinase
6aan,ligase
6aao,ligase
6aaq,ligase
6abk,ligase
6abp,transport/binding
6abx,transferase
6acb,protease
6aec,transferase
6aee,immune/signaling
6aeh,transferase
6aej,oxidoreductase
6af9,hydrolase
6afa,hydrolase
6afc,hydrolase
6afd,hydrolase
6afe,hydrolase
6aff,hydrolase
6afg,hydrolase
6afh,hydrolase
6afi,hydrolase
6afj,hydrolase
6afk,transferase
6afl,hydrolase
6afr,immune/signaling
6agg,ligase
6agk,immune/signaling
6agp,immune/signaling
6agt,ligase
6ahi,transferase
6ahs,protease
6ai9,ligase
6ajg,hydrolase
6ajh,hydrolase
6aji,hydrolase
6ajj,hydrolase
6ajr,transport/binding
6ajv,other
6ajx,other
6ajy,other
6ajz,other
6ak4,oxidoreductase
6ak6,transferase
6akw,oxidoreductase
6alc,other
6alz,protease
6am8,transferase
6ami,transferase
6an1,nuclear receptor
6anl,kinase
6aol,immune/signaling
6aom,immune/signaling
6aox,transport/binding
6aoy,transport/binding
6ap6,hydrolase
6ap7,hydrolase
6ap8,hydrolase
6apr,protease
6apw,ligase
6apz,transferase
6aqf,GPCR
6aqq,ligase
6aqs,transferase
6ar2,other
6ar4,transport/binding
6arj,transferase
6arm,transport/binding
6arn,transport/binding
6aro,transport/binding
6arv,transferase
6ary,protease
6as6,transferase
6as8,transport/binding
6asu,kinase
6asz,other
6at0,other
6atv,immune/signaling
6au2,transferase
6au5,immune/signaling
6au9,kinase
6aud,kinase
6aum,protease
6avi,nuclear receptor
6awn,transport/binding
6awo,transport/binding
6awp,transport/binding
6ax1,protease
6ax4,kinase
6axb,kinase
6axj,other
6axk,immune/signaling
6axl,immune/signaling
6axp,immune/signaling
6axq,kinase
6ay3,kinase
6ay5,kinase
6ayd,kinase
6ayh,transport/binding
6ayi,transport/binding
6ayn,immune/signaling
6ayo,transferase
6ayq,transferase
6ayr,transferase
6ays,transferase
6ayt,transferase
6azk,immune/signaling
6azl,immune/signaling
6b0v,immune/signaling
6b0y,immune/signaling
6b16,kinase
6b1c,isomerase
6b1e,protease
6b1f,protease
6b1h,protease
6b1j,protease
6b1k,isomerase
6b1o,protease
6b1w,protease
6b1x,protease
6b1y,protease
6b22,protease
6b27,other
6b2c,isomerase
6b2p,kinase
6b2q,kinase
6b30,immune/signaling
6b31,immune/signaling
6b33,immune/signaling
6b3e,kinase
6b3v,kinase
6b41,other
6b4d,lyase
6b4h,transport/binding
6b4l,immune/signaling
6b4n,protease
6b4u,immune/signaling
6b4w,kinase
6b59,lyase
6b5a,lyase
6b5i,nuclear receptor
6b5j,kinase
6b5m,immune/signaling
6b5o,immune/signaling
6b5q,ligase
6b5r,immune/signaling
6b5t,immune/signaling
6b67,hydrolase
6b7a,transferase
6b7b,transferase
6b7c,transferase
6b7d,transferase
6b7e,transferase
6b7f,transferase
6b7h,other
6b8j,kinase
6b8u,kinase
6b8y,kinase
6b95,hydrolase
6b96,hydrolase
6b97,hydrolase
6b98,hydrolase
6ba7,kinase
6bau,transport/binding
6baw,immune/signaling
6bbs,lyase
6bbu,kinase
6bbv,kinase
6bbx,lyase
6bc9,lyase
6bcr,transport/binding
6bcy,transport/binding
6bd1,transport/binding
6bdy,kinase
6beb,immune/signaling
6bec,immune/signaling
6bed,immune/signaling
6bee,immune/signaling
6bef,immune/signaling
6beh,immune/signaling
6bfa,kinase
6bfd,protease
6bfe,protease
6bfn,kinase
6bfp,protease
6bfw,protease
6bfx,protease
6bg3,hydrolase
6bg5,hydrolase
6bgg,other
6bgu,oxidoreductase
6bgv,oxidoreductase
6bgw,oxidoreductase
6bgx,oxidoreductase
6bgy,oxidoreductase
6bgz,oxidoreductase
6bh0,oxidoreductase
6bh1,oxidoreductase
6bh2,oxidoreductase
6bh3,oxidoreductase
6bh5,oxidoreductase
6bhd,transferase
6bhe,transferase
6bhh,transferase
6bhi,transferase
6bhv,transferase
6bib,protease
6bic,protease
6bid,protease
6bij,immune/signaling
6bik,kinase
6bil,immune/signaling
6bin,immune/signaling
6bir,immune/signaling
6biv,immune/signaling
6bix,immune/signaling
6biy,immune/signaling
6biz,immune/signaling
6bj2,immune/signaling
6bj3,immune/signaling
6bjo,transport/binding
6bke,kinase
6bkh,kinase
6bkw,kinase
6bkx,oxidoreductase
6bky,oxidoreductase
6bl1,oxidoreductase
6bl2,oxidoreductase
6bln,kinase
6bm5,transferase
6bm6,transferase
6bmi,transport/binding
6bmr,protease
6bmv,protease
6bmx,protease
6bnh,oxidoreductase
6bnk,immune/signaling
6bnl,immune/signaling
6bnt,other
6bny,kinase
6bo6,hydrolase
6bod,kinase
6boe,kinase
6boy,ligase
6bq0,protease
6bqa,other
6bqd,other
6bqg,GPCR
6bqh,GPCR
6bqj,protease
6bqk,protease
6br2,other
6br3,other
6bs3,other
6bs4,other
6bs5,other
6bsk,kinase
6bsl,protease
6bsm,protease
6bsx,immune/signaling
6bt0,immune/signaling
6bt6,protease
6bto,protease
6bu0,kinase
6bu1,transferase
6bu3,protease
6buu,kinase
6buv,kinase
6bvb,ligase
6bvh,protease
6bw2,other
6bw3,transport/binding
6bw4,transport/binding
6bw5,transferase
6bw8,other
6bx6,kinase
6bxy,other
6by8,transport/binding
6byk,immune/signaling
6byz,hydrolase
6c0n,other
6c0r,other
6c0s,protease
6c0t,kinase
6c0u,kinase
6c1s,kinase
6c28,transport/binding
6c2r,kinase
6c2t,kinase
6c2x,kinase
6c2y,transferase
6c3e,kinase
6c3l,other
6c3n,other
6c3u,transferase
6c42,nuclear receptor
6c4d,kinase
6c4g,protease
6c4u,transport/binding
6c5f,immune/signaling
6c5h,transport/binding
6c5j,transport/binding
6c5k,transport/binding
6c5q,nuclear receptor
6c5t,nuclear receptor
6c67,kinase
6c6o,kinase
6c7b,kinase
6c7d,hydrolase
6c7e,hydrolase
6c7f,hydrolase
6c7g,hydrolase
6c7i,hydrolase
6c7j,hydrolase
6c7q,other
6c7r,other
6c7w,lyase
6c7x,lyase
6c85,oxidoreductase
6c8c,other
6c8p,transferase
6c8x,protease
6c91,immune/signaling
6c98,immune/signaling
6c99,immune/signaling
6c9n,kinase
6c9p,kinase
6c9q,kinase
6c9r,kinase
6c9s,kinase
6c9v,kinase
6cb5,isomerase
6cbf,immune/signaling
6cbg,immune/signaling
6cbh,immune/signaling
6cc9,other
6cck,transferase
6ccl,transferase
6ccm,transferase
6ccn,transferase
6cco,transferase
6ccq,transferase
6ccs,transferase
6cct,transport/binding
6ccu,other
6ccx,other
6ccy,kinase
6cd4,kinase
6cd5,kinase
6cd8,transport/binding
6cd9,transport/binding
6cdc,transport/binding
6cdg,transport/binding
6cdj,protease
6cdl,protease
6cdm,immune/signaling
6cdo,immune/signaling
6cdp,immune/signaling
6ce2,other
6ce6,hydrolase
6ce8,hydrolase
6cea,hydrolase
6cec,hydrolase
6ced,hydrolase
6cee,hydrolase
6cef,hydrolase
6ceh,lyase
6cen,transferase
6cer,oxidoreductase
6cex,immune/signaling
6cf5,immune/signaling
6cf6,ligase
6cf7,immune/signaling
6cfc,hydrolase
6cfd,hydrolase
6cgp,protease
6cgt,transferase
6cha,protease
6chh,kinase
6chl,transferase
6chm,transferase
6chn,transferase
6cho,transferase
6chp,transferase
6chq,transferase
6cis,kinase
6ciy,kinase
6cj1,kinase
6cj5,kinase
6cje,kinase
6cjh,kinase
6cjj,immune/signaling
6cjp,immune/signaling
6cjr,immune/signaling
6cjs,immune/signaling
6cjv,lyase
6cjw,kinase
6cjy,kinase
6ck3,kinase
6ck6,kinase
6ckc,transferase
6cki,kinase
6ckl,transferase
6ckr,other
6cks,other
6ckw,transferase
6ckx,kinase
6clv,transferase
6cmj,kinase
6cmr,protease
6cms,protease
6cn5,nuclear receptor
6cn6,nuclear receptor
6cn8,protease
6cnj,transport/binding
6cnk,transport/binding
6co4,other
6coj,hydrolase
6cpa,protease
6cpw,kinase
6cq0,kinase
6cq1,other
6cq4,kinase
6cq5,kinase
6cqf,kinase
6cqt,hydrolase
6cqz,hydrolase
6cse,other
6csf,other
6csp,hydrolase
6csq,hydrolase
6csr,hydrolase
6css,hydrolase
6ct7,immune/signaling
6cus,immune/signaling
6cv8,immune/signaling
6cvd,other
6cve,transferase
6cvf,transferase
6cvv,transferase
6cvw,protease
6cvx,protease
6cvy,protease
6cw4,immune/signaling
6cw8,hydrolase
6cwf,transport/binding
6cwh,transport/binding
6cwi,transport/binding
6cwn,transport/binding
6cyb,protease
6cyc,protease
6cyd,protease
6cyg,immune/signaling
6cyh,immune/signaling
6cyi,immune/signaling
6cz3,kinase
6cz4,kinase
6czb,transferase
6czc,transferase
6czd,transferase
6cze,transferase
6czi,other
6czu,other
6czv,other
6d07,other
6d08,other
6d15,protease
6d16,protease
6d17,protease
6d18,protease
6d19,protease
6d1a,protease
6d1b,protease
6d1d,protease
6d1g,protease
6d1h,protease
6d1i,protease
6d1j,protease
6d1k,protease
6d1l,lyase
6d1m,lyase
6d1u,GPCR
6d1x,immune/signaling
6d28,immune/signaling
6d2o,lyase
6d3g,protease
6d3q,lyase
6d3x,protease
6d3y,protease
6d3z,protease
6d40,protease
6d49,immune/signaling
6d4a,immune/signaling
6d4o,hydrolase
6d4q,oxidoreductase
6d4r,oxidoreductase
6d4s,oxidoreductase
6d4t,oxidoreductase
6d4u,oxidoreductase
6d4v,oxidoreductase
6d4w,oxidoreductase
6d50,hydrolase
6d55,immune/signaling
6d56,immune/signaling
6d59,immune/signaling
6d5e,immune/signaling
6d5g,immune/signaling
6d5h,immune/signaling
6d5j,immune/signaling
6d5w,immune/signaling
6d6t,transport/binding
6d6u,transport/binding
6d78,immune/signaling
6d8e,kinase
6d8v,other
6d9x,transport/binding
6da4,kinase
6dai,transport/binding
6dak,transport/binding
6dar,transport/binding
6das,transport/binding
6db3,kinase
6db4,kinase
6dcg,kinase
6dcy,protease
6dcz,protease
6dd0,hydrolase
6dd1,hydrolase
6det,transport/binding
6df1,immune/signaling
6df2,immune/signaling
6df4,other
6df7,other
6dge,protease
6dgl,nuclear receptor
6dgo,nuclear receptor
6dgq,nuclear receptor
6dgr,nuclear receptor
6dgt,kinase
6dgx,protease
6dgy,protease
6dgz,protease
6dh0,protease
6dh1,protease
6dh2,protease
6dh3,protease
6dh4,protease
6dh5,protease
6dh6,protease
6dh7,protease
6dh8,protease
6dha,nuclear receptor
6dhc,hydrolase
6dhu,protease
6di0,kinase
6di1,kinase
6die,protease
6dif,protease
6dih,protease
6dik,other
6dil,protease
6dim,protease
6dj1,protease
6dj2,protease
6dj5,protease
6dj7,protease
6djc,other
6djd,protease
6dji,protease
6djj,hydrolase
6dk1,other
6dkb,kinase
6dkg,kinase
6dki,kinase
6dko,transferase
6dkp,immune/signaling
6dl2,other
6dl9,transferase
6dlj,transferase
6dlx,immune/signaling
6dm8,immune/signaling
6dn5,immune/signaling
6dn6,immune/signaling
6dne,other
6dnp,transferase
6do1,GPCR
6do3,ligase
6do4,ligase
6do5,ligase
6dpt,protease
6dpx,protease
6dpy,protease
6dpz,protease
6dq4,oxidoreductase
6dq5,oxidoreductase
6dq6,oxidoreductase
6dq8,oxidoreductase
6dqa,oxidoreductase
6dqb,oxidoreductase
6dql,protease
6drg,transport/binding
6drt,hydrolase
6drx,GPCR
6dry,GPCR
6drz,GPCR
6ds0,GPCR
6dsp,immune/signaling
6dtn,kinase
6dtw,transferase
6dtx,transferase
6dub,transferase
6dud,kinase
6duf,other
6dug,other
6duh,other
6duk,kinase
6dvl,protease
6dvm,protease
6dvn,protease
6dvo,protease
6dxg,immune/signaling
6dxl,immune/signaling
6dxx,hydrolase
6dy7,kinase
6dya,kinase
6dyn,other
6dyo,other
6dyr,other
6dys,other
6dyu,hydrolase
6dyv,protease
6dyw,hydrolase
6dyy,protease
6dyz,transferase
6dz0,transferase
6dz2,kinase
6dz3,kinase
6dzq,protease
6dzv,transport/binding
6dzx,transport/binding
6dzy,transport/binding
6e05,transferase
6e06,transferase
6e0q,protease
6e0r,kinase
6e13,oxidoreductase
6e1a,other
6e1y,transport/binding
6e1z,transport/binding
6e22,transport/binding
6e23,transport/binding
6e2m,kinase
6e2n,kinase
6e2o,kinase
6e3g,other
6e3m,protease
6e3n,protease
6e3o,protease
6e3p,protease
6e3s,other
6e3z,protease
6e49,transport/binding
6e4a,other
6e4c,protease
6e4f,kinase
6e4t,kinase
6e4u,kinase
6e4v,transport/binding
6e4w,kinase
6e59,GPCR
6e5b,protease
6e5g,other
6e5l,transport/binding
6e5s,transport/binding
6e5t,transport/binding
6e5x,immune/signaling
6e6j,immune/signaling
6e6m,transport/binding
6e6v,protease
6e6w,protease
6e7j,protease
6e7m,transport/binding
6e7r,transport/binding
6e7s,transport/binding
6e7t,transport/binding
6e7u,transport/binding
6e7v,transport/binding
6e7w,transport/binding
6e7x,transport/binding
6e83,other
6e86,other
6e8k,transport/binding
6e8m,transport/binding
6e8x,lyase
6e91,lyase
6e92,lyase
6e99,kinase
6e9a,protease
6e9l,kinase
6e9w,kinase
6ea1,protease
6ea2,protease
6eaa,protease
6eab,protease
6eb1,kinase
6eb2,kinase
6ebe,lyase
6ebw,kinase
6ecz,lyase
6ed6,kinase
6eda,lyase
6edl,kinase
6edr,protease
6eds,hydrolase
6ee2,protease
6ee3,protease
6ee4,protease
6ee6,protease
6eea,lyase
6eeb,transport/binding
6eed,protease
6eee,protease
6eeh,lyase
6eeo,lyase
6efj,protease
6efk,ligase
6eg9,kinase
6ega,kinase
6egs,transferase
6egw,kinase
6eh2,kinase
6ehh,hydrolase
6ei4,oxidoreductase
6ei5,immune/signaling
6eif,kinase
6eij,kinase
6eil,kinase
6eip,kinase
6eiq,kinase
6eir,kinase
6eis,kinase
6eiz,other
6ej2,protease
6ej3,protease
6ej4,kinase
6eji,transferase
6ek3,transferase
6ekd,kinase
6ekn,hydrolase
6ekq,transport/binding
6eks,hydrolase
6eku,hydrolase
6el5,immune/signaling
6ela,hydrolase
6eln,immune/signaling
6elo,immune/signaling
6elp,immune/signaling
6em6,kinase
6em7,kinase
6ema,kinase
6emh,kinase
6emu,transport/binding
6en4,other
6en5,hydrolase
6en6,hydrolase
6enm,hydrolase
6eo8,hydrolase
6eo9,hydrolase
6eog,transport/binding
6eol,transport/binding
6eox,hydrolase
6ep4,hydrolase
6ep9,kinase
6epa,immune/signaling
6epy,transport/binding
6epz,transport/binding
6eq1,transport/binding
6eq2,hydrolase
6eq3,hydrolase
6eq4,hydrolase
6eq5,hydrolase
6eq6,hydrolase
6eq7,hydrolase
6eq8,transport/binding
6eqa,immune/signaling
6eqm,protease
6eqp,hydrolase
6equ,lyase
6eqv,protease
6eqw,protease
6eqx,protease
6er3,transport/binding
6er4,transport/binding
6ert,kinase
6eru,kinase
6erv,kinase
6erw,kinase
6es0,kinase
6esa,kinase
6esj,hydrolase
6esm,hydrolase
6esn,other
6esy,hydrolase
6et8,other
6etg,other
6etj,other
6ets,oxidoreductase
6ety,protease
6eu6,kinase
6euc,hydrolase
6eum,hydrolase
6euv,transferase
6euw,transferase
6eux,transferase
6euz,transport/binding
6ev0,transport/binding
6evm,hydrolase
6evn,hydrolase
6evo,hydrolase
6evp,hydrolase
6evq,transport/binding
6evr,lyase
6ew3,hydrolase
6ew6,kinase
6ew7,kinase
6ewe,hydrolase
6ewk,hydrolase
6eww,kinase
6ex0,transferase
6ex1,lyase
6exi,transferase
6exj,other
6exm,transport/binding
6exs,other
6ey7,hydrolase
6ey8,immune/signaling
6ey9,immune/signaling
6eya,immune/signaling
6eyb,immune/signaling
6eyt,transferase
6eyz,kinase
6ez6,kinase
6ez9,protease
6ezg,hydrolase
6ezh,hydrolase
6ezi,other
6ezq,transport/binding
6f05,oxidoreductase
6f08,transport/binding
6f09,protease
6f0y,transferase
6f1j,hydrolase
6f1n,immune/signaling
6f1w,kinase
6f1x,hydrolase
6f20,hydrolase
6f22,hydrolase
6f23,hydrolase
6f26,kinase
6f28,other
6f29,other
6f2n,hydrolase
6f34,other
6f3b,lyase
6f3d,kinase
6f3e,kinase
6f3f,kinase
6f3g,kinase
6f3i,kinase
6f4n,oxidoreductase
6f4w,hydrolase
6f4x,hydrolase
6f55,transport/binding
6f5h,hydrolase
6f5l,protease
6f5m,hydrolase
6f5u,immune/signaling
6f5w,transport/binding
6f6d,oxidoreductase
6f6i,immune/signaling
6f6n,immune/signaling
6f6r,hydrolase
6f6s,immune/signaling
6f6u,hydrolase
6f7b,kinase
6f7c,other
6f7i,hydrolase
6f7q,hydrolase
6f7t,immune/signaling
6f86,isomerase
6f8b,hydrolase
6f8g,ligase
6f8j,isomerase
6f8r,hydrolase
6f8t,hydrolase
6f8u,hydrolase
6f8v,hydrolase
6f8w,hydrolase
6f8x,hydrolase
6f90,hydrolase
6f92,hydrolase
6f94,isomerase
6f96,isomerase
6f9g,immune/signaling
6f9r,hydrolase
6f9t,hydrolase
6f9u,hydrolase
6f9v,hydrolase
6fa2,other
6fa3,other
6fa4,other
6fa5,hydrolase
6faa,hydrolase
6fac,hydrolase
6faf,lyase
6fag,lyase
6fam,hydrolase
6fap,other
6fau,immune/signaling
6fav,immune/signaling
6faw,immune/signaling
6fba,transferase
6fbv,transferase
6fbw,immune/signaling
6fby,immune/signaling
6fc6,other
6fcj,immune/signaling
6fcl,transferase
6fdc,hydrolase
6fdp,transferase
6fdq,protease
6fdt,transferase
6fdu,protease
6fe0,lyase
6fe1,lyase
6fe5,protease
6fel,kinase
6fer,kinase
6few,kinase
6fex,kinase
6ffe,other
6fff,other
6ffg,other
6ffh,GPCR
6ffi,GPCR
6ffn,protease
6ffs,protease
6fg6,other
6fgc,immune/signaling
6fgf,other
6fgg,other
6fgl,other
6fgq,other
6fgy,hydrolase
6fh6,other
6fh7,other
6fhk,immune/signaling
6fhq,other
6fhu,other
6fi1,other
6fi4,immune/signaling
6fi5,immune/signaling
6fii,other
6fil,kinase
6fiv,protease
6fjf,other
6fjm,other
6fkp,other
6fkq,immune/signaling
6fky,immune/signaling
6fkz,immune/signaling
6flg,immune/signaling
6fmc,immune/signaling
6fmf,immune/signaling
6fmi,ligase
6fmj,ligase
6fmk,ligase
6fmn,transferase
6fmp,transport/binding
6fn9,other
6fne,hydrolase
6fnf,kinase
6fng,kinase
6fni,kinase
6fnj,kinase
6fnq,transferase
6fnr,transferase
6fns,transferase
6fnt,transferase
6fnx,transport/binding
6fo5,transport/binding
6fo7,nuclear receptor
6fo8,nuclear receptor
6fo9,nuclear receptor
6fob,other
6fod,nuclear receptor
6fpu,transferase
6fqo,transferase
6fqu,transferase
6fr0,transferase
6fr2,hydrolase
6frf,transferase
6frj,immune/signaling
6fs0,other
6fs1,immune/signaling
6fsd,hydrolase
6fse,hydrolase
6fsy,other
6ft3,other
6ft4,other
6ft7,kinase
6ft8,kinase
6ft9,kinase
6ftf,kinase
6ftn,transferase
6ftp,transport/binding
6ftw,hydrolase
6fty,protease
6ftz,protease
6fu1,hydrolase
6fu4,immune/signaling
6fu5,kinase
6fug,protease
6fuh,protease
6fui,protease
6fuj,protease
6ful,oxidoreductase
6fut,protease
6fv1,protease
6fv2,protease
6fv4,hydrolase
6fvl,transferase
6fvm,transferase
6fvn,transferase
6fvo,transferase
6fx1,transport/binding
6fyi,transferase
6fyk,transferase
6fyl,transferase
6fym,transferase
6fyp,kinase
6fyv,kinase
6fyz,hydrolase
6fz4,other
6fzf,nuclear receptor
6fzg,nuclear receptor
6fzj,nuclear receptor
6fzm,transferase
6fzp,nuclear receptor
6fzu,immune/signaling
6fzx,hydrolase
6g01,immune/signaling
6g02,immune/signaling
6g07,other
6g0q,other
6g0v,other
6g0w,transferase
6g15,transport/binding
6g1u,hydrolase
6g1v,hydrolase
6g1w,hydrolase
6g22,hydrolase
6g24,other
6g25,other
6g27,other
6g28,hydrolase
6g29,other
6g2a,hydrolase
6g2b,other
6g2c,other
6g2e,other
6g2f,other
6g2l,hydrolase
6g2m,hydrolase
6g2n,hydrolase
6g2o,other
6g2r,other
6g2s,other
6g33,kinase
6g34,kinase
6g35,kinase
6g36,kinase
6g37,kinase
6g38,kinase
6g39,kinase
6g3a,kinase
6g3c,kinase
6g3o,hydrolase
6g3q,lyase
6g3v,lyase
6g3y,lyase
6g46,hydrolase
6g47,other
6g4m,hydrolase
6g4n,hydrolase
6g4y,kinase
6g4z,kinase
6g5j,hydrolase
6g5l,lyase
6g5u,lyase
6g6t,lyase
6g6w,kinase
6g6y,other
6g6z,other
6g7a,lyase
6g7f,hydrolase
6g84,hydrolase
6g85,hydrolase
6g86,hydrolase
6g8m,hydrolase
6g8n,hydrolase
6g91,kinase
6g92,kinase
6g93,kinase
6g97,kinase
6g98,lyase
6g9a,kinase
6g9b,immune/signaling
6g9d,kinase
6g9f,hydrolase
6g9h,kinase
6g9i,immune/signaling
6g9j,kinase
6g9k,kinase
6g9m,kinase
6g9n,kinase
6g9s,hydrolase
6g9u,lyase
6g9x,other
6gbe,hydrolase
6gbw,hydrolase
6gbx,transferase
6gch,protease
6gcl,oxidoreductase
6gcr,kinase
6gcw,kinase
6gcx,kinase
6gdg,GPCR
6gdy,oxidoreductase
6ge0,kinase
6ge7,transport/binding
6gev,immune/signaling
6gf3,other
6gf9,transport/binding
6gfm,hydrolase
6gfs,transport/binding
6gfx,ligase
6gfy,ligase
6gfz,ligase
6gg3,kinase
6gg4,kinase
6gg5,kinase
6gg8,immune/signaling
6gga,transport/binding
6ggb,transport/binding
6ggd,transport/binding
6gge,transport/binding
6ggf,transport/binding
6ggg,immune/signaling
6ggn,other
6ggv,transport/binding
6gh9,protease
6ghh,transport/binding
6ghj,other
6ghp,immune/signaling
6ghv,transport/binding
6gi6,kinase
6gih,transferase
6gin,kinase
6gip,kinase
6giu,hydrolase
6gj5,immune/signaling
6gj6,immune/signaling
6gj7,immune/signaling
6gj8,immune/signaling
6gjb,immune/signaling
6gjd,immune/signaling
6gji,isomerase
6gjj,isomerase
6gjl,isomerase
6gjm,isomerase
6gjn,isomerase
6gjr,isomerase
6gjw,other
6gjy,isomerase
6gl3,kinase
6gl8,other
6gl9,kinase
6gla,kinase
6glb,kinase
6gmd,transferase
6gmq,ligase
6gmx,ligase
6gn1,kinase
6gnm,transport/binding
6gnp,transport/binding
6gnr,transport/binding
6gnw,transport/binding
6gon,transport/binding
6goo,transport/binding
6gop,hydrolase
6got,lyase
6gpb,other
6gqm,kinase
6gr7,transport/binding
6grp,transport/binding
6gu2,other
6gu3,other
6gu4,other
6gu6,other
6gu7,other
6gub,other
6guc,other
6gue,other
6guf,other
6guh,other
6guk,other
6gva,kinase
6gvf,kinase
6gvg,kinase
6gvh,kinase
6gvi,kinase
6gvx,kinase
6gvz,immune/signaling
6gw1,immune/signaling
6gw4,immune/signaling
6gwe,hydrolase
6gwr,kinase
6gx3,hydrolase
6gxa,hydrolase
6gxb,lyase
6gxe,lyase
6gxg,oxidoreductase
6gxq,hydrolase
6gxu,hydrolase
6gxw,hydrolase
6gxy,oxidoreductase
6gy0,transferase
6gy1,transferase
6gy5,ligase
6gz9,other
6gzd,kinase
6gzh,kinase
6gzl,other
6gzm,kinase
6gzy,ligase
6h0b,transferase
6h0u,kinase
6h12,hydrolase
6h13,hydrolase
6h14,hydrolase
6h1d,transferase
6h1h,other
6h1i,other
6h1u,kinase
6h29,lyase
6h2t,kinase
6h2z,lyase
6h33,lyase
6h34,lyase
6h36,lyase
6h37,lyase
6h38,lyase
6h3k,kinase
6h3q,lyase
6h41,immune/signaling
6h4a,hydrolase
6h4o,oxidoreductase
6h4p,oxidoreductase
6h4q,oxidoreductase
6h4r,oxidoreductase
6h4s,oxidoreductase
6h4t,oxidoreductase
6h4u,oxidoreductase
6h4v,oxidoreductase
6h4w,oxidoreductase
6h4x,oxidoreductase
6h4y,oxidoreductase
6h4z,oxidoreductase
6h50,oxidoreductase
6h51,oxidoreductase
6h52,oxidoreductase
6h5w,protease
6h5x,protease
6h75,transport/binding
6h76,transport/binding
6h77,immune/signaling
6h78,transferase
6h7b,other
6h7d,transport/binding
6h7f,other
6h7j,immune/signaling
6h7l,immune/signaling
6h7m,immune/signaling
6h7n,immune/signaling
6h7o,other
6h7u,other
6h7y,protease
6h7z,protease
6h8c,immune/signaling
6h8s,hydrolase
6h96,other
6h9b,transport/binding
6h9v,immune/signaling
6h9x,ligase
6ha4,other
6hah,other
6hai,transport/binding
6haj,other
6hax,ligase
6hay,ligase
6haz,other
6hb5,ligase
6hb6,ligase
6hb7,ligase
6hbm,transport/binding
6hbn,kinase
6hck,transport/binding
6hcu,transferase
6hcv,transferase
6hcw,transferase
6hd4,transferase
6hd6,transferase
6hdn,other
6hdo,other
6hdq,other
6hf5,hydrolase
6hgf,transport/binding
6hgg,transport/binding
6hgi,transport/binding
6hgj,transport/binding
6hgr,transferase
6hgv,hydrolase
6hgx,hydrolase
6hgy,protease
6hgz,hydrolase
6hh3,hydrolase
6hh5,hydrolase
6hhg,transferase
6hhh,transferase
6hhi,transferase
6hhj,transferase
6hhp,nuclear receptor
6hhr,immune/signaling
6hjj,kinase
6hjk,kinase
6hk3,transferase
6hk4,transferase
6hk6,kinase
6hk7,transferase
6hke,transport/binding
6hkj,protease
6hkm,kinase
6hkn,kinase
6hks,hydrolase
6hkx,other
6hky,other
6hkz,protease
6hlb,protease
6hld,protease
6hle,protease
6hlx,transport/binding
6hly,transport/binding
6hlz,transport/binding
6hm1,hydrolase
6hm2,transport/binding
6hm4,other
6hm6,kinase
6hm7,kinase
6hmb,kinase
6hmg,hydrolase
6hmp,kinase
6hmr,kinase
6hmt,nuclear receptor
6hmx,kinase
6hmy,other
6hni,transport/binding
6hoi,immune/signaling
6hol,immune/signaling
6hop,kinase
6hoq,kinase
6hor,kinase
6hot,kinase
6hou,kinase
6hov,other
6hoy,hydrolase
6hp0,immune/signaling
6hp5,transport/binding
6hp9,kinase
6hpg,other
6hpw,other
6hq3,immune/signaling
6hq4,immune/signaling
6hqy,hydrolase
6hr2,other
6hro,immune/signaling
6hrp,kinase
6hrq,hydrolase
6hrt,kinase
6hrw,transport/binding
6hrx,transport/binding
6hry,transport/binding
6hrz,transport/binding
6hs0,transport/binding
6hs4,immune/signaling
6hsh,hydrolase
6hsk,hydrolase
6hsz,hydrolase
6ht1,other
6ht8,hydrolase
6htc,hydrolase
6htg,hydrolase
6hth,hydrolase
6hti,hydrolase
6htn,transport/binding
6htp,hydrolase
6htt,hydrolase
6htz,hydrolase
6hu0,hydrolase
6hu1,hydrolase
6hu2,hydrolase
6hu3,hydrolase
6huq,hydrolase
6huu,hydrolase
6huv,hydrolase
6hv0,kinase
6hv2,protease
6hv4,hydrolase
6hv7,hydrolase
6hvh,kinase
6hvi,kinase
6hvj,kinase
6hvt,hydrolase
6hvu,hydrolase
6hvv,hydrolase
6hvw,hydrolase
6hwu,transferase
6hwv,transferase
6hwz,lyase
6hx1,kinase
6hx5,lyase
6hx8,other
6hy2,transferase
6hy7,other
6hys,transport/binding
6hza,protease
6hzb,protease
6hzc,protease
6hzd,protease
6hzp,other
6hzu,kinase
6hzv,kinase
6hzx,lyase
6hzy,hydrolase
6i0b,hydrolase
6i0c,hydrolase
6i0k,transferase
6i0p,transferase
6i0r,transferase
6i0x,hydrolase
6i0z,immune/signaling
6i10,immune/signaling
6i11,immune/signaling
6i12,immune/signaling
6i13,immune/signaling
6i14,immune/signaling
6i15,immune/signaling
6i16,immune/signaling
6i17,immune/signaling
6i18,immune/signaling
6i3s,ligase
6i3u,kinase
6i41,ligase
6i4x,immune/signaling
6i5g,hydrolase
6i5i,kinase
6i5p,ligase
6i5y,ligase
6i61,nuclear receptor
6i62,nuclear receptor
6i63,nuclear receptor
6i64,nuclear receptor
6i65,nuclear receptor
6i66,nuclear receptor
6i67,nuclear receptor
6i68,ligase
6i74,transport/binding
6i75,transport/binding
6i77,transport/binding
6i78,transport/binding
6i7a,ligase
6i8b,other
6i8l,other
6i8m,transferase
6i8t,transferase
6i8y,transferase
6i8z,kinase
6i96,other
6i97,other
6i9a,protease
6iam,transferase
6iar,nuclear receptor
6ib0,kinase
6ib2,kinase
6ibk,hydrolase
6ibl,immune/signaling
6ibs,hydrolase
6ibv,hydrolase
6ibx,kinase
6iby,kinase
6ibz,kinase
6ic0,kinase
6ic2,lyase
6ic5,protease
6ic6,protease
6ic7,protease
6idb,immune/signaling
6idg,immune/signaling
6idz,immune/signaling
6iez,other
6if0,other
6ift,transferase
6iht,hydrolase
6iik,hydrolase
6iil,hydrolase
6iin,hydrolase
6iiu,GPCR
6iiv,GPCR
6iiw,ligase
6ijh,hydrolase
6iji,hydrolase
6ijl,transferase
6ikm,other
6ilq,nuclear receptor
6ilz,kinase
6im4,transport/binding
6im6,protease
6imb,protease
6imd,protease
6imi,protease
6imo,protease
6imr,protease
6imt,protease
6ind,protease
6ink,protease
6inm,protease
6inz,transport/binding
6ior,immune/signaling
6ios,immune/signaling
6iot,immune/signaling
6iou,immune/signaling
6iph,transferase
6ipi,transferase
6ipj,transferase
6ipl,transferase
6iqg,immune/signaling
6iql,GPCR
6irt,other
6isd,oxidoreductase
6iso,hydrolase
6itj,kinase
6itp,immune/signaling
6itq,immune/signaling
6iuo,kinase
6iup,kinase
6ixd,protease
6iyv,protease
6iyw,protease
6izq,transferase
6j06,immune/signaling
6j0g,immune/signaling
6j0k,immune/signaling
6j0o,other
6j10,immune/signaling
6j1l,transport/binding
6j3o,transferase
6j3p,transferase
6j5l,kinase
6j63,oxidoreductase
6j6m,kinase
6j7e,other
6j7l,transferase
6j81,other
6j8q,hydrolase
6j8r,hydrolase
6j9w,transport/binding
6j9y,transport/binding
6jad,transport/binding
6jag,transport/binding
6jam,transport/binding
6jan,transport/binding
6jao,transport/binding
6jap,transport/binding
6jaq,transport/binding
6jav,hydrolase
6jaw,hydrolase
6jax,hydrolase
6jay,hydrolase
6jb0,transport/binding
6jb4,transport/binding
6jbb,transport/binding
6jbe,transport/binding
6jdi,other
6jdl,other
6jib,oxidoreductase
6jid,oxidoreductase
6jij,protease
6jio,nuclear receptor
6jjm,immune/signaling
6jjn,immune/signaling
6jjz,immune/signaling
6jki,transferase
6jmf,kinase
6jn3,hydrolase
6jn4,hydrolase
6jn5,hydrolase
6jn6,hydrolase
6jno,other
6joe,transferase
6jof,transferase
6jon,other
6jpj,kinase
6jse,hydrolase
6jsf,hydrolase
6jsg,hydrolase
6jsn,hydrolase
6jsz,hydrolase
6jt3,hydrolase
6jtc,protease
6jut,immune/signaling
6jwa,kinase
6jz0,kinase
6k04,other
6k05,other
6k0j,kinase
6k1q,immune/signaling
6k1s,transferase
6k2n,immune/signaling
6k3l,kinase
6k4r,kinase
6k4t,hydrolase
6k4x,hydrolase
6k5r,other
6k5t,immune/signaling
6k9u,hydrolase
6kdi,immune/signaling
6kdx,hydrolase
6kdz,hydrolase
6ke0,hydrolase
6keb,transport/binding
6kjd,hydrolase
6kjf,hydrolase
6kla,kinase
6klk,hydrolase
6kmj,other
6knh,lyase
6kqi,other
6kzc,transferase
6kzd,transferase
6lpr,protease
6m7h,immune/signaling
6m7i,hydrolase
6m87,immune/signaling
6m88,kinase
6m89,kinase
6m8a,kinase
6m8b,kinase
6m8c,kinase
6m8d,kinase
6m8e,kinase
6m8q,hydrolase
6m8w,protease
6m8y,protease
6m95,kinase
6m9c,protease
6m9d,protease
6m9f,protease
6m9l,kinase
6m9t,GPCR
6ma1,kinase
6ma2,kinase
6ma3,kinase
6ma4,kinase
6ma5,kinase
6maj,other
6max,hydrolase
6mbo,kinase
6mbp,kinase
6mck,hydrolase
6md0,nuclear receptor
6md4,nuclear receptor
6md6,hydrolase
6md7,protease
6md8,hydrolase
6mdb,protease
6mdc,protease
6mdd,protease
6mdq,transport/binding
6mdu,hydrolase
6me1,immune/signaling
6me2,GPCR
6me3,GPCR
6me4,GPCR
6me5,GPCR
6mep,kinase
6mey,protease
6mg5,immune/signaling
6mh1,kinase
6mh7,kinase
6mhb,kinase
6mhc,kinase
6mhd,kinase
6mhm,hydrolase
6mi6,kinase
6mia,hydrolase
6mil,other
6mim,other
6min,other
6miq,other
6miv,immune/signaling
6miy,immune/signaling
6mj4,immune/signaling
6mj7,immune/signaling
6mja,immune/signaling
6mjf,transferase
6mji,immune/signaling
6mjj,immune/signaling
6mjq,immune/signaling
6mju,kinase
6mjw,kinase
6mkq,protease
6mku,transport/binding
6mkw,transport/binding
6ml9,transport/binding
6mla,transport/binding
6mle,transport/binding
6mlf,isomerase
6mlg,transport/binding
6mlh,isomerase
6mli,transport/binding
6mlj,transport/binding
6mll,protease
6mln,transport/binding
6mlo,transport/binding
6mlp,transport/binding
6mlw,isomerase
6mm2,immune/signaling
6mm5,kinase
6mmc,immune/signaling
6mmo,immune/signaling
6mmq,immune/signaling
6mnc,oxidoreductase
6mnf,immune/signaling
6mnp,hydrolase
6mnv,isomerase
6mny,kinase
6mo0,protease
6mo1,protease
6mo2,protease
6mo4,hydrolase
6mo5,hydrolase
6mo7,other
6mo8,other
6mo9,other
6moa,other
6mob,kinase
6mod,hydrolase
6mom,kinase
6moo,hydrolase
6mq3,protease
6mqc,immune/signaling
6mqe,immune/signaling
6mqm,immune/signaling
6mr5,protease
6mrg,hydrolase
6ms1,immune/signaling
6msa,hydrolase
6msc,hydrolase
6msn,lyase
6mso,lyase
6msy,immune/signaling
6mt0,kinase
6mt4,immune/signaling
6mt5,immune/signaling
6mt6,immune/signaling
6mtv,other
6mu1,other
6mu3,immune/signaling
6mub,immune/signaling
6mul,kinase
6mum,kinase
6mv3,transport/binding
6mvu,oxidoreductase
6mvx,other
6mwe,transferase
6mx3,immune/signaling
6mx8,kinase
6mxb,transferase
6mxd,transferase
6mxe,immune/signaling
6myn,kinase
6mzq,kinase
6mzw,kinase
6n0j,oxidoreductase
6n0k,oxidoreductase
6n0m,immune/signaling
6n0p,kinase
6n0q,kinase
6n17,hydrolase
6n19,hydrolase
6n3e,transport/binding
6n3f,transport/binding
6n3k,hydrolase
6n3l,kinase
6n3n,kinase
6n3o,kinase
6n3v,hydrolase
6n3w,hydrolase
6n3x,hydrolase
6n3y,hydrolase
6n3z,hydrolase
6n48,GPCR
6n4b,GPCR
6n4e,hydrolase
6n4t,protease
6n53,kinase
6n5c,kinase
6n5f,hydrolase
6n5g,hydrolase
6n5h,hydrolase
6n5x,other
6n69,transferase
6n6o,kinase
6n77,kinase
6n78,kinase
6n79,kinase
6n7a,kinase
6n7b,kinase
6n7c,kinase
6n7d,kinase
6n7q,transport/binding
6n7y,kinase
6n7z,kinase
6n82,kinase
6n83,transferase
6n87,transport/binding
6n8x,immune/signaling
6n8y,immune/signaling
6n92,lyase
6n93,lyase
6n94,lyase
6n95,lyase
6n96,lyase
6n97,lyase
6n9h,transport/binding
6n9l,hydrolase
6n9p,immune/signaling
6n9t,immune/signaling
6nad,nuclear receptor
6naf,transport/binding
6nao,kinase
6ncj,immune/signaling
6ncn,other
6nco,other
6ncp,immune/signaling
6nd3,lyase
6ndl,ligase
6ne5,other
6nel,hydrolase
6nem,hydrolase
6nfg,kinase
6nfh,kinase
6nfi,kinase
6nfn,immune/signaling
6nfo,kinase
6nfy,kinase
6nfz,kinase
6ng0,kinase
6nj0,ligase
6njh,protease
6nji,protease
6njj,protease
6njz,kinase
6nk0,kinase
6nk1,kinase
6nkp,kinase
6nlj,oxidoreductase
6nm4,transferase
6nmb,kinase
6nng,other
6nnr,transferase
6no9,kinase
6np2,transferase
6np3,transferase
6np4,transferase
6np5,transferase
6npe,kinase
6npf,lyase
6npi,transport/binding
6npm,transport/binding
6npp,transport/binding
6npt,kinase
6npu,kinase
6npv,kinase
6nrf,kinase
6nrg,kinase
6nrh,kinase
6nri,kinase
6nrj,kinase
6nsp,kinase
6nsq,kinase
6nss,kinase
6nsv,ligase
6nsx,transport/binding
6nt2,transferase
6ntb,immune/signaling
6nti,transferase
6ntj,transferase
6nu1,kinase
6nu5,kinase
6nv7,protease
6nv9,protease
6nvg,kinase
6nvh,kinase
6nvi,kinase
6nvj,kinase
6nvl,kinase
6nw3,protease
6nwc,other
6nwk,nuclear receptor
6nwl,nuclear receptor
6nxz,oxidoreductase
6ny0,oxidoreductase
6ny4,kinase
6nyh,kinase
6nyv,hydrolase
6nyw,hydrolase
6nze,kinase
6nzf,kinase
6nzg,protease
6nzh,kinase
6nzk,immune/signaling
6nzm,kinase
6nzp,kinase
6nzq,kinase
6nzr,kinase
6nzt,protease
6nzv,protease
6o0h,lyase
6o0k,other
6o0m,other
6o0o,other
6o0p,other
6o1g,protease
6o21,protease
6o2p,hydrolase
6o3w,hydrolase
6o3x,other
6o3y,hydrolase
6o48,protease
6o4w,hydrolase
6o4x,hydrolase
6o50,hydrolase
6o57,protease
6o5a,protease
6o5g,transport/binding
6o5t,hydrolase
6o5u,transferase
6o5x,protease
6o68,nuclear receptor
6o6f,other
6o6g,other
6o7g,other
6o8i,kinase
6o8u,kinase
6o94,kinase
6o95,kinase
6o9b,immune/signaling
6o9c,immune/signaling
6o9d,kinase
6o9x,protease
6oa1,protease
6oa3,protease
6oac,transferase
6oag,kinase
6oah,kinase
6ob0,hydrolase
6oco,kinase
6ocq,kinase
6ocu,kinase
6ocw,protease
6ocz,protease
6od6,protease
6ode,protease
6odz,lyase
6oe0,lyase
6oe1,lyase
6oe3,transferase
6of5,hydrolase
6oh3,transport/binding
6ohd,kinase
6oht,isomerase
6ohu,isomerase
6oi8,ligase
6oi9,transferase
6oie,transferase
6oim,immune/signaling
6oin,kinase
6oio,kinase
6oip,kinase
6oiq,kinase
6oir,kinase
6oja,transport/binding
6oko,kinase
6olx,immune/signaling
6om2,immune/signaling
6om4,other
6om8,oxidoreductase
6omu,kinase
6oos,protease
6oot,protease
6oou,protease
6ooy,immune/signaling
6ooz,immune/signaling
6op0,immune/signaling
6op9,kinase
6oqb,other
6oqc,other
6oqd,other
6oqn,other
6orr,kinase
6os5,transferase
6os6,transferase
6otg,protease
6ott,transferase
6ouv,transferase
6ovc,other
6ovz,hydrolase
6ow2,protease
6ow7,protease
6ox0,transferase
6oxl,other
6oxp,protease
6oxq,protease
6oxr,protease
6oxs,protease
6oxt,protease
6oxu,protease
6oxv,protease
6oxw,protease
6oxx,protease
6oxy,protease
6oxz,protease
6oy0,protease
6oy1,protease
6oy2,protease
6oyh,transferase
6oyt,kinase
6oyw,kinase
6oyz,transferase
6oz6,transferase
6p10,isomerase
6p11,isomerase
6p12,isomerase
6p14,isomerase
6p1d,kinase
6p1l,kinase
6p3p,other
6p3t,kinase
6p3u,kinase
6p3v,kinase
6p3w,other
6p5o,kinase
6p5v,ligase
6p5w,hydrolase
6p7p,hydrolase
6p7q,hydrolase
6p83,transferase
6p84,transferase
6p85,transferase
6p86,transferase
6p87,transferase
6p88,transferase
6p89,transferase
6p8a,transferase
6p8x,immune/signaling
6p8y,immune/signaling
6p8z,immune/signaling
6p9e,immune/signaling
6pdj,kinase
6peb,transferase
6peg,isomerase
6pek,other
6peu,other
6pf3,kinase
6pf4,kinase
6pf5,kinase
6pf6,kinase
6pg3,other
6pg4,other
6pg5,other
6pg6,other
6pg7,other
6pg8,other
6pg9,other
6pga,other
6pgb,other
6pgc,other
6pge,other
6pgo,immune/signaling
6pgp,immune/signaling
6pgx,lyase
6phr,hydrolase
6pht,hydrolase
6phx,hydrolase
6phz,hydrolase
6pi1,hydrolase
6pi5,transport/binding
6pi6,transport/binding
6pi7,other
6pia,hydrolase
6pic,hydrolase
6pid,hydrolase
6pii,transport/binding
6pit,nuclear receptor
6pka,hydrolase
6pl1,kinase
6pl2,kinase
6pl3,kinase
6plf,oxidoreductase
6plg,oxidoreductase
6pm9,hydrolase
6pml,oxidoreductase
6pnm,kinase
6pnn,kinase
6pno,kinase
6poh,oxidoreductase
6poi,oxidoreductase
6poq,oxidoreductase
6ppy,transferase
6prc,other
6prf,protease
6prg,transport/binding
6prt,other
6ps0,GPCR
6ps1,GPCR
6ps3,GPCR
6ps4,GPCR
6ps5,GPCR
6ps6,GPCR
6ps9,other
6psb,other
6pt3,GPCR
6pu3,transport/binding
6pve,kinase
6pvs,kinase
6pvu,lyase
6pvv,lyase
6pvw,lyase
6pvx,lyase
6pvy,oxidoreductase
6pvz,oxidoreductase
6py0,transport/binding
6pya,other
6pyb,other
6pyc,immune/signaling
6pyd,immune/signaling
6pyr,kinase
6pys,kinase
6pyu,kinase
6pz4,protease
6q2y,hydrolase
6q30,hydrolase
6q35,hydrolase
6q36,other
6q37,hydrolase
6q38,transport/binding
6q39,hydrolase
6q3q,other
6q3y,other
6q3z,other
6q4e,other
6q4g,other
6q4q,transport/binding
6q54,other
6q5b,other
6q60,other
6q6f,oxidoreductase
6q6m,other
6q6o,other
6q6y,kinase
6q73,kinase
6q74,kinase
6q7a,other
6q7h,other
6q7v,transport/binding
6q7w,transport/binding
6q89,ligase
6q8a,ligase
6q8b,ligase
6q8c,ligase
6q8k,kinase
6q8p,kinase
6q92,hydrolase
6q96,ligase
6q9h,ligase
6q9l,ligase
6q9o,ligase
6q9q,other
6q9s,other
6q9t,lyase
6q9u,other
6q9w,other
6q9y,other
6qaa,hydrolase
6qab,hydrolase
6qac,hydrolase
6qad,hydrolase
6qae,hydrolase
6qaf,hydrolase
6qas,kinase
6qat,kinase
6qau,kinase
6qav,kinase
6qc0,other
6qcg,other
6qcj,hydrolase
6qdx,transferase
6qe0,transferase
6qe5,transferase
6qed,protease
6qef,protease
6qeg,protease
6qfe,protease
6qff,protease
6qfg,protease
6qfh,protease
6qfq,other
6qft,kinase
6qfu,oxidoreductase
6qfv,oxidoreductase
6qfw,oxidoreductase
6qfx,oxidoreductase
6qg4,kinase
6qg7,kinase
6qge,transport/binding
6qgf,transport/binding
6qgg,other
6qgh,other
6qgj,other
6qgk,other
6qh9,protease
6qha,protease
6qhb,protease
6qhc,protease
6qho,kinase
6qhr,kinase
6qi4,transport/binding
6qi7,transport/binding
6ql1,lyase
6ql2,lyase
6ql3,lyase
6qln,transport/binding
6qlo,transport/binding
6qlp,transport/binding
6qlq,transport/binding
6qlr,transport/binding
6qls,transport/binding
6qlt,transport/binding
6qlu,transport/binding
6qm7,hydrolase
6qmd,transport/binding
6qme,transport/binding
6qmj,transport/binding
6qmk,transport/binding
6qmr,hydrolase
6qmt,hydrolase
6qmu,transport/binding
6qpl,other
6qqq,transferase
6qqt,transferase
6qqu,transferase
6qqv,transferase
6qqw,transferase
6qqz,transferase
6qr0,transferase
6qr1,transferase
6qr2,transferase
6qr3,transferase
6qr4,transferase
6qr7,transferase
6qr9,transferase
6qra,transferase
6qrc,transferase
6qrd,transferase
6qre,transferase
6qrf,transferase
6qrg,transferase
6qri,other
6qs1,protease
6qs5,kinase
6qsz,other
6qtm,other
6qto,other
6qtq,other
6qtr,other
6qts,other
6qtw,other
6qtx,other
6quv,other
6quw,other
6qw7,other
6qw8,other
6qw9,other
6qwa,other
6qwb,other
6qwi,hydrolase
6qxa,hydrolase
6qxd,oxidoreductase
6qxj,other
6qxs,transferase
6qxu,kinase
6qyk,other
6qyl,other
6qyn,other
6qyo,other
6qyp,other
6qz5,other
6qz6,other
6qz7,other
6qz8,other
6qzb,other
6qzh,GPCR
6r0k,hydrolase
6r0s,immune/signaling
6r0u,immune/signaling
6r0v,immune/signaling
6r0x,other
6r11,immune/signaling
6r12,immune/signaling
6r13,immune/signaling
6r18,immune/signaling
6r1a,immune/signaling
6r1b,transport/binding
6r1c,immune/signaling
6r1d,immune/signaling
6r1k,immune/signaling
6r1w,immune/signaling
6r1x,immune/signaling
6r49,kinase
6r4k,hydrolase
6r4s,transferase
6r4v,transferase
6r5f,kinase
6r7d,other
6r7j,other
6r7k,other
6r7r,transport/binding
6r8i,hydrolase
6r8l,isomerase
6r8o,isomerase
6r8p,hydrolase
6r8q,hydrolase
6r8r,hydrolase
6r8w,isomerase
6r9s,isomerase
6r9u,isomerase
6r9x,isomerase
6ra1,isomerase
6rfi,kinase
6rfj,kinase
6rfn,hydrolase
6rfw,hydrolase
6rhe,hydrolase
6rih,oxidoreductase
6rj2,oxidoreductase
6rj3,oxidoreductase
6rj5,oxidoreductase
6rj6,oxidoreductase
6rjp,transport/binding
6rk4,hydrolase
6rln,kinase
6rmf,other
6rml,immune/signaling
6rmm,immune/signaling
6rn6,protease
6rn7,protease
6rn9,protease
6rna,kinase
6rne,protease
6rni,protease
6rnt,hydrolase
6rnu,immune/signaling
6rot,hydrolase
6rpg,other
6rqk,hydrolase
6rr0,other
6rrm,other
6rsa,hydrolase
6rtn,other
6rtw,other
6rvf,lyase
6rvk,lyase
6rvl,lyase
6rw1,lyase
6rz6,GPCR
6s07,transferase
6s0e,hydrolase
6s1s,hydrolase
6s43,lyase
6s4n,other
6s4t,other
6s4u,other
6s55,other
6s56,other
6s57,other
6s5k,other
6s7k,lyase
6s7s,lyase
6s7z,lyase
6s88,lyase
6s89,transferase
6s8a,transferase
6s90,kinase
6s9b,kinase
6s9c,kinase
6s9d,kinase
6s9w,transferase
6s9x,transferase
6saf,isomerase
6sal,nuclear receptor
6sbt,other
6sd9,kinase
6sdc,kinase
6sdd,kinase
6sde,kinase
6sen,other
6seo,other
6sfc,transferase
6sfi,kinase
6sfj,kinase
6sfk,kinase
6skb,protease
6skc,protease
6skd,protease
6slg,kinase
6sq0,nuclear receptor
6ssy,transport/binding
6st0,transport/binding
6st3,oxidoreductase
6std,lyase
6stl,transport/binding
6suo,nuclear receptor
6sy7,kinase
6sze,kinase
6szj,kinase
6szp,hydrolase
6t1i,other
6t1j,other
6t1l,other
6t1m,other
6t1n,other
6t1o,other
6t6a,kinase
6te6,transferase
6tel,transferase
6ten,transferase
6tim,oxidoreductase
6tl2,transport/binding
6tld,hydrolase
6tyz,transport/binding
6u26,protease
6u5m,other
6u5y,other
6u6w,other
6u7o,protease
6u7p,protease
6u80,other
6u8b,other
6u8l,other
6u8o,other
6ud2,other
6udi,other
6udt,other
6udu,other
6udv,other
6udx,other
6udy,other
6ueg,transferase
6uf0,transport/binding
6ufn,protease
6ufo,protease
6ugn,lyase
6ugo,lyase
6ugp,lyase
6ugq,lyase
6ugr,lyase
6ugz,lyase
6uh0,lyase
6uhu,protease
6uhv,protease
6uii,protease
6uil,protease
6uim,protease
6ul8,kinase
6un1,protease
6un3,protease
6upj,protease
6uvp,protease
6uvv,protease
6uvy,protease
6uwp,protease
6uwv,protease
6uyx,other
6uyy,other
6uyz,other
6v1c,transport/binding
6v5l,transferase
7abp,transport/binding
7cpa,protease
7gch,protease
7gpb,other
7hvp,protease
7kme,protease
7lpr,protease
7prc,other
7std,lyase
7upj,protease
830c,protease
8a3h,hydrolase
8abp,transport/binding
8cpa,protease
8gpb,other
8hvp,protease
8lpr,protease
966c,protease
9abp,transport/binding
9hvp,protease
9icd,oxidoreductase
9lpr,protease
