rank,cid,label,score
1,144206187,0,7.24086036671368
2,144212478,0,6.942651006711409
3,144210577,0,6.942651006711409
4,144206601,0,6.942651006711409
5,144206629,0,6.922713754646841
6,144206902,0,6.922713754646841
7,144204749,0,6.828407079646018
8,144212732,0,6.735469107551488
9,144206185,0,6.638927203065133
10,144205574,0,6.638927203065133
11,144205241,0,6.638927203065133
12,144210783,0,6.638927203065133
13,144210543,0,6.638927203065133
14,144210560,0,6.581452991452991
15,144206563,0,6.581452991452991
16,144204256,0,6.418819742489269
17,144204320,0,6.418819742489269
18,144204162,0,6.418819742489269
19,144206753,0,6.418819742489269
20,144206532,0,6.418819742489269
21,144206920,0,6.418819742489269
22,144206118,0,6.418819742489269
23,144207158,0,6.418819742489269
24,144204249,0,6.316050420168068
25,144210771,0,6.316050420168068
26,144203989,0,6.316050420168068
27,144210583,0,6.233213296398892
28,144204658,0,6.233213296398892
29,144206351,0,6.233213296398892
30,144213764,0,6.233213296398892
31,144210548,0,6.233213296398892
32,144205002,0,6.233213296398892
33,144205997,0,6.233213296398892
34,144206117,0,6.233213296398892
35,144210531,1,6.233213296398892
36,144206979,0,6.151084461734419
37,144204277,0,6.140790960451974
38,144210536,0,6.140790960451974
39,144206181,0,6.140790960451974
40,144206652,0,6.140790960451974
41,144210949,0,6.140790960451974
42,144204060,0,6.115484351713858
43,144206216,0,6.115484351713858
44,144204986,0,6.115484351713858
45,144204361,0,6.115484351713858
46,144210750,0,6.115484351713858
47,144206482,0,6.115484351713858
48,144205270,0,6.115484351713858
49,144206190,0,6.115484351713858
50,144204964,0,6.115484351713858
51,144204183,0,6.115484351713858
52,144204276,0,6.115484351713858
53,144206195,0,6.115484351713858
54,144203804,0,6.115484351713858
55,144206547,0,6.115484351713858
56,144206857,0,6.115484351713858
57,144210773,0,6.115484351713858
58,144206681,0,6.115484351713858
59,144206083,0,6.115484351713858
60,144205788,0,6.115484351713858
61,144204426,0,6.115484351713858
62,144204420,0,6.115484351713858
63,144212928,0,6.115484351713858
64,144205989,0,6.030114503816795
65,144205771,0,6.030114503816795
66,144207278,0,6.030114503816795
67,144204227,0,6.030114503816795
68,144204296,0,6.030114503816795
69,144210769,0,6.030114503816795
70,144206881,0,6.030114503816795
71,144211732,0,6.030114503816795
72,144206059,0,6.030114503816795
73,144206918,1,6.030114503816795
74,144206308,0,6.004187499999999
75,144204494,0,6.004187499999999
76,144204359,0,6.004187499999999
77,144210768,0,6.004187499999999
78,144206581,0,6.004187499999999
79,144210764,0,6.004187499999999
80,144204081,0,6.004187499999999
81,144213132,0,6.004187499999999
82,144204204,0,6.004187499999999
83,144206570,0,6.004187499999999
84,144206676,0,6.004187499999999
85,144213859,0,6.004187499999999
86,144204127,0,6.004187499999999
87,144204238,0,5.964665230139341
88,144203605,0,5.9332222222222235
89,144207117,0,5.9332222222222235
90,144205783,0,5.9332222222222235
91,144210763,0,5.9332222222222235
92,144207076,0,5.9332222222222235
93,144204835,0,5.88543973941368
94,144212491,0,5.88543973941368
95,144205764,0,5.88543973941368
96,144205927,0,5.88543973941368
97,144210580,0,5.88543973941368
98,144204050,0,5.88543973941368
99,144207165,0,5.88543973941368
100,144206719,0,5.88543973941368
101,144203994,0,5.88543973941368
102,144206014,0,5.88543973941368
103,144212605,0,5.88543973941368
104,144204408,0,5.88543973941368
105,144204404,0,5.88543973941368
106,144203728,0,5.88543973941368
107,144206481,0,5.88543973941368
108,144213898,0,5.88543973941368
109,144206143,0,5.88543973941368
110,144206491,0,5.88543973941368
111,144208993,0,5.88543973941368
112,144204347,0,5.88543973941368
113,144204436,0,5.88543973941368
114,144205237,0,5.796666666666667
115,144210751,0,5.796666666666667
116,144205275,0,5.796666666666667
117,144212471,1,5.796666666666667
118,144204493,0,5.796666666666667
119,144210744,0,5.796666666666667
120,144206499,0,5.796666666666667
121,144205608,0,5.796666666666667
122,144207182,0,5.796666666666667
123,144206156,0,5.796666666666667
124,144205420,0,5.796666666666667
125,144205133,0,5.779025383603457
126,144206842,0,5.778995613160508
127,144213960,0,5.765853658536588
128,144210582,0,5.765853658536588
129,144205572,0,5.765853658536588
130,144206732,0,5.765853658536588
131,144205146,0,5.765853658536588
132,144206355,0,5.765853658536588
133,144204352,0,5.765853658536588
134,144203958,0,5.765853658536588
135,144206927,0,5.765853658536588
136,144212468,0,5.765853658536588
137,144210558,0,5.765853658536588
138,144212903,0,5.765853658536588
139,144210834,0,5.765853658536588
140,144205990,0,5.765853658536588
141,144207104,0,5.765853658536588
142,144206954,0,5.765853658536588
143,144212784,0,5.765853658536588
144,144204950,0,5.765853658536588
145,144204069,0,5.765853658536588
146,144205045,0,5.750810810810811
147,144205785,0,5.6780912863070565
148,144206271,0,5.6780912863070565
149,144205006,0,5.6780912863070565
150,144205026,0,5.6780912863070565
151,144206694,0,5.6780912863070565
152,144203564,0,5.6780912863070565
153,144205059,0,5.6780912863070565
154,144206703,0,5.6780912863070565
155,144210780,0,5.6780912863070565
156,144204875,0,5.6780912863070565
157,144206221,0,5.6780912863070565
158,144206480,0,5.6780912863070565
159,144206533,0,5.6780912863070565
160,144208127,0,5.617243902439026
161,144207110,0,5.617243902439026
162,144207159,0,5.617243902439026
163,144210581,0,5.617243902439026
164,144207166,0,5.617243902439026
165,144206922,0,5.617243902439026
166,144203991,0,5.617243902439026
167,144204440,0,5.617243902439026
168,144205748,0,5.617243902439026
169,144211113,0,5.617243902439026
170,144204328,0,5.617243902439026
171,144204946,0,5.617243902439026
172,144211075,0,5.617243902439026
173,144206895,0,5.617243902439026
174,144206935,0,5.617243902439026
175,144204268,0,5.617243902439026
176,144205092,0,5.617243902439026
177,144204250,0,5.617243902439026
178,144212910,0,5.617243902439026
179,144205157,0,5.617243902439026
180,144205299,0,5.617243902439026
181,144204182,0,5.617243902439026
182,144212151,0,5.617243902439026
183,144204885,0,5.617243902439026
184,144206253,0,5.617243902439026
185,144213061,0,5.617243902439026
186,144211463,0,5.617243902439026
187,144213722,0,5.617243902439026
188,144205769,0,5.617243902439026
189,144204077,0,5.617243902439026
190,144212641,0,5.617243902439026
191,144204615,0,5.617243902439026
192,144207031,0,5.617243902439026
193,144211842,0,5.617243902439026
194,144206024,0,5.617243902439026
195,144205576,0,5.617243902439026
196,144206467,0,5.617243902439026
197,144205560,0,5.617243902439026
198,144211757,0,5.617243902439026
199,144208704,0,5.617243902439026
200,144210498,0,5.617243902439026
201,144206565,0,5.617243902439026
202,144205586,0,5.617243902439026
203,144210529,0,5.617243902439026
204,144209206,0,5.617243902439026
205,144203707,0,5.617243902439026
206,144203709,0,5.617243902439026
207,144206524,0,5.617243902439026
208,144206545,0,5.617243902439026
209,144206625,0,5.617243902439026
210,144204295,0,5.61410352774009
211,144204424,0,5.610983606557378
212,144203927,0,5.610983606557378
213,144204241,0,5.610983606557378
214,144212335,0,5.610983606557378
215,144205583,0,5.610983606557378
216,144205958,0,5.610983606557378
217,144205575,0,5.610983606557378
218,144204996,0,5.610983606557378
219,144203770,0,5.610983606557378
220,144204881,0,5.610983606557378
221,144204511,0,5.5793684210526315
222,144210752,0,5.5793684210526315
223,144206952,0,5.5793684210526315
224,144206974,0,5.5793684210526315
225,144204430,0,5.5793684210526315
226,144206069,0,5.5793684210526315
227,144204235,0,5.5793684210526315
228,144205749,0,5.5793684210526315
229,144205668,0,5.5793684210526315
230,144204099,0,5.5793684210526315
231,144204166,0,5.5793684210526315
232,144204246,0,5.5793684210526315
233,144205667,0,5.5793684210526315
234,144205084,0,5.5793684210526315
235,144204259,0,5.5793684210526315
236,144206869,0,5.5793684210526315
237,144204273,0,5.5793684210526315
238,144208564,0,5.5793684210526315
239,144206901,0,5.5793684210526315
240,144204968,0,5.5793684210526315
241,144204148,0,5.5793684210526315
242,144206781,0,5.5793684210526315
243,144208410,0,5.5793684210526315
244,144211921,0,5.5793684210526315
245,144213661,0,5.5793684210526315
246,144204362,0,5.5793684210526315
247,144205252,0,5.5793684210526315
248,144205284,0,5.5793684210526315
249,144206750,0,5.5793684210526315
250,144205996,0,5.5793684210526315
251,144207156,0,5.5793684210526315
252,144211772,0,5.5793684210526315
253,144208052,0,5.5793684210526315
254,144205992,0,5.5793684210526315
255,144206082,0,5.5793684210526315
256,144206718,0,5.5793684210526315
257,144203910,0,5.5793684210526315
258,144213095,0,5.5793684210526315
259,144206709,0,5.5793684210526315
260,144206189,0,5.5793684210526315
261,144213947,0,5.5793684210526315
262,144203570,0,5.5793684210526315
263,144204621,0,5.5793684210526315
264,144203904,0,5.5793684210526315
265,144206356,0,5.5793684210526315
266,144207135,0,5.5793684210526315
267,144204351,0,5.548865671641791
268,144210516,0,5.548865671641791
269,144205559,0,5.548865671641791
270,144206699,0,5.548865671641791
271,144212688,0,5.548865671641791
272,144207588,0,5.548865671641791
273,144206493,0,5.548865671641791
274,144206292,0,5.548865671641791
275,144205534,0,5.548865671641791
276,144204773,0,5.548865671641791
277,144204784,0,5.548865671641791
278,144203771,0,5.548865671641791
279,144210896,0,5.548865671641791
280,144206678,0,5.548865671641791
281,144212827,0,5.548865671641791
282,144205733,0,5.548865671641791
283,144205500,0,5.548865671641791
284,144204742,0,5.548865671641791
285,144203753,0,5.548865671641791
286,144209467,0,5.548865671641791
287,144213078,0,5.548865671641791
288,144204176,0,5.548865671641791
289,144207161,0,5.548865671641791
290,144205520,0,5.548865671641791
291,144212334,0,5.548865671641791
292,144212719,0,5.548865671641791
293,144203907,0,5.548865671641791
294,144205015,0,5.548865671641791
295,144205591,0,5.548865671641791
296,144203581,0,5.548865671641791
297,144203597,0,5.548865671641791
298,144213304,0,5.548865671641791
299,144203643,0,5.548865671641791
300,144204934,0,5.548865671641791
301,144204434,0,5.548865671641791
302,144205578,0,5.548865671641791
303,144204451,0,5.548865671641791
304,144205410,0,5.548865671641791
305,144204565,0,5.548865671641791
306,144204880,0,5.548865671641791
307,144210120,0,5.548865671641791
308,144204034,0,5.548865671641791
309,144206989,0,5.548865671641791
310,144206407,0,5.548865671641791
311,144211378,0,5.548865671641791
312,144211847,0,5.548865671641791
313,144206996,0,5.548865671641791
314,144205078,1,5.548865671641791
315,144208013,0,5.548865671641791
316,144204427,0,5.548865671641791
317,144206163,0,5.548865671641791
318,144204418,0,5.548865671641791
319,144204609,0,5.548865671641791
320,144209194,0,5.548865671641791
321,144213832,0,5.548865671641791
322,144208762,0,5.548865671641791
323,144207192,0,5.477500000000001
324,144203649,0,5.477500000000001
325,144206430,0,5.477500000000001
326,144206429,0,5.477500000000001
327,144208573,0,5.477500000000001
328,144206425,0,5.477500000000001
329,144203863,0,5.477500000000001
330,144204607,0,5.477500000000001
331,144207116,0,5.477500000000001
332,144206734,0,5.477500000000001
333,144210711,0,5.477500000000001
334,144205822,0,5.477500000000001
335,144208185,0,5.477500000000001
336,144211907,0,5.477500000000001
337,144204330,0,5.477500000000001
338,144205331,0,5.477500000000001
339,144207057,0,5.477500000000001
340,144207737,0,5.443636363636364
341,144207037,0,5.434929906542055
342,144205664,0,5.434929906542055
343,144204746,0,5.434929906542055
344,144203738,0,5.434929906542055
345,144206316,0,5.434929906542055
346,144206382,0,5.434929906542055
347,144211139,0,5.434929906542055
348,144207058,0,5.434929906542055
349,144205739,0,5.434929906542055
350,144203675,0,5.434929906542055
351,144205794,0,5.434929906542055
352,144206438,0,5.434929906542055
353,144204868,0,5.434929906542055
354,144212179,0,5.434929906542055
355,144212408,0,5.434929906542055
356,144204999,0,5.434929906542055
357,144204774,0,5.434929906542055
358,144205004,0,5.434929906542055
359,144204435,0,5.434929906542055
360,144205595,0,5.434929906542055
361,144206338,0,5.434929906542055
362,144206077,0,5.434929906542055
363,144205027,0,5.434929906542055
364,144211899,0,5.434929906542055
365,144207160,0,5.434929906542055
366,144212866,0,5.434929906542055
367,144206141,0,5.434929906542055
368,144208745,0,5.434929906542055
369,144204491,0,5.434929906542055
370,144211329,0,5.434929906542055
371,144205056,0,5.434929906542055
372,144206680,0,5.434929906542055
373,144208537,0,5.434929906542055
374,144212603,0,5.434929906542055
375,144203906,0,5.434929906542055
376,144206167,0,5.434929906542055
377,144206192,0,5.434929906542055
378,144203809,0,5.434929906542055
379,144206562,0,5.434929906542055
380,144205995,0,5.434929906542055
381,144204012,0,5.434929906542055
382,144203905,0,5.434929906542055
383,144206746,0,5.434929906542055
384,144210470,0,5.434929906542055
385,144203882,0,5.434929906542055
386,144205669,0,5.434929906542055
387,144210899,0,5.434929906542055
388,144211857,1,5.434929906542055
389,144210590,0,5.434929906542055
390,144203881,0,5.434929906542055
391,144206534,0,5.434929906542055
392,144206537,0,5.434929906542055
393,144204141,0,5.434929906542055
394,144206831,0,5.434929906542055
395,144209986,0,5.434929906542055
396,144206615,0,5.434929906542055
397,144205283,0,5.434929906542055
398,144205439,0,5.434929906542055
399,144204091,0,5.434929906542055
400,144204032,0,5.434929906542055
401,144207062,0,5.404107142857142
402,144204159,0,5.404107142857142
403,144206705,0,5.404107142857142
404,144204371,0,5.404107142857142
405,144204085,0,5.404107142857142
406,144205792,0,5.404107142857142
407,144206144,0,5.404107142857142
408,144204267,0,5.404107142857142
409,144206335,1,5.350084033613446
410,144206071,0,5.350084033613446
411,144204994,1,5.350084033613446
412,144206921,0,5.350084033613446
413,144206972,0,5.350084033613446
414,144205273,0,5.350084033613446
415,144206354,0,5.350084033613446
416,144203811,0,5.350084033613446
417,144205675,0,5.350084033613446
418,144204345,0,5.350084033613446
419,144204508,0,5.350084033613446
420,144207280,0,5.350084033613446
421,144204036,0,5.350084033613446
422,144204513,0,5.350084033613446
423,144210777,0,5.350084033613446
424,144213666,0,5.350084033613446
425,144206437,0,5.350084033613446
426,144211426,0,5.350084033613446
427,144203670,0,5.350084033613446
428,144211417,0,5.350084033613446
429,144206072,0,5.350084033613446
430,144206983,0,5.350084033613446
431,144205942,0,5.350084033613446
432,144208308,0,5.350084033613446
433,144204225,0,5.350084033613446
434,144204252,0,5.350084033613446
435,144205129,0,5.350084033613446
436,144204170,0,5.350084033613446
437,144205119,0,5.350084033613446
438,144212024,0,5.315131578947368
439,144204278,0,5.315131578947368
440,144204279,0,5.315131578947368
441,144205293,0,5.315131578947368
442,144204501,0,5.315131578947368
443,144206287,0,5.315131578947368
444,144204058,0,5.200922131147542
445,144210533,0,5.200922131147542
446,144206606,0,5.200922131147542
447,144205580,0,5.200922131147542
448,144203913,0,5.200922131147542
449,144206449,0,5.200922131147542
450,144212535,0,5.200922131147542
451,144205584,0,5.200922131147542
452,144206682,0,5.200922131147542
453,144213073,0,5.200922131147542
454,144205968,0,5.200922131147542
455,144204744,0,5.200922131147542
456,144206960,0,5.200922131147542
457,144203916,0,5.200922131147542
458,144206448,0,5.200922131147542
459,144206439,0,5.200922131147542
460,144204700,0,5.200922131147542
461,144210539,0,5.200922131147542
462,144213340,0,5.200922131147542
463,144206235,0,5.200922131147542
464,144211324,0,5.200922131147542
465,144206980,0,5.200922131147542
466,144205807,0,5.200922131147542
467,144205959,0,5.200922131147542
468,144206721,0,5.200922131147542
469,144206377,0,5.200922131147542
470,144205304,0,5.200922131147542
471,144207054,0,5.200922131147542
472,144206720,0,5.200922131147542
473,144213244,0,5.200922131147542
474,144203981,0,5.200922131147542
475,144204836,0,5.200922131147542
476,144207038,0,5.200922131147542
477,144205311,0,5.200922131147542
478,144207075,0,5.200922131147542
479,144208082,0,5.200922131147542
480,144205287,0,5.200922131147542
481,144204918,0,5.200922131147542
482,144206638,0,5.200922131147542
483,144205782,0,5.200922131147542
484,144204786,0,5.200922131147542
485,144205286,0,5.200922131147542
486,144212203,0,5.200922131147542
487,144203590,0,5.200922131147542
488,144207170,0,5.200922131147542
489,144206461,0,5.200922131147542
490,144210749,0,5.200922131147542
491,144204660,0,5.200922131147542
492,144205345,0,5.200922131147542
493,144205356,0,5.200922131147542
494,144206416,0,5.200922131147542
495,144207884,0,5.200922131147542
496,144204366,0,5.200922131147542
497,144205521,0,5.200922131147542
498,144208593,0,5.200922131147542
499,144212710,0,5.200922131147542
500,144204307,0,5.200922131147542
501,144204151,0,5.200922131147542
502,144212216,0,5.200922131147542
503,144212697,0,5.200922131147542
504,144203704,0,5.200922131147542
505,144204921,0,5.200922131147542
506,144210836,0,5.200922131147542
507,144204331,0,5.200922131147542
508,144207591,0,5.200922131147542
509,144206548,0,5.200922131147542
510,144206380,0,5.200922131147542
511,144204115,0,5.200922131147542
512,144211588,1,5.200922131147542
513,144205030,0,5.200922131147542
514,144206821,0,5.200922131147542
515,144206828,0,5.200922131147542
516,144206843,0,5.200922131147542
517,144206846,0,5.200922131147542
518,144204219,0,5.200922131147542
519,144203737,0,5.200922131147542
520,144204211,0,5.200922131147542
521,144211013,0,5.200922131147542
522,144206016,0,5.200922131147542
523,144204284,0,5.200922131147542
524,144205088,0,5.200922131147542
525,144210996,0,5.200922131147542
526,144205732,0,5.200922131147542
527,144204271,0,5.200922131147542
528,144204173,0,5.200922131147542
529,144212144,0,5.200922131147542
530,144208729,0,5.200922131147542
531,144205579,0,5.200922131147542
532,144204095,0,5.200922131147542
533,144206929,0,5.200922131147542
534,144205425,0,5.200922131147542
535,144209250,0,5.200922131147542
536,144204423,0,5.200922131147542
537,144205999,0,5.200922131147542
538,144204068,0,5.200922131147542
539,144204969,0,5.200922131147542
540,144205747,0,5.200922131147542
541,144206743,0,5.200922131147542
542,144204093,0,5.200922131147542
543,144212679,0,5.200922131147542
544,144209148,0,5.200922131147542
545,144209224,0,5.200922131147542
546,144210766,0,5.200922131147542
547,144205502,0,5.200922131147542
548,144205814,0,5.131333333333334
549,144204026,0,5.131333333333334
550,144206688,0,5.131333333333334
551,144213042,0,5.131333333333334
552,144206684,0,5.131333333333334
553,144205046,1,5.131333333333334
554,144206751,0,5.131333333333334
555,144207130,0,5.131333333333334
556,144210760,0,5.10012987012987
557,144205340,0,5.10012987012987
558,144205518,0,5.10012987012987
559,144207760,0,5.10012987012987
560,144204855,0,5.10012987012987
561,144205793,0,5.10012987012987
562,144203587,0,5.10012987012987
563,144206414,0,5.10012987012987
564,144213873,0,5.10012987012987
565,144204192,0,5.10012987012987
566,144206671,0,5.10012987012987
567,144204254,0,5.10012987012987
568,144204431,0,5.10012987012987
569,144211228,0,5.10012987012987
570,144204240,0,5.10012987012987
571,144206800,0,5.10012987012987
572,144205754,0,5.10012987012987
573,144204016,0,5.10012987012987
574,144206106,0,5.10012987012987
575,144211369,0,5.10012987012987
576,144204510,0,5.10012987012987
577,144204854,0,5.10012987012987
578,144205819,0,5.10012987012987
579,144205724,0,5.10012987012987
580,144204106,0,5.10012987012987
581,144206841,0,5.096666666666666
582,144205759,0,5.096666666666666
583,144206599,0,5.096666666666666
584,144205298,0,5.096666666666666
585,144206835,0,5.096666666666666
586,144204900,0,5.096666666666666
587,144206830,0,5.096666666666666
588,144206560,0,5.096666666666666
589,144205647,0,5.096666666666666
590,144204857,0,5.096666666666666
591,144206763,0,5.096666666666666
592,144206771,0,5.096666666666666
593,144205751,0,5.096666666666666
594,144204997,0,5.096666666666666
595,144204985,0,5.096666666666666
596,144204826,0,5.096666666666666
597,144206470,0,5.096666666666666
598,144207047,0,5.096666666666666
599,144205731,0,5.096666666666666
600,144205492,0,5.096666666666666
601,144212522,0,5.096666666666666
602,144206774,0,5.096666666666666
603,144206775,0,5.096666666666666
604,144206457,0,5.096666666666666
605,144205391,0,5.096666666666666
606,144205762,0,5.096666666666666
607,144206896,0,5.096666666666666
608,144206519,0,5.096666666666666
609,144206577,0,5.096666666666666
610,144206566,0,5.096666666666666
611,144207349,0,5.096666666666666
612,144204257,0,5.096666666666666
613,144204302,0,5.096666666666666
614,144206367,0,5.096666666666666
615,144204588,0,5.096666666666666
616,144206228,0,5.096666666666666
617,144206123,0,5.096666666666666
618,144206286,0,5.096666666666666
619,144208437,0,5.096666666666666
620,144204541,0,5.096666666666666
621,144211444,0,5.096666666666666
622,144203782,0,5.096666666666666
623,144206002,0,5.096666666666666
624,144211437,0,5.096666666666666
625,144211169,0,5.096666666666666
626,144206124,0,5.096666666666666
627,144204197,0,5.096666666666666
628,144203931,0,5.096666666666666
629,144211367,0,5.096666666666666
630,144209392,0,5.096666666666666
631,144211242,0,5.096666666666666
632,144203825,0,5.096666666666666
633,144213790,0,5.096666666666666
634,144204484,0,5.096666666666666
635,144211911,0,5.096666666666666
636,144210859,0,5.096666666666666
637,144207218,0,5.096666666666666
638,144204002,0,5.096666666666666
639,144207180,0,5.096666666666666
640,144211082,0,5.096666666666666
641,144206275,0,5.096666666666666
642,144206012,0,5.096666666666666
643,144204086,0,5.096666666666666
644,144204242,0,5.096666666666666
645,144209277,0,5.096666666666666
646,144207153,0,5.096666666666666
647,144204237,0,5.096666666666666
648,144209948,0,5.0825000000000005
649,144206878,0,5.001702127659575
650,144209352,0,5.001702127659575
651,144211043,0,5.001702127659575
652,144204185,0,5.001702127659575
653,144206943,0,5.001702127659575
654,144204270,0,5.001702127659575
655,144205024,0,5.001702127659575
656,144206871,0,5.001702127659575
657,144206009,0,5.001702127659575
658,144206487,0,5.001702127659575
659,144206498,0,5.001702127659575
660,144208398,0,5.001702127659575
661,144203963,0,5.001702127659575
662,144206535,0,5.001702127659575
663,144213938,0,5.001702127659575
664,144207685,0,5.001702127659575
665,144208807,0,5.001702127659575
666,144205143,0,5.001702127659575
667,144203790,0,5.001702127659575
668,144205033,0,5.001702127659575
669,144206962,0,5.001702127659575
670,144206415,0,5.001702127659575
671,144211103,0,5.001702127659575
672,144204326,0,5.001702127659575
673,144204226,0,5.001702127659575
674,144213877,0,5.001702127659575
675,144212585,0,5.001702127659575
676,144203666,0,5.001702127659575
677,144204367,0,5.001702127659575
678,144204217,0,5.001702127659575
679,144206905,0,5.001702127659575
680,144206555,0,5.001702127659575
681,144205570,0,5.001702127659575
682,144211733,0,5.001702127659575
683,144211264,0,5.001702127659575
684,144210951,0,5.001702127659575
685,144208346,0,5.001702127659575
686,144206600,0,5.001702127659575
687,144204768,0,5.001702127659575
688,144206733,0,5.001702127659575
689,144204777,0,5.001702127659575
690,144210036,0,5.001702127659575
691,144207089,0,5.001702127659575
692,144204617,0,5.001702127659575
693,144205798,0,5.001702127659575
694,144205799,0,5.001702127659575
695,144210784,0,5.001702127659575
696,144213004,0,5.001702127659575
697,144210758,0,5.001702127659575
698,144205813,0,5.001702127659575
699,144210044,0,5.001702127659575
700,144207257,0,5.001702127659575
701,144206170,0,5.001702127659575
702,144211676,0,5.001702127659575
703,144213336,0,5.001702127659575
704,144204481,0,5.001702127659575
705,144205323,0,4.901451247165534
706,144206261,0,4.901451247165534
707,144204165,0,4.901451247165534
708,144212825,0,4.901451247165534
709,144209988,0,4.901451247165534
710,144203768,0,4.901451247165534
711,144204059,0,4.901451247165534
712,144210725,0,4.901451247165534
713,144212750,0,4.901451247165534
714,144210793,0,4.901451247165534
715,144205497,0,4.901451247165534
716,144210564,0,4.901451247165534
717,144206052,0,4.901451247165534
718,144205726,0,4.901451247165534
719,144205493,0,4.901451247165534
720,144203751,0,4.901451247165534
721,144205328,0,4.901451247165534
722,144204239,0,4.901451247165534
723,144205260,0,4.901451247165534
724,144206396,0,4.901451247165534
725,144212648,0,4.901451247165534
726,144212246,0,4.901451247165534
727,144204088,0,4.901451247165534
728,144206860,0,4.901451247165534
729,144206398,0,4.901451247165534
730,144206782,0,4.901451247165534
731,144206558,0,4.901451247165534
732,144204253,0,4.901451247165534
733,144213727,0,4.901451247165534
734,144204116,0,4.901451247165534
735,144212248,1,4.901451247165534
736,144206773,0,4.901451247165534
737,144204212,0,4.901451247165534
738,144206825,0,4.901451247165534
739,144206827,0,4.901451247165534
740,144208054,0,4.901451247165534
741,144212785,0,4.901451247165534
742,144208414,0,4.901451247165534
743,144204730,0,4.901451247165534
744,144204195,0,4.901451247165534
745,144203727,0,4.901451247165534
746,144209416,0,4.901451247165534
747,144206390,0,4.901451247165534
748,144203713,0,4.901451247165534
749,144208065,0,4.901451247165534
750,144206834,0,4.901451247165534
751,144206391,0,4.901451247165534
752,144205289,0,4.901451247165534
753,144205128,0,4.901451247165534
754,144212689,0,4.901451247165534
755,144204011,0,4.901451247165534
756,144204131,0,4.901451247165534
757,144209529,0,4.901451247165534
758,144204220,0,4.901451247165534
759,144211735,0,4.901451247165534
760,144206432,0,4.901451247165534
761,144203972,0,4.901451247165534
762,144212634,0,4.901451247165534
763,144206761,0,4.901451247165534
764,144205132,0,4.901451247165534
765,144209382,0,4.901451247165534
766,144210805,0,4.901451247165534
767,144205314,0,4.901451247165534
768,144206850,0,4.901451247165534
769,144209220,0,4.901451247165534
770,144211247,0,4.901451247165534
771,144210100,0,4.901451247165534
772,144211410,0,4.901451247165534
773,144204524,0,4.901451247165534
774,144211408,0,4.901451247165534
775,144208356,0,4.901451247165534
776,144203586,0,4.901451247165534
777,144204866,0,4.901451247165534
778,144203588,0,4.901451247165534
779,144212336,0,4.901451247165534
780,144203589,0,4.901451247165534
781,144203595,0,4.901451247165534
782,144204466,0,4.901451247165534
783,144209004,0,4.901451247165534
784,144203618,0,4.901451247165534
785,144204460,0,4.901451247165534
786,144211240,0,4.901451247165534
787,144206347,0,4.901451247165534
788,144213386,0,4.901451247165534
789,144204851,0,4.901451247165534
790,144206453,0,4.901451247165534
791,144211218,0,4.901451247165534
792,144205427,0,4.901451247165534
793,144213052,0,4.901451247165534
794,144204671,0,4.901451247165534
795,144213155,0,4.901451247165534
796,144207174,0,4.901451247165534
797,144207175,0,4.901451247165534
798,144208974,0,4.901451247165534
799,144205795,0,4.901451247165534
800,144213231,0,4.901451247165534
801,144205770,0,4.901451247165534
802,144213002,0,4.901451247165534
803,144211502,0,4.901451247165534
804,144204817,0,4.901451247165534
805,144203837,0,4.901451247165534
806,144206582,0,4.901451247165534
807,144206412,0,4.901451247165534
808,144204830,0,4.901451247165534
809,144208337,0,4.901451247165534
810,144206946,0,4.901451247165534
811,144211744,0,4.901451247165534
812,144206079,0,4.901451247165534
813,144204358,0,4.901451247165534
814,144203932,0,4.901451247165534
815,144213405,0,4.901451247165534
816,144203938,0,4.901451247165534
817,144204978,0,4.901451247165534
818,144211135,0,4.901451247165534
819,144211756,0,4.901451247165534
820,144204931,0,4.901451247165534
821,144206328,0,4.901451247165534
822,144211904,0,4.901451247165534
823,144210767,0,4.901451247165534
824,144206899,0,4.901451247165534
825,144206696,0,4.901451247165534
826,144205013,0,4.901451247165534
827,144203664,0,4.901451247165534
828,144212160,0,4.901451247165534
829,144212177,0,4.901451247165534
830,144205011,0,4.901451247165534
831,144205688,0,4.901451247165534
832,144203699,0,4.901451247165534
833,144204263,0,4.901451247165534
834,144203821,0,4.901451247165534
835,144206078,0,4.901451247165534
836,144205742,0,4.901451247165534
837,144203815,0,4.901451247165534
838,144204286,0,4.901451247165534
839,144204293,0,4.901451247165534
840,144206003,0,4.901451247165534
841,144206283,0,4.901451247165534
842,144203920,0,4.901451247165534
843,144204407,0,4.901451247165534
844,144207274,1,4.901451247165534
845,144203945,0,4.901451247165534
846,144204305,0,4.901451247165534
847,144207022,0,4.836875
848,144205156,0,4.836875
849,144204899,0,4.836875
850,144205398,0,4.8145222929936295
851,144210497,0,4.8145222929936295
852,144203849,0,4.8145222929936295
853,144212448,0,4.8145222929936295
854,144211790,0,4.8145222929936295
855,144205332,0,4.8145222929936295
856,144206193,0,4.8145222929936295
857,144203853,0,4.8145222929936295
858,144213792,0,4.8145222929936295
859,144203918,0,4.8145222929936295
860,144213716,1,4.8145222929936295
861,144206413,0,4.8145222929936295
862,144212260,0,4.8145222929936295
863,144206397,0,4.8145222929936295
864,144213875,0,4.8145222929936295
865,144211930,0,4.8145222929936295
866,144203795,0,4.8145222929936295
867,144206111,0,4.8145222929936295
868,144205272,0,4.8145222929936295
869,144206011,0,4.8145222929936295
870,144211282,0,4.8145222929936295
871,144207453,0,4.8145222929936295
872,144204422,0,4.8145222929936295
873,144204417,0,4.8145222929936295
874,144207513,0,4.8145222929936295
875,144211188,0,4.8145222929936295
876,144203639,0,4.8145222929936295
877,144206076,0,4.8145222929936295
878,144208829,0,4.8145222929936295
879,144203659,0,4.8145222929936295
880,144204980,0,4.8145222929936295
881,144204368,0,4.8145222929936295
882,144204991,0,4.8145222929936295
883,144204357,0,4.8145222929936295
884,144211908,0,4.8145222929936295
885,144205888,0,4.8145222929936295
886,144204309,0,4.8145222929936295
887,144204485,0,4.8145222929936295
888,144212972,0,4.8145222929936295
889,144204512,0,4.8145222929936295
890,144212991,0,4.8145222929936295
891,144207151,0,4.8145222929936295
892,144211569,0,4.8145222929936295
893,144204779,0,4.8145222929936295
894,144203563,0,4.8145222929936295
895,144205774,0,4.8145222929936295
896,144204354,1,4.8145222929936295
897,144205811,0,4.8145222929936295
898,144211480,0,4.8145222929936295
899,144206991,0,4.8145222929936295
900,144204827,0,4.8145222929936295
901,144205765,0,4.8145222929936295
902,144204542,0,4.8145222929936295
903,144204838,0,4.8145222929936295
904,144211449,0,4.8145222929936295
905,144207033,0,4.8145222929936295
906,144207024,0,4.8145222929936295
907,144205029,0,4.8145222929936295
908,144205034,0,4.8145222929936295
909,144209301,0,4.8145222929936295
910,144210849,0,4.8145222929936295
911,144210967,0,4.8145222929936295
912,144205190,0,4.8145222929936295
913,144206799,0,4.8145222929936295
914,144208553,0,4.8145222929936295
915,144206528,0,4.8145222929936295
916,144206776,0,4.8145222929936295
917,144204143,0,4.8145222929936295
918,144211862,0,4.8145222929936295
919,144206521,0,4.8145222929936295
920,144209426,0,4.8145222929936295
921,144212683,0,4.8145222929936295
922,144204130,0,4.8145222929936295
923,144203761,0,4.8145222929936295
924,144205245,0,4.8145222929936295
925,144206243,0,4.8145222929936295
926,144206736,0,4.8145222929936295
927,144205728,0,4.8145222929936295
928,144206266,0,4.8145222929936295
929,144212861,0,4.8145222929936295
930,144212787,0,4.8145222929936295
931,144206867,0,4.8145222929936295
932,144205897,0,4.8145222929936295
933,144205081,0,4.8145222929936295
934,144203703,0,4.8145222929936295
935,144205087,0,4.8145222929936295
936,144205090,0,4.8145222929936295
937,144205107,0,4.8145222929936295
938,144205535,0,4.8145222929936295
939,144206053,0,4.8145222929936295
940,144204234,0,4.8145222929936295
941,144204233,0,4.8145222929936295
942,144204229,0,4.8145222929936295
943,144212293,0,4.8145222929936295
944,144209380,0,4.8145222929936295
945,144206500,0,4.8145222929936295
946,144206602,0,4.8145222929936295
947,144212473,0,4.694074074074073
948,144207118,0,4.694074074074073
949,144210005,0,4.694074074074073
950,144213934,0,4.694074074074073
951,144204168,0,4.694074074074073
952,144204206,0,4.694074074074073
953,144206767,0,4.694074074074073
954,144205048,0,4.694074074074073
955,144206236,0,4.694074074074073
956,144205745,0,4.694074074074073
957,144211715,0,4.694074074074073
958,144204976,0,4.694074074074073
959,144212751,0,4.694074074074073
960,144211346,0,4.694074074074073
961,144203855,0,4.694074074074073
962,144204255,0,4.649598214285715
963,144203585,0,4.649598214285715
964,144205043,0,4.649598214285715
965,144208667,0,4.649598214285715
966,144206353,0,4.649598214285715
967,144211523,0,4.649598214285715
968,144206436,0,4.649598214285715
969,144211718,0,4.649598214285715
970,144205740,0,4.649598214285715
971,144211340,0,4.649598214285715
972,144205025,0,4.649598214285715
973,144211584,0,4.649598214285715
974,144206847,0,4.649598214285715
975,144205121,0,4.649598214285715
976,144204223,0,4.649598214285715
977,144204216,0,4.649598214285715
978,144204205,0,4.649598214285715
979,144204184,0,4.649598214285715
980,144207179,0,4.649598214285715
981,144204251,0,4.649598214285715
982,144205571,0,4.649598214285715
983,144205763,0,4.649598214285715
984,144205008,0,4.649598214285715
985,144211318,0,4.649598214285715
986,144211314,0,4.649598214285715
987,144207406,0,4.649598214285715
988,144203603,0,4.649598214285715
989,144206084,0,4.649598214285715
990,144204462,0,4.649598214285715
991,144211692,0,4.649598214285715
992,144206346,0,4.649598214285715
993,144209094,0,4.649598214285715
994,144204947,0,4.649598214285715
995,144206820,1,4.649598214285715
996,144204399,0,4.649598214285715
997,144211184,0,4.649598214285715
998,144211176,0,4.649598214285715
999,144206808,0,4.649598214285715
1000,144206454,0,4.649598214285715
1001,144211145,0,4.649598214285715
1002,144211149,0,4.649598214285715
1003,144212718,0,4.649598214285715
1004,144212251,0,4.649598214285715
1005,144206406,0,4.649598214285715
1006,144203971,0,4.649598214285715
1007,144204158,0,4.649598214285715
1008,144212254,0,4.649598214285715
1009,144212536,0,4.649598214285715
1010,144205326,0,4.649598214285715
1011,144203798,0,4.649598214285715
1012,144212700,1,4.649598214285715
1013,144209702,0,4.649598214285715
1014,144211883,0,4.649598214285715
1015,144203956,0,4.649598214285715
1016,144213860,0,4.649598214285715
1017,144211880,0,4.649598214285715
1018,144212578,0,4.649598214285715
1019,144203917,0,4.649598214285715
1020,144209780,0,4.649598214285715
1021,144205983,0,4.649598214285715
1022,144205436,0,4.649598214285715
1023,144211878,0,4.649598214285715
1024,144206164,0,4.649598214285715
1025,144205946,0,4.649598214285715
1026,144203869,0,4.649598214285715
1027,144205478,0,4.649598214285715
1028,144206160,0,4.649598214285715
1029,144210876,0,4.649598214285715
1030,144206386,0,4.649598214285715
1031,144205403,0,4.649598214285715
1032,144206392,0,4.649598214285715
1033,144203856,0,4.649598214285715
1034,144206152,0,4.649598214285715
1035,144203735,0,4.649598214285715
1036,144211885,0,4.649598214285715
1037,144204120,0,4.649598214285715
1038,144206212,0,4.649598214285715
1039,144205426,0,4.649598214285715
1040,144204108,0,4.649598214285715
1041,144205246,0,4.649598214285715
1042,144204101,0,4.649598214285715
1043,144204087,0,4.649598214285715
1044,144210695,0,4.649598214285715
1045,144206399,0,4.649598214285715
1046,144213803,0,4.649598214285715
1047,144211890,0,4.6466111111111115
1048,144205677,0,4.6466111111111115
1049,144205691,0,4.6466111111111115
1050,144206400,0,4.6466111111111115
1051,144206282,0,4.6466111111111115
1052,144205710,0,4.6466111111111115
1053,144206389,0,4.6466111111111115
1054,144206254,0,4.6466111111111115
1055,144203555,0,4.6466111111111115
1056,144211211,0,4.6466111111111115
1057,144205324,0,4.6466111111111115
1058,144206711,0,4.6466111111111115
1059,144204128,0,4.6466111111111115
1060,144205278,0,4.6466111111111115
1061,144211180,0,4.6466111111111115
1062,144204063,0,4.6466111111111115
1063,144205218,0,4.6466111111111115
1064,144210748,0,4.6466111111111115
1065,144206792,0,4.6466111111111115
1066,144206801,0,4.6466111111111115
1067,144209619,0,4.6466111111111115
1068,144205141,0,4.6466111111111115
1069,144204533,0,4.6466111111111115
1070,144208014,0,4.6466111111111115
1071,144211050,0,4.6466111111111115
1072,144210635,0,4.6466111111111115
1073,144213891,1,4.6466111111111115
1074,144210389,0,4.6466111111111115
1075,144204564,0,4.6466111111111115
1076,144213924,0,4.6466111111111115
1077,144210514,0,4.6466111111111115
1078,144204803,0,4.6466111111111115
1079,144203900,0,4.6466111111111115
1080,144203924,0,4.6466111111111115
1081,144203937,0,4.6466111111111115
1082,144211568,0,4.6466111111111115
1083,144207155,0,4.6466111111111115
1084,144204585,0,4.6466111111111115
1085,144213181,0,4.6466111111111115
1086,144213879,0,4.6466111111111115
1087,144209364,0,4.6466111111111115
1088,144205222,0,4.6466111111111115
1089,144211750,0,4.6466111111111115
1090,144204144,0,4.6466111111111115
1091,144205557,0,4.6466111111111115
1092,144206486,0,4.6466111111111115
1093,144205533,0,4.6466111111111115
1094,144205513,0,4.6466111111111115
1095,144205512,0,4.6466111111111115
1096,144203573,0,4.6466111111111115
1097,144203578,0,4.6466111111111115
1098,144205506,0,4.6466111111111115
1099,144208898,0,4.6466111111111115
1100,144211825,0,4.6466111111111115
1101,144205327,0,4.6466111111111115
1102,144206610,0,4.6466111111111115
1103,144207768,0,4.6466111111111115
1104,144205452,0,4.6466111111111115
1105,144208716,0,4.6466111111111115
1106,144206631,0,4.6466111111111115
1107,144211147,0,4.6466111111111115
1108,144203951,0,4.6466111111111115
1109,144211655,0,4.590126582278481
1110,144208763,0,4.590126582278481
1111,144203950,0,4.590126582278481
1112,144205585,0,4.590126582278481
1113,144212623,0,4.590126582278481
1114,144203716,0,4.590126582278481
1115,144213080,0,4.590126582278481
1116,144204261,0,4.590126582278481
1117,144206697,0,4.590126582278481
1118,144207102,0,4.590126582278481
1119,144211743,0,4.590126582278481
1120,144209007,0,4.590126582278481
1121,144212994,0,4.590126582278481
1122,144207242,0,4.590126582278481
1123,144209675,0,4.590126582278481
1124,144206162,0,4.590126582278481
1125,144210612,0,4.590126582278481
1126,144206910,0,4.590126582278481
1127,144203794,0,4.590126582278481
1128,144204046,0,4.590126582278481
1129,144209774,0,4.590126582278481
1130,144204187,0,4.590126582278481
1131,144203827,0,4.590126582278481
1132,144204543,0,4.590126582278481
1133,144205223,0,4.590126582278481
1134,144211483,0,4.542047649041796
1135,144213646,0,4.507805755395682
1136,144204089,0,4.507805755395682
1137,144204236,0,4.507805755395682
1138,144203979,0,4.507805755395682
1139,144203996,0,4.507805755395682
1140,144204196,0,4.507805755395682
1141,144204132,0,4.507805755395682
1142,144212105,0,4.507805755395682
1143,144210734,0,4.507805755395682
1144,144213593,0,4.507805755395682
1145,144210742,0,4.507805755395682
1146,144209813,0,4.507805755395682
1147,144203952,0,4.507805755395682
1148,144203732,0,4.507805755395682
1149,144208992,0,4.507805755395682
1150,144204616,1,4.507805755395682
1151,144209093,0,4.507805755395682
1152,144203642,0,4.507805755395682
1153,144209113,0,4.507805755395682
1154,144209133,0,4.507805755395682
1155,144203658,0,4.507805755395682
1156,144209226,0,4.507805755395682
1157,144208607,0,4.507805755395682
1158,144209354,0,4.507805755395682
1159,144209411,0,4.507805755395682
1160,144206036,0,4.507805755395682
1161,144206145,0,4.507805755395682
1162,144212062,0,4.507805755395682
1163,144205953,0,4.507805755395682
1164,144209512,0,4.507805755395682
1165,144203749,0,4.507805755395682
1166,144203765,0,4.507805755395682
1167,144209693,0,4.507805755395682
1168,144203813,0,4.507805755395682
1169,144206000,0,4.507805755395682
1170,144203832,0,4.507805755395682
1171,144208335,0,4.507805755395682
1172,144213844,1,4.507805755395682
1173,144203873,0,4.507805755395682
1174,144208170,0,4.507805755395682
1175,144210510,0,4.507805755395682
1176,144210547,0,4.507805755395682
1177,144207695,0,4.507805755395682
1178,144212322,0,4.507805755395682
1179,144206959,0,4.507805755395682
1180,144206865,0,4.507805755395682
1181,144211886,0,4.507805755395682
1182,144212233,0,4.507805755395682
1183,144206769,0,4.507805755395682
1184,144206770,0,4.507805755395682
1185,144206778,0,4.507805755395682
1186,144212773,0,4.507805755395682
1187,144205080,0,4.507805755395682
1188,144205070,0,4.507805755395682
1189,144205233,0,4.507805755395682
1190,144206890,0,4.507805755395682
1191,144204995,0,4.507805755395682
1192,144211699,0,4.507805755395682
1193,144204954,0,4.507805755395682
1194,144212913,0,4.507805755395682
1195,144211086,0,4.507805755395682
1196,144211675,0,4.507805755395682
1197,144206768,0,4.507805755395682
1198,144205291,0,4.507805755395682
1199,144204842,0,4.507805755395682
1200,144205406,0,4.507805755395682
1201,144205516,0,4.507805755395682
1202,144206530,0,4.507805755395682
1203,144205509,0,4.507805755395682
1204,144205501,0,4.507805755395682
1205,144205499,0,4.507805755395682
1206,144212466,0,4.507805755395682
1207,144205428,0,4.507805755395682
1208,144205404,0,4.507805755395682
1209,144205294,0,4.507805755395682
1210,144205397,0,4.507805755395682
1211,144211872,0,4.507805755395682
1212,144205386,0,4.507805755395682
1213,144206640,0,4.507805755395682
1214,144211764,0,4.507805755395682
1215,144205341,0,4.507805755395682
1216,144212606,0,4.507805755395682
1217,144212983,0,4.507805755395682
1218,144207072,0,4.507805755395682
1219,144211897,0,4.507805755395682
1220,144211235,0,4.507805755395682
1221,144204340,0,4.507805755395682
1222,144213311,0,4.507805755395682
1223,144204537,0,4.507805755395682
1224,144213288,0,4.507805755395682
1225,144207596,0,4.507805755395682
1226,144211465,0,4.507805755395682
1227,144213452,0,4.507805755395682
1228,144205805,0,4.507805755395682
1229,144205588,0,4.507805755395682
1230,144213250,0,4.507805755395682
1231,144213471,0,4.507805755395682
1232,144211150,0,4.507805755395682
1233,144212162,0,4.507805755395682
1234,144204474,0,4.507805755395682
1235,144213512,0,4.507805755395682
1236,144211508,0,4.507805755395682
1237,144207183,0,4.507805755395682
1238,144204628,0,4.507805755395682
1239,144211553,0,4.507805755395682
1240,144204741,0,4.507805755395682
1241,144205781,0,4.507805755395682
1242,144207090,0,4.507805755395682
1243,144211203,0,4.507805755395682
1244,144204806,0,4.507805755395682
1245,144204824,0,4.507805755395682
1246,144211166,0,4.507805755395682
1247,144204310,0,4.507805755395682
1248,144210472,0,4.433660714285714
1249,144210988,0,4.433660714285714
1250,144209015,0,4.433660714285714
1251,144208995,0,4.433660714285714
1252,144211860,0,4.433660714285714
1253,144207592,0,4.433660714285714
1254,144206205,0,4.433660714285714
1255,144210774,0,4.433660714285714
1256,144211399,0,4.433660714285714
1257,144206173,0,4.433660714285714
1258,144211471,0,4.433660714285714
1259,144209586,0,4.433660714285714
1260,144206816,0,4.433660714285714
1261,144209634,0,4.433660714285714
1262,144206824,0,4.433660714285714
1263,144206858,0,4.433660714285714
1264,144206934,0,4.433660714285714
1265,144211981,0,4.433660714285714
1266,144211650,0,4.433660714285714
1267,144207637,0,4.433660714285714
1268,144205815,0,4.433660714285714
1269,144213941,0,4.433660714285714
1270,144204726,0,4.433660714285714
1271,144205895,0,4.433660714285714
1272,144204908,0,4.433660714285714
1273,144212985,0,4.433660714285714
1274,144212225,0,4.433660714285714
1275,144204138,0,4.433660714285714
1276,144212155,0,4.433660714285714
1277,144213606,0,4.433660714285714
1278,144212405,0,4.433660714285714
1279,144205265,0,4.433660714285714
1280,144205274,0,4.433660714285714
1281,144213430,0,4.433660714285714
1282,144204983,0,4.433660714285714
1283,144204502,0,4.433660714285714
1284,144204544,0,4.433660714285714
1285,144206034,0,4.433660714285714
1286,144205313,0,4.433660714285714
1287,144206975,0,4.337272727272727
1288,144206005,0,4.337272727272727
1289,144207059,0,4.337272727272727
1290,144205309,0,4.337272727272727
1291,144211035,0,4.337272727272727
1292,144206966,0,4.337272727272727
1293,144204387,0,4.272307692307693
1294,144211342,0,4.272307692307693
1295,144203970,0,4.272307692307693
1296,144212944,0,4.272307692307693
1297,144213882,0,4.272307692307693
1298,144205825,0,4.272307692307693
1299,144210561,0,4.272307692307693
1300,144210520,0,4.272307692307693
1301,144213884,0,4.272307692307693
1302,144205505,0,4.272307692307693
1303,144204932,0,4.272307692307693
1304,144214018,0,4.272307692307693
1305,144210468,0,4.272307692307693
1306,144204957,0,4.272307692307693
1307,144204972,0,4.272307692307693
1308,144210189,0,4.272307692307693
1309,144205907,0,4.272307692307693
1310,144210697,0,4.272307692307693
1311,144204810,0,4.272307692307693
1312,144204869,0,4.272307692307693
1313,144205519,0,4.272307692307693
1314,144211076,0,4.272307692307693
1315,144205553,0,4.272307692307693
1316,144211182,0,4.272307692307693
1317,144207111,0,4.272307692307693
1318,144205680,0,4.272307692307693
1319,144207683,0,4.272307692307693
1320,144211881,0,4.272307692307693
1321,144211645,0,4.272307692307693
1322,144207773,0,4.272307692307693
1323,144213090,0,4.272307692307693
1324,144213399,0,4.272307692307693
1325,144205706,0,4.272307692307693
1326,144205712,0,4.272307692307693
1327,144204606,0,4.272307692307693
1328,144212230,0,4.272307692307693
1329,144213361,0,4.272307692307693
1330,144210843,0,4.272307692307693
1331,144210898,0,4.272307692307693
1332,144207673,0,4.272307692307693
1333,144206265,0,4.272307692307693
1334,144212072,0,4.272307692307693
1335,144205411,0,4.272307692307693
1336,144208493,0,4.272307692307693
1337,144206806,0,4.272307692307693
1338,144209399,0,4.272307692307693
1339,144211702,0,4.272307692307693
1340,144206622,0,4.272307692307693
1341,144209360,0,4.272307692307693
1342,144209307,0,4.272307692307693
1343,144205292,0,4.272307692307693
1344,144203750,0,4.272307692307693
1345,144206660,0,4.272307692307693
1346,144208757,0,4.272307692307693
1347,144205308,0,4.272307692307693
1348,144203629,0,4.272307692307693
1349,144205367,0,4.272307692307693
1350,144211754,0,4.272307692307693
1351,144208874,0,4.272307692307693
1352,144208989,0,4.272307692307693
1353,144209501,0,4.272307692307693
1354,144204523,0,4.272307692307693
1355,144212526,0,4.272307692307693
1356,144205123,0,4.272307692307693
1357,144211928,0,4.272307692307693
1358,144206852,0,4.272307692307693
1359,144203807,0,4.272307692307693
1360,144206833,0,4.215934959349594
1361,144206728,0,4.215934959349594
1362,144206723,0,4.215934959349594
1363,144204935,0,4.215934959349594
1364,144211570,0,4.215934959349594
1365,144207119,0,4.215934959349594
1366,144211748,0,4.215934959349594
1367,144211420,0,4.215934959349594
1368,144207136,0,4.215934959349594
1369,144207140,0,4.215934959349594
1370,144212841,0,4.215934959349594
1371,144205325,0,4.215934959349594
1372,144206729,0,4.215934959349594
1373,144206889,0,4.215934959349594
1374,144213168,0,4.215934959349594
1375,144213179,0,4.215934959349594
1376,144212870,0,4.215934959349594
1377,144213238,0,4.215934959349594
1378,144211713,0,4.215934959349594
1379,144213245,0,4.215934959349594
1380,144206909,0,4.215934959349594
1381,144212596,0,4.215934959349594
1382,144207244,0,4.215934959349594
1383,144212888,0,4.215934959349594
1384,144211442,0,4.215934959349594
1385,144213310,0,4.215934959349594
1386,144205085,0,4.215934959349594
1387,144205106,0,4.215934959349594
1388,144204781,0,4.215934959349594
1389,144212738,0,4.215934959349594
1390,144212956,0,4.215934959349594
1391,144212973,0,4.215934959349594
1392,144206844,0,4.215934959349594
1393,144212748,0,4.215934959349594
1394,144205125,0,4.215934959349594
1395,144211672,0,4.215934959349594
1396,144211661,0,4.215934959349594
1397,144204850,0,4.215934959349594
1398,144204841,0,4.215934959349594
1399,144204816,0,4.215934959349594
1400,144212819,0,4.215934959349594
1401,144206789,0,4.215934959349594
1402,144205154,0,4.215934959349594
1403,144205214,0,4.215934959349594
1404,144205215,0,4.215934959349594
1405,144205234,0,4.215934959349594
1406,144205235,0,4.215934959349594
1407,144212937,0,4.215934959349594
1408,144205242,0,4.215934959349594
1409,144211637,0,4.215934959349594
1410,144205243,0,4.215934959349594
1411,144207096,0,4.215934959349594
1412,144211591,0,4.215934959349594
1413,144211742,0,4.215934959349594
1414,144205226,0,4.215934959349594
1415,144213323,0,4.215934959349594
1416,144211376,0,4.215934959349594
1417,144209627,0,4.215934959349594
1418,144208536,0,4.215934959349594
1419,144209419,0,4.215934959349594
1420,144209463,0,4.215934959349594
1421,144208502,0,4.215934959349594
1422,144209478,0,4.215934959349594
1423,144209499,0,4.215934959349594
1424,144203741,0,4.215934959349594
1425,144209541,0,4.215934959349594
1426,144203758,0,4.215934959349594
1427,144208418,0,4.215934959349594
1428,144208236,0,4.215934959349594
1429,144211487,1,4.215934959349594
1430,144203774,0,4.215934959349594
1431,144209743,0,4.215934959349594
1432,144208393,0,4.215934959349594
1433,144208354,0,4.215934959349594
1434,144213150,1,4.215934959349594
1435,144208340,0,4.215934959349594
1436,144203848,0,4.215934959349594
1437,144210024,0,4.215934959349594
1438,144210020,1,4.215934959349594
1439,144203715,0,4.215934959349594
1440,144208574,0,4.215934959349594
1441,144208584,0,4.215934959349594
1442,144208886,0,4.215934959349594
1443,144208863,0,4.215934959349594
1444,144209076,0,4.215934959349594
1445,144208849,0,4.215934959349594
1446,144203657,0,4.215934959349594
1447,144209215,0,4.215934959349594
1448,144208370,1,4.215934959349594
1449,144203680,0,4.215934959349594
1450,144208735,0,4.215934959349594
1451,144208718,0,4.215934959349594
1452,144208709,0,4.215934959349594
1453,144209290,0,4.215934959349594
1454,144203688,0,4.215934959349594
1455,144208652,0,4.215934959349594
1456,144208647,0,4.215934959349594
1457,144209308,0,4.215934959349594
1458,144209219,1,4.215934959349594
1459,144208599,0,4.215934959349594
1460,144209370,0,4.215934959349594
1461,144210104,0,4.215934959349594
1462,144210180,0,4.215934959349594
1463,144207355,0,4.215934959349594
1464,144204375,0,4.215934959349594
1465,144204169,0,4.215934959349594
1466,144207736,0,4.215934959349594
1467,144211026,0,4.215934959349594
1468,144211033,0,4.215934959349594
1469,144204285,0,4.215934959349594
1470,144212584,0,4.215934959349594
1471,144211062,0,4.215934959349594
1472,144213529,0,4.215934959349594
1473,144213467,0,4.215934959349594
1474,144204388,0,4.215934959349594
1475,144210462,0,4.215934959349594
1476,144211178,0,4.215934959349594
1477,144204398,0,4.215934959349594
1478,144211221,0,4.215934959349594
1479,144213385,0,4.215934959349594
1480,144207437,0,4.215934959349594
1481,144211299,0,4.215934959349594
1482,144204497,0,4.215934959349594
1483,144211345,0,4.215934959349594
1484,144204507,0,4.215934959349594
1485,144204160,0,4.215934959349594
1486,144210929,0,4.215934959349594
1487,144204137,0,4.215934959349594
1488,144210822,0,4.215934959349594
1489,144203879,0,4.215934959349594
1490,144210467,0,4.215934959349594
1491,144213925,0,4.215934959349594
1492,144213910,0,4.215934959349594
1493,144213893,0,4.215934959349594
1494,144213839,0,4.215934959349594
1495,144213837,0,4.215934959349594
1496,144213809,0,4.215934959349594
1497,144210618,0,4.215934959349594
1498,144210716,0,4.215934959349594
1499,144210745,0,4.215934959349594
1500,144204029,0,4.215934959349594
1501,144213766,0,4.215934959349594
1502,144204062,0,4.215934959349594
1503,144204073,0,4.215934959349594
1504,144204094,0,4.215934959349594
1505,144204104,0,4.215934959349594
1506,144204124,0,4.215934959349594
1507,144207898,0,4.215934959349594
1508,144205354,0,4.215934959349594
1509,144208938,0,4.215934959349594
1510,144206194,0,4.215934959349594
1511,144211892,0,4.215934959349594
1512,144205511,0,4.215934959349594
1513,144206239,0,4.215934959349594
1514,144205931,0,4.215934959349594
1515,144206628,0,4.215934959349594
1516,144212026,0,4.215934959349594
1517,144205683,0,4.215934959349594
1518,144205801,0,4.215934959349594
1519,144212449,0,4.215934959349594
1520,144205407,0,4.215934959349594
1521,144206372,0,4.215934959349594
1522,144212033,0,4.215934959349594
1523,144205465,0,4.215934959349594
1524,144205605,0,4.215934959349594
1525,144205462,0,4.215934959349594
1526,144205767,0,4.215934959349594
1527,144206161,0,4.215934959349594
1528,144205451,0,4.215934959349594
1529,144212167,0,4.215934959349594
1530,144205734,0,4.215934959349594
1531,144212221,0,4.215934959349594
1532,144206440,0,4.215934959349594
1533,144211889,0,4.215934959349594
1534,144212080,0,4.215934959349594
1535,144205419,0,4.215934959349594
1536,144212205,0,4.215934959349594
1537,144205487,0,4.215934959349594
1538,144205985,0,4.215934959349594
1539,144212540,0,4.215934959349594
1540,144206267,0,4.215934959349594
1541,144212134,0,4.215934959349594
1542,144212180,0,4.215934959349594
1543,144206136,0,4.215934959349594
1544,144212196,0,4.215934959349594
1545,144205530,0,4.215934959349594
1546,144205596,0,4.215934959349594
1547,144212371,0,4.215934959349594
1548,144206510,0,4.215934959349594
1549,144211917,0,4.215934959349594
1550,144206073,0,4.215934959349594
1551,144206511,0,4.215934959349594
1552,144205896,0,4.215934959349594
1553,144205365,0,4.215934959349594
1554,144211994,0,4.215934959349594
1555,144212168,0,4.215934959349594
1556,144212222,0,4.105121480692841
1557,144203729,0,4.082142857142856
1558,144205441,0,4.082142857142856
1559,144212830,0,4.082142857142856
1560,144211561,0,4.082142857142856
1561,144210540,0,4.082142857142856
1562,144211910,0,4.082142857142856
1563,144213101,0,4.082142857142856
1564,144210322,0,4.082142857142856
1565,144207041,0,4.082142857142856
1566,144213719,0,4.082142857142856
1567,144207325,0,4.082142857142856
1568,144208233,0,4.082142857142856
1569,144204532,0,4.082142857142856
1570,144203976,0,4.082142857142856
1571,144212902,0,4.082142857142856
1572,144210746,0,4.082142857142856
1573,144203759,0,4.082142857142856
1574,144212805,0,4.082142857142856
1575,144203812,0,4.082142857142856
1576,144208330,0,4.082142857142856
1577,144211490,0,4.082142857142856
1578,144204595,0,4.082142857142856
1579,144211429,0,4.082142857142856
1580,144213918,0,4.082142857142856
1581,144209232,0,4.082142857142856
1582,144212610,0,4.082142857142856
1583,144204164,0,4.082142857142856
1584,144206100,0,4.082142857142856
1585,144203608,0,4.082142857142856
1586,144205689,0,4.082142857142856
1587,144204154,0,4.082142857142856
1588,144205370,0,4.082142857142856
1589,144209195,0,4.082142857142856
1590,144213414,0,4.082142857142856
1591,144212012,0,4.082142857142856
1592,144212777,0,4.082142857142856
1593,144207640,0,4.082142857142856
1594,144211194,0,4.082142857142856
1595,144208969,0,4.082142857142856
1596,144210596,0,4.03179012345679
1597,144203995,0,4.03179012345679
1598,144205671,0,4.03179012345679
1599,144204294,0,4.03179012345679
1600,144210601,0,4.03179012345679
1601,144208058,0,4.03179012345679
1602,144210591,0,4.03179012345679
1603,144203984,0,4.03179012345679
1604,144212208,0,4.03179012345679
1605,144207821,0,4.03179012345679
1606,144210637,0,4.03179012345679
1607,144211059,0,4.03179012345679
1608,144211077,0,4.03179012345679
1609,144208023,0,4.03179012345679
1610,144204001,0,4.03179012345679
1611,144205809,0,4.03179012345679
1612,144204007,0,4.03179012345679
1613,144204291,0,4.03179012345679
1614,144213779,0,4.03179012345679
1615,144211049,0,4.03179012345679
1616,144212267,0,4.03179012345679
1617,144205682,0,4.03179012345679
1618,144210667,0,4.03179012345679
1619,144211110,0,4.03179012345679
1620,144207630,0,4.03179012345679
1621,144211123,0,4.03179012345679
1622,144213407,0,4.03179012345679
1623,144206310,0,4.03179012345679
1624,144213903,0,4.03179012345679
1625,144211146,0,4.03179012345679
1626,144203914,0,4.03179012345679
1627,144205870,0,4.03179012345679
1628,144212169,0,4.03179012345679
1629,144206420,0,4.03179012345679
1630,144213863,0,4.03179012345679
1631,144203961,0,4.03179012345679
1632,144203962,0,4.03179012345679
1633,144206419,0,4.03179012345679
1634,144211079,0,4.03179012345679
1635,144212171,0,4.03179012345679
1636,144213849,0,4.03179012345679
1637,144208093,0,4.03179012345679
1638,144208090,0,4.03179012345679
1639,144207589,0,4.03179012345679
1640,144203977,0,4.03179012345679
1641,144211119,0,4.03179012345679
1642,144213778,0,4.03179012345679
1643,144205666,0,4.03179012345679
1644,144213836,0,4.03179012345679
1645,144208066,0,4.03179012345679
1646,144208010,0,4.03179012345679
1647,144213774,0,4.03179012345679
1648,144204013,0,4.03179012345679
1649,144210842,0,4.03179012345679
1650,144207915,0,4.03179012345679
1651,144207753,0,4.03179012345679
1652,144210975,0,4.03179012345679
1653,144212215,0,4.03179012345679
1654,144207912,0,4.03179012345679
1655,144210794,0,4.03179012345679
1656,144210972,0,4.03179012345679
1657,144206385,0,4.03179012345679
1658,144204135,0,4.03179012345679
1659,144204136,0,4.03179012345679
1660,144210952,0,4.03179012345679
1661,144207795,0,4.03179012345679
1662,144207797,0,4.03179012345679
1663,144207750,0,4.03179012345679
1664,144210847,0,4.03179012345679
1665,144207874,0,4.03179012345679
1666,144207805,0,4.03179012345679
1667,144205702,0,4.03179012345679
1668,144210869,0,4.03179012345679
1669,144210872,0,4.03179012345679
1670,144213607,0,4.03179012345679
1671,144210924,0,4.03179012345679
1672,144210897,0,4.03179012345679
1673,144212240,0,4.03179012345679
1674,144205703,0,4.03179012345679
1675,144207828,0,4.03179012345679
1676,144210980,0,4.03179012345679
1677,144204179,0,4.03179012345679
1678,144207693,0,4.03179012345679
1679,144212211,0,4.03179012345679
1680,144207823,0,4.03179012345679
1681,144207998,0,4.03179012345679
1682,144210743,0,4.03179012345679
1683,144204282,0,4.03179012345679
1684,144207985,0,4.03179012345679
1685,144207708,0,4.03179012345679
1686,144213769,0,4.03179012345679
1687,144212264,0,4.03179012345679
1688,144204027,0,4.03179012345679
1689,144211025,0,4.03179012345679
1690,144204028,0,4.03179012345679
1691,144211022,0,4.03179012345679
1692,144213555,0,4.03179012345679
1693,144204092,0,4.03179012345679
1694,144213765,0,4.03179012345679
1695,144213762,0,4.03179012345679
1696,144211014,0,4.03179012345679
1697,144204045,0,4.03179012345679
1698,144213741,0,4.03179012345679
1699,144204198,0,4.03179012345679
1700,144205361,0,4.03179012345679
1701,144212213,0,4.03179012345679
1702,144207747,0,4.03179012345679
1703,144207941,0,4.03179012345679
1704,144204080,0,4.03179012345679
1705,144204090,0,4.03179012345679
1706,144212574,0,4.03179012345679
1707,144203861,0,4.03179012345679
1708,144210494,0,4.03179012345679
1709,144210156,1,4.03179012345679
1710,144208642,0,4.03179012345679
1711,144209298,0,4.03179012345679
1712,144209296,0,4.03179012345679
1713,144208649,0,4.03179012345679
1714,144211982,0,4.03179012345679
1715,144209291,0,4.03179012345679
1716,144205991,0,4.03179012345679
1717,144208686,0,4.03179012345679
1718,144208701,0,4.03179012345679
1719,144208858,1,4.03179012345679
1720,144206018,0,4.03179012345679
1721,144208713,0,4.03179012345679
1722,144203685,0,4.03179012345679
1723,144209276,0,4.03179012345679
1724,144209267,0,4.03179012345679
1725,144212078,0,4.03179012345679
1726,144206177,0,4.03179012345679
1727,144209322,0,4.03179012345679
1728,144208589,0,4.03179012345679
1729,144205949,0,4.03179012345679
1730,144205952,0,4.03179012345679
1731,144208569,0,4.03179012345679
1732,144209385,0,4.03179012345679
1733,144205960,0,4.03179012345679
1734,144208587,0,4.03179012345679
1735,144209375,0,4.03179012345679
1736,144209347,0,4.03179012345679
1737,144212091,0,4.03179012345679
1738,144203710,0,4.03179012345679
1739,144209614,1,4.03179012345679
1740,144209358,0,4.03179012345679
1741,144209535,1,4.03179012345679
1742,144208611,0,4.03179012345679
1743,144206025,0,4.03179012345679
1744,144212065,0,4.03179012345679
1745,144209249,0,4.03179012345679
1746,144205017,1,4.03179012345679
1747,144209070,0,4.03179012345679
1748,144209059,0,4.03179012345679
1749,144209046,0,4.03179012345679
1750,144209037,0,4.03179012345679
1751,144212022,0,4.03179012345679
1752,144209021,0,4.03179012345679
1753,144209013,0,4.03179012345679
1754,144209117,0,4.03179012345679
1755,144209012,0,4.03179012345679
1756,144204648,1,4.03179012345679
1757,144209006,0,4.03179012345679
1758,144203602,0,4.03179012345679
1759,144208927,0,4.03179012345679
1760,144203883,1,4.03179012345679
1761,144209098,0,4.03179012345679
1762,144203651,0,4.03179012345679
1763,144212054,0,4.03179012345679
1764,144208793,0,4.03179012345679
1765,144203673,0,4.03179012345679
1766,144203672,0,4.03179012345679
1767,144208296,1,4.03179012345679
1768,144206055,0,4.03179012345679
1769,144208783,0,4.03179012345679
1770,144209203,0,4.03179012345679
1771,144209171,0,4.03179012345679
1772,144203652,0,4.03179012345679
1773,144209167,0,4.03179012345679
1774,144208805,0,4.03179012345679
1775,144207456,1,4.03179012345679
1776,144208810,0,4.03179012345679
1777,144209149,0,4.03179012345679
1778,144203653,0,4.03179012345679
1779,144203722,0,4.03179012345679
1780,144209409,0,4.03179012345679
1781,144203887,0,4.03179012345679
1782,144203730,0,4.03179012345679
1783,144210067,0,4.03179012345679
1784,144210062,0,4.03179012345679
1785,144208281,0,4.03179012345679
1786,144203858,0,4.03179012345679
1787,144210014,0,4.03179012345679
1788,144203850,0,4.03179012345679
1789,144213319,1,4.03179012345679
1790,144203836,0,4.03179012345679
1791,144209913,0,4.03179012345679
1792,144209865,0,4.03179012345679
1793,144212114,0,4.03179012345679
1794,144203830,0,4.03179012345679
1795,144208360,0,4.03179012345679
1796,144209860,0,4.03179012345679
1797,144209829,0,4.03179012345679
1798,144210073,0,4.03179012345679
1799,144206421,0,4.03179012345679
1800,144205913,0,4.03179012345679
1801,144210398,0,4.03179012345679
1802,144205889,0,4.03179012345679
1803,144205890,0,4.03179012345679
1804,144210450,0,4.03179012345679
1805,144210440,0,4.03179012345679
1806,144210427,0,4.03179012345679
1807,144210415,0,4.03179012345679
1808,144208193,0,4.03179012345679
1809,144208259,0,4.03179012345679
1810,144203874,0,4.03179012345679
1811,144205905,0,4.03179012345679
1812,144208229,0,4.03179012345679
1813,144210160,0,4.03179012345679
1814,144208241,0,4.03179012345679
1815,144203864,0,4.03179012345679
1816,144209823,0,4.03179012345679
1817,144209815,0,4.03179012345679
1818,144203826,0,4.03179012345679
1819,144205937,0,4.03179012345679
1820,144209513,0,4.03179012345679
1821,144203739,0,4.03179012345679
1822,144206211,0,4.03179012345679
1823,144211952,0,4.03179012345679
1824,144208479,0,4.03179012345679
1825,144209497,0,4.03179012345679
1826,144210161,1,4.03179012345679
1827,144209530,0,4.03179012345679
1828,144211962,0,4.03179012345679
1829,144208499,0,4.03179012345679
1830,144208501,0,4.03179012345679
1831,144211967,0,4.03179012345679
1832,144209444,0,4.03179012345679
1833,144209441,0,4.03179012345679
1834,144212097,0,4.03179012345679
1835,144209532,0,4.03179012345679
1836,144209806,0,4.03179012345679
1837,144212102,0,4.03179012345679
1838,144203817,0,4.03179012345679
1839,144209764,0,4.03179012345679
1840,144212108,0,4.03179012345679
1841,144209717,0,4.03179012345679
1842,144209697,0,4.03179012345679
1843,144212206,1,4.03179012345679
1844,144206234,0,4.03179012345679
1845,144206213,0,4.03179012345679
1846,144211366,1,4.03179012345679
1847,144209632,0,4.03179012345679
1848,144205933,0,4.03179012345679
1849,144209588,0,4.03179012345679
1850,144205934,0,4.03179012345679
1851,144211060,1,4.03179012345679
1852,144207567,0,4.03179012345679
1853,144212011,0,4.03179012345679
1854,144206422,0,4.03179012345679
1855,144205479,0,4.03179012345679
1856,144212479,0,4.03179012345679
1857,144211491,0,4.03179012345679
1858,144212877,0,4.03179012345679
1859,144212470,0,4.03179012345679
1860,144211498,0,4.03179012345679
1861,144204977,0,4.03179012345679
1862,144205469,0,4.03179012345679
1863,144204965,0,4.03179012345679
1864,144212896,0,4.03179012345679
1865,144205606,0,4.03179012345679
1866,144205472,0,4.03179012345679
1867,144206456,0,4.03179012345679
1868,144212898,0,4.03179012345679
1869,144207207,0,4.03179012345679
1870,144205475,0,4.03179012345679
1871,144211512,0,4.03179012345679
1872,144211515,0,4.03179012345679
1873,144212907,0,4.03179012345679
1874,144211520,0,4.03179012345679
1875,144204913,0,4.03179012345679
1876,144213194,0,4.03179012345679
1877,144206546,0,4.03179012345679
1878,144204631,0,4.03179012345679
1879,144207230,0,4.03179012345679
1880,144212873,0,4.03179012345679
1881,144204589,0,4.03179012345679
1882,144212857,0,4.03179012345679
1883,144206446,0,4.03179012345679
1884,144207312,0,4.03179012345679
1885,144207310,0,4.03179012345679
1886,144211721,0,4.03179012345679
1887,144204528,0,4.03179012345679
1888,144205063,0,4.03179012345679
1889,144212854,0,4.03179012345679
1890,144205629,0,4.03179012345679
1891,144204534,0,4.03179012345679
1892,144204539,0,4.03179012345679
1893,144213299,0,4.03179012345679
1894,144213255,0,4.03179012345679
1895,144213282,0,4.03179012345679
1896,144211800,0,4.03179012345679
1897,144211717,0,4.03179012345679
1898,144204557,0,4.03179012345679
1899,144211477,0,4.03179012345679
1900,144211478,0,4.03179012345679
1901,144213257,0,4.03179012345679
1902,144206892,0,4.03179012345679
1903,144205023,0,4.03179012345679
1904,144211481,0,4.03179012345679
1905,144213178,0,4.03179012345679
1906,144206538,0,4.03179012345679
1907,144204527,0,4.03179012345679
1908,144211546,0,4.03179012345679
1909,144204758,0,4.03179012345679
1910,144212990,0,4.03179012345679
1911,144207115,0,4.03179012345679
1912,144213045,0,4.03179012345679
1913,144212394,0,4.03179012345679
1914,144213040,0,4.03179012345679
1915,144212996,0,4.03179012345679
1916,144211578,0,4.03179012345679
1917,144205539,0,4.03179012345679
1918,144207052,0,4.03179012345679
1919,144204790,0,4.03179012345679
1920,144206514,0,4.03179012345679
1921,144204815,0,4.03179012345679
1922,144207064,0,4.03179012345679
1923,144204793,0,4.03179012345679
1924,144211834,0,4.03179012345679
1925,144207065,0,4.03179012345679
1926,144205536,0,4.03179012345679
1927,144213013,0,4.03179012345679
1928,144213038,0,4.03179012345679
1929,144211597,0,4.03179012345679
1930,144207077,0,4.03179012345679
1931,144211153,0,4.03179012345679
1932,144204757,0,4.03179012345679
1933,144212361,0,4.03179012345679
1934,144212417,0,4.03179012345679
1935,144213092,0,4.03179012345679
1936,144206967,0,4.03179012345679
1937,144213165,0,4.03179012345679
1938,144204888,0,4.03179012345679
1939,144211548,0,4.03179012345679
1940,144212444,0,4.03179012345679
1941,144204655,0,4.03179012345679
1942,144213112,0,4.03179012345679
1943,144213106,0,4.03179012345679
1944,144204874,0,4.03179012345679
1945,144212419,0,4.03179012345679
1946,144204859,0,4.03179012345679
1947,144204739,0,4.03179012345679
1948,144206523,0,4.03179012345679
1949,144204708,0,4.03179012345679
1950,144211665,0,4.03179012345679
1951,144212349,0,4.03179012345679
1952,144205524,0,4.03179012345679
1953,144207137,0,4.03179012345679
1954,144211836,0,4.03179012345679
1955,144212986,0,4.03179012345679
1956,144204846,0,4.03179012345679
1957,144212989,0,4.03179012345679
1958,144211418,0,4.03179012345679
1959,144211425,0,4.03179012345679
1960,144204459,0,4.03179012345679
1961,144205402,0,4.03179012345679
1962,144211201,0,4.03179012345679
1963,144204412,0,4.03179012345679
1964,144212538,0,4.03179012345679
1965,144212655,0,4.03179012345679
1966,144206635,0,4.03179012345679
1967,144207503,0,4.03179012345679
1968,144212671,0,4.03179012345679
1969,144205382,0,4.03179012345679
1970,144212282,0,4.03179012345679
1971,144206762,0,4.03179012345679
1972,144205232,0,4.03179012345679
1973,144211286,0,4.03179012345679
1974,144211777,0,4.03179012345679
1975,144212694,0,4.03179012345679
1976,144213369,0,4.03179012345679
1977,144211792,0,4.03179012345679
1978,144205210,0,4.03179012345679
1979,144211275,0,4.03179012345679
1980,144212695,0,4.03179012345679
1981,144204461,0,4.03179012345679
1982,144205655,0,4.03179012345679
1983,144207435,0,4.03179012345679
1984,144204411,0,4.03179012345679
1985,144207517,0,4.03179012345679
1986,144205266,0,4.03179012345679
1987,144206730,0,4.03179012345679
1988,144212589,0,4.03179012345679
1989,144204391,0,4.03179012345679
1990,144212602,0,4.03179012345679
1991,144212569,0,4.03179012345679
1992,144204392,0,4.03179012345679
1993,144204394,0,4.03179012345679
1994,144211177,0,4.03179012345679
1995,144206423,0,4.03179012345679
1996,144213402,0,4.03179012345679
1997,144206706,0,4.03179012345679
1998,144212561,0,4.03179012345679
1999,144212619,0,4.03179012345679
2000,144205305,0,4.03179012345679
2001,144212271,0,4.03179012345679
2002,144212556,0,4.03179012345679
2003,144211769,0,4.03179012345679
2004,144212549,0,4.03179012345679
2005,144206727,0,4.03179012345679
2006,144206637,0,4.03179012345679
2007,144211865,0,4.03179012345679
2008,144212272,0,4.03179012345679
2009,144211285,0,4.03179012345679
2010,144211602,0,4.03179012345679
2011,144205173,0,4.03179012345679
2012,144211395,0,4.03179012345679
2013,144206854,0,4.03179012345679
2014,144211384,0,4.03179012345679
2015,144204521,0,4.03179012345679
2016,144206815,0,4.03179012345679
2017,144213345,0,4.03179012345679
2018,144205412,0,4.03179012345679
2019,144206817,0,4.03179012345679
2020,144212759,0,4.03179012345679
2021,144212809,0,4.03179012345679
2022,144212708,0,4.03179012345679
2023,144205413,0,4.03179012345679
2024,144212305,0,4.03179012345679
2025,144212308,0,4.03179012345679
2026,144205153,0,4.03179012345679
2027,144206592,0,4.03179012345679
2028,144205151,0,4.03179012345679
2029,144213327,0,4.03179012345679
2030,144205418,0,4.03179012345679
2031,144212802,0,4.03179012345679
2032,144206838,0,4.03179012345679
2033,144205409,0,4.03179012345679
2034,144205192,0,4.03179012345679
2035,144211401,0,4.03179012345679
2036,144205104,0,4.03179012345679
2037,144207330,0,4.03179012345679
2038,144204464,0,4.03179012345679
2039,144211843,0,4.03179012345679
2040,144206786,0,4.03179012345679
2041,144211294,0,4.03179012345679
2042,144205437,0,4.03179012345679
2043,144211297,0,4.03179012345679
2044,144206612,0,4.03179012345679
2045,144212711,0,4.03179012345679
2046,144206434,0,4.03179012345679
2047,144204471,0,4.03179012345679
2048,144213316,0,4.03179012345679
2049,144205126,0,4.03179012345679
2050,144205526,0,3.885
2051,144204561,1,3.885
2052,144210025,0,3.885
2053,144208999,0,3.885
2054,144209921,0,3.885
2055,144210092,0,3.885
2056,144210131,0,3.885
2057,144208545,0,3.885
2058,144209570,0,3.885
2059,144212862,0,3.885
2060,144204834,0,3.885
2061,144204923,0,3.885
2062,144209544,0,3.885
2063,144205199,0,3.885
2064,144208184,1,3.885
2065,144209251,0,3.885
2066,144209259,0,3.885
2067,144204894,0,3.885
2068,144209204,0,3.885
2069,144205219,0,3.885
2070,144211687,0,3.885
2071,144206757,0,3.885
2072,144206756,0,3.885
2073,144212537,0,3.885
2074,144211784,0,3.885
2075,144205256,0,3.885
2076,144208817,0,3.885
2077,144205257,0,3.885
2078,144212988,0,3.885
2079,144206246,0,3.885
2080,144209720,1,3.885
2081,144210159,0,3.885
2082,144211107,0,3.885
2083,144207378,0,3.885
2084,144203922,0,3.885
2085,144210521,0,3.885
2086,144211048,0,3.885
2087,144213544,0,3.885
2088,144208045,0,3.885
2089,144208034,0,3.885
2090,144207219,0,3.885
2091,144210717,0,3.885
2092,144213524,0,3.885
2093,144211095,0,3.885
2094,144213513,0,3.885
2095,144205623,0,3.885
2096,144205651,0,3.885
2097,144212170,0,3.885
2098,144211349,0,3.885
2099,144204517,0,3.885
2100,144210875,0,3.885
2101,144204145,0,3.885
2102,144207363,0,3.885
2103,144213681,0,3.885
2104,144211323,0,3.885
2105,144207346,0,3.885
2106,144211876,0,3.7975862068965514
2107,144209334,0,3.7975862068965514
2108,144205922,0,3.7975862068965514
2109,144203968,0,3.7975862068965514
2110,144211231,0,3.7975862068965514
2111,144212531,0,3.7975862068965514
2112,144213383,0,3.7975862068965514
2113,144208074,0,3.7975862068965514
2114,144207959,0,3.7975862068965514
2115,144213219,0,3.7975862068965514
2116,144210671,0,3.7975862068965514
2117,144212250,0,3.7975862068965514
2118,144203711,0,3.7975862068965514
2119,144209288,0,3.7975862068965514
2120,144213883,0,3.7975862068965514
2121,144208429,1,3.7975862068965514
2122,144204157,0,3.7975862068965514
2123,144205648,0,3.7975862068965514
2124,144211977,0,3.7975862068965514
2125,144211533,0,3.7975862068965514
2126,144203694,0,3.7975862068965514
2127,144211133,0,3.7975862068965514
2128,144203841,0,3.7975862068965514
2129,144209918,0,3.7975862068965514
2130,144203854,0,3.7975862068965514
2131,144207042,0,3.7975862068965514
2132,144205269,0,3.7975862068965514
2133,144204346,0,3.7975862068965514
2134,144205268,0,3.7975862068965514
2135,144211129,0,3.7975862068965514
2136,144212116,0,3.7975862068965514
2137,144204712,0,3.7975862068965514
2138,144211256,0,3.762129428380512
2139,144213422,0,3.7588819875776402
2140,144209280,0,3.7588819875776402
2141,144211867,0,3.7588819875776402
2142,144211163,0,3.7588819875776402
2143,144208588,1,3.7588819875776402
2144,144213451,0,3.7588819875776402
2145,144212736,0,3.7588819875776402
2146,144211321,0,3.7588819875776402
2147,144212573,0,3.7588819875776402
2148,144210919,0,3.7588819875776402
2149,144208765,1,3.7588819875776402
2150,144212743,0,3.7588819875776402
2151,144211745,0,3.7588819875776402
2152,144212559,0,3.7588819875776402
2153,144211852,0,3.7588819875776402
2154,144209317,0,3.7588819875776402
2155,144211167,0,3.7588819875776402
2156,144204443,1,3.7588819875776402
2157,144209287,0,3.7588819875776402
2158,144213443,0,3.7588819875776402
2159,144212223,0,3.7588819875776402
2160,144212066,0,3.7588819875776402
2161,144211298,0,3.7588819875776402
2162,144212300,0,3.7588819875776402
2163,144212767,0,3.7588819875776402
2164,144213625,0,3.7588819875776402
2165,144212775,0,3.7588819875776402
2166,144212795,0,3.7588819875776402
2167,144212564,0,3.7588819875776402
2168,144209077,1,3.7588819875776402
2169,144204004,1,3.7588819875776402
2170,144213394,0,3.7588819875776402
2171,144209265,0,3.7588819875776402
2172,144211295,0,3.7588819875776402
2173,144212804,0,3.7588819875776402
2174,144209084,0,3.7588819875776402
2175,144213381,0,3.7588819875776402
2176,144209181,0,3.7588819875776402
2177,144211741,0,3.7588819875776402
2178,144205901,1,3.7588819875776402
2179,144211046,0,3.7588819875776402
2180,144212270,0,3.7588819875776402
2181,144209152,0,3.7588819875776402
2182,144213553,0,3.7588819875776402
2183,144206969,1,3.7588819875776402
2184,144212269,0,3.7588819875776402
2185,144213389,0,3.7588819875776402
2186,144213396,0,3.7588819875776402
2187,144212281,0,3.7588819875776402
2188,144212007,0,3.7588819875776402
2189,144213377,0,3.7588819875776402
2190,144211251,0,3.7588819875776402
2191,144211278,0,3.7588819875776402
2192,144209134,0,3.7588819875776402
2193,144212633,0,3.7588819875776402
2194,144211085,0,3.7588819875776402
2195,144212709,0,3.7588819875776402
2196,144211288,0,3.7588819875776402
2197,144212698,0,3.7588819875776402
2198,144213559,0,3.7588819875776402
2199,144212259,0,3.7588819875776402
2200,144211779,0,3.7588819875776402
2201,144209049,0,3.7588819875776402
2202,144211191,0,3.7588819875776402
2203,144211271,0,3.7588819875776402
2204,144211261,0,3.7588819875776402
2205,144208165,1,3.7588819875776402
2206,144212247,0,3.7588819875776402
2207,144210140,0,3.7588819875776402
2208,144210837,0,3.7588819875776402
2209,144213185,0,3.7588819875776402
2210,144212163,0,3.7588819875776402
2211,144210486,0,3.7588819875776402
2212,144210493,0,3.7588819875776402
2213,144212164,0,3.7588819875776402
2214,144213071,0,3.7588819875776402
2215,144212358,0,3.7588819875776402
2216,144213912,0,3.7588819875776402
2217,144211829,0,3.7588819875776402
2218,144211838,0,3.7588819875776402
2219,144212963,1,3.7588819875776402
2220,144212977,0,3.7588819875776402
2221,144212429,0,3.7588819875776402
2222,144213147,0,3.7588819875776402
2223,144213157,0,3.7588819875776402
2224,144212447,0,3.7588819875776402
2225,144212347,0,3.7588819875776402
2226,144212099,0,3.7588819875776402
2227,144212190,0,3.7588819875776402
2228,144209665,0,3.7588819875776402
2229,144213171,0,3.7588819875776402
2230,144212942,0,3.7588819875776402
2231,144212115,0,3.7588819875776402
2232,144213053,0,3.7588819875776402
2233,144213313,1,3.7588819875776402
2234,144210186,0,3.7588819875776402
2235,144211623,0,3.7588819875776402
2236,144211598,0,3.7588819875776402
2237,144213025,0,3.7588819875776402
2238,144213037,0,3.7588819875776402
2239,144210084,0,3.7588819875776402
2240,144210076,0,3.7588819875776402
2241,144213024,0,3.7588819875776402
2242,144210162,0,3.7588819875776402
2243,144211593,0,3.7588819875776402
2244,144210323,0,3.7588819875776402
2245,144214026,1,3.7588819875776402
2246,144210340,0,3.7588819875776402
2247,144213011,0,3.7588819875776402
2248,144210342,0,3.7588819875776402
2249,144210361,0,3.7588819875776402
2250,144213616,1,3.7588819875776402
2251,144209985,0,3.7588819875776402
2252,144209967,0,3.7588819875776402
2253,144210394,0,3.7588819875776402
2254,144211580,0,3.7588819875776402
2255,144209624,0,3.7588819875776402
2256,144213820,0,3.7588819875776402
2257,144211978,0,3.7588819875776402
2258,144210598,0,3.7588819875776402
2259,144212329,0,3.7588819875776402
2260,144209402,0,3.7588819875776402
2261,144212312,0,3.7588819875776402
2262,144213728,0,3.7588819875776402
2263,144209394,0,3.7588819875776402
2264,144210146,1,3.7588819875776402
2265,144213726,0,3.7588819875776402
2266,144209386,0,3.7588819875776402
2267,144212846,0,3.7588819875776402
2268,144212845,0,3.7588819875776402
2269,144211731,0,3.7588819875776402
2270,144212092,0,3.7588819875776402
2271,144213314,0,3.7588819875776402
2272,144210147,0,3.7588819875776402
2273,144213688,0,3.7588819875776402
2274,144213678,0,3.7588819875776402
2275,144212514,0,3.7588819875776402
2276,144212087,0,3.7588819875776402
2277,144212010,0,3.7588819875776402
2278,144212311,0,3.7588819875776402
2279,144211785,0,3.7588819875776402
2280,144213264,0,3.7588819875776402
2281,144211472,0,3.7588819875776402
2282,144210158,1,3.7588819875776402
2283,144208955,0,3.7588819875776402
2284,144209558,0,3.7588819875776402
2285,144213805,0,3.7588819875776402
2286,144212899,0,3.7588819875776402
2287,144210628,0,3.7588819875776402
2288,144211698,0,3.7588819875776402
2289,144210673,0,3.7588819875776402
2290,144213795,0,3.7588819875776402
2291,144212467,0,3.7588819875776402
2292,144212889,0,3.7588819875776402
2293,144211497,0,3.7588819875776402
2294,144211473,0,3.7588819875776402
2295,144212876,0,3.7588819875776402
2296,144211484,0,3.7588819875776402
2297,144211968,0,3.7588819875776402
2298,144209455,0,3.7588819875776402
2299,144209449,0,3.7588819875776402
2300,144210741,0,3.7588819875776402
2301,144212872,0,3.7588819875776402
2302,144209425,0,3.7588819875776402
2303,144212094,0,3.7588819875776402
2304,144210997,0,3.7588819875776402
2305,144203647,1,3.7588819875776402
2306,144206609,0,3.7588819875776402
2307,144204829,0,3.7588819875776402
2308,144206373,0,3.7588819875776402
2309,144208592,0,3.7588819875776402
2310,144206520,0,3.7588819875776402
2311,144205116,0,3.7588819875776402
2312,144206550,0,3.7588819875776402
2313,144206567,0,3.7588819875776402
2314,144204922,0,3.7588819875776402
2315,144204910,0,3.7588819875776402
2316,144206568,0,3.7588819875776402
2317,144208557,0,3.7588819875776402
2318,144204861,0,3.7588819875776402
2319,144206614,0,3.7588819875776402
2320,144204820,0,3.7588819875776402
2321,144206203,0,3.7588819875776402
2322,144204807,0,3.7588819875776402
2323,144206987,0,3.7588819875776402
2324,144204764,0,3.7588819875776402
2325,144204762,0,3.7588819875776402
2326,144204737,0,3.7588819875776402
2327,144207171,0,3.7588819875776402
2328,144207194,0,3.7588819875776402
2329,144207205,0,3.7588819875776402
2330,144204624,0,3.7588819875776402
2331,144204598,0,3.7588819875776402
2332,144204592,0,3.7588819875776402
2333,144205685,0,3.7588819875776402
2334,144206218,0,3.7588819875776402
2335,144205189,0,3.7588819875776402
2336,144204509,0,3.7588819875776402
2337,144205891,0,3.7588819875776402
2338,144205674,0,3.7588819875776402
2339,144205663,0,3.7588819875776402
2340,144205611,0,3.7588819875776402
2341,144205746,0,3.7588819875776402
2342,144208742,0,3.7588819875776402
2343,144205555,0,3.7588819875776402
2344,144205525,0,3.7588819875776402
2345,144208675,0,3.7588819875776402
2346,144205455,0,3.7588819875776402
2347,144205450,0,3.7588819875776402
2348,144205435,0,3.7588819875776402
2349,144208754,0,3.7588819875776402
2350,144208645,0,3.7588819875776402
2351,144205194,0,3.7588819875776402
2352,144205429,0,3.7588819875776402
2353,144205917,0,3.7588819875776402
2354,144205359,0,3.7588819875776402
2355,144205923,0,3.7588819875776402
2356,144205998,0,3.7588819875776402
2357,144205336,0,3.7588819875776402
2358,144206033,0,3.7588819875776402
2359,144205318,0,3.7588819875776402
2360,144206171,0,3.7588819875776402
2361,144206174,0,3.7588819875776402
2362,144205261,0,3.7588819875776402
2363,144206188,0,3.7588819875776402
2364,144204540,0,3.7588819875776402
2365,144204548,0,3.7588819875776402
2366,144204479,0,3.7588819875776402
2367,144207562,0,3.7588819875776402
2368,144203986,0,3.7588819875776402
2369,144208461,0,3.7588819875776402
2370,144203957,0,3.7588819875776402
2371,144207650,0,3.7588819875776402
2372,144207867,0,3.7588819875776402
2373,144203911,0,3.7588819875776402
2374,144203895,0,3.7588819875776402
2375,144203894,0,3.7588819875776402
2376,144203884,0,3.7588819875776402
2377,144203875,0,3.7588819875776402
2378,144207891,0,3.7588819875776402
2379,144208026,0,3.7588819875776402
2380,144203772,0,3.7588819875776402
2381,144203767,0,3.7588819875776402
2382,144208923,0,3.7588819875776402
2383,144208926,0,3.7588819875776402
2384,144208028,0,3.7588819875776402
2385,144203733,0,3.7588819875776402
2386,144203723,0,3.7588819875776402
2387,144208099,0,3.7588819875776402
2388,144203708,0,3.7588819875776402
2389,144208151,0,3.7588819875776402
2390,144203644,0,3.7588819875776402
2391,144208164,0,3.7588819875776402
2392,144208180,0,3.7588819875776402
2393,144208230,0,3.7588819875776402
2394,144208275,0,3.7588819875776402
2395,144208504,0,3.7588819875776402
2396,144207621,0,3.7588819875776402
2397,144208469,0,3.7588819875776402
2398,144204189,0,3.7588819875776402
2399,144208490,0,3.7588819875776402
2400,144208842,0,3.7588819875776402
2401,144204438,0,3.7588819875776402
2402,144204413,0,3.7588819875776402
2403,144204386,0,3.7588819875776402
2404,144207371,0,3.7588819875776402
2405,144207373,0,3.7588819875776402
2406,144204333,0,3.7588819875776402
2407,144204325,0,3.7588819875776402
2408,144204031,0,3.7588819875776402
2409,144204321,0,3.7588819875776402
2410,144204324,0,3.7588819875776402
2411,144208860,0,3.7588819875776402
2412,144207460,0,3.7588819875776402
2413,144208470,0,3.7588819875776402
2414,144204064,0,3.7588819875776402
2415,144207507,0,3.7588819875776402
2416,144208480,0,3.7588819875776402
2417,144204123,0,3.7588819875776402
2418,144204146,0,3.7588819875776402
2419,144208733,0,3.7588819875776402
2420,144204153,0,3.7588819875776402
2421,144204172,0,3.7588819875776402
2422,144207404,0,3.7588819875776402
2423,144212117,0,3.7255555555555557
2424,144211552,0,3.7255555555555557
2425,144208128,0,3.7255555555555557
2426,144211644,0,3.7255555555555557
2427,144211363,0,3.7255555555555557
2428,144207374,0,3.7255555555555557
2429,144212200,0,3.7255555555555557
2430,144209751,0,3.7255555555555557
2431,144204710,0,3.7255555555555557
2432,144205466,0,3.7255555555555557
2433,144207190,0,3.7232876107379096
2434,144213160,0,3.723046636651682
2435,144205321,0,3.718532325346729
2436,144207447,0,3.7115288945696507
2437,144211196,0,3.7109937461426568
2438,144212015,0,3.7096622707007607
2439,144203969,0,3.7085
2440,144213869,0,3.7085
2441,144207674,0,3.7085
2442,144211018,0,3.7085
2443,144211055,0,3.7085
2444,144211003,0,3.7085
2445,144210983,0,3.7085
2446,144210895,0,3.7085
2447,144203926,0,3.7085
2448,144207868,0,3.7085
2449,144203990,0,3.7085
2450,144208403,0,3.7085
2451,144211143,0,3.7085
2452,144204019,0,3.7085
2453,144212288,1,3.7085
2454,144204022,0,3.7085
2455,144213758,0,3.7085
2456,144204076,0,3.7085
2457,144204102,0,3.7085
2458,144207504,0,3.7085
2459,144204150,0,3.7085
2460,144213589,0,3.7085
2461,144207394,0,3.7085
2462,144211303,0,3.7085
2463,144210860,0,3.7085
2464,144210797,0,3.7085
2465,144207900,0,3.7085
2466,144207376,0,3.7085
2467,144209786,0,3.7085
2468,144210061,0,3.7085
2469,144208278,0,3.7085
2470,144203561,0,3.7085
2471,144208267,0,3.7085
2472,144208265,0,3.7085
2473,144208239,0,3.7085
2474,144208231,0,3.7085
2475,144210163,0,3.7085
2476,144210172,0,3.7085
2477,144203613,0,3.7085
2478,144208212,0,3.7085
2479,144204754,1,3.7085
2480,144210456,0,3.7085
2481,144206197,1,3.7085
2482,144203646,0,3.7085
2483,144208385,1,3.7085
2484,144208105,0,3.7085
2485,144203721,0,3.7085
2486,144208060,0,3.7085
2487,144208044,0,3.7085
2488,144210633,0,3.7085
2489,144210806,1,3.7085
2490,144203789,0,3.7085
2491,144208003,0,3.7085
2492,144207926,0,3.7085
2493,144207922,0,3.7085
2494,144211320,0,3.7085
2495,144204445,0,3.7085
2496,144213511,0,3.7085
2497,144206028,0,3.7085
2498,144205178,0,3.7085
2499,144206297,0,3.7085
2500,144205179,0,3.7085
2501,144205186,0,3.7085
2502,144205217,0,3.7085
2503,144211979,0,3.7085
2504,144212645,0,3.7085
2505,144212635,0,3.7085
2506,144211983,0,3.7085
2507,144206088,0,3.7085
2508,144212055,0,3.7085
2509,144206032,0,3.7085
2510,144205347,0,3.7085
2511,144213427,0,3.7085
2512,144205930,0,3.7085
2513,144205358,0,3.7085
2514,144212109,0,3.7085
2515,144212576,0,3.7085
2516,144205368,0,3.7085
2517,144205910,0,3.7085
2518,144205432,0,3.7085
2519,144212520,0,3.7085
2520,144212172,0,3.7085
2521,144212461,0,3.7085
2522,144205820,0,3.7085
2523,144205590,0,3.7085
2524,144212766,0,3.7085
2525,144206443,0,3.7085
2526,144206494,0,3.7085
2527,144212769,0,3.7085
2528,144213417,0,3.7085
2529,144205700,0,3.7085
2530,144213350,0,3.7085
2531,144213169,0,3.7085
2532,144211391,0,3.7085
2533,144207304,0,3.7085
2534,144207246,0,3.7085
2535,144213146,0,3.7085
2536,144213127,0,3.7085
2537,144213102,0,3.7085
2538,144213036,0,3.7085
2539,144206898,0,3.7085
2540,144206866,0,3.7085
2541,144206845,0,3.7085
2542,144211736,0,3.7085
2543,144206692,0,3.7085
2544,144211768,0,3.7085
2545,144204848,0,3.7085
2546,144206571,0,3.7085
2547,144212943,0,3.7085
2548,144212934,0,3.7085
2549,144212853,0,3.7085
2550,144211820,0,3.7085
2551,144211821,0,3.7085
2552,144205075,0,3.7085
2553,144205676,0,3.7085
2554,144208381,0,3.7085
2555,144209055,0,3.7085
2556,144208695,0,3.7085
2557,144209183,0,3.7085
2558,144209227,0,3.7085
2559,144208426,0,3.7085
2560,144208750,0,3.7085
2561,144209584,0,3.7085
2562,144208971,0,3.7085
2563,144208612,0,3.7085
2564,144209401,0,3.7085
2565,144209197,0,3.7085
2566,144209035,0,3.7085
2567,144209053,0,3.7085
2568,144209241,0,3.7085
2569,144208973,0,3.7085
2570,144208936,0,3.7085
2571,144211493,0,3.698779651817876
2572,144211121,0,3.6477485938386067
2573,144203997,0,3.6477485938386067
2574,144212859,0,3.6363991636772153
2575,144213736,0,3.6361057692307694
2576,144210998,0,3.6361057692307694
2577,144210999,0,3.6361057692307694
2578,144209551,0,3.6361057692307694
2579,144213182,0,3.6361057692307694
2580,144211005,0,3.6361057692307694
2581,144207742,0,3.6361057692307694
2582,144213014,0,3.6361057692307694
2583,144213019,0,3.6361057692307694
2584,144207748,0,3.6361057692307694
2585,144212332,0,3.6361057692307694
2586,144213015,0,3.6361057692307694
2587,144210977,0,3.6361057692307694
2588,144210976,0,3.6361057692307694
2589,144207758,0,3.6361057692307694
2590,144213012,0,3.6361057692307694
2591,144211620,0,3.6361057692307694
2592,144204040,0,3.6361057692307694
2593,144211621,0,3.6361057692307694
2594,144210960,0,3.6361057692307694
2595,144211624,0,3.6361057692307694
2596,144212323,0,3.6361057692307694
2597,144213822,0,3.6361057692307694
2598,144207099,0,3.6361057692307694
2599,144208444,0,3.6361057692307694
2600,144213679,0,3.6361057692307694
2601,144211537,0,3.6361057692307694
2602,144212008,0,3.6361057692307694
2603,144207657,0,3.6361057692307694
2604,144211547,0,3.6361057692307694
2605,144204794,0,3.6361057692307694
2606,144204799,0,3.6361057692307694
2607,144204630,0,3.6361057692307694
2608,144207162,0,3.6361057692307694
2609,144212277,0,3.6361057692307694
2610,144212278,0,3.6361057692307694
2611,144207154,0,3.6361057692307694
2612,144213712,0,3.6361057692307694
2613,144211054,0,3.6361057692307694
2614,144204052,0,3.6361057692307694
2615,144207675,0,3.6361057692307694
2616,144213715,0,3.6361057692307694
2617,144211563,0,3.6361057692307694
2618,144212296,0,3.6361057692307694
2619,144204381,0,3.6361057692307694
2620,144212297,0,3.6361057692307694
2621,144207126,0,3.6361057692307694
2622,144213028,0,3.6361057692307694
2623,144207114,0,3.6361057692307694
2624,144205589,0,3.6361057692307694
2625,144207112,0,3.6361057692307694
2626,144211577,0,3.6361057692307694
2627,144212003,0,3.6361057692307694
2628,144209038,0,3.6361057692307694
2629,144204614,0,3.6361057692307694
2630,144210943,0,3.6361057692307694
2631,144205503,0,3.6361057692307694
2632,144211673,0,3.6361057692307694
2633,144210823,0,3.6361057692307694
2634,144204441,0,3.6361057692307694
2635,144210819,0,3.6361057692307694
2636,144210811,0,3.6361057692307694
2637,144208442,0,3.6361057692307694
2638,144210800,0,3.6361057692307694
2639,144203987,0,3.6361057692307694
2640,144213810,0,3.6361057692307694
2641,144207913,0,3.6361057692307694
2642,144212974,0,3.6361057692307694
2643,144207914,0,3.6361057692307694
2644,144207918,0,3.6361057692307694
2645,144207920,0,3.6361057692307694
2646,144213814,0,3.6361057692307694
2647,144210940,0,3.6361057692307694
2648,144204870,0,3.6361057692307694
2649,144207935,0,3.6361057692307694
2650,144212434,0,3.6361057692307694
2651,144208510,0,3.6361057692307694
2652,144213830,0,3.6361057692307694
2653,144203983,0,3.6361057692307694
2654,144204442,0,3.6361057692307694
2655,144212438,0,3.6361057692307694
2656,144203978,0,3.6361057692307694
2657,144203974,0,3.6361057692307694
2658,144212445,0,3.6361057692307694
2659,144207971,0,3.6361057692307694
2660,144211678,0,3.6361057692307694
2661,144211949,0,3.6361057692307694
2662,144203998,0,3.6361057692307694
2663,144212410,0,3.6361057692307694
2664,144207885,0,3.6361057692307694
2665,144204005,0,3.6361057692307694
2666,144210933,0,3.6361057692307694
2667,144210932,0,3.6361057692307694
2668,144212009,0,3.6361057692307694
2669,144205573,0,3.6361057692307694
2670,144213199,0,3.6361057692307694
2671,144213009,0,3.6361057692307694
2672,144207070,0,3.6361057692307694
2673,144210912,0,3.6361057692307694
2674,144210907,0,3.6361057692307694
2675,144211641,0,3.6361057692307694
2676,144207067,0,3.6361057692307694
2677,144212995,0,3.6361057692307694
2678,144212376,0,3.6361057692307694
2679,144212387,0,3.6361057692307694
2680,144210892,0,3.6361057692307694
2681,144210891,0,3.6361057692307694
2682,144211654,0,3.6361057692307694
2683,144205547,0,3.6361057692307694
2684,144209159,0,3.6361057692307694
2685,144212400,0,3.6361057692307694
2686,144210874,0,3.6361057692307694
2687,144209160,0,3.6361057692307694
2688,144204008,0,3.6361057692307694
2689,144207871,0,3.6361057692307694
2690,144213783,0,3.6361057692307694
2691,144212982,0,3.6361057692307694
2692,144204006,0,3.6361057692307694
2693,144212980,0,3.6361057692307694
2694,144210840,0,3.6361057692307694
2695,144213039,0,3.6361057692307694
2696,144204770,0,3.6361057692307694
2697,144211527,0,3.6361057692307694
2698,144211092,0,3.6361057692307694
2699,144212131,0,3.6361057692307694
2700,144207372,0,3.6361057692307694
2701,144209471,0,3.6361057692307694
2702,144205912,0,3.6361057692307694
2703,144204300,0,3.6361057692307694
2704,144204343,0,3.6361057692307694
2705,144207387,0,3.6361057692307694
2706,144207388,0,3.6361057692307694
2707,144213533,0,3.6361057692307694
2708,144213538,0,3.6361057692307694
2709,144205908,0,3.6361057692307694
2710,144207399,0,3.6361057692307694
2711,144204649,0,3.6361057692307694
2712,144207270,0,3.6361057692307694
2713,144211293,0,3.6361057692307694
2714,144207267,0,3.6361057692307694
2715,144213548,0,3.6361057692307694
2716,144205882,0,3.6361057692307694
2717,144207409,0,3.6361057692307694
2718,144211287,0,3.6361057692307694
2719,144204283,0,3.6361057692307694
2720,144204244,0,3.6361057692307694
2721,144212037,0,3.6361057692307694
2722,144213556,0,3.6361057692307694
2723,144213091,0,3.6361057692307694
2724,144207452,0,3.6361057692307694
2725,144209060,0,3.6361057692307694
2726,144208668,0,3.6361057692307694
2727,144212844,0,3.6361057692307694
2728,144207276,0,3.6361057692307694
2729,144211338,0,3.6361057692307694
2730,144204336,0,3.6361057692307694
2731,144213479,0,3.6361057692307694
2732,144207319,0,3.6361057692307694
2733,144207324,0,3.6361057692307694
2734,144211413,0,3.6361057692307694
2735,144211412,0,3.6361057692307694
2736,144211428,0,3.6361057692307694
2737,144204672,0,3.6361057692307694
2738,144207301,0,3.6361057692307694
2739,144213133,0,3.6361057692307694
2740,144205971,0,3.6361057692307694
2741,144204675,0,3.6361057692307694
2742,144205944,0,3.6361057692307694
2743,144209311,0,3.6361057692307694
2744,144213464,0,3.6361057692307694
2745,144204677,0,3.6361057692307694
2746,144211458,0,3.6361057692307694
2747,144213494,0,3.6361057692307694
2748,144213107,0,3.6361057692307694
2749,144207288,0,3.6361057692307694
2750,144211365,0,3.6361057692307694
2751,144205986,0,3.6361057692307694
2752,144213151,0,3.6361057692307694
2753,144213163,0,3.6361057692307694
2754,144213103,0,3.6361057692307694
2755,144208639,0,3.6361057692307694
2756,144213501,0,3.6361057692307694
2757,144207368,0,3.6361057692307694
2758,144211457,0,3.6361057692307694
2759,144212118,0,3.6361057692307694
2760,144205842,0,3.6361057692307694
2761,144213572,0,3.6361057692307694
2762,144213435,0,3.6361057692307694
2763,144212232,0,3.6361057692307694
2764,144211168,0,3.6361057692307694
2765,144207538,0,3.6361057692307694
2766,144207541,0,3.6361057692307694
2767,144205719,0,3.6361057692307694
2768,144211157,0,3.6361057692307694
2769,144207559,0,3.6361057692307694
2770,144211503,0,3.6361057692307694
2771,144208856,0,3.6361057692307694
2772,144211148,0,3.6361057692307694
2773,144207570,0,3.6361057692307694
2774,144205717,0,3.6361057692307694
2775,144213635,0,3.6361057692307694
2776,144208466,0,3.6361057692307694
2777,144213640,0,3.6361057692307694
2778,144212217,0,3.6361057692307694
2779,144205714,0,3.6361057692307694
2780,144204756,0,3.6361057692307694
2781,144213060,0,3.6361057692307694
2782,144208815,0,3.6361057692307694
2783,144209436,0,3.6361057692307694
2784,144205704,0,3.6361057692307694
2785,144213653,0,3.6361057692307694
2786,144213654,0,3.6361057692307694
2787,144213655,0,3.6361057692307694
2788,144207984,0,3.6361057692307694
2789,144207615,0,3.6361057692307694
2790,144206101,0,3.6361057692307694
2791,144205686,0,3.6361057692307694
2792,144205722,0,3.6361057692307694
2793,144211499,0,3.6361057692307694
2794,144211252,0,3.6361057692307694
2795,144209496,0,3.6361057692307694
2796,144207468,0,3.6361057692307694
2797,144211248,0,3.6361057692307694
2798,144211245,0,3.6361057692307694
2799,144212189,0,3.6361057692307694
2800,144205838,0,3.6361057692307694
2801,144211238,0,3.6361057692307694
2802,144213580,0,3.6361057692307694
2803,144207241,0,3.6361057692307694
2804,144209137,0,3.6361057692307694
2805,144207240,0,3.6361057692307694
2806,144204719,0,3.6361057692307694
2807,144207494,0,3.6361057692307694
2808,144212201,0,3.6361057692307694
2809,144206051,0,3.6361057692307694
2810,144207530,0,3.6361057692307694
2811,144213074,0,3.6361057692307694
2812,144211205,0,3.6361057692307694
2813,144208478,0,3.6361057692307694
2814,144212031,0,3.6361057692307694
2815,144212207,0,3.6361057692307694
2816,144209285,0,3.6361057692307694
2817,144205800,0,3.6361057692307694
2818,144204722,0,3.6361057692307694
2819,144213610,0,3.6361057692307694
2820,144209282,0,3.6361057692307694
2821,144211181,0,3.6361057692307694
2822,144207524,0,3.6361057692307694
2823,144205723,0,3.6361057692307694
2824,144211682,0,3.6361057692307694
2825,144213468,0,3.6361057692307694
2826,144211948,0,3.6361057692307694
2827,144212720,0,3.6361057692307694
2828,144212874,0,3.6361057692307694
2829,144210128,0,3.6361057692307694
2830,144211805,0,3.6361057692307694
2831,144210123,0,3.6361057692307694
2832,144203683,0,3.6361057692307694
2833,144211810,0,3.6361057692307694
2834,144210117,0,3.6361057692307694
2835,144208840,0,3.6361057692307694
2836,144205028,0,3.6361057692307694
2837,144208792,0,3.6361057692307694
2838,144210103,0,3.6361057692307694
2839,144203669,0,3.6361057692307694
2840,144211816,0,3.6361057692307694
2841,144205040,0,3.6361057692307694
2842,144210085,0,3.6361057692307694
2843,144210913,1,3.6361057692307694
2844,144205188,0,3.6361057692307694
2845,144212733,0,3.6361057692307694
2846,144210077,0,3.6361057692307694
2847,144205187,0,3.6361057692307694
2848,144213259,0,3.6361057692307694
2849,144212864,0,3.6361057692307694
2850,144209388,0,3.6361057692307694
2851,144209674,0,3.6361057692307694
2852,144208419,0,3.6361057692307694
2853,144210060,0,3.6361057692307694
2854,144210053,0,3.6361057692307694
2855,144211879,0,3.6361057692307694
2856,144203641,0,3.6361057692307694
2857,144210037,0,3.6361057692307694
2858,144205203,0,3.6361057692307694
2859,144208987,1,3.6361057692307694
2860,144213307,0,3.6361057692307694
2861,144204529,0,3.6361057692307694
2862,144206596,0,3.6361057692307694
2863,144204989,0,3.6361057692307694
2864,144209198,0,3.6361057692307694
2865,144211786,0,3.6361057692307694
2866,144210383,0,3.6361057692307694
2867,144206371,0,3.6361057692307694
2868,144212664,0,3.6361057692307694
2869,144208208,0,3.6361057692307694
2870,144212948,0,3.6361057692307694
2871,144210350,0,3.6361057692307694
2872,144204573,0,3.6361057692307694
2873,144208979,0,3.6361057692307694
2874,144208976,0,3.6361057692307694
2875,144205250,0,3.6361057692307694
2876,144210331,0,3.6361057692307694
2877,144205230,0,3.6361057692307694
2878,144212685,0,3.6361057692307694
2879,144210324,0,3.6361057692307694
2880,144208214,0,3.6361057692307694
2881,144203714,0,3.6361057692307694
2882,144206376,0,3.6361057692307694
2883,144208930,0,3.6361057692307694
2884,144212879,0,3.6361057692307694
2885,144210169,0,3.6361057692307694
2886,144203700,0,3.6361057692307694
2887,144209430,1,3.6361057692307694
2888,144212692,0,3.6361057692307694
2889,144203696,0,3.6361057692307694
2890,144209129,1,3.6361057692307694
2891,144205055,0,3.6361057692307694
2892,144209190,0,3.6361057692307694
2893,144208965,0,3.6361057692307694
2894,144206447,0,3.6361057692307694
2895,144205139,0,3.6361057692307694
2896,144205062,0,3.6361057692307694
2897,144205138,0,3.6361057692307694
2898,144209866,0,3.6361057692307694
2899,144203614,0,3.6361057692307694
2900,144209864,0,3.6361057692307694
2901,144209863,0,3.6361057692307694
2902,144209861,0,3.6361057692307694
2903,144208361,0,3.6361057692307694
2904,144208362,0,3.6361057692307694
2905,144212810,0,3.6361057692307694
2906,144208950,0,3.6361057692307694
2907,144212813,0,3.6361057692307694
2908,144205115,0,3.6361057692307694
2909,144209808,0,3.6361057692307694
2910,144208379,0,3.6361057692307694
2911,144205074,0,3.6361057692307694
2912,144209784,0,3.6361057692307694
2913,144203557,0,3.6361057692307694
2914,144206442,0,3.6361057692307694
2915,144203572,0,3.6361057692307694
2916,144204385,1,3.6361057692307694
2917,144208391,0,3.6361057692307694
2918,144209763,0,3.6361057692307694
2919,144206418,0,3.6361057692307694
2920,144209760,0,3.6361057692307694
2921,144205101,0,3.6361057692307694
2922,144208417,0,3.6361057692307694
2923,144212837,0,3.6361057692307694
2924,144212801,0,3.6361057692307694
2925,144212790,0,3.6361057692307694
2926,144209187,0,3.6361057692307694
2927,144206469,0,3.6361057692307694
2928,144209114,0,3.6361057692307694
2929,144203636,0,3.6361057692307694
2930,144208570,0,3.6361057692307694
2931,144208302,0,3.6361057692307694
2932,144205124,1,3.6361057692307694
2933,144205175,0,3.6361057692307694
2934,144212760,0,3.6361057692307694
2935,144212762,0,3.6361057692307694
2936,144203626,0,3.6361057692307694
2937,144208319,0,3.6361057692307694
2938,144209982,0,3.6361057692307694
2939,144209979,0,3.6361057692307694
2940,144211828,0,3.6361057692307694
2941,144209950,0,3.6361057692307694
2942,144212763,0,3.6361057692307694
2943,144203617,0,3.6361057692307694
2944,144208332,0,3.6361057692307694
2945,144209917,0,3.6361057692307694
2946,144204549,0,3.6361057692307694
2947,144205057,0,3.6361057692307694
2948,144208339,0,3.6361057692307694
2949,144209184,0,3.6361057692307694
2950,144209898,0,3.6361057692307694
2951,144209897,0,3.6361057692307694
2952,144205172,0,3.6361057692307694
2953,144205170,0,3.6361057692307694
2954,144206478,0,3.6361057692307694
2955,144206411,0,3.6361057692307694
2956,144205166,0,3.6361057692307694
2957,144208982,0,3.6361057692307694
2958,144212885,0,3.6361057692307694
2959,144210506,0,3.6361057692307694
2960,144206822,0,3.6361057692307694
2961,144204448,0,3.6361057692307694
2962,144205376,0,3.6361057692307694
2963,144209587,0,3.6361057692307694
2964,144205375,0,3.6361057692307694
2965,144211941,0,3.6361057692307694
2966,144209611,0,3.6361057692307694
2967,144212916,0,3.6361057692307694
2968,144210700,0,3.6361057692307694
2969,144206264,0,3.6361057692307694
2970,144206760,0,3.6361057692307694
2971,144208126,0,3.6361057692307694
2972,144203891,0,3.6361057692307694
2973,144205364,0,3.6361057692307694
2974,144208135,0,3.6361057692307694
2975,144208138,0,3.6361057692307694
2976,144213243,0,3.6361057692307694
2977,144211943,0,3.6361057692307694
2978,144205360,0,3.6361057692307694
2979,144208761,0,3.6361057692307694
2980,144208147,0,3.6361057692307694
2981,144210515,0,3.6361057692307694
2982,144206737,0,3.6361057692307694
2983,144206724,0,3.6361057692307694
2984,144213342,0,3.6361057692307694
2985,144204468,0,3.6361057692307694
2986,144213229,0,3.6361057692307694
2987,144206249,0,3.6361057692307694
2988,144205342,0,3.6361057692307694
2989,144212932,0,3.6361057692307694
2990,144212529,0,3.6361057692307694
2991,144210652,0,3.6361057692307694
2992,144203919,0,3.6361057692307694
2993,144212530,0,3.6361057692307694
2994,144211925,0,3.6361057692307694
2995,144206891,0,3.6361057692307694
2996,144209595,0,3.6361057692307694
2997,144210616,0,3.6361057692307694
2998,144209229,0,3.6361057692307694
2999,144205421,0,3.6361057692307694
3000,144213899,0,3.6361057692307694
3001,144211919,0,3.6361057692307694
3002,144205392,0,3.6361057692307694
3003,144213354,0,3.6361057692307694
3004,144208050,0,3.6361057692307694
3005,144209231,0,3.6361057692307694
3006,144212516,0,3.6361057692307694
3007,144208435,0,3.6361057692307694
3008,144210677,0,3.6361057692307694
3009,144204472,0,3.6361057692307694
3010,144205380,0,3.6361057692307694
3011,144210593,0,3.6361057692307694
3012,144203902,0,3.6361057692307694
3013,144205377,0,3.6361057692307694
3014,144206863,0,3.6361057692307694
3015,144212905,0,3.6361057692307694
3016,144208033,0,3.6361057692307694
3017,144211694,0,3.6361057692307694
3018,144203839,0,3.6361057692307694
3019,144203838,0,3.6361057692307694
3020,144208173,0,3.6361057692307694
3021,144203946,0,3.6361057692307694
3022,144206616,0,3.6361057692307694
3023,144205467,0,3.6361057692307694
3024,144211688,0,3.6361057692307694
3025,144204519,0,3.6361057692307694
3026,144208905,0,3.6361057692307694
3027,144213328,0,3.6361057692307694
3028,144203814,0,3.6361057692307694
3029,144212629,0,3.6361057692307694
3030,144210455,0,3.6361057692307694
3031,144206312,0,3.6361057692307694
3032,144203792,0,3.6361057692307694
3033,144208177,0,3.6361057692307694
3034,144210738,0,3.6361057692307694
3035,144205285,0,3.6361057692307694
3036,144206648,0,3.6361057692307694
3037,144212901,0,3.6361057692307694
3038,144211690,0,3.6361057692307694
3039,144204943,0,3.6361057692307694
3040,144208912,0,3.6361057692307694
3041,144212132,1,3.6361057692307694
3042,144210714,0,3.6361057692307694
3043,144205456,0,3.6361057692307694
3044,144203860,0,3.6361057692307694
3045,144210401,0,3.6361057692307694
3046,144206305,0,3.6361057692307694
3047,144203746,0,3.6361057692307694
3048,144213781,1,3.6361057692307694
3049,144210710,0,3.6361057692307694
3050,144211749,0,3.6361057692307694
3051,144205454,0,3.6361057692307694
3052,144205315,0,3.6361057692307694
3053,144213627,1,3.6361057692307694
3054,144212890,0,3.6361057692307694
3055,144212613,0,3.6361057692307694
3056,144210478,0,3.6361057692307694
3057,144213602,1,3.6361057692307694
3058,144212891,0,3.6361057692307694
3059,144206698,0,3.6361057692307694
3060,144205307,0,3.6361057692307694
3061,144208166,0,3.6361057692307694
3062,144206663,0,3.597239890413942
3063,144208896,0,3.563169610564993
3064,144213453,0,3.563169610564993
3065,144204083,0,3.483333333333333
3066,144204805,0,3.483333333333333
3067,144211998,0,3.443736225401223
3068,144205687,0,3.4400000000000004
3069,144211662,0,3.4400000000000004
3070,144211909,0,3.4386855838880117
3071,144205864,1,3.4235041492344322
3072,144209421,0,3.419745171720875
3073,144213532,0,3.4197451717208684
3074,144206426,0,3.4184782608695654
3075,144206903,0,3.4184782608695654
3076,144208591,0,3.4184782608695654
3077,144211946,0,3.4184782608695654
3078,144204329,0,3.4184782608695654
3079,144211435,0,3.4184782608695654
3080,144211695,0,3.4184782608695654
3081,144211679,0,3.4184782608695654
3082,144213463,0,3.4184782608695654
3083,144207163,0,3.4184782608695654
3084,144207243,0,3.4184782608695654
3085,144213164,0,3.4184782608695654
3086,144213267,0,3.4184782608695654
3087,144211604,0,3.4184782608695654
3088,144204487,0,3.4184782608695654
3089,144209344,0,3.4184782608695654
3090,144211500,0,3.4184782608695654
3091,144206394,0,3.4184782608695654
3092,144211596,0,3.4184782608695654
3093,144206393,0,3.4184782608695654
3094,144211988,0,3.4184782608695654
3095,144207215,0,3.4184782608695654
3096,144204410,0,3.4184782608695654
3097,144213425,0,3.4184782608695654
3098,144206105,0,3.4184782608695654
3099,144206112,0,3.4184782608695654
3100,144211776,0,3.4184782608695654
3101,144204522,0,3.4184782608695654
3102,144204641,0,3.4184782608695654
3103,144211495,0,3.4184782608695654
3104,144211980,0,3.4184782608695654
3105,144213206,0,3.4184782608695654
3106,144204437,0,3.4184782608695654
3107,144211468,0,3.4184782608695654
3108,144211924,0,3.4184782608695654
3109,144211831,0,3.4184782608695654
3110,144213286,0,3.4184782608695654
3111,144211960,0,3.4184782608695654
3112,144206405,0,3.4184782608695654
3113,144211485,0,3.4184782608695654
3114,144211976,0,3.4184782608695654
3115,144204601,0,3.4184782608695654
3116,144207043,0,3.4184782608695654
3117,144207247,0,3.4184782608695654
3118,144211913,0,3.4184782608695654
3119,144208834,0,3.4184782608695654
3120,144208404,0,3.4184782608695654
3121,144205644,0,3.4184782608695654
3122,144212075,0,3.4184782608695654
3123,144212503,0,3.4184782608695654
3124,144204893,0,3.4184782608695654
3125,144205460,0,3.4184782608695654
3126,144209014,0,3.4184782608695654
3127,144210705,0,3.4184782608695654
3128,144209234,0,3.4184782608695654
3129,144212499,0,3.4184782608695654
3130,144208882,0,3.4184782608695654
3131,144211019,0,3.4184782608695654
3132,144210623,0,3.4184782608695654
3133,144210615,0,3.4184782608695654
3134,144212933,0,3.4184782608695654
3135,144205383,0,3.4184782608695654
3136,144208073,0,3.4184782608695654
3137,144213930,0,3.4184782608695654
3138,144205473,0,3.4184782608695654
3139,144207957,0,3.4184782608695654
3140,144212416,0,3.4184782608695654
3141,144210830,0,3.4184782608695654
3142,144207881,0,3.4184782608695654
3143,144207329,0,3.4184782608695654
3144,144204844,0,3.4184782608695654
3145,144210894,0,3.4184782608695654
3146,144210900,0,3.4184782608695654
3147,144204038,0,3.4184782608695654
3148,144210921,0,3.4184782608695654
3149,144212354,0,3.4184782608695654
3150,144209253,0,3.4184782608695654
3151,144210966,0,3.4184782608695654
3152,144210969,0,3.4184782608695654
3153,144204051,0,3.4184782608695654
3154,144212330,0,3.4184782608695654
3155,144213932,0,3.4184782608695654
3156,144205369,0,3.4184782608695654
3157,144203890,0,3.4184782608695654
3158,144205209,0,3.4184782608695654
3159,144205113,0,3.4184782608695654
3160,144205114,0,3.4184782608695654
3161,144212808,0,3.4184782608695654
3162,144212796,0,3.4184782608695654
3163,144209916,0,3.4184782608695654
3164,144209186,0,3.4184782608695654
3165,144212764,0,3.4184782608695654
3166,144208320,0,3.4184782608695654
3167,144210018,0,3.4184782608695654
3168,144212753,0,3.4184782608695654
3169,144208283,0,3.4184782608695654
3170,144205183,0,3.4184782608695654
3171,144210114,0,3.4184782608695654
3172,144210126,0,3.4184782608695654
3173,144208248,0,3.4184782608695654
3174,144213971,0,3.4184782608695654
3175,144210150,0,3.4184782608695654
3176,144208218,0,3.4184782608695654
3177,144203726,0,3.4184782608695654
3178,144203744,0,3.4184782608695654
3179,144208190,0,3.4184782608695654
3180,144204981,0,3.4184782608695654
3181,144210425,0,3.4184782608695654
3182,144210442,0,3.4184782608695654
3183,144210454,0,3.4184782608695654
3184,144205301,0,3.4184782608695654
3185,144210461,0,3.4184782608695654
3186,144208162,0,3.4184782608695654
3187,144208770,0,3.4184782608695654
3188,144208901,0,3.4184782608695654
3189,144211861,0,3.4184782608695654
3190,144204863,0,3.4184782608695654
3191,144211023,0,3.4184782608695654
3192,144205881,0,3.4184782608695654
3193,144204119,0,3.4184782608695654
3194,144211134,0,3.4184782608695654
3195,144207564,0,3.4184782608695654
3196,144211155,0,3.4184782608695654
3197,144211175,0,3.4184782608695654
3198,144207526,0,3.4184782608695654
3199,144213617,0,3.4184782608695654
3200,144209143,0,3.4184782608695654
3201,144207508,0,3.4184782608695654
3202,144211216,0,3.4184782608695654
3203,144211233,0,3.4184782608695654
3204,144212195,0,3.4184782608695654
3205,144207463,0,3.4184782608695654
3206,144207457,0,3.4184782608695654
3207,144205883,0,3.4184782608695654
3208,144205681,0,3.4184782608695654
3209,144205887,0,3.4184782608695654
3210,144204689,0,3.4184782608695654
3211,144211333,0,3.4184782608695654
3212,144209065,0,3.4184782608695654
3213,144204685,0,3.4184782608695654
3214,144213506,0,3.4184782608695654
3215,144208506,0,3.4184782608695654
3216,144213498,0,3.4184782608695654
3217,144207351,0,3.4184782608695654
3218,144208636,0,3.4184782608695654
3219,144205929,0,3.4184782608695654
3220,144208822,0,3.4184782608695654
3221,144213130,0,3.4184782608695654
3222,144213145,0,3.4184782608695654
3223,144204772,0,3.4184782608695654
3224,144206427,0,3.4184782608695654
3225,144207710,0,3.4184782608695654
3226,144207729,0,3.4184782608695654
3227,144204103,0,3.4184782608695654
3228,144211064,0,3.4184782608695654
3229,144207713,0,3.4184782608695654
3230,144212273,0,3.4184782608695654
3231,144208866,0,3.4184782608695654
3232,144207639,0,3.4184782608695654
3233,144205656,0,3.4184782608695654
3234,144209539,0,3.4184782608695654
3235,144207706,0,3.4184782608695654
3236,144205202,0,3.3813559322033897
3237,144206395,0,3.3813559322033897
3238,144212129,0,3.3813559322033897
3239,144212348,0,3.3813559322033897
3240,144205911,0,3.3813559322033897
3241,144213220,0,3.3813559322033897
3242,144205010,0,3.3813559322033897
3243,144212887,0,3.3813559322033897
3244,144212657,0,3.3813559322033897
3245,144209150,0,3.3813559322033897
3246,144212368,0,3.3813559322033897
3247,144212274,0,3.3813559322033897
3248,144212892,0,3.3813559322033897
3249,144212370,0,3.3813559322033897
3250,144208656,0,3.3813559322033897
3251,144212737,0,3.3813559322033897
3252,144205193,0,3.3813559322033897
3253,144212856,0,3.3813559322033897
3254,144205632,0,3.3813559322033897
3255,144213023,0,3.3813559322033897
3256,144212824,0,3.3813559322033897
3257,144211984,0,3.3813559322033897
3258,144213022,0,3.3813559322033897
3259,144211868,0,3.3813559322033897
3260,144205147,0,3.3813559322033897
3261,144212779,0,3.3813559322033897
3262,144212182,0,3.3813559322033897
3263,144212778,0,3.3813559322033897
3264,144205627,0,3.3813559322033897
3265,144209123,0,3.3813559322033897
3266,144212004,0,3.3813559322033897
3267,144212761,0,3.3813559322033897
3268,144213105,0,3.3813559322033897
3269,144205915,0,3.3813559322033897
3270,144205279,0,3.3813559322033897
3271,144204599,0,3.3813559322033897
3272,144205295,0,3.3813559322033897
3273,144204608,0,3.3813559322033897
3274,144208801,0,3.3813559322033897
3275,144206209,0,3.3813559322033897
3276,144212939,0,3.3813559322033897
3277,144208811,0,3.3813559322033897
3278,144204897,0,3.3813559322033897
3279,144211939,0,3.3813559322033897
3280,144209166,0,3.3813559322033897
3281,144204765,0,3.3813559322033897
3282,144206097,0,3.3813559322033897
3283,144212016,0,3.3813559322033897
3284,144205697,0,3.3813559322033897
3285,144212975,0,3.3813559322033897
3286,144212261,0,3.3813559322033897
3287,144212947,0,3.3813559322033897
3288,144212955,0,3.3813559322033897
3289,144204878,0,3.3813559322033897
3290,144205483,0,3.3813559322033897
3291,144213065,0,3.3813559322033897
3292,144209323,0,3.3813559322033897
3293,144212035,0,3.3813559322033897
3294,144211959,0,3.3813559322033897
3295,144212960,0,3.3813559322033897
3296,144204843,0,3.3813559322033897
3297,144212199,0,3.3813559322033897
3298,144204929,0,3.3813559322033897
3299,144208768,0,3.3813559322033897
3300,144213076,0,3.3813559322033897
3301,144205357,0,3.3813559322033897
3302,144208764,0,3.3813559322033897
3303,144212406,0,3.3813559322033897
3304,144211966,0,3.3813559322033897
3305,144204915,0,3.3813559322033897
3306,144208760,0,3.3813559322033897
3307,144208605,0,3.3813559322033897
3308,144208736,0,3.3813559322033897
3309,144206062,0,3.3813559322033897
3310,144206135,0,3.3813559322033897
3311,144205381,0,3.3813559322033897
3312,144206259,0,3.3813559322033897
3313,144213438,0,3.3813559322033897
3314,144207743,0,3.3813559322033897
3315,144208019,0,3.3813559322033897
3316,144209485,0,3.3813559322033897
3317,144207396,0,3.3813559322033897
3318,144208111,0,3.3813559322033897
3319,144213904,0,3.3813559322033897
3320,144203903,0,3.3813559322033897
3321,144210600,0,3.3813559322033897
3322,144208049,0,3.3813559322033897
3323,144213558,0,3.3813559322033897
3324,144210613,0,3.3813559322033897
3325,144213894,0,3.3813559322033897
3326,144208035,0,3.3813559322033897
3327,144213567,0,3.3813559322033897
3328,144207477,0,3.3813559322033897
3329,144210670,0,3.3813559322033897
3330,144213591,0,3.3813559322033897
3331,144213592,0,3.3813559322033897
3332,144207493,0,3.3813559322033897
3333,144203941,0,3.3813559322033897
3334,144213872,0,3.3813559322033897
3335,144208486,0,3.3813559322033897
3336,144209473,0,3.3813559322033897
3337,144208131,0,3.3813559322033897
3338,144210481,0,3.3813559322033897
3339,144210390,0,3.3813559322033897
3340,144210391,0,3.3813559322033897
3341,144211851,1,3.3813559322033897
3342,144207335,0,3.3813559322033897
3343,144211406,0,3.3813559322033897
3344,144208910,0,3.3813559322033897
3345,144210451,0,3.3813559322033897
3346,144208434,0,3.3813559322033897
3347,144208509,0,3.3813559322033897
3348,144208146,0,3.3813559322033897
3349,144211388,0,3.3813559322033897
3350,144207781,0,3.3813559322033897
3351,144207348,0,3.3813559322033897
3352,144203859,0,3.3813559322033897
3353,144213473,0,3.3813559322033897
3354,144213973,0,3.3813559322033897
3355,144211362,0,3.3813559322033897
3356,144211356,0,3.3813559322033897
3357,144210702,0,3.3813559322033897
3358,144210712,0,3.3813559322033897
3359,144211456,0,3.3813559322033897
3360,144208005,0,3.3813559322033897
3361,144207698,0,3.3813559322033897
3362,144208443,0,3.3813559322033897
3363,144207705,0,3.3813559322033897
3364,144211038,0,3.3813559322033897
3365,144209026,0,3.3813559322033897
3366,144204100,0,3.3813559322033897
3367,144209545,0,3.3813559322033897
3368,144213773,0,3.3813559322033897
3369,144210877,0,3.3813559322033897
3370,144210880,0,3.3813559322033897
3371,144207740,0,3.3813559322033897
3372,144211006,0,3.3813559322033897
3373,144209031,0,3.3813559322033897
3374,144206435,0,3.3813559322033897
3375,144207827,0,3.3813559322033897
3376,144213763,0,3.3813559322033897
3377,144210982,0,3.3813559322033897
3378,144207806,0,3.3813559322033897
3379,144207783,0,3.3813559322033897
3380,144208456,0,3.3813559322033897
3381,144207876,0,3.3813559322033897
3382,144207879,0,3.3813559322033897
3383,144209044,0,3.3813559322033897
3384,144213852,0,3.3813559322033897
3385,144208436,0,3.3813559322033897
3386,144213847,0,3.3813559322033897
3387,144207974,0,3.3813559322033897
3388,144207580,0,3.3813559322033897
3389,144211130,0,3.3813559322033897
3390,144211125,0,3.3813559322033897
3391,144207585,0,3.3813559322033897
3392,144211101,0,3.3813559322033897
3393,144209043,0,3.3813559322033897
3394,144207620,0,3.3813559322033897
3395,144211094,0,3.3813559322033897
3396,144209576,0,3.3813559322033897
3397,144210792,0,3.3813559322033897
3398,144211083,0,3.3813559322033897
3399,144209564,0,3.3813559322033897
3400,144207886,0,3.3813559322033897
3401,144211065,0,3.3813559322033897
3402,144208206,0,3.3813559322033897
3403,144208160,0,3.3813559322033897
3404,144211659,0,3.3813559322033897
3405,144206886,0,3.3813559322033897
3406,144211706,0,3.3813559322033897
3407,144211701,0,3.3813559322033897
3408,144209884,0,3.3813559322033897
3409,144206944,0,3.3813559322033897
3410,144209886,0,3.3813559322033897
3411,144211663,0,3.3813559322033897
3412,144209911,0,3.3813559322033897
3413,144208939,0,3.3813559322033897
3414,144209926,0,3.3813559322033897
3415,144208327,0,3.3813559322033897
3416,144210006,0,3.3813559322033897
3417,144213387,0,3.3813559322033897
3418,144204433,0,3.3813559322033897
3419,144211629,0,3.3813559322033897
3420,144213391,0,3.3813559322033897
3421,144207083,0,3.3813559322033897
3422,144207085,0,3.3813559322033897
3423,144209882,0,3.3813559322033897
3424,144206870,0,3.3813559322033897
3425,144203637,0,3.3813559322033897
3426,144209880,0,3.3813559322033897
3427,144211826,0,3.3813559322033897
3428,144203571,0,3.3813559322033897
3429,144209676,0,3.3813559322033897
3430,144211808,0,3.3813559322033897
3431,144211798,0,3.3813559322033897
3432,144209814,0,3.3813559322033897
3433,144209872,0,3.3813559322033897
3434,144209873,0,3.3813559322033897
3435,144209874,0,3.3813559322033897
3436,144209875,0,3.3813559322033897
3437,144209876,0,3.3813559322033897
3438,144209877,0,3.3813559322033897
3439,144209878,0,3.3813559322033897
3440,144211740,0,3.3813559322033897
3441,144209879,0,3.3813559322033897
3442,144209404,0,3.3813559322033897
3443,144209408,0,3.3813559322033897
3444,144208292,0,3.3813559322033897
3445,144207782,0,3.3813559322033897
3446,144208427,0,3.3813559322033897
3447,144207010,1,3.3813559322033897
3448,144211531,0,3.3813559322033897
3449,144208515,0,3.3813559322033897
3450,144209661,0,3.3813559322033897
3451,144207237,0,3.3813559322033897
3452,144203689,0,3.3813559322033897
3453,144203687,0,3.3813559322033897
3454,144203686,0,3.3813559322033897
3455,144204373,0,3.3813559322033897
3456,144208242,0,3.3813559322033897
3457,144206797,1,3.3813559322033897
3458,144211585,0,3.3813559322033897
3459,144213400,0,3.3813559322033897
3460,144213423,0,3.3813559322033897
3461,144207202,0,3.3813559322033897
3462,144208277,0,3.3813559322033897
3463,144213277,0,3.2063588972568873
3464,144210810,0,3.2018181818181817
3465,144210157,0,3.2018181818181817
3466,144205134,0,3.2018181818181817
3467,144212793,0,3.2018181818181817
3468,144203835,0,3.2018181818181817
3469,144212411,0,3.2018181818181817
3470,144204867,0,3.2018181818181817
3471,144203769,0,3.2018181818181817
3472,144203674,0,3.2018181818181817
3473,144213935,0,3.2018181818181817
3474,144208798,0,3.2018181818181817
3475,144208365,0,3.2018181818181817
3476,144208785,0,3.2018181818181817
3477,144208394,0,3.2018181818181817
3478,144212832,0,3.2018181818181817
3479,144210927,0,3.2018181818181817
3480,144210336,0,3.2018181818181817
3481,144203562,0,3.2018181818181817
3482,144209761,0,3.2018181818181817
3483,144203576,0,3.2018181818181817
3484,144207839,0,3.2018181818181817
3485,144209647,0,3.2018181818181817
3486,144207846,0,3.2018181818181817
3487,144210409,0,3.2018181818181817
3488,144211385,1,3.2018181818181817
3489,144208371,0,3.2018181818181817
3490,144212852,0,3.2018181818181817
3491,144207859,0,3.2018181818181817
3492,144208407,1,3.2018181818181817
3493,144212435,0,3.2018181818181817
3494,144207930,0,3.2018181818181817
3495,144203940,0,3.2018181818181817
3496,144210378,0,3.2018181818181817
3497,144203944,0,3.2018181818181817
3498,144210683,0,3.2018181818181817
3499,144204721,1,3.2018181818181817
3500,144212715,0,3.2018181818181817
3501,144209223,0,3.2018181818181817
3502,144209669,0,3.2018181818181817
3503,144213966,0,3.2018181818181817
3504,144209881,0,3.2018181818181817
3505,144212524,0,3.2018181818181817
3506,144210011,0,3.2018181818181817
3507,144210650,0,3.2018181818181817
3508,144210022,0,3.2018181818181817
3509,144213942,0,3.2018181818181817
3510,144203893,0,3.2018181818181817
3511,144210064,0,3.2018181818181817
3512,144212498,0,3.2018181818181817
3513,144208799,0,3.2018181818181817
3514,144209235,0,3.2018181818181817
3515,144209889,0,3.2018181818181817
3516,144208100,0,3.2018181818181817
3517,144204877,0,3.2018181818181817
3518,144208157,0,3.2018181818181817
3519,144212712,0,3.2018181818181817
3520,144205496,0,3.2018181818181817
3521,144207962,0,3.2018181818181817
3522,144209613,0,3.2018181818181817
3523,144205167,0,3.2018181818181817
3524,144213840,0,3.2018181818181817
3525,144212904,0,3.2018181818181817
3526,144210501,0,3.2018181818181817
3527,144207989,0,3.2018181818181817
3528,144209885,0,3.2018181818181817
3529,144209887,0,3.2018181818181817
3530,144213862,0,3.2018181818181817
3531,144210372,0,3.2018181818181817
3532,144206428,0,3.2018181818181817
3533,144213750,0,3.2018181818181817
3534,144207516,0,3.2018181818181817
3535,144207223,0,3.2018181818181817
3536,144213433,0,3.2018181818181817
3537,144212051,0,3.2018181818181817
3538,144204659,0,3.2018181818181817
3539,144209314,0,3.2018181818181817
3540,144212070,0,3.2018181818181817
3541,144207283,0,3.2018181818181817
3542,144207308,0,3.2018181818181817
3543,144213136,0,3.2018181818181817
3544,144205977,0,3.2018181818181817
3545,144207341,0,3.2018181818181817
3546,144211387,0,3.2018181818181817
3547,144204804,0,3.2018181818181817
3548,144213476,0,3.2018181818181817
3549,144211360,0,3.2018181818181817
3550,144211354,0,3.2018181818181817
3551,144208859,0,3.2018181818181817
3552,144209067,0,3.2018181818181817
3553,144204299,0,3.2018181818181817
3554,144213551,0,3.2018181818181817
3555,144209490,0,3.2018181818181817
3556,144204707,0,3.2018181818181817
3557,144213577,0,3.2018181818181817
3558,144213579,0,3.2018181818181817
3559,144211236,0,3.2018181818181817
3560,144211516,0,3.2018181818181817
3561,144207193,0,3.2018181818181817
3562,144206129,0,3.2018181818181817
3563,144211724,0,3.2018181818181817
3564,144213298,0,3.2018181818181817
3565,144206402,0,3.2018181818181817
3566,144206401,0,3.2018181818181817
3567,144204526,0,3.2018181818181817
3568,144204525,0,3.2018181818181817
3569,144209397,0,3.2018181818181817
3570,144208945,0,3.2018181818181817
3571,144206651,0,3.2018181818181817
3572,144211905,0,3.2018181818181817
3573,144213337,0,3.2018181818181817
3574,144213343,0,3.2018181818181817
3575,144208526,0,3.2018181818181817
3576,144207101,0,3.2018181818181817
3577,144213363,0,3.2018181818181817
3578,144213374,0,3.2018181818181817
3579,144213375,0,3.2018181818181817
3580,144207014,0,3.2018181818181817
3581,144211963,0,3.2018181818181817
3582,144211657,0,3.2018181818181817
3583,144206202,0,3.2018181818181817
3584,144206196,0,3.2018181818181817
3585,144207040,0,3.2018181818181817
3586,144208523,0,3.2018181818181817
3587,144208853,0,3.2018181818181817
3588,144213603,0,3.2018181818181817
3589,144213114,0,3.2018181818181817
3590,144209182,0,3.2018181818181817
3591,144207532,0,3.2018181818181817
3592,144211073,0,3.2018181818181817
3593,144208710,0,3.2018181818181817
3594,144208462,0,3.2018181818181817
3595,144205696,0,3.2018181818181817
3596,144211108,0,3.2018181818181817
3597,144207590,0,3.2018181818181817
3598,144205650,0,3.2018181818181817
3599,144207577,0,3.2018181818181817
3600,144204800,0,3.2018181818181817
3601,144207739,0,3.2018181818181817
3602,144205716,0,3.2018181818181817
3603,144204801,0,3.2018181818181817
3604,144205630,0,3.2018181818181817
3605,144207549,0,3.2018181818181817
3606,144205636,0,3.2018181818181817
3607,144213746,0,3.2018181818181817
3608,144210991,0,3.2018181818181817
3609,144205604,0,3.2018181818181817
3610,144204105,0,3.2018181818181817
3611,144207272,0,3.198222371149524
3612,144203982,0,3.183890456387883
3613,144208862,0,3.173410987018572
3614,144204037,0,3.173157894736843
3615,144213266,0,3.173157894736843
3616,144204396,0,3.173157894736843
3617,144204545,0,3.173157894736843
3618,144208855,0,3.173157894736843
3619,144209112,0,3.173157894736843
3620,144205042,0,3.173157894736843
3621,144209087,0,3.173157894736843
3622,144213686,0,3.173157894736843
3623,144203650,0,3.173157894736843
3624,144213263,0,3.173157894736843
3625,144203656,0,3.173157894736843
3626,144203665,0,3.173157894736843
3627,144203661,0,3.173157894736843
3628,144204818,0,3.173157894736843
3629,144203667,0,3.173157894736843
3630,144204377,0,3.173157894736843
3631,144204551,0,3.173157894736843
3632,144213685,0,3.173157894736843
3633,144204632,0,3.173157894736843
3634,144212871,0,3.173157894736843
3635,144204640,0,3.173157894736843
3636,144205018,0,3.173157894736843
3637,144213432,0,3.173157894736843
3638,144213800,0,3.173157894736843
3639,144213700,0,3.173157894736843
3640,144213710,0,3.173157894736843
3641,144204428,0,3.173157894736843
3642,144209034,0,3.173157894736843
3643,144209110,0,3.173157894736843
3644,144213729,0,3.173157894736843
3645,144213344,0,3.173157894736843
3646,144209155,0,3.173157894736843
3647,144213233,0,3.173157894736843
3648,144213315,0,3.173157894736843
3649,144204825,0,3.173157894736843
3650,144213370,0,3.173157894736843
3651,144213372,0,3.173157894736843
3652,144204580,0,3.173157894736843
3653,144205060,0,3.173157894736843
3654,144213771,0,3.173157894736843
3655,144209106,0,3.173157894736843
3656,144209097,0,3.173157894736843
3657,144208808,0,3.173157894736843
3658,144213737,0,3.173157894736843
3659,144205016,0,3.173157894736843
3660,144213212,0,3.173157894736843
3661,144209120,0,3.173157894736843
3662,144213031,0,3.173157894736843
3663,144213738,0,3.173157894736843
3664,144203627,0,3.173157894736843
3665,144203630,0,3.173157894736843
3666,144213035,0,3.173157894736843
3667,144204009,0,3.173157894736843
3668,144212997,0,3.173157894736843
3669,144208865,0,3.173157894736843
3670,144209124,0,3.173157894736843
3671,144213628,0,3.173157894736843
3672,144213626,0,3.173157894736843
3673,144213514,0,3.173157894736843
3674,144213526,0,3.173157894736843
3675,144209018,0,3.173157894736843
3676,144213546,0,3.173157894736843
3677,144212918,0,3.173157894736843
3678,144212924,0,3.173157894736843
3679,144213547,0,3.173157894736843
3680,144212929,0,3.173157894736843
3681,144209009,0,3.173157894736843
3682,144203896,0,3.173157894736843
3683,144203898,0,3.173157894736843
3684,144213094,0,3.173157894736843
3685,144204706,0,3.173157894736843
3686,144213900,0,3.173157894736843
3687,144203948,0,3.173157894736843
3688,144213562,0,3.173157894736843
3689,144213086,0,3.173157894736843
3690,144213081,0,3.173157894736843
3691,144213885,0,3.173157894736843
3692,144209045,0,3.173157894736843
3693,144203935,0,3.173157894736843
3694,144213622,0,3.173157894736843
3695,144213619,0,3.173157894736843
3696,144204909,0,3.173157894736843
3697,144213596,0,3.173157894736843
3698,144213600,0,3.173157894736843
3699,144203943,0,3.173157894736843
3700,144213614,0,3.173157894736843
3701,144209135,0,3.173157894736843
3702,144213841,0,3.173157894736843
3703,144213434,0,3.173157894736843
3704,144204681,0,3.173157894736843
3705,144213442,0,3.173157894736843
3706,144209789,1,3.173157894736843
3707,144213608,0,3.173157894736843
3708,144212884,0,3.173157894736843
3709,144213444,0,3.173157894736843
3710,144208981,0,3.173157894736843
3711,144209128,0,3.173157894736843
3712,144204654,0,3.173157894736843
3713,144213673,0,3.173157894736843
3714,144213153,0,3.173157894736843
3715,144203766,0,3.173157894736843
3716,144208880,0,3.173157894736843
3717,144208919,0,3.173157894736843
3718,144204959,0,3.173157894736843
3719,144208857,0,3.173157894736843
3720,144203776,0,3.173157894736843
3721,144203799,0,3.173157894736843
3722,144204930,0,3.173157894736843
3723,144212965,0,3.173157894736843
3724,144213470,0,3.173157894736843
3725,144203840,0,3.173157894736843
3726,144209073,0,3.173157894736843
3727,144213652,0,3.173157894736843
3728,144213123,0,3.173157894736843
3729,144204129,0,3.173157894736843
3730,144213483,0,3.173157894736843
3731,144213495,0,3.173157894736843
3732,144204925,0,3.173157894736843
3733,144213999,0,3.173157894736843
3734,144203718,0,3.173157894736843
3735,144212042,0,3.173157894736843
3736,144205076,0,3.173157894736843
3737,144207431,0,3.173157894736843
3738,144211219,0,3.173157894736843
3739,144211230,0,3.173157894736843
3740,144211234,0,3.173157894736843
3741,144207483,0,3.173157894736843
3742,144207482,0,3.173157894736843
3743,144211259,0,3.173157894736843
3744,144209495,0,3.173157894736843
3745,144207450,0,3.173157894736843
3746,144207449,0,3.173157894736843
3747,144207410,0,3.173157894736843
3748,144208468,0,3.173157894736843
3749,144211289,0,3.173157894736843
3750,144211290,0,3.173157894736843
3751,144211291,0,3.173157894736843
3752,144209489,0,3.173157894736843
3753,144207402,0,3.173157894736843
3754,144211304,0,3.173157894736843
3755,144211310,0,3.173157894736843
3756,144209475,0,3.173157894736843
3757,144211331,0,3.173157894736843
3758,144211208,0,3.173157894736843
3759,144211193,0,3.173157894736843
3760,144207370,0,3.173157894736843
3761,144211080,0,3.173157894736843
3762,144210993,0,3.173157894736843
3763,144211004,0,3.173157894736843
3764,144207734,0,3.173157894736843
3765,144207723,0,3.173157894736843
3766,144211032,0,3.173157894736843
3767,144207678,0,3.173157894736843
3768,144211056,0,3.173157894736843
3769,144207669,0,3.173157894736843
3770,144211070,0,3.173157894736843
3771,144207626,0,3.173157894736843
3772,144207519,0,3.173157894736843
3773,144211100,0,3.173157894736843
3774,144207607,0,3.173157894736843
3775,144207576,0,3.173157894736843
3776,144207574,0,3.173157894736843
3777,144209516,0,3.173157894736843
3778,144211171,0,3.173157894736843
3779,144207528,0,3.173157894736843
3780,144207520,0,3.173157894736843
3781,144211187,0,3.173157894736843
3782,144211335,0,3.173157894736843
3783,144211344,0,3.173157894736843
3784,144209390,0,3.173157894736843
3785,144206906,0,3.173157894736843
3786,144207103,0,3.173157894736843
3787,144211594,0,3.173157894736843
3788,144207078,0,3.173157894736843
3789,144211652,0,3.173157894736843
3790,144207011,0,3.173157894736843
3791,144207003,0,3.173157894736843
3792,144211674,0,3.173157894736843
3793,144209412,0,3.173157894736843
3794,144211681,0,3.173157894736843
3795,144211707,0,3.173157894736843
3796,144211565,0,3.173157894736843
3797,144208528,0,3.173157894736843
3798,144206741,0,3.173157894736843
3799,144211747,0,3.173157894736843
3800,144206700,0,3.173157894736843
3801,144208543,0,3.173157894736843
3802,144211761,0,3.173157894736843
3803,144206636,0,3.173157894736843
3804,144208554,0,3.173157894736843
3805,144211789,0,3.173157894736843
3806,144211581,0,3.173157894736843
3807,144208518,0,3.173157894736843
3808,144207365,0,3.173157894736843
3809,144211439,0,3.173157894736843
3810,144207364,0,3.173157894736843
3811,144211370,0,3.173157894736843
3812,144211373,0,3.173157894736843
3813,144211374,0,3.173157894736843
3814,144211382,0,3.173157894736843
3815,144207342,0,3.173157894736843
3816,144207318,0,3.173157894736843
3817,144207300,0,3.173157894736843
3818,144212821,0,3.173157894736843
3819,144207285,0,3.173157894736843
3820,144211542,0,3.173157894736843
3821,144211460,0,3.173157894736843
3822,144207277,0,3.173157894736843
3823,144211474,0,3.173157894736843
3824,144207251,0,3.173157894736843
3825,144208511,0,3.173157894736843
3826,144207229,0,3.173157894736843
3827,144207216,0,3.173157894736843
3828,144211506,0,3.173157894736843
3829,144208512,0,3.173157894736843
3830,144210992,0,3.173157894736843
3831,144209553,0,3.173157894736843
3832,144210978,0,3.173157894736843
3833,144210395,0,3.173157894736843
3834,144210155,0,3.173157894736843
3835,144209637,0,3.173157894736843
3836,144208216,0,3.173157894736843
3837,144210329,0,3.173157894736843
3838,144210330,0,3.173157894736843
3839,144208428,0,3.173157894736843
3840,144210360,0,3.173157894736843
3841,144210392,0,3.173157894736843
3842,144208200,0,3.173157894736843
3843,144210404,0,3.173157894736843
3844,144210139,0,3.173157894736843
3845,144208188,0,3.173157894736843
3846,144210420,0,3.173157894736843
3847,144210422,0,3.173157894736843
3848,144210426,0,3.173157894736843
3849,144210431,0,3.173157894736843
3850,144208179,0,3.173157894736843
3851,144210453,0,3.173157894736843
3852,144209621,0,3.173157894736843
3853,144210457,0,3.173157894736843
3854,144208244,0,3.173157894736843
3855,144208249,0,3.173157894736843
3856,144207764,0,3.173157894736843
3857,144210038,0,3.173157894736843
3858,144209766,0,3.173157894736843
3859,144208387,0,3.173157894736843
3860,144208369,0,3.173157894736843
3861,144208329,0,3.173157894736843
3862,144208318,0,3.173157894736843
3863,144208307,0,3.173157894736843
3864,144210021,0,3.173157894736843
3865,144210033,0,3.173157894736843
3866,144208284,0,3.173157894736843
3867,144208276,0,3.173157894736843
3868,144210129,0,3.173157894736843
3869,144210075,0,3.173157894736843
3870,144210078,0,3.173157894736843
3871,144210088,0,3.173157894736843
3872,144208268,0,3.173157894736843
3873,144208425,0,3.173157894736843
3874,144210102,0,3.173157894736843
3875,144210110,0,3.173157894736843
3876,144210119,0,3.173157894736843
3877,144208254,0,3.173157894736843
3878,144210459,0,3.173157894736843
3879,144210466,0,3.173157894736843
3880,144208167,0,3.173157894736843
3881,144210827,0,3.173157894736843
3882,144208004,0,3.173157894736843
3883,144208001,0,3.173157894736843
3884,144207979,0,3.173157894736843
3885,144207958,0,3.173157894736843
3886,144207946,0,3.173157894736843
3887,144207944,0,3.173157894736843
3888,144207929,0,3.173157894736843
3889,144207907,0,3.173157894736843
3890,144210801,0,3.173157894736843
3891,144210828,0,3.173157894736843
3892,144210480,0,3.173157894736843
3893,144210838,0,3.173157894736843
3894,144207873,0,3.173157894736843
3895,144209557,0,3.173157894736843
3896,144207851,0,3.173157894736843
3897,144209556,0,3.173157894736843
3898,144207837,0,3.173157894736843
3899,144210905,0,3.173157894736843
3900,144210914,0,3.173157894736843
3901,144207815,0,3.173157894736843
3902,144210723,0,3.173157894736843
3903,144208017,0,3.173157894736843
3904,144208021,0,3.173157894736843
3905,144210688,0,3.173157894736843
3906,144210491,0,3.173157894736843
3907,144208156,0,3.173157894736843
3908,144210504,0,3.173157894736843
3909,144208150,0,3.173157894736843
3910,144208149,0,3.173157894736843
3911,144208142,0,3.173157894736843
3912,144209612,0,3.173157894736843
3913,144208113,0,3.173157894736843
3914,144209607,0,3.173157894736843
3915,144208068,0,3.173157894736843
3916,144208057,0,3.173157894736843
3917,144210597,0,3.173157894736843
3918,144210606,0,3.173157894736843
3919,144208047,0,3.173157894736843
3920,144210653,0,3.173157894736843
3921,144210665,0,3.173157894736843
3922,144208030,0,3.173157894736843
3923,144210681,0,3.173157894736843
3924,144210687,0,3.173157894736843
3925,144211797,0,3.173157894736843
3926,144211438,0,3.173157894736843
3927,144211801,0,3.173157894736843
3928,144205581,0,3.173157894736843
3929,144211815,0,3.173157894736843
3930,144212302,0,3.173157894736843
3931,144205641,0,3.173157894736843
3932,144212313,0,3.173157894736843
3933,144212315,0,3.173157894736843
3934,144212328,0,3.173157894736843
3935,144209256,0,3.173157894736843
3936,144212337,0,3.173157894736843
3937,144212366,0,3.173157894736843
3938,144208741,0,3.173157894736843
3939,144212367,0,3.173157894736843
3940,144208748,0,3.173157894736843
3941,144212374,0,3.173157894736843
3942,144212378,0,3.173157894736843
3943,144212395,0,3.173157894736843
3944,144205538,0,3.173157894736843
3945,144205537,0,3.173157894736843
3946,144212412,0,3.173157894736843
3947,144205645,0,3.173157894736843
3948,144205698,0,3.173157894736843
3949,144212431,0,3.173157894736843
3950,144209302,0,3.173157894736843
3951,144212089,0,3.173157894736843
3952,144205966,0,3.173157894736843
3953,144205936,0,3.173157894736843
3954,144212098,0,3.173157894736843
3955,144212100,0,3.173157894736843
3956,144212101,0,3.173157894736843
3957,144205918,0,3.173157894736843
3958,144208637,0,3.173157894736843
3959,144212128,0,3.173157894736843
3960,144212242,0,3.173157894736843
3961,144205861,0,3.173157894736843
3962,144205848,0,3.173157894736843
3963,144205831,0,3.173157894736843
3964,144205826,0,3.173157894736843
3965,144205768,0,3.173157894736843
3966,144212234,0,3.173157894736843
3967,144212239,0,3.173157894736843
3968,144205705,0,3.173157894736843
3969,144205514,0,3.173157894736843
3970,144212440,0,3.173157894736843
3971,144205979,0,3.173157894736843
3972,144205196,0,3.173157894736843
3973,144212651,0,3.173157894736843
3974,144212654,0,3.173157894736843
3975,144212663,0,3.173157894736843
3976,144205249,0,3.173157894736843
3977,144205227,0,3.173157894736843
3978,144205207,0,3.173157894736843
3979,144212706,0,3.173157894736843
3980,144205197,0,3.173157894736843
3981,144208794,0,3.173157894736843
3982,144212646,0,3.173157894736843
3983,144209193,0,3.173157894736843
3984,144212740,0,3.173157894736843
3985,144205182,0,3.173157894736843
3986,144205174,0,3.173157894736843
3987,144205169,0,3.173157894736843
3988,144205159,0,3.173157894736843
3989,144212815,0,3.173157894736843
3990,144212816,0,3.173157894736843
3991,144205263,0,3.173157894736843
3992,144212644,0,3.173157894736843
3993,144212452,0,3.173157894736843
3994,144212545,0,3.173157894736843
3995,144212463,0,3.173157894736843
3996,144212464,0,3.173157894736843
3997,144205471,0,3.173157894736843
3998,144212502,0,3.173157894736843
3999,144212506,0,3.173157894736843
4000,144209233,0,3.173157894736843
4001,144212528,0,3.173157894736843
4002,144212532,0,3.173157894736843
4003,144205374,0,3.173157894736843
4004,144212643,0,3.173157894736843
4005,144212566,0,3.173157894736843
4006,144212572,0,3.173157894736843
4007,144205351,0,3.173157894736843
4008,144209217,0,3.173157894736843
4009,144209214,0,3.173157894736843
4010,144212627,0,3.173157894736843
4011,144208781,0,3.173157894736843
4012,144212637,0,3.173157894736843
4013,144212083,0,3.173157894736843
4014,144208943,0,3.173157894736843
4015,144211964,0,3.173157894736843
4016,144211916,0,3.173157894736843
4017,144211850,0,3.173157894736843
4018,144212052,0,3.173157894736843
4019,144206404,0,3.173157894736843
4020,144212029,0,3.173157894736843
4021,144206403,0,3.173157894736843
4022,144211891,0,3.173157894736843
4023,144208594,0,3.173157894736843
4024,144211837,0,3.173157894736843
4025,144208577,0,3.173157894736843
4026,144206250,0,3.173157894736843
4027,144209328,0,3.173157894736843
4028,144211822,0,3.173157894736843
4029,144211920,0,3.173157894736843
4030,144208566,0,3.173157894736843
4031,144208635,0,3.173157894736843
4032,144212025,0,3.173157894736843
4033,144211950,0,3.173157894736843
4034,144211974,0,3.173157894736843
4035,144212071,0,3.173157894736843
4036,144211819,0,3.173157894736843
4037,144209315,0,3.173157894736843
4038,144212045,0,3.173157894736843
4039,144208603,0,3.173157894736843
4040,144208597,0,3.173157894736843
4041,144213358,0,3.118230863762171
4042,144207961,0,3.061644994652149
4043,144207353,0,3.026330831176242
4044,144213403,0,3.0067213114754097
4045,144212552,0,3.0067213114754097
4046,144210475,0,3.0067213114754097
4047,144207087,0,3.0067213114754097
4048,144207109,0,3.0067213114754097
4049,144210507,0,3.0067213114754097
4050,144208154,0,3.0067213114754097
4051,144210479,0,3.0067213114754097
4052,144203866,0,3.0067213114754097
4053,144213395,0,3.0067213114754097
4054,144207106,0,3.0067213114754097
4055,144210489,0,3.0067213114754097
4056,144212951,0,3.0067213114754097
4057,144212500,0,3.0067213114754097
4058,144209008,0,3.0067213114754097
4059,144208144,0,3.0067213114754097
4060,144209243,0,3.0067213114754097
4061,144203942,0,3.0067213114754097
4062,144212407,0,3.0067213114754097
4063,144208029,0,3.0067213114754097
4064,144212409,0,3.0067213114754097
4065,144209589,0,3.0067213114754097
4066,144208041,0,3.0067213114754097
4067,144210626,0,3.0067213114754097
4068,144212413,0,3.0067213114754097
4069,144204378,0,3.0067213114754097
4070,144213413,0,3.0067213114754097
4071,144203899,0,3.0067213114754097
4072,144212970,0,3.0067213114754097
4073,144203897,0,3.0067213114754097
4074,144208079,0,3.0067213114754097
4075,144208083,0,3.0067213114754097
4076,144208098,0,3.0067213114754097
4077,144212441,0,3.0067213114754097
4078,144208101,0,3.0067213114754097
4079,144205484,0,3.0067213114754097
4080,144208121,0,3.0067213114754097
4081,144213406,0,3.0067213114754097
4082,144208908,0,3.0067213114754097
4083,144213248,0,3.0067213114754097
4084,144209170,0,3.0067213114754097
4085,144210012,0,3.0067213114754097
4086,144211739,0,3.0067213114754097
4087,144208270,0,3.0067213114754097
4088,144211839,0,3.0067213114754097
4089,144206716,0,3.0067213114754097
4090,144213275,0,3.0067213114754097
4091,144210047,0,3.0067213114754097
4092,144206715,0,3.0067213114754097
4093,144208287,0,3.0067213114754097
4094,144208575,0,3.0067213114754097
4095,144210013,0,3.0067213114754097
4096,144212774,0,3.0067213114754097
4097,144210435,0,3.0067213114754097
4098,144208309,0,3.0067213114754097
4099,144209943,0,3.0067213114754097
4100,144209914,0,3.0067213114754097
4101,144208343,0,3.0067213114754097
4102,144212803,0,3.0067213114754097
4103,144209772,0,3.0067213114754097
4104,144208560,0,3.0067213114754097
4105,144209762,0,3.0067213114754097
4106,144209758,0,3.0067213114754097
4107,144208949,0,3.0067213114754097
4108,144212703,0,3.0067213114754097
4109,144211840,0,3.0067213114754097
4110,144205225,0,3.0067213114754097
4111,144210112,0,3.0067213114754097
4112,144206306,0,3.0067213114754097
4113,144208433,0,3.0067213114754097
4114,144205373,0,3.0067213114754097
4115,144211630,0,3.0067213114754097
4116,144211900,0,3.0067213114754097
4117,144212582,0,3.0067213114754097
4118,144204611,0,3.0067213114754097
4119,144212592,0,3.0067213114754097
4120,144206349,0,3.0067213114754097
4121,144210348,0,3.0067213114754097
4122,144208210,0,3.0067213114754097
4123,144204936,0,3.0067213114754097
4124,144206982,0,3.0067213114754097
4125,144208225,0,3.0067213114754097
4126,144211697,0,3.0067213114754097
4127,144209638,0,3.0067213114754097
4128,144206924,0,3.0067213114754097
4129,144210134,0,3.0067213114754097
4130,144206897,0,3.0067213114754097
4131,144212667,0,3.0067213114754097
4132,144211725,0,3.0067213114754097
4133,144213876,0,3.0067213114754097
4134,144204303,0,3.0067213114754097
4135,144213874,0,3.0067213114754097
4136,144205718,0,3.0067213114754097
4137,144205845,0,3.0067213114754097
4138,144205843,0,3.0067213114754097
4139,144205834,0,3.0067213114754097
4140,144207523,0,3.0067213114754097
4141,144208671,0,3.0067213114754097
4142,144207350,0,3.0067213114754097
4143,144212214,0,3.0067213114754097
4144,144207579,0,3.0067213114754097
4145,144207583,0,3.0067213114754097
4146,144211127,0,3.0067213114754097
4147,144207599,0,3.0067213114754097
4148,144211109,0,3.0067213114754097
4149,144213043,0,3.0067213114754097
4150,144207608,0,3.0067213114754097
4151,144207343,0,3.0067213114754097
4152,144208399,0,3.0067213114754097
4153,144207627,0,3.0067213114754097
4154,144204643,0,3.0067213114754097
4155,144207628,0,3.0067213114754097
4156,144211072,0,3.0067213114754097
4157,144211433,0,3.0067213114754097
4158,144211063,0,3.0067213114754097
4159,144213048,0,3.0067213114754097
4160,144211061,0,3.0067213114754097
4161,144207518,0,3.0067213114754097
4162,144213481,0,3.0067213114754097
4163,144205852,0,3.0067213114754097
4164,144211207,0,3.0067213114754097
4165,144213523,0,3.0067213114754097
4166,144208830,0,3.0067213114754097
4167,144205978,0,3.0067213114754097
4168,144213536,0,3.0067213114754097
4169,144209482,0,3.0067213114754097
4170,144209470,0,3.0067213114754097
4171,144207369,0,3.0067213114754097
4172,144213156,0,3.0067213114754097
4173,144213500,0,3.0067213114754097
4174,144209321,0,3.0067213114754097
4175,144213497,0,3.0067213114754097
4176,144211266,0,3.0067213114754097
4177,144211265,0,3.0067213114754097
4178,144213565,0,3.0067213114754097
4179,144212113,0,3.0067213114754097
4180,144205914,0,3.0067213114754097
4181,144212125,0,3.0067213114754097
4182,144207484,0,3.0067213114754097
4183,144213158,0,3.0067213114754097
4184,144207487,0,3.0067213114754097
4185,144205871,0,3.0067213114754097
4186,144207500,0,3.0067213114754097
4187,144208625,0,3.0067213114754097
4188,144211514,0,3.0067213114754097
4189,144212249,0,3.0067213114754097
4190,144211034,0,3.0067213114754097
4191,144207960,0,3.0067213114754097
4192,144213196,0,3.0067213114754097
4193,144206179,0,3.0067213114754097
4194,144209024,0,3.0067213114754097
4195,144209573,0,3.0067213114754097
4196,144204809,0,3.0067213114754097
4197,144213000,0,3.0067213114754097
4198,144212999,0,3.0067213114754097
4199,144212369,0,3.0067213114754097
4200,144207949,0,3.0067213114754097
4201,144207952,0,3.0067213114754097
4202,144207221,0,3.0067213114754097
4203,144207973,0,3.0067213114754097
4204,144212338,0,3.0067213114754097
4205,144212372,0,3.0067213114754097
4206,144213842,0,3.0067213114754097
4207,144213845,0,3.0067213114754097
4208,144207980,0,3.0067213114754097
4209,144212377,0,3.0067213114754097
4210,144208881,0,3.0067213114754097
4211,144210732,0,3.0067213114754097
4212,144209158,0,3.0067213114754097
4213,144208016,0,3.0067213114754097
4214,144213148,0,3.0067213114754097
4215,144212389,0,3.0067213114754097
4216,144212032,0,3.0067213114754097
4217,144208615,0,3.0067213114754097
4218,144207877,0,3.0067213114754097
4219,144211466,0,3.0067213114754097
4220,144211027,0,3.0067213114754097
4221,144212262,0,3.0067213114754097
4222,144208720,0,3.0067213114754097
4223,144205661,0,3.0067213114754097
4224,144205657,0,3.0067213114754097
4225,144209325,0,3.0067213114754097
4226,144212301,0,3.0067213114754097
4227,144207761,0,3.0067213114754097
4228,144210971,0,3.0067213114754097
4229,144212006,0,3.0067213114754097
4230,144213448,0,3.0067213114754097
4231,144207751,0,3.0067213114754097
4232,144207835,0,3.0067213114754097
4233,144208623,0,3.0067213114754097
4234,144212331,0,3.0067213114754097
4235,144205626,0,3.0067213114754097
4236,144210873,0,3.0067213114754097
4237,144213441,0,3.0067213114754097
4238,144209562,0,3.0067213114754097
4239,144211475,0,3.0067213114754097
4240,144213786,0,3.0067213114754097
4241,144213578,0,2.8950000000000005
4242,144209107,0,2.8950000000000005
4243,144213398,0,2.8950000000000005
4244,144206986,0,2.8950000000000005
4245,144208643,0,2.8950000000000005
4246,144210444,0,2.8950000000000005
4247,144209603,0,2.8950000000000005
