rank,cid,label,score
1,144213902,0,8.95071794871795
2,144206187,0,8.95071794871795
3,144204458,0,8.95071794871795
4,144205757,0,8.95071794871795
5,144206902,0,8.760833333333332
6,144206629,0,8.760833333333332
7,144213499,0,8.62877049180328
8,144210543,0,8.62877049180328
9,144212732,0,8.62877049180328
10,144206547,0,8.62877049180328
11,144204734,0,8.62877049180328
12,144204791,0,8.62877049180328
13,144204749,0,8.62877049180328
14,144210949,0,8.585172413793105
15,144205803,0,8.522908545433499
16,144212478,0,8.492994109920664
17,144206601,0,8.492994109920664
18,144206563,0,8.489583333333334
19,144206813,1,8.489583333333334
20,144213960,0,8.489583333333334
21,144206920,0,8.489583333333334
22,144205785,0,8.489583333333334
23,144206881,0,8.489583333333334
24,144204372,0,8.489583333333334
25,144212744,0,8.489583333333334
26,144206666,0,8.489583333333334
27,144205574,0,8.489583333333334
28,144206753,0,8.489583333333334
29,144204698,0,8.489583333333334
30,144205146,0,8.489583333333334
31,144206142,0,8.489583333333334
32,144210070,0,8.489583333333334
33,144204875,0,8.489583333333334
34,144204902,0,8.489583333333334
35,144212491,0,8.489583333333334
36,144210731,0,8.489583333333334
37,144210546,0,8.489583333333334
38,144206814,1,8.489583333333334
39,144210576,0,8.489583333333334
40,144207158,0,8.489583333333334
41,144205788,0,8.383892617449662
42,144204361,0,8.383892617449662
43,144209716,0,8.383892617449662
44,144204320,0,8.383892617449662
45,144204162,0,8.383892617449662
46,144210778,0,8.383892617449662
47,144211141,1,8.383892617449662
48,144210583,0,8.383892617449662
49,144207737,0,8.383892617449662
50,144204986,0,8.383892617449662
51,144210548,0,8.383892617449662
52,144204998,0,8.383892617449662
53,144206117,0,8.383892617449662
54,144206857,0,8.374583333333332
55,144206676,0,8.374583333333332
56,144205238,0,8.374583333333332
57,144208410,0,8.374583333333332
58,144203910,0,8.374583333333332
59,144206750,0,8.374583333333332
60,144206718,0,8.374583333333332
61,144205873,0,8.374583333333332
62,144211921,0,8.374583333333332
63,144205783,0,8.351197916666669
64,144204992,0,8.351197916666669
65,144212641,0,8.351197916666669
66,144206065,0,8.351197916666669
67,144204946,0,8.351197916666669
68,144210567,0,8.351197916666669
69,144204180,0,8.351197916666669
70,144203605,0,8.351197916666669
71,144210524,0,8.351197916666669
72,144206917,0,8.351197916666669
73,144206968,0,8.351197916666669
74,144206561,0,8.351197916666669
75,144204127,0,8.351197916666669
76,144204359,0,8.351197916666669
77,144205157,0,8.351197916666669
78,144207165,0,8.351197916666669
79,144205133,0,8.351197916666669
80,144210584,0,8.351197916666669
81,144210557,0,8.351197916666669
82,144205420,0,8.351197916666669
83,144207147,0,8.351197916666669
84,144206505,0,8.351197916666669
85,144210783,0,8.351197916666669
86,144204446,0,8.351197916666669
87,144204699,0,8.351197916666669
88,144212681,0,8.351197916666669
89,144208460,1,8.351197916666669
90,144206438,0,8.351197916666669
91,144205996,0,8.351197916666669
92,144203993,1,8.351197916666669
93,144206221,0,8.347750000000001
94,144205200,0,8.347750000000001
95,144206926,0,8.347750000000001
96,144204996,0,8.347750000000001
97,144206979,0,8.347750000000001
98,144203994,0,8.347750000000001
99,144207167,0,8.347750000000001
100,144210744,0,8.347750000000001
101,144212458,0,8.347750000000001
102,144213764,0,8.347750000000001
103,144206167,0,8.347750000000001
104,144204514,0,8.347750000000001
105,144206163,0,8.347750000000001
106,144205876,0,8.347750000000001
107,144207143,0,8.347750000000001
108,144204476,0,8.347750000000001
109,144205997,0,8.347750000000001
110,144212469,0,8.347750000000001
111,144206712,0,8.347750000000001
112,144206713,0,8.347750000000001
113,144206708,0,8.347750000000001
114,144206754,0,8.347750000000001
115,144206502,0,8.347750000000001
116,144207159,0,8.275048332936777
117,144207116,0,8.22235294117647
118,144208573,0,8.22235294117647
119,144204424,0,8.22235294117647
120,144206355,0,8.22235294117647
121,144206922,0,8.22235294117647
122,144205560,0,8.22235294117647
123,144206437,0,8.205405405405404
124,144210771,0,8.205405405405404
125,144205989,0,8.205405405405404
126,144205667,0,8.205405405405404
127,144206185,0,8.205405405405404
128,144204835,0,8.205405405405404
129,144210573,0,8.205405405405404
130,144206598,0,8.205405405405404
131,144206652,0,8.205405405405404
132,144204091,0,8.205405405405404
133,144204250,0,8.205405405405404
134,144210523,0,8.205405405405404
135,144207280,0,8.205405405405404
136,144205297,1,8.205405405405404
137,144206308,0,8.205405405405404
138,144213258,0,8.154921874999998
139,144205990,0,8.154921874999998
140,144208704,0,8.154921874999998
141,144204968,0,8.154921874999998
142,144208884,0,8.154921874999998
143,144204763,0,8.154921874999998
144,144212181,0,8.154921874999998
145,144207887,0,8.154921874999998
146,144213722,0,8.154921874999998
147,144205045,0,8.154921874999998
148,144206086,0,8.154921874999998
149,144203569,0,8.154921874999998
150,144204615,0,8.154921874999998
151,144213061,0,8.154921874999998
152,144204360,0,8.154921874999998
153,144211327,0,8.154921874999998
154,144203907,0,8.154921874999998
155,144210768,0,8.154921874999998
156,144210764,0,8.154921874999998
157,144209467,0,8.154921874999998
158,144204268,0,8.154921874999998
159,144206918,0,8.154921874999998
160,144213947,0,8.154921874999998
161,144206974,0,8.154921874999998
162,144206271,0,8.154921874999998
163,144203958,0,8.154921874999998
164,144210780,0,8.154921874999998
165,144206997,0,8.154921874999998
166,144207044,0,8.154921874999998
167,144213898,0,8.154921874999998
168,144204296,0,8.154921874999998
169,144204430,0,8.154921874999998
170,144207135,0,8.154921874999998
171,144206083,0,8.15408190603736
172,144204362,0,8.144583333333332
173,144205084,0,8.144583333333332
174,144203570,0,8.144583333333332
175,144205822,0,8.144583333333332
176,144213832,0,8.144583333333332
177,144207062,0,8.144583333333332
178,144206107,0,8.144583333333332
179,144210541,0,8.144583333333332
180,144206615,0,8.114090909090908
181,144205578,0,8.114090909090908
182,144205559,0,8.114090909090908
183,144204227,1,8.114090909090908
184,144206338,0,8.114090909090908
185,144205059,0,8.114090909090908
186,144206075,1,8.114090909090908
187,144207029,0,8.114090909090908
188,144206709,0,8.106348612791532
189,144208052,0,8.106348612791532
190,144210750,0,8.104814781066432
191,144210769,0,8.10269841269841
192,144211757,0,8.10269841269841
193,144204451,0,8.10269841269841
194,144204493,0,8.10269841269841
195,144212603,0,8.10269841269841
196,144204264,0,8.10269841269841
197,144203980,0,8.10269841269841
198,144205769,0,8.10269841269841
199,144207161,0,8.10269841269841
200,144206901,0,8.10269841269841
201,144206439,0,8.10269841269841
202,144206915,0,8.10269841269841
203,144206407,0,8.10269841269841
204,144205664,0,8.10269841269841
205,144206345,0,8.10269841269841
206,144207058,0,8.10269841269841
207,144206263,0,8.10269841269841
208,144205092,0,8.10269841269841
209,144206480,0,8.10269841269841
210,144206545,0,8.10269841269841
211,144206092,0,8.10269841269841
212,144206216,0,8.10269841269841
213,144204988,0,8.10269841269841
214,144206165,0,8.10269841269841
215,144206082,0,8.10269841269841
216,144205817,0,8.102098214285716
217,144205549,0,8.102098214285716
218,144208762,0,8.102098214285716
219,144205575,0,8.102098214285716
220,144205591,0,8.102098214285716
221,144204418,0,8.102098214285716
222,144205958,0,8.102098214285716
223,144206077,0,8.102098214285716
224,144206429,0,8.102098214285716
225,144206356,0,8.102098214285716
226,144212334,0,8.102098214285716
227,144205802,0,8.102098214285716
228,144206143,0,8.102098214285716
229,144206189,0,8.102098214285716
230,144206031,1,8.102098214285716
231,144205749,0,8.102098214285716
232,144203597,0,8.102098214285716
233,144204246,0,8.102098214285716
234,144212587,0,8.102098214285716
235,144206251,0,8.102098214285716
236,144204784,0,8.102098214285716
237,144207110,0,8.102098214285716
238,144213859,0,8.102098214285716
239,144207038,0,8.102098214285716
240,144207138,0,8.102098214285716
241,144203881,0,8.102098214285716
242,144205000,0,8.102098214285716
243,144213669,0,8.102098214285716
244,144204565,0,8.102098214285716
245,144206913,0,8.102098214285716
246,144205129,0,8.102098214285716
247,144210516,0,8.102098214285716
248,144205273,0,8.102098214285716
249,144208185,0,8.102098214285716
250,144204607,0,8.102098214285716
251,144210016,0,8.102098214285716
252,144208308,0,8.102098214285716
253,144212260,0,8.0616
254,144205006,0,8.0616
255,144212204,0,8.0616
256,144206703,0,8.0616
257,144205181,0,8.0616
258,144205563,0,8.0616
259,144213661,1,8.02
260,144204317,0,7.994402515723271
261,144205556,0,7.994402515723271
262,144205299,0,7.994402515723271
263,144210785,0,7.994402515723271
264,144204427,0,7.994402515723271
265,144205270,0,7.994402515723271
266,144212285,0,7.994402515723271
267,144206911,0,7.994402515723271
268,144205619,0,7.994402515723271
269,144206425,0,7.994402515723271
270,144204895,0,7.994402515723271
271,144206414,0,7.994402515723271
272,144205730,0,7.994402515723271
273,144206996,0,7.994402515723271
274,144204535,0,7.994402515723271
275,144205015,0,7.994402515723271
276,144204351,0,7.994402515723271
277,144211378,0,7.994402515723271
278,144210558,0,7.994402515723271
279,144205072,0,7.994402515723271
280,144205679,0,7.994402515723271
281,144205088,0,7.994402515723271
282,144207057,0,7.994402515723271
283,144204742,0,7.994402515723271
284,144203728,0,7.994402515723271
285,144203560,0,7.994402515723271
286,144205296,1,7.994402515723271
287,144203564,0,7.994402515723271
288,144212727,0,7.994402515723271
289,144204746,0,7.9278531073446326
290,144206382,0,7.9278531073446326
291,144204347,0,7.9278531073446326
292,144209961,0,7.9278531073446326
293,144211573,0,7.9278531073446326
294,144206377,0,7.9278531073446326
295,144206689,0,7.9278531073446326
296,144206292,0,7.9278531073446326
297,144205356,0,7.9278531073446326
298,144211427,1,7.9278531073446326
299,144212730,0,7.9278531073446326
300,144205304,0,7.9278531073446326
301,144204836,0,7.9278531073446326
302,144211970,0,7.9278531073446326
303,144206284,0,7.9278531073446326
304,144206828,0,7.9278531073446326
305,144205654,0,7.9278531073446326
306,144205521,0,7.9278531073446326
307,144205439,0,7.9278531073446326
308,144203829,0,7.9278531073446326
309,144210526,0,7.9278531073446326
310,144205554,0,7.9278531073446326
311,144206461,0,7.9278531073446326
312,144210756,1,7.9278531073446326
313,144210529,0,7.9278531073446326
314,144205576,0,7.9278531073446326
315,144205580,0,7.9278531073446326
316,144205583,0,7.9278531073446326
317,144205584,0,7.9278531073446326
318,144205586,0,7.9278531073446326
319,144205500,0,7.9278531073446326
320,144209988,0,7.9278531073446326
321,144206539,0,7.9278531073446326
322,144210581,0,7.9278531073446326
323,144211139,0,7.9278531073446326
324,144212677,0,7.9278531073446326
325,144206416,0,7.9278531073446326
326,144204508,0,7.9278531073446326
327,144204295,0,7.9278531073446326
328,144205534,0,7.9278531073446326
329,144203945,0,7.9278531073446326
330,144204235,0,7.9278531073446326
331,144207198,0,7.9278531073446326
332,144207153,0,7.9278531073446326
333,144204259,0,7.9278531073446326
334,144204435,0,7.9278531073446326
335,144206141,0,7.9278531073446326
336,144204002,0,7.9278531073446326
337,144206134,0,7.9278531073446326
338,144210784,0,7.9278531073446326
339,144205056,0,7.9278531073446326
340,144213787,0,7.9278531073446326
341,144204416,0,7.9278531073446326
342,144206024,0,7.9278531073446326
343,144212473,0,7.9278531073446326
344,144206007,0,7.9278531073446326
345,144207170,0,7.9278531073446326
346,144203809,0,7.9278531073446326
347,144204193,0,7.9278531073446326
348,144206190,0,7.9278531073446326
349,144205780,0,7.9278531073446326
350,144206921,0,7.9278531073446326
351,144205792,0,7.9278531073446326
352,144205790,0,7.9278531073446326
353,144203611,0,7.9278531073446326
354,144204020,0,7.9278531073446326
355,144206983,0,7.9278531073446326
356,144205747,0,7.9278531073446326
357,144210763,0,7.9278531073446326
358,144204457,0,7.9278531073446326
359,144211426,0,7.9278531073446326
360,144212723,0,7.9278531073446326
361,144203736,0,7.9278531073446326
362,144206261,0,7.9278531073446326
363,144206570,0,7.863238747832036
364,144207073,0,7.861095890410959
365,144204159,0,7.861095890410959
366,144207269,0,7.861095890410959
367,144204744,0,7.861095890410959
368,144204131,0,7.861095890410959
369,144211097,1,7.861095890410959
370,144207185,0,7.861095890410959
371,144205552,0,7.861095890410959
372,144204499,0,7.831250000000001
373,144207130,0,7.831250000000001
374,144203929,0,7.811794871794873
375,144212468,1,7.811794871794873
376,144206527,1,7.811794871794873
377,144210752,0,7.811794871794873
378,144203863,0,7.811794871794873
379,144204501,0,7.811794871794873
380,144206605,0,7.811794871794873
381,144206804,1,7.811794871794873
382,144204012,0,7.811794871794873
383,144206565,0,7.811794871794873
384,144207218,0,7.811794871794873
385,144212866,0,7.811794871794873
386,144206533,0,7.811794871794873
387,144211996,0,7.811794871794873
388,144206450,0,7.811794871794873
389,144205497,0,7.811794871794873
390,144206287,0,7.811794871794873
391,144210782,0,7.811794871794873
392,144205754,0,7.811794871794873
393,144206350,0,7.783491260937624
394,144206846,0,7.720819672131147
395,144206869,0,7.720819672131147
396,144204032,0,7.720819672131147
397,144203825,0,7.720819672131147
398,144207953,0,7.720819672131147
399,144204192,0,7.720819672131147
400,144206166,1,7.720819672131147
401,144206840,0,7.720819672131147
402,144205798,0,7.720819672131147
403,144204199,0,7.720819672131147
404,144205775,0,7.720819672131147
405,144204284,0,7.720819672131147
406,144204279,0,7.720819672131147
407,144206989,0,7.720819672131147
408,144203756,0,7.720819672131147
409,144204273,0,7.720819672131147
410,144203811,0,7.720819672131147
411,144211075,0,7.720819672131147
412,144204382,0,7.720819672131147
413,144204025,1,7.720819672131147
414,144204390,0,7.720819672131147
415,144205721,0,7.720819672131147
416,144210836,0,7.720819672131147
417,144211199,0,7.720819672131147
418,144204621,0,7.720819672131147
419,144204058,0,7.720819672131147
420,144208729,0,7.720819672131147
421,144204318,0,7.720819672131147
422,144208593,0,7.720819672131147
423,144205394,0,7.720819672131147
424,144206763,0,7.720819672131147
425,144206351,0,7.720819672131147
426,144203675,0,7.720819672131147
427,144203964,0,7.720819672131147
428,144210533,0,7.720819672131147
429,144203703,0,7.720819672131147
430,144210777,0,7.710818414322249
431,144204267,0,7.710818414322249
432,144204510,0,7.710818414322249
433,144204301,0,7.710818414322249
434,144212825,0,7.710818414322249
435,144212710,0,7.710818414322249
436,144203868,0,7.710818414322249
437,144212699,0,7.710818414322249
438,144211013,0,7.710818414322249
439,144213042,0,7.710818414322249
440,144204257,0,7.710818414322249
441,144207195,0,7.710818414322249
442,144207257,0,7.710818414322249
443,144204278,0,7.710818414322249
444,144204978,0,7.710818414322249
445,144210590,0,7.710818414322249
446,144204786,0,7.710818414322249
447,144207884,0,7.710818414322249
448,144211237,0,7.710818414322249
449,144213244,0,7.710818414322249
450,144204774,0,7.710818414322249
451,144212747,0,7.710818414322249
452,144204492,0,7.710818414322249
453,144211311,0,7.710818414322249
454,144204934,0,7.710818414322249
455,144209148,0,7.710818414322249
456,144207588,0,7.710818414322249
457,144209224,0,7.710818414322249
458,144204963,0,7.710818414322249
459,144204366,0,7.710818414322249
460,144213095,0,7.710818414322249
461,144204358,0,7.710818414322249
462,144203981,0,7.710818414322249
463,144205022,0,7.710818414322249
464,144206316,0,7.710818414322249
465,144203643,0,7.710818414322249
466,144206380,0,7.710818414322249
467,144206381,0,7.710818414322249
468,144204088,0,7.710818414322249
469,144206415,0,7.710818414322249
470,144207123,1,7.710818414322249
471,144207150,1,7.710818414322249
472,144204095,0,7.710818414322249
473,144205625,0,7.710818414322249
474,144206448,0,7.710818414322249
475,144204106,0,7.710818414322249
476,144211756,0,7.710818414322249
477,144204116,0,7.710818414322249
478,144205523,0,7.710818414322249
479,144205518,0,7.710818414322249
480,144206534,0,7.710818414322249
481,144206537,0,7.710818414322249
482,144206347,0,7.710818414322249
483,144206283,0,7.710818414322249
484,144205446,0,7.710818414322249
485,144206266,0,7.710818414322249
486,144205995,0,7.710818414322249
487,144206016,0,7.710818414322249
488,144206070,0,7.710818414322249
489,144206071,0,7.710818414322249
490,144204498,1,7.710818414322249
491,144206110,0,7.710818414322249
492,144212246,0,7.710818414322249
493,144203587,0,7.710818414322249
494,144206157,0,7.710818414322249
495,144203590,0,7.710818414322249
496,144206180,0,7.710818414322249
497,144206192,0,7.710818414322249
498,144204024,0,7.710818414322249
499,144206258,0,7.710818414322249
500,144205759,0,7.710818414322249
501,144204036,0,7.710818414322249
502,144212151,0,7.710818414322249
503,144205027,0,7.710818414322249
504,144206562,0,7.710818414322249
505,144205425,0,7.710818414322249
506,144205145,0,7.710818414322249
507,144206946,0,7.710818414322249
508,144204197,0,7.710818414322249
509,144213962,0,7.710818414322249
510,144211417,0,7.710818414322249
511,144206972,0,7.710818414322249
512,144204211,0,7.710818414322249
513,144213913,0,7.710818414322249
514,144207049,0,7.710818414322249
515,144207054,0,7.710818414322249
516,144203727,0,7.710818414322249
517,144204226,0,7.710818414322249
518,144207089,0,7.710818414322249
519,144203768,0,7.710818414322249
520,144213850,0,7.710818414322249
521,144203770,0,7.710818414322249
522,144213816,0,7.710818414322249
523,144207156,0,7.710818414322249
524,144213744,0,7.710818414322249
525,144211463,1,7.710818414322249
526,144204174,0,7.710818414322249
527,144206884,0,7.710818414322249
528,144206843,0,7.710818414322249
529,144205405,0,7.710818414322249
530,144206674,0,7.710818414322249
531,144206699,0,7.710818414322249
532,144206705,0,7.710818414322249
533,144203707,0,7.710818414322249
534,144205338,0,7.710818414322249
535,144206771,0,7.710818414322249
536,144206774,0,7.710818414322249
537,144204166,0,7.710818414322249
538,144205311,0,7.710818414322249
539,144212688,1,7.710818414322249
540,144205272,0,7.710818414322249
541,144204173,0,7.710818414322249
542,144210950,0,7.710818414322249
543,144214035,1,7.710818414322249
544,144205608,0,7.640384615384615
545,144203916,0,7.640384615384615
546,144204976,0,7.640384615384615
547,144208064,0,7.640384615384615
548,144206290,0,7.640384615384615
549,144203670,1,7.640384615384615
550,144206493,0,7.624578313253011
551,144212668,0,7.624578313253011
552,144211407,1,7.624578313253011
553,144206591,0,7.624578313253011
554,144206572,0,7.624578313253011
555,144206566,0,7.624578313253011
556,144204900,0,7.624578313253011
557,144204899,0,7.624578313253011
558,144208065,0,7.624578313253011
559,144213322,0,7.624578313253011
560,144208127,0,7.624578313253011
561,144206548,0,7.624578313253011
562,144213340,0,7.624578313253011
563,144204873,0,7.624578313253011
564,144208314,0,7.624578313253011
565,144206535,0,7.624578313253011
566,144206599,0,7.624578313253011
567,144207760,0,7.624578313253011
568,144205427,0,7.624578313253011
569,144207707,0,7.624578313253011
570,144207685,0,7.624578313253011
571,144204286,0,7.624578313253011
572,144206638,0,7.624578313253011
573,144204938,0,7.624578313253011
574,144207511,0,7.624578313253011
575,144205399,0,7.624578313253011
576,144205398,0,7.624578313253011
577,144204148,0,7.624578313253011
578,144206671,0,7.624578313253011
579,144203821,0,7.624578313253011
580,144204969,0,7.624578313253011
581,144204970,0,7.624578313253011
582,144205391,0,7.624578313253011
583,144208414,0,7.624578313253011
584,144206521,0,7.624578313253011
585,144206286,0,7.624578313253011
586,144205675,0,7.624578313253011
587,144204316,0,7.624578313253011
588,144205999,0,7.624578313253011
589,144209250,0,7.624578313253011
590,144204086,0,7.624578313253011
591,144204730,0,7.624578313253011
592,144211899,0,7.624578313253011
593,144206367,0,7.624578313253011
594,144206519,0,7.624578313253011
595,144211904,0,7.624578313253011
596,144209392,0,7.624578313253011
597,144204068,0,7.624578313253011
598,144209433,0,7.624578313253011
599,144204671,0,7.624578313253011
600,144206361,1,7.624578313253011
601,144206396,0,7.624578313253011
602,144206412,0,7.624578313253011
603,144211883,0,7.624578313253011
604,144206431,0,7.624578313253011
605,144211228,0,7.624578313253011
606,144204771,0,7.624578313253011
607,144210753,1,7.624578313253011
608,144204780,0,7.624578313253011
609,144211857,0,7.624578313253011
610,144205579,0,7.624578313253011
611,144204789,0,7.624578313253011
612,144205577,0,7.624578313253011
613,144205570,0,7.624578313253011
614,144204305,0,7.624578313253011
615,144203737,0,7.624578313253011
616,144206499,0,7.624578313253011
617,144205520,0,7.624578313253011
618,144204275,0,7.624578313253011
619,144211569,0,7.624578313253011
620,144204270,0,7.624578313253011
621,144207075,0,7.624578313253011
622,144205259,0,7.624578313253011
623,144213877,0,7.624578313253011
624,144205143,0,7.624578313253011
625,144206850,0,7.624578313253011
626,144204182,0,7.624578313253011
627,144212581,0,7.624578313253011
628,144204228,0,7.624578313253011
629,144203697,0,7.624578313253011
630,144206841,0,7.624578313253011
631,144211444,0,7.624578313253011
632,144206835,0,7.624578313253011
633,144204176,0,7.624578313253011
634,144206831,0,7.624578313253011
635,144206830,0,7.624578313253011
636,144207047,0,7.624578313253011
637,144206860,0,7.624578313253011
638,144205252,0,7.624578313253011
639,144205155,0,7.624578313253011
640,144203755,0,7.624578313253011
641,144203753,0,7.624578313253011
642,144206864,0,7.624578313253011
643,144207025,0,7.624578313253011
644,144206867,0,7.624578313253011
645,144206871,0,7.624578313253011
646,144206896,0,7.624578313253011
647,144206962,0,7.624578313253011
648,144204191,0,7.624578313253011
649,144206905,0,7.624578313253011
650,144214011,0,7.624578313253011
651,144214008,0,7.624578313253011
652,144211437,0,7.624578313253011
653,144211369,0,7.624578313253011
654,144207131,0,7.624578313253011
655,144207132,0,7.624578313253011
656,144205030,0,7.624578313253011
657,144204985,0,7.624578313253011
658,144206682,0,7.624578313253011
659,144204991,0,7.624578313253011
660,144206688,0,7.624578313253011
661,144204994,0,7.624578313253011
662,144211555,0,7.624578313253011
663,144203706,0,7.624578313253011
664,144204158,0,7.624578313253011
665,144205349,0,7.624578313253011
666,144205343,0,7.624578313253011
667,144205024,0,7.624578313253011
668,144212554,1,7.624578313253011
669,144205026,0,7.624578313253011
670,144212590,1,7.624578313253011
671,144203713,0,7.624578313253011
672,144207134,0,7.624578313253011
673,144207166,0,7.624578313253011
674,144205333,0,7.624578313253011
675,144205328,0,7.624578313253011
676,144207164,0,7.624578313253011
677,144205317,0,7.624578313253011
678,144205058,0,7.624578313253011
679,144213790,0,7.624578313253011
680,144204241,0,7.624578313253011
681,144206775,0,7.624578313253011
682,144207145,0,7.624578313253011
683,144205078,0,7.624578313253011
684,144204170,0,7.624578313253011
685,144203779,0,7.624578313253011
686,144204237,0,7.624578313253011
687,144204059,0,7.624578313253011
688,144203738,0,7.624578313253011
689,144204485,0,7.624578313253011
690,144204352,0,7.624578313253011
691,144212336,0,7.624578313253011
692,144204354,0,7.624578313253011
693,144212177,0,7.624578313253011
694,144212704,0,7.624578313253011
695,144211082,0,7.624578313253011
696,144210100,0,7.624578313253011
697,144205793,0,7.624578313253011
698,144205765,0,7.624578313253011
699,144206133,0,7.624578313253011
700,144210044,0,7.624578313253011
701,144203913,0,7.624578313253011
702,144206069,0,7.624578313253011
703,144205794,0,7.624578313253011
704,144206262,0,7.624578313253011
705,144212543,0,7.624578313253011
706,144212535,0,7.624578313253011
707,144212202,0,7.624578313253011
708,144210564,0,7.624578313253011
709,144212679,0,7.624578313253011
710,144212758,0,7.624578313253011
711,144204367,0,7.624578313253011
712,144205477,1,7.624578313253011
713,144206043,0,7.624578313253011
714,144204512,0,7.624578313253011
715,144211135,0,7.624578313253011
716,144203588,0,7.624578313253011
717,144211015,0,7.624578313253011
718,144211002,0,7.624578313253011
719,144203586,0,7.624578313253011
720,144203589,0,7.624578313253011
721,144206009,0,7.624578313253011
722,144212490,0,7.624578313253011
723,144212216,0,7.624578313253011
724,144206151,0,7.624578313253011
725,144205755,0,7.624578313253011
726,144212179,0,7.624578313253011
727,144206124,0,7.624578313253011
728,144206012,0,7.624578313253011
729,144206228,0,7.624578313253011
730,144206243,0,7.624578313253011
731,144210767,0,7.624578313253011
732,144206275,0,7.624578313253011
733,144206084,0,7.624578313253011
734,144206274,0,7.624578313253011
735,144210758,0,7.624578313253011
736,144205976,0,7.624578313253011
737,144210539,0,7.624578313253011
738,144204638,0,7.624578313253011
739,144209780,0,7.624578313253011
740,144210757,0,7.624578313253011
741,144205994,0,7.624578313253011
742,144205992,0,7.624578313253011
743,144205731,0,7.624578313253011
744,144205739,0,7.624578313253011
745,144212203,0,7.624578313253011
746,144205732,0,7.624578313253011
747,144205795,0,7.624578313253011
748,144210930,0,7.624578313253011
749,144205819,0,7.624578313253011
750,144211169,0,7.624578313253011
751,144211103,0,7.624578313253011
752,144206072,0,7.624578313253011
753,144204402,0,7.624578313253011
754,144206111,0,7.624578313253011
755,144207445,0,7.542473684210526
756,144213873,0,7.542473684210526
757,144204225,0,7.542473684210526
758,144204921,0,7.542473684210526
759,144203599,0,7.542473684210526
760,144207689,0,7.542473684210526
761,144206582,0,7.542473684210526
762,144204141,0,7.542473684210526
763,144212218,0,7.542473684210526
764,144204379,0,7.542473684210526
765,144213860,0,7.542473684210526
766,144211571,0,7.542473684210526
767,144203882,0,7.542473684210526
768,144206834,0,7.542473684210526
769,144211944,1,7.542473684210526
770,144206678,0,7.542473684210526
771,144207406,0,7.542473684210526
772,144206821,0,7.542473684210526
773,144205345,0,7.542473684210526
774,144204252,0,7.542473684210526
775,144210740,0,7.542473684210526
776,144204481,0,7.542473684210526
777,144205090,0,7.542473684210526
778,144203577,0,7.542473684210526
779,144206825,0,7.542473684210526
780,144212683,0,7.542473684210526
781,144207391,0,7.542473684210526
782,144205043,0,7.542473684210526
783,144212729,0,7.542473684210526
784,144211346,0,7.542473684210526
785,144203791,0,7.542473684210526
786,144204462,0,7.542473684210526
787,144210766,0,7.542473684210526
788,144204168,0,7.542473684210526
789,144206743,0,7.542473684210526
790,144206736,0,7.542473684210526
791,144205362,0,7.542473684210526
792,144203702,0,7.542473684210526
793,144204229,0,7.542473684210526
794,144203815,0,7.542473684210526
795,144211111,0,7.542473684210526
796,144204271,0,7.542473684210526
797,144204505,0,7.542473684210526
798,144204504,0,7.542473684210526
799,144213632,0,7.542473684210526
800,144207061,0,7.542473684210526
801,144204263,0,7.542473684210526
802,144205888,0,7.542473684210526
803,144205287,0,7.542473684210526
804,144205109,0,7.542473684210526
805,144206695,0,7.542473684210526
806,144206696,0,7.542473684210526
807,144204151,0,7.542473684210526
808,144203763,0,7.542473684210526
809,144212705,0,7.542473684210526
810,144205813,0,7.542473684210526
811,144205774,0,7.542473684210526
812,144204401,0,7.542473684210526
813,144211408,0,7.542473684210526
814,144204407,0,7.542473684210526
815,144204185,0,7.542473684210526
816,144210036,0,7.542473684210526
817,144206878,0,7.542473684210526
818,144211862,0,7.542473684210526
819,144211240,0,7.542473684210526
820,144204617,0,7.542473684210526
821,144205777,0,7.542473684210526
822,144203963,0,7.542473684210526
823,144203761,0,7.542473684210526
824,144204026,0,7.542473684210526
825,144206457,0,7.542473684210526
826,144208916,0,7.542473684210526
827,144203666,0,7.542473684210526
828,144205190,0,7.542473684210526
829,144209270,0,7.542473684210526
830,144205557,0,7.542473684210526
831,144209416,0,7.542473684210526
832,144213073,0,7.542473684210526
833,144209733,0,7.542473684210526
834,144206335,0,7.542473684210526
835,144206408,1,7.542473684210526
836,144206484,1,7.542473684210526
837,144209426,0,7.542473684210526
838,144204195,0,7.542473684210526
839,144212488,0,7.542473684210526
840,144209277,0,7.542473684210526
841,144214006,0,7.542473684210526
842,144209380,0,7.542473684210526
843,144206201,1,7.542473684210526
844,144209339,0,7.542473684210526
845,144206379,0,7.542473684210526
846,144205659,0,7.542473684210526
847,144209986,0,7.542473684210526
848,144208887,0,7.542473684210526
849,144203664,0,7.542473684210526
850,144203563,0,7.542473684210526
851,144206011,0,7.542473684210526
852,144203752,0,7.542473684210526
853,144205791,0,7.542473684210526
854,144208555,0,7.542473684210526
855,144206524,0,7.542473684210526
856,144204851,0,7.542473684210526
857,144205260,0,7.542473684210526
858,144204130,0,7.542473684210526
859,144211692,0,7.542473684210526
860,144211247,0,7.542473684210526
861,144210787,0,7.542473684210526
862,144206799,0,7.542473684210526
863,144206557,0,7.542473684210526
864,144205245,1,7.542473684210526
865,144208094,0,7.542473684210526
866,144213875,0,7.542473684210526
867,144211364,1,7.542473684210526
868,144211718,0,7.542473684210526
869,144206800,0,7.542473684210526
870,144205156,0,7.542473684210526
871,144211746,0,7.542473684210526
872,144210824,0,7.542473684210526
873,144204827,0,7.542473684210526
874,144205782,0,7.542473684210526
875,144210849,0,7.542473684210526
876,144205543,0,7.542473684210526
877,144205502,0,7.422195121951218
878,144204824,0,7.422195121951218
879,144206488,0,7.422195121951218
880,144206528,0,7.422195121951218
881,144204253,0,7.422195121951218
882,144206542,0,7.422195121951218
883,144204125,0,7.422195121951218
884,144210805,1,7.422195121951218
885,144206123,0,7.422195121951218
886,144204467,0,7.422195121951218
887,144204212,0,7.422195121951218
888,144205298,0,7.407706093189964
889,144206801,0,7.407706093189964
890,144205286,0,7.407706093189964
891,144205248,0,7.407706093189964
892,144205972,0,7.407706093189964
893,144205987,0,7.407706093189964
894,144204184,0,7.407706093189964
895,144211480,0,7.407706093189964
896,144206040,0,7.407706093189964
897,144212527,0,7.407706093189964
898,144206003,0,7.407706093189964
899,144214036,0,7.407706093189964
900,144204187,0,7.407706093189964
901,144206899,0,7.407706093189964
902,144206060,0,7.407706093189964
903,144205980,0,7.407706093189964
904,144212408,0,7.407706093189964
905,144212027,0,7.407706093189964
906,144206792,0,7.407706093189964
907,144206453,0,7.407706093189964
908,144211765,0,7.407706093189964
909,144210973,1,7.407706093189964
910,144205553,0,7.407706093189964
911,144211752,0,7.407706093189964
912,144206470,0,7.407706093189964
913,144206486,0,7.407706093189964
914,144205533,0,7.407706093189964
915,144206487,0,7.407706093189964
916,144205529,0,7.407706093189964
917,144206498,0,7.407706093189964
918,144206500,0,7.407706093189964
919,144204126,0,7.407706093189964
920,144204018,0,7.407706093189964
921,144206529,0,7.407706093189964
922,144206530,0,7.407706093189964
923,144204101,0,7.407706093189964
924,144208934,1,7.407706093189964
925,144205478,0,7.407706093189964
926,144206433,0,7.407706093189964
927,144206352,0,7.407706093189964
928,144206272,0,7.407706093189964
929,144203639,0,7.407706093189964
930,144205673,0,7.407706093189964
931,144203642,0,7.407706093189964
932,144205740,0,7.407706093189964
933,144206392,0,7.407706093189964
934,144205744,0,7.407706093189964
935,144206399,0,7.407706093189964
936,144204039,0,7.407706093189964
937,144206413,0,7.407706093189964
938,144204087,0,7.407706093189964
939,144205751,0,7.407706093189964
940,144211880,0,7.407706093189964
941,144208356,1,7.407706093189964
942,144204132,0,7.407706093189964
943,144205799,0,7.407706093189964
944,144206078,0,7.407706093189964
945,144206152,0,7.407706093189964
946,144205020,1,7.407706093189964
947,144203971,0,7.407706093189964
948,144211535,0,7.407706093189964
949,144206720,0,7.407706093189964
950,144206721,0,7.407706093189964
951,144206752,0,7.407706093189964
952,144203579,0,7.407706093189964
953,144211502,0,7.407706093189964
954,144206761,0,7.407706093189964
955,144204524,1,7.407706093189964
956,144205327,0,7.407706093189964
957,144205323,0,7.407706093189964
958,144203573,0,7.407706093189964
959,144204165,0,7.407706093189964
960,144203972,0,7.407706093189964
961,144206686,0,7.407706093189964
962,144206162,0,7.407706093189964
963,144206558,0,7.407706093189964
964,144205393,0,7.407706093189964
965,144211204,1,7.407706093189964
966,144203609,0,7.407706093189964
967,144205816,0,7.407706093189964
968,144206574,0,7.407706093189964
969,144206577,0,7.407706093189964
970,144205452,0,7.407706093189964
971,144205442,0,7.407706093189964
972,144205818,0,7.407706093189964
973,144206624,0,7.407706093189964
974,144206212,0,7.407706093189964
975,144211496,1,7.407706093189964
976,144206206,0,7.407706093189964
977,144206633,0,7.407706093189964
978,144203591,0,7.407706093189964
979,144206300,0,7.407706093189964
980,144210951,0,7.407706093189964
981,144205222,0,7.407706093189964
982,144204993,0,7.407706093189964
983,144203782,0,7.407706093189964
984,144210520,0,7.407706093189964
985,144204997,0,7.407706093189964
986,144208698,0,7.407706093189964
987,144204543,0,7.407706093189964
988,144204541,0,7.407706093189964
989,144207197,0,7.407706093189964
990,144209417,0,7.407706093189964
991,144212972,0,7.407706093189964
992,144203938,0,7.407706093189964
993,144204817,0,7.407706093189964
994,144208807,0,7.407706093189964
995,144209360,0,7.407706093189964
996,144212785,0,7.407706093189964
997,144205033,0,7.407706093189964
998,144212588,0,7.407706093189964
999,144209352,0,7.407706093189964
1000,144203795,0,7.407706093189964
1001,144204513,0,7.407706093189964
1002,144212750,0,7.407706093189964
1003,144204811,0,7.407706093189964
1004,144203790,0,7.407706093189964
1005,144203853,0,7.407706093189964
1006,144207151,0,7.407706093189964
1007,144204686,0,7.407706093189964
1008,144204839,0,7.407706093189964
1009,144204840,0,7.407706093189964
1010,144204290,0,7.407706093189964
1011,144213336,0,7.407706093189964
1012,144204868,0,7.407706093189964
1013,144204866,0,7.407706093189964
1014,144209948,0,7.407706093189964
1015,144211227,0,7.407706093189964
1016,144208398,0,7.407706093189964
1017,144213467,0,7.407706093189964
1018,144207768,0,7.407706093189964
1019,144204918,0,7.407706093189964
1020,144208437,0,7.407706093189964
1021,144211184,0,7.407706093189964
1022,144204302,0,7.407706093189964
1023,144204856,0,7.407706093189964
1024,144204931,0,7.407706093189964
1025,144203862,0,7.407706093189964
1026,144209468,0,7.407706093189964
1027,144203856,0,7.407706093189964
1028,144204588,0,7.407706093189964
1029,144203824,0,7.407706093189964
1030,144207349,0,7.407706093189964
1031,144212648,0,7.407706093189964
1032,144204980,0,7.407706093189964
1033,144203784,0,7.407706093189964
1034,144203950,0,7.407706093189964
1035,144206943,0,7.407706093189964
1036,144203932,0,7.407706093189964
1037,144204368,0,7.407706093189964
1038,144204309,0,7.407706093189964
1039,144210859,0,7.407706093189964
1040,144210938,0,7.407706093189964
1041,144203931,0,7.407706093189964
1042,144205121,0,7.407706093189964
1043,144205120,0,7.407706093189964
1044,144204777,0,7.407706093189964
1045,144211390,0,7.407706093189964
1046,144204423,0,7.407706093189964
1047,144212585,0,7.407706093189964
1048,144204205,0,7.407706093189964
1049,144205141,0,7.407706093189964
1050,144209094,0,7.407706093189964
1051,144207118,0,7.407706093189964
1052,144203904,0,7.407706093189964
1053,144203920,0,7.407706093189964
1054,144206927,0,7.407706093189964
1055,144207022,0,7.407706093189964
1056,144204220,0,7.407706093189964
1057,144204408,0,7.407706093189964
1058,144208898,0,7.407706093189964
1059,144211359,0,7.407706093189964
1060,144211043,0,7.407706093189964
1061,144213938,0,7.407706093189964
1062,144206357,0,7.357954545454546
1063,144208796,0,7.357954545454546
1064,144204422,0,7.357954545454546
1065,144213731,0,7.357954545454546
1066,144207024,0,7.357954545454546
1067,144210495,0,7.357954545454546
1068,144209583,0,7.357954545454546
1069,144207175,0,7.357954545454546
1070,144208046,0,7.357954545454546
1071,144203638,0,7.357954545454546
1072,144207174,0,7.357954545454546
1073,144206808,0,7.357954545454546
1074,144204470,0,7.357954545454546
1075,144204516,0,7.357954545454546
1076,144203681,0,7.357954545454546
1077,144208786,1,7.357954545454546
1078,144206144,0,7.357954545454546
1079,144210389,0,7.357954545454546
1080,144212702,0,7.276938775510204
1081,144204217,0,7.276938775510204
1082,144204144,0,7.276938775510204
1083,144205763,1,7.276938775510204
1084,144203618,0,7.276938775510204
1085,144212159,0,7.276938775510204
1086,144210967,0,7.276938775510204
1087,144207591,0,7.276938775510204
1088,144204585,0,7.276938775510204
1089,144206328,0,7.276938775510204
1090,144204842,0,7.276938775510204
1091,144208550,0,7.276938775510204
1092,144205501,1,7.276938775510204
1093,144214047,0,7.276938775510204
1094,144209039,0,7.276938775510204
1095,144208553,0,7.276938775510204
1096,144211878,0,7.276938775510204
1097,144211151,0,7.276938775510204
1098,144213052,0,7.276938775510204
1099,144211172,0,7.276938775510204
1100,144203900,0,7.276938775510204
1101,144213792,0,7.276938775510204
1102,144210742,0,7.276938775510204
1103,144204110,0,7.276938775510204
1104,144206776,0,7.276938775510204
1105,144206773,0,7.276938775510204
1106,144204079,0,7.276938775510204
1107,144205284,0,7.276938775510204
1108,144207160,0,7.276938775510204
1109,144208829,0,7.276938775510204
1110,144203568,0,7.276938775510204
1111,144206164,0,7.276938775510204
1112,144211235,0,7.276938775510204
1113,144209220,0,7.276938775510204
1114,144204903,0,7.276938775510204
1115,144207182,0,7.276938775510204
1116,144204011,0,7.276938775510204
1117,144205571,0,7.276938775510204
1118,144205013,0,7.276938775510204
1119,144203603,0,7.276938775510204
1120,144211576,0,7.276938775510204
1121,144204254,0,7.276938775510204
1122,144205807,0,7.276938775510204
1123,144203604,0,7.276938775510204
1124,144211086,0,7.276938775510204
1125,144204223,0,7.276938775510204
1126,144205486,0,7.276938775510204
1127,144203745,0,7.276938775510204
1128,144203966,0,7.24086036671368
1129,144209619,0,7.24086036671368
1130,144204063,0,7.24086036671368
1131,144206622,1,7.24086036671368
1132,144209492,0,7.24086036671368
1133,144203849,0,7.24086036671368
1134,144209290,0,7.24086036671368
1135,144206386,0,7.24086036671368
1136,144211886,0,7.24086036671368
1137,144209301,0,7.24086036671368
1138,144204314,0,7.24086036671368
1139,144209675,0,7.24086036671368
1140,144209206,0,7.24086036671368
1141,144209382,0,7.24086036671368
1142,144209205,0,7.24086036671368
1143,144211908,0,7.24086036671368
1144,144211907,0,7.24086036671368
1145,144204315,0,7.24086036671368
1146,144204070,0,7.24086036671368
1147,144206346,0,7.24086036671368
1148,144211874,0,7.24086036671368
1149,144205688,0,7.24086036671368
1150,144206436,0,7.24086036671368
1151,144205605,0,7.24086036671368
1152,144205710,0,7.24086036671368
1153,144205787,0,7.24086036671368
1154,144206282,0,7.24086036671368
1155,144204484,0,7.24086036671368
1156,144212684,0,7.24086036671368
1157,144204469,0,7.24086036671368
1158,144210748,0,7.24086036671368
1159,144204000,0,7.24086036671368
1160,144203581,0,7.24086036671368
1161,144212748,0,7.24086036671368
1162,144210725,0,7.24086036671368
1163,144212861,0,7.24086036671368
1164,144212255,0,7.24086036671368
1165,144211128,0,7.24086036671368
1166,144212231,0,7.24086036671368
1167,144204515,0,7.24086036671368
1168,144203594,0,7.24086036671368
1169,144203595,0,7.24086036671368
1170,144203906,0,7.24086036671368
1171,144206053,0,7.24086036671368
1172,144204364,0,7.24086036671368
1173,144205959,0,7.24086036671368
1174,144206027,0,7.24086036671368
1175,144212522,0,7.24086036671368
1176,144206017,0,7.24086036671368
1177,144211069,0,7.24086036671368
1178,144210822,0,7.24086036671368
1179,144205981,0,7.24086036671368
1180,144205983,0,7.24086036671368
1181,144206005,0,7.24086036671368
1182,144206004,0,7.24086036671368
1183,144210852,0,7.24086036671368
1184,144210934,0,7.24086036671368
1185,144212466,0,7.24086036671368
1186,144212689,0,7.24086036671368
1187,144212787,0,7.24086036671368
1188,144203598,0,7.24086036671368
1189,144209743,0,7.24086036671368
1190,144204323,0,7.24086036671368
1191,144212160,0,7.24086036671368
1192,144213004,0,7.24086036671368
1193,144210024,0,7.24086036671368
1194,144204034,0,7.24086036671368
1195,144212093,0,7.24086036671368
1196,144205745,0,7.24086036671368
1197,144205737,0,7.24086036671368
1198,144204335,0,7.24086036671368
1199,144206265,0,7.24086036671368
1200,144205733,0,7.24086036671368
1201,144206236,1,7.24086036671368
1202,144212069,0,7.24086036671368
1203,144209774,0,7.24086036671368
1204,144209747,0,7.24086036671368
1205,144212162,0,7.24086036671368
1206,144205770,0,7.24086036671368
1207,144205771,0,7.24086036671368
1208,144210470,0,7.24086036671368
1209,144205781,0,7.24086036671368
1210,144210497,0,7.24086036671368
1211,144206255,0,7.24086036671368
1212,144204779,0,7.24086036671368
1213,144204326,0,7.24086036671368
1214,144213002,0,7.24086036671368
1215,144204564,0,7.24086036671368
1216,144204328,0,7.24086036671368
1217,144206254,0,7.24086036671368
1218,144203871,0,7.24086036671368
1219,144205811,0,7.24086036671368
1220,144212991,0,7.24086036671368
1221,144204533,0,7.24086036671368
1222,144204099,0,7.24086036671368
1223,144213979,0,7.24086036671368
1224,144209109,0,7.24086036671368
1225,144211329,0,7.24086036671368
1226,144204255,0,7.24086036671368
1227,144203807,0,7.24086036671368
1228,144203699,0,7.24086036671368
1229,144206704,0,7.24086036671368
1230,144204999,0,7.24086036671368
1231,144204154,0,7.24086036671368
1232,144211553,0,7.24086036671368
1233,144203801,0,7.24086036671368
1234,144205008,0,7.24086036671368
1235,144207192,0,7.24086036671368
1236,144206733,0,7.24086036671368
1237,144206734,0,7.24086036671368
1238,144205355,0,7.24086036671368
1239,144205354,0,7.24086036671368
1240,144205350,0,7.24086036671368
1241,144211568,0,7.24086036671368
1242,144204261,0,7.24086036671368
1243,144205341,0,7.24086036671368
1244,144213699,0,7.24086036671368
1245,144211299,0,7.24086036671368
1246,144211584,0,7.24086036671368
1247,144211572,0,7.24086036671368
1248,144206617,0,7.24086036671368
1249,144207714,0,7.24086036671368
1250,144211523,1,7.24086036671368
1251,144211314,0,7.24086036671368
1252,144205404,0,7.24086036671368
1253,144205403,0,7.24086036671368
1254,144205401,0,7.24086036671368
1255,144207498,0,7.24086036671368
1256,144207453,0,7.24086036671368
1257,144205395,0,7.24086036671368
1258,144211324,0,7.24086036671368
1259,144209095,0,7.24086036671368
1260,144207183,0,7.24086036671368
1261,144204251,0,7.24086036671368
1262,144211282,0,7.24086036671368
1263,144207119,0,7.24086036671368
1264,144213818,1,7.24086036671368
1265,144205267,0,7.24086036671368
1266,144205140,0,7.24086036671368
1267,144207033,0,7.24086036671368
1268,144205246,0,7.24086036671368
1269,144214046,0,7.24086036671368
1270,144204216,0,7.24086036671368
1271,144213924,0,7.24086036671368
1272,144204213,0,7.24086036671368
1273,144213934,0,7.24086036671368
1274,144206959,0,7.24086036671368
1275,144205218,0,7.24086036671368
1276,144204196,0,7.24086036671368
1277,144206910,0,7.24086036671368
1278,144206934,0,7.24086036671368
1279,144205278,0,7.24086036671368
1280,144206824,0,7.24086036671368
1281,144205337,0,7.24086036671368
1282,144205087,0,7.24086036671368
1283,144205034,0,7.24086036671368
1284,144205041,0,7.24086036671368
1285,144213766,0,7.24086036671368
1286,144212578,0,7.24086036671368
1287,144206769,0,7.24086036671368
1288,144206770,0,7.24086036671368
1289,144211501,0,7.24086036671368
1290,144211357,0,7.24086036671368
1291,144207155,0,7.24086036671368
1292,144205312,0,7.24086036671368
1293,144204240,0,7.24086036671368
1294,144205309,0,7.24086036671368
1295,144211483,0,7.24086036671368
1296,144213803,0,7.24086036671368
1297,144205081,0,7.24086036671368
1298,144211650,0,7.24086036671368
1299,144204987,0,7.24086036671368
1300,144207968,0,7.24086036671368
1301,144205535,0,7.24086036671368
1302,144204128,0,7.24086036671368
1303,144208537,0,7.24086036671368
1304,144212565,0,7.24086036671368
1305,144208574,0,7.24086036671368
1306,144206507,0,7.24086036671368
1307,144204838,0,7.24086036671368
1308,144213311,0,7.24086036671368
1309,144211743,0,7.24086036671368
1310,144208709,0,7.24086036671368
1311,144213297,0,7.24086036671368
1312,144205532,0,7.24086036671368
1313,144211750,0,7.24086036671368
1314,144204814,0,7.24086036671368
1315,144203837,0,7.24086036671368
1316,144211001,1,7.24086036671368
1317,144208831,0,7.24086036671368
1318,144208832,0,7.24086036671368
1319,144204108,0,7.24086036671368
1320,144210942,1,7.24086036671368
1321,144205562,0,7.24086036671368
1322,144203740,0,7.24086036671368
1323,144208974,0,7.24086036671368
1324,144203844,0,7.24086036671368
1325,144203659,0,7.24086036671368
1326,144211790,0,7.24086036671368
1327,144205585,0,7.24086036671368
1328,144211715,0,7.24086036671368
1329,144204802,0,7.24086036671368
1330,144211655,0,7.24086036671368
1331,144211675,0,7.24086036671368
1332,144211257,0,7.24086036671368
1333,144208054,0,7.24086036671368
1334,144213386,0,7.24086036671368
1335,144211676,0,7.24086036671368
1336,144213405,0,7.24086036671368
1337,144203677,0,7.24086036671368
1338,144208014,0,7.24086036671368
1339,144204954,0,7.223161959280395
1340,144203917,0,7.209703781420996
1341,144206655,0,7.197903225806452
1342,144206852,0,7.197903225806452
1343,144207090,0,7.197903225806452
1344,144206372,0,7.197903225806452
1345,144208996,0,7.197903225806452
1346,144203585,0,7.197903225806452
1347,144205125,0,7.197903225806452
1348,144210514,0,7.197903225806452
1349,144203915,0,7.197903225806452
1350,144205242,0,7.197903225806452
1351,144205728,0,7.197903225806452
1352,144213284,0,7.197903225806452
1353,144205953,0,7.197903225806452
1354,144206106,0,7.197903225806452
1355,144209232,0,7.197903225806452
1356,144206052,0,7.197903225806452
1357,144205647,0,7.197903225806452
1358,144211449,0,7.197903225806452
1359,144213809,0,7.197903225806452
1360,144205243,0,7.197903225806452
1361,144209364,0,7.197903225806452
1362,144212293,0,7.197903225806452
1363,144208707,0,7.197903225806452
1364,144207898,0,7.197903225806452
1365,144203869,0,7.197903225806452
1366,144211872,0,7.197903225806452
1367,144205046,1,7.197903225806452
1368,144208168,0,7.197903225806452
1369,144210322,0,7.197903225806452
1370,144213191,0,7.197903225806452
1371,144211981,0,7.197903225806452
1372,144205505,0,7.170588235294117
1373,144211147,0,7.170588235294117
1374,144207102,0,7.170588235294117
1375,144211452,1,7.170588235294117
1376,144212596,0,7.170588235294117
1377,144208877,0,7.170588235294117
1378,144206076,0,7.170588235294117
1379,144206829,0,7.170588235294117
1380,144206454,0,7.170588235294117
1381,144207179,0,7.170588235294117
1382,144204502,0,7.170588235294117
1383,144205154,0,7.170588235294117
1384,144204768,0,7.170588235294117
1385,144206205,0,7.170588235294117
1386,144204094,0,7.170588235294117
1387,144208667,1,6.988153153153154
1388,144211218,0,6.988153153153154
1389,144209163,0,6.988153153153154
1390,144209813,0,6.988153153153154
1391,144212322,0,6.988153153153154
1392,144210005,0,6.988153153153154
1393,144211860,0,6.988153153153154
1394,144208989,0,6.988153153153154
1395,144206908,0,6.988153153153154
1396,144206858,0,6.988153153153154
1397,144209115,0,6.988153153153154
1398,144214042,0,6.988153153153154
1399,144207096,0,6.988153153153154
1400,144208335,0,6.988153153153154
1401,144208954,0,6.988153153153154
1402,144213310,0,6.988153153153154
1403,144209374,0,6.988153153153154
1404,144206658,0,6.988153153153154
1405,144206746,0,6.988153153153154
1406,144211149,0,6.988153153153154
1407,144213732,0,6.988153153153154
1408,144212985,0,6.988153153153154
1409,144206729,0,6.988153153153154
1410,144206073,0,6.988153153153154
1411,144206728,0,6.988153153153154
1412,144206660,0,6.988153153153154
1413,144209453,0,6.988153153153154
1414,144206324,0,6.988153153153154
1415,144212994,0,6.988153153153154
1416,144209652,0,6.988153153153154
1417,144212780,0,6.988153153153154
1418,144206586,0,6.988153153153154
1419,144211050,1,6.988153153153154
1420,144210586,0,6.988153153153154
1421,144212235,0,6.988153153153154
1422,144206768,0,6.988153153153154
1423,144207596,0,6.988153153153154
1424,144210635,0,6.988153153153154
1425,144211897,0,6.988153153153154
1426,144211895,0,6.988153153153154
1427,144210695,0,6.988153153153154
1428,144213452,0,6.988153153153154
1429,144206778,0,6.988153153153154
1430,144213231,0,6.988153153153154
1431,144211096,0,6.988153153153154
1432,144206602,0,6.988153153153154
1433,144204387,1,6.988153153153154
1434,144212072,0,6.988153153153154
1435,144203555,0,6.988153153153154
1436,144205512,0,6.988153153153154
1437,144205303,0,6.988153153153154
1438,144205283,0,6.988153153153154
1439,144204810,0,6.988153153153154
1440,144204813,0,6.988153153153154
1441,144204741,0,6.988153153153154
1442,144203905,0,6.988153153153154
1443,144204357,0,6.988153153153154
1444,144204356,0,6.988153153153154
1445,144205132,0,6.988153153153154
1446,144205123,0,6.988153153153154
1447,144203827,0,6.988153153153154
1448,144204142,0,6.988153153153154
1449,144204388,0,6.988153153153154
1450,144204171,0,6.988153153153154
1451,144204169,0,6.988153153153154
1452,144204258,0,6.988153153153154
1453,144204542,0,6.988153153153154
1454,144203970,0,6.988153153153154
1455,144205588,0,6.988153153153154
1456,144205326,0,6.988153153153154
1457,144205513,0,6.988153153153154
1458,144204841,0,6.988153153153154
1459,144204140,0,6.988153153153154
1460,144203979,0,6.988153153153154
1461,144205011,0,6.988153153153154
1462,144204306,0,6.988153153153154
1463,144205324,0,6.987200891531675
1464,144203843,0,6.942651006711409
1465,144213399,0,6.942651006711409
1466,144204544,0,6.942651006711409
1467,144212167,0,6.942651006711409
1468,144204803,0,6.942651006711409
1469,144211211,0,6.942651006711409
1470,144206194,0,6.942651006711409
1471,144211025,1,6.942651006711409
1472,144213430,0,6.942651006711409
1473,144205805,0,6.942651006711409
1474,144210988,0,6.942651006711409
1475,144204932,0,6.942651006711409
1476,144204628,0,6.942651006711409
1477,144211145,0,6.942651006711409
1478,144204523,0,6.942651006711409
1479,144211166,0,6.942651006711409
1480,144204537,0,6.942651006711409
1481,144207673,0,6.942651006711409
1482,144209015,0,6.942651006711409
1483,144208995,0,6.942651006711409
1484,144203848,0,6.942651006711409
1485,144213629,0,6.942651006711409
1486,144204983,0,6.942651006711409
1487,144204046,0,6.942651006711409
1488,144205516,0,6.942651006711409
1489,144203732,0,6.942651006711409
1490,144205436,0,6.942651006711409
1491,144206610,0,6.942651006711409
1492,144205413,0,6.942651006711409
1493,144206631,0,6.942651006711409
1494,144206730,0,6.942651006711409
1495,144205340,0,6.942651006711409
1496,144204725,0,6.942651006711409
1497,144206772,0,6.942651006711409
1498,144205314,0,6.942651006711409
1499,144205294,0,6.942651006711409
1500,144209307,0,6.942651006711409
1501,144204104,0,6.942651006711409
1502,144203758,0,6.942651006711409
1503,144206889,0,6.942651006711409
1504,144206980,0,6.942651006711409
1505,144206991,0,6.942651006711409
1506,144209504,0,6.942651006711409
1507,144203796,0,6.942651006711409
1508,144207037,0,6.942651006711409
1509,144207071,0,6.942651006711409
1510,144207092,0,6.942651006711409
1511,144206000,0,6.942651006711409
1512,144211994,0,6.942651006711409
1513,144205080,0,6.942651006711409
1514,144209514,0,6.942651006711409
1515,144206173,0,6.942651006711409
1516,144210694,0,6.942651006711409
1517,144205734,0,6.942651006711409
1518,144204406,0,6.942651006711409
1519,144212233,0,6.942651006711409
1520,144209586,0,6.942651006711409
1521,144204908,0,6.942651006711409
1522,144210413,0,6.942651006711409
1523,144212773,0,6.942651006711409
1524,144204233,0,6.942651006711409
1525,144211699,0,6.942651006711409
1526,144212244,0,6.942651006711409
1527,144208607,0,6.942651006711409
1528,144203937,0,6.942651006711409
1529,144204236,0,6.942651006711409
1530,144205896,0,6.942651006711409
1531,144205897,0,6.942651006711409
1532,144203973,0,6.942651006711409
1533,144204876,0,6.942651006711409
1534,144205907,1,6.942651006711409
1535,144205946,0,6.942651006711409
1536,144212251,0,6.942651006711409
1537,144206161,0,6.942651006711409
1538,144204202,0,6.942651006711409
1539,144203996,0,6.942651006711409
1540,144212371,0,6.942651006711409
1541,144205931,0,6.942651006711409
1542,144205968,0,6.942651006711409
1543,144211396,0,6.942651006711409
1544,144212606,0,6.942651006711409
1545,144203951,0,6.942651006711409
1546,144203610,0,6.942651006711409
1547,144210734,0,6.922713754646841
1548,144212579,0,6.922713754646841
1549,144204477,0,6.922713754646841
1550,144205265,0,6.922713754646841
1551,144208393,0,6.922713754646841
1552,144203793,0,6.922713754646841
1553,144204726,0,6.922713754646841
1554,144205274,0,6.922713754646841
1555,144204242,0,6.922713754646841
1556,144206847,0,6.922713754646841
1557,144211911,0,6.922713754646841
1558,144210052,0,6.922713754646841
1559,144211928,0,6.922713754646841
1560,144208738,0,6.922713754646841
1561,144206868,0,6.922713754646841
1562,144205235,0,6.922713754646841
1563,144212267,0,6.922713754646841
1564,144206955,0,6.922713754646841
1565,144205234,0,6.922713754646841
1566,144204062,0,6.922713754646841
1567,144209276,0,6.922713754646841
1568,144206948,0,6.922713754646841
1569,144211076,0,6.922713754646841
1570,144206929,0,6.922713754646841
1571,144208705,0,6.922713754646841
1572,144206803,0,6.922713754646841
1573,144210160,0,6.922713754646841
1574,144212392,0,6.922713754646841
1575,144213945,0,6.922713754646841
1576,144204456,0,6.922713754646841
1577,144204700,0,6.922713754646841
1578,144205386,0,6.922713754646841
1579,144203739,0,6.922713754646841
1580,144204431,0,6.922713754646841
1581,144212306,0,6.922713754646841
1582,144209411,0,6.922713754646841
1583,144206827,0,6.922713754646841
1584,144212351,0,6.922713754646841
1585,144205451,0,6.922713754646841
1586,144214009,0,6.922713754646841
1587,144205465,0,6.922713754646841
1588,144214018,0,6.922713754646841
1589,144205499,0,6.922713754646841
1590,144206523,0,6.922713754646841
1591,144205370,0,6.922713754646841
1592,144206711,0,6.922713754646841
1593,144205365,0,6.922713754646841
1594,144208647,0,6.922713754646841
1595,144205293,0,6.922713754646841
1596,144204074,0,6.922713754646841
1597,144206820,0,6.922713754646841
1598,144204474,0,6.922713754646841
1599,144203952,0,6.922713754646841
1600,144203754,0,6.922713754646841
1601,144206789,0,6.922713754646841
1602,144205308,0,6.922713754646841
1603,144205313,0,6.922713754646841
1604,144211372,0,6.922713754646841
1605,144203986,0,6.922713754646841
1606,144204085,0,6.922713754646841
1607,144204089,0,6.922713754646841
1608,144204224,0,6.922713754646841
1609,144211881,0,6.922713754646841
1610,144203798,0,6.922713754646841
1611,144204160,0,6.922713754646841
1612,144207041,0,6.922713754646841
1613,144204013,0,6.922713754646841
1614,144213195,0,6.922713754646841
1615,144210450,0,6.922713754646841
1616,144213222,0,6.922713754646841
1617,144207567,0,6.922713754646841
1618,144204330,0,6.922713754646841
1619,144213241,0,6.922713754646841
1620,144208874,0,6.922713754646841
1621,144210540,0,6.922713754646841
1622,144211318,0,6.922713754646841
1623,144209007,0,6.922713754646841
1624,144203842,0,6.922713754646841
1625,144213288,0,6.922713754646841
1626,144208082,0,6.922713754646841
1627,144212718,0,6.922713754646841
1628,144212105,0,6.922713754646841
1629,144212225,0,6.922713754646841
1630,144208992,0,6.922713754646841
1631,144207592,0,6.922713754646841
1632,144213178,0,6.922713754646841
1633,144210518,0,6.922713754646841
1634,144204028,0,6.922713754646841
1635,144207773,0,6.922713754646841
1636,144204916,0,6.922713754646841
1637,144207756,0,6.922713754646841
1638,144213080,0,6.922713754646841
1639,144203873,0,6.922713754646841
1640,144210468,0,6.922713754646841
1641,144212144,0,6.922713754646841
1642,144213110,0,6.922713754646841
1643,144212173,0,6.922713754646841
1644,144209634,0,6.922713754646841
1645,144212983,0,6.922713754646841
1646,144207910,0,6.922713754646841
1647,144210510,0,6.922713754646841
1648,144211182,0,6.922713754646841
1649,144207437,0,6.922713754646841
1650,144204507,0,6.922713754646841
1651,144207045,0,6.922713754646841
1652,144207115,0,6.922713754646841
1653,144212012,0,6.922713754646841
1654,144205070,0,6.922713754646841
1655,144204345,0,6.922713754646841
1656,144210197,0,6.922713754646841
1657,144207136,0,6.922713754646841
1658,144208763,0,6.922713754646841
1659,144210194,0,6.922713754646841
1660,144213646,0,6.922713754646841
1661,144203832,0,6.922713754646841
1662,144203813,0,6.922713754646841
1663,144212254,0,6.922713754646841
1664,144212623,0,6.922713754646841
1665,144213711,0,6.922713754646841
1666,144210472,0,6.922713754646841
1667,144210189,0,6.922713754646841
1668,144207064,0,6.922713754646841
1669,144213593,0,6.922713754646841
1670,144212026,0,6.922713754646841
1671,144205025,0,6.922713754646841
1672,144211570,0,6.922713754646841
1673,144211825,0,6.922713754646841
1674,144209084,0,6.922713754646841
1675,144207355,0,6.922713754646841
1676,144209093,0,6.922713754646841
1677,144204783,0,6.922713754646841
1678,144213415,0,6.922713754646841
1679,144211150,0,6.922713754646841
1680,144204816,0,6.922713754646841
1681,144209111,0,6.922713754646841
1682,144210612,0,6.922713754646841
1683,144207254,0,6.922713754646841
1684,144213512,0,6.922713754646841
1685,144212691,0,6.922713754646841
1686,144204340,0,6.922713754646841
1687,144211342,0,6.922713754646841
1688,144207072,0,6.922713754646841
1689,144208587,0,6.922713754646841
1690,144206034,0,6.922713754646841
1691,144210970,0,6.922713754646841
1692,144203652,0,6.922713754646841
1693,144206100,0,6.922713754646841
1694,144203688,0,6.922713754646841
1695,144203695,0,6.922713754646841
1696,144204743,1,6.922713754646841
1697,144211734,0,6.922713754646841
1698,144206353,0,6.922713754646841
1699,144205624,1,6.922713754646841
1700,144211769,0,6.922713754646841
1701,144205680,0,6.922713754646841
1702,144211764,1,6.922713754646841
1703,144211906,1,6.922713754646841
1704,144206160,0,6.922713754646841
1705,144203716,0,6.922713754646841
1706,144206423,0,6.922713754646841
1707,144206422,0,6.922713754646841
1708,144209512,0,6.922713754646841
1709,144210843,0,6.922713754646841
1710,144206213,0,6.922713754646841
1711,144211037,1,6.922713754646841
1712,144206406,0,6.922713754646841
1713,144211035,0,6.922713754646841
1714,144206270,0,6.922713754646841
1715,144206055,0,6.922713754646841
1716,144211669,0,6.922713754646841
1717,144206229,0,6.922713754646841
1718,144209671,0,6.922713754646841
1719,144205712,0,6.922713754646841
1720,144205898,0,6.922713754646841
1721,144205825,0,6.922713754646841
1722,144206136,0,6.922713754646841
1723,144211664,0,6.922713754646841
1724,144205539,0,6.922713754646841
1725,144209581,0,6.922713754646841
1726,144209537,0,6.922713754646841
1727,144205889,0,6.922713754646841
1728,144213893,0,6.828407079646018
1729,144206838,0,6.828407079646018
1730,144212212,0,6.828407079646018
1731,144204075,0,6.828407079646018
1732,144205895,0,6.828407079646018
1733,144206783,0,6.828407079646018
1734,144205594,0,6.828407079646018
1735,144203750,0,6.828407079646018
1736,144203749,0,6.828407079646018
1737,144204464,0,6.828407079646018
1738,144209370,0,6.828407079646018
1739,144206684,0,6.828407079646018
1740,144211315,0,6.828407079646018
1741,144204806,0,6.828407079646018
1742,144204413,0,6.828407079646018
1743,144203680,0,6.828407079646018
1744,144211533,0,6.828407079646018
1745,144210551,0,6.828407079646018
1746,144204391,0,6.828407079646018
1747,144211178,0,6.828407079646018
1748,144209541,0,6.828407079646018
1749,144212119,0,6.828407079646018
1750,144207637,0,6.828407079646018
1751,144211194,0,6.828407079646018
1752,144208291,1,6.828407079646018
1753,144206892,0,6.828407079646018
1754,144211782,0,6.828407079646018
1755,144207086,0,6.828407079646018
1756,144205407,0,6.828407079646018
1757,144210020,0,6.828407079646018
1758,144213719,0,6.828407079646018
1759,144211231,0,6.828407079646018
1760,144212913,0,6.828407079646018
1761,144209501,0,6.828407079646018
1762,144208390,0,6.828407079646018
1763,144204117,0,6.828407079646018
1764,144205519,0,6.828407079646018
1765,144205480,0,6.828407079646018
1766,144205472,0,6.828407079646018
1767,144205487,0,6.828407079646018
1768,144205437,0,6.828407079646018
1769,144206640,0,6.828407079646018
1770,144203984,0,6.828407079646018
1771,144209438,0,6.771304347826088
1772,144205827,0,6.771304347826088
1773,144210898,0,6.771304347826088
1774,144212174,0,6.771304347826088
1775,144204972,0,6.771304347826088
1776,144204913,0,6.771304347826088
1777,144213941,0,6.771304347826088
1778,144205815,0,6.771304347826088
1779,144205406,0,6.771304347826088
1780,144206354,0,6.771304347826088
1781,144211635,1,6.771304347826088
1782,144206690,0,6.771304347826088
1783,144210746,0,6.771304347826088
1784,144205325,0,6.771304347826088
1785,144204411,0,6.735469107551488
1786,144210697,0,6.735469107551488
1787,144205137,0,6.735469107551488
1788,144211982,0,6.735469107551488
1789,144209643,0,6.735469107551488
1790,144210462,0,6.735469107551488
1791,144204488,0,6.735469107551488
1792,144212419,0,6.735469107551488
1793,144209574,0,6.735469107551488
1794,144213678,0,6.735469107551488
1795,144212418,0,6.735469107551488
1796,144205126,0,6.735469107551488
1797,144205463,0,6.735469107551488
1798,144204164,0,6.735469107551488
1799,144207077,0,6.735469107551488
1800,144203812,0,6.735469107551488
1801,144211223,0,6.735469107551488
1802,144212175,0,6.735469107551488
1803,144210131,0,6.735469107551488
1804,144207042,0,6.735469107551488
1805,144209226,0,6.735469107551488
1806,144208090,0,6.735469107551488
1807,144211645,0,6.735469107551488
1808,144204739,0,6.735469107551488
1809,144205890,0,6.735469107551488
1810,144205220,0,6.735469107551488
1811,144212819,0,6.735469107551488
1812,144209499,0,6.735469107551488
1813,144205192,0,6.735469107551488
1814,144206960,0,6.735469107551488
1815,144203781,0,6.735469107551488
1816,144206966,0,6.735469107551488
1817,144211077,0,6.735469107551488
1818,144204392,0,6.735469107551488
1819,144206975,0,6.735469107551488
1820,144213779,0,6.735469107551488
1821,144210918,0,6.735469107551488
1822,144204307,0,6.735469107551488
1823,144212935,0,6.735469107551488
1824,144204310,0,6.735469107551488
1825,144212944,0,6.735469107551488
1826,144213741,0,6.735469107551488
1827,144210716,0,6.735469107551488
1828,144211989,0,6.735469107551488
1829,144207034,0,6.735469107551488
1830,144204312,0,6.735469107551488
1831,144209195,0,6.735469107551488
1832,144203857,0,6.735469107551488
1833,144206560,0,6.735469107551488
1834,144205509,0,6.735469107551488
1835,144207589,0,6.735469107551488
1836,144211546,0,6.735469107551488
1837,144204338,0,6.735469107551488
1838,144207282,0,6.735469107551488
1839,144211180,0,6.735469107551488
1840,144210605,0,6.735469107551488
1841,144207325,0,6.735469107551488
1842,144211539,0,6.735469107551488
1843,144209299,1,6.735469107551488
1844,144210996,0,6.735469107551488
1845,144204157,0,6.735469107551488
1846,144207521,0,6.735469107551488
1847,144211213,0,6.735469107551488
1848,144212080,0,6.735469107551488
1849,144209929,0,6.735469107551488
1850,144203658,0,6.735469107551488
1851,144210596,0,6.735469107551488
1852,144209076,0,6.735469107551488
1853,144209636,0,6.735469107551488
1854,144212314,0,6.735469107551488
1855,144209037,0,6.735469107551488
1856,144211520,0,6.735469107551488
1857,144209048,0,6.735469107551488
1858,144205762,0,6.735469107551488
1859,144204977,0,6.735469107551488
1860,144206211,0,6.735469107551488
1861,144212062,0,6.735469107551488
1862,144203657,0,6.735469107551488
1863,144203730,0,6.735469107551488
1864,144207137,0,6.735469107551488
1865,144205691,0,6.735469107551488
1866,144205233,0,6.735469107551488
1867,144204923,0,6.735469107551488
1868,144213606,0,6.735469107551488
1869,144213595,0,6.735469107551488
1870,144211366,1,6.735469107551488
1871,144205023,0,6.735469107551488
1872,144213587,0,6.735469107551488
1873,144210104,0,6.735469107551488
1874,144203855,0,6.735469107551488
1875,144208534,0,6.735469107551488
1876,144213101,0,6.735469107551488
1877,144207719,0,6.735469107551488
1878,144209530,0,6.735469107551488
1879,144207712,0,6.735469107551488
1880,144211206,0,6.735469107551488
1881,144206544,0,6.735469107551488
1882,144210646,0,6.735469107551488
1883,144204855,0,6.735469107551488
1884,144208538,0,6.735469107551488
1885,144210092,0,6.735469107551488
1886,144204007,0,6.735469107551488
1887,144209506,0,6.735469107551488
1888,144207695,0,6.735469107551488
1889,144211465,0,6.735469107551488
1890,144208348,0,6.735469107551488
1891,144203729,0,6.735469107551488
1892,144208170,0,6.735469107551488
1893,144208358,0,6.735469107551488
1894,144203619,0,6.735469107551488
1895,144206612,0,6.735469107551488
1896,144212230,0,6.735469107551488
1897,144204819,0,6.735469107551488
1898,144209403,0,6.735469107551488
1899,144206815,0,6.735469107551488
1900,144211376,0,6.735469107551488
1901,144208176,0,6.735469107551488
1902,144206606,0,6.735469107551488
1903,144205937,0,6.735469107551488
1904,144205428,0,6.735469107551488
1905,144205367,0,6.735469107551488
1906,144212276,0,6.735469107551488
1907,144205264,0,6.735469107551488
1908,144205629,0,6.735469107551488
1909,144211477,0,6.735469107551488
1910,144203925,0,6.735469107551488
1911,144213944,0,6.735469107551488
1912,144212697,0,6.735469107551488
1913,144209486,0,6.735469107551488
1914,144206833,0,6.735469107551488
1915,144206446,0,6.735469107551488
1916,144214043,0,6.735469107551488
1917,144203924,0,6.735469107551488
1918,144204239,0,6.735469107551488
1919,144214037,0,6.735469107551488
1920,144204093,0,6.735469107551488
1921,144204660,0,6.735469107551488
1922,144206121,0,6.735469107551488
1923,144206865,0,6.735469107551488
1924,144203748,0,6.735469107551488
1925,144203968,0,6.735469107551488
1926,144214049,0,6.735469107551488
1927,144205385,0,6.735469107551488
1928,144213983,0,6.735469107551488
1929,144210190,0,6.735469107551488
1930,144206456,0,6.735469107551488
1931,144213918,0,6.735469107551488
1932,144212268,0,6.735469107551488
1933,144208670,0,6.735469107551488
1934,144210928,0,6.735469107551488
1935,144210925,0,6.735469107551488
1936,144206873,0,6.735469107551488
1937,144210929,0,6.735469107551488
1938,144211017,0,6.735469107551488
1939,144208272,0,6.735469107551488
1940,144206045,0,6.735469107551488
1941,144208191,0,6.735469107551488
1942,144211030,0,6.735469107551488
1943,144212653,0,6.735469107551488
1944,144206025,0,6.735469107551488
1945,144209608,0,6.735469107551488
1946,144205566,0,6.735469107551488
1947,144208296,0,6.735469107551488
1948,144205411,0,6.735469107551488
1949,144211651,0,6.735469107551488
1950,144214032,0,6.735469107551488
1951,144203939,0,6.735469107551488
1952,144212584,0,6.735469107551488
1953,144209697,0,6.735469107551488
1954,144204528,0,6.677310671179907
1955,144211561,0,6.643559322033899
1956,144214010,0,6.643559322033899
1957,144204757,0,6.643559322033899
1958,144209399,0,6.643559322033899
1959,144207840,0,6.643559322033899
1960,144209478,0,6.643559322033899
1961,144205419,0,6.643559322033899
1962,144207753,0,6.643559322033899
1963,144204107,0,6.643559322033899
1964,144211653,0,6.643559322033899
1965,144210467,0,6.643559322033899
1966,144205706,0,6.643559322033899
1967,144209070,0,6.643559322033899
1968,144214027,0,6.643559322033899
1969,144204319,0,6.643559322033899
1970,144210427,0,6.643559322033899
1971,144212540,0,6.643559322033899
1972,144211748,0,6.643559322033899
1973,144205767,0,6.643559322033899
1974,144211489,0,6.643559322033899
1975,144206154,0,6.643559322033899
1976,144213884,0,6.643559322033899
1977,144213864,0,6.643559322033899
1978,144208648,0,6.643559322033899
1979,144212222,0,6.643559322033899
1980,144205933,0,6.638927203065133
1981,144203602,0,6.638927203065133
1982,144208975,0,6.638927203065133
1983,144204940,0,6.638927203065133
1984,144208718,0,6.638927203065133
1985,144203841,0,6.638927203065133
1986,144207640,0,6.638927203065133
1987,144210180,0,6.638927203065133
1988,144208281,0,6.638927203065133
1989,144204534,0,6.638927203065133
1990,144209720,1,6.638927203065133
1991,144204859,0,6.638927203065133
1992,144204790,0,6.638927203065133
1993,144209622,0,6.638927203065133
1994,144210980,0,6.638927203065133
1995,144211201,0,6.638927203065133
1996,144212134,0,6.638927203065133
1997,144213157,0,6.638927203065133
1998,144207683,0,6.638927203065133
1999,144208490,1,6.638927203065133
2000,144213313,0,6.638927203065133
2001,144209985,0,6.638927203065133
2002,144207466,0,6.638927203065133
2003,144213323,0,6.638927203065133
2004,144210521,0,6.638927203065133
2005,144203960,0,6.638927203065133
2006,144205962,0,6.638927203065133
2007,144203962,0,6.638927203065133
2008,144204121,0,6.638927203065133
2009,144204846,0,6.638927203065133
2010,144208557,0,6.638927203065133
2011,144203850,0,6.638927203065133
2012,144204793,0,6.638927203065133
2013,144208588,0,6.638927203065133
2014,144208346,0,6.638927203065133
2015,144204398,0,6.638927203065133
2016,144213242,0,6.638927203065133
2017,144206235,0,6.638927203065133
2018,144208332,0,6.638927203065133
2019,144213245,0,6.638927203065133
2020,144210897,0,6.638927203065133
2021,144209367,1,6.638927203065133
2022,144205985,0,6.638927203065133
2023,144205801,0,6.638927203065133
2024,144211713,0,6.638927203065133
2025,144204557,0,6.638927203065133
2026,144212574,0,6.638927203065133
2027,144213250,0,6.638927203065133
2028,144213179,0,6.638927203065133
2029,144210162,0,6.638927203065133
2030,144208545,0,6.638927203065133
2031,144211508,0,6.638927203065133
2032,144206036,0,6.638927203065133
2033,144212576,0,6.638927203065133
2034,144203961,0,6.638927203065133
2035,144209394,1,6.638927203065133
2036,144213168,0,6.638927203065133
2037,144213165,0,6.638927203065133
2038,144211717,0,6.638927203065133
2039,144208102,0,6.638927203065133
2040,144210975,0,6.638927203065133
2041,144204282,0,6.638927203065133
2042,144212447,0,6.638927203065133
2043,144208863,0,6.638927203065133
2044,144204285,0,6.638927203065133
2045,144212870,0,6.638927203065133
2046,144207998,0,6.638927203065133
2047,144207985,0,6.638927203065133
2048,144204815,0,6.638927203065133
2049,144211442,0,6.638927203065133
2050,144203922,0,6.638927203065133
2051,144204808,0,6.638927203065133
2052,144212896,0,6.638927203065133
2053,144212898,0,6.638927203065133
2054,144212902,0,6.638927203065133
2055,144212196,0,6.638927203065133
2056,144208611,0,6.638927203065133
2057,144205960,0,6.638927203065133
2058,144203923,0,6.638927203065133
2059,144210140,0,6.638927203065133
2060,144212956,0,6.638927203065133
2061,144203879,0,6.638927203065133
2062,144206018,0,6.638927203065133
2063,144204015,0,6.638927203065133
2064,144211733,0,6.638927203065133
2065,144212205,0,6.638927203065133
2066,144210411,0,6.638927203065133
2067,144208812,0,6.638927203065133
2068,144212738,0,6.638927203065133
2069,144211297,0,6.638927203065133
2070,144203582,0,6.638927203065133
2071,144211487,0,6.638927203065133
2072,144208066,0,6.638927203065133
2073,144208652,0,6.638927203065133
2074,144204888,0,6.638927203065133
2075,144212777,0,6.638927203065133
2076,144212802,0,6.638927203065133
2077,144204287,0,6.638927203065133
2078,144212805,0,6.638927203065133
2079,144204906,0,6.638927203065133
2080,144208045,0,6.638927203065133
2081,144212830,0,6.638927203065133
2082,144212841,0,6.638927203065133
2083,144212211,0,6.638927203065133
2084,144208023,0,6.638927203065133
2085,144211270,0,6.638927203065133
2086,144210924,0,6.638927203065133
2087,144212305,0,6.638927203065133
2088,144204610,0,6.638927203065133
2089,144213087,0,6.638927203065133
2090,144212180,0,6.638927203065133
2091,144212221,0,6.638927203065133
2092,144212636,0,6.638927203065133
2093,144209641,0,6.638927203065133
2094,144207823,0,6.638927203065133
2095,144213045,0,6.638927203065133
2096,144208938,0,6.638927203065133
2097,144207805,0,6.638927203065133
2098,144207797,0,6.638927203065133
2099,144207795,0,6.638927203065133
2100,144207780,0,6.638927203065133
2101,144212394,0,6.638927203065133
2102,144205352,1,6.638927203065133
2103,144204029,0,6.638927203065133
2104,144210941,0,6.638927203065133
2105,144207750,0,6.638927203065133
2106,144212157,0,6.638927203065133
2107,144212155,0,6.638927203065133
2108,144210065,0,6.638927203065133
2109,144212615,0,6.638927203065133
2110,144204375,1,6.638927203065133
2111,144208259,0,6.638927203065133
2112,144207828,0,6.638927203065133
2113,144213040,0,6.638927203065133
2114,144211730,0,6.638927203065133
2115,144203861,0,6.638927203065133
2116,144207915,0,6.638927203065133
2117,144208793,0,6.638927203065133
2118,144205901,0,6.638927203065133
2119,144208599,0,6.638927203065133
2120,144203874,0,6.638927203065133
2121,144204209,0,6.638927203065133
2122,144210469,0,6.638927203065133
2123,144212990,0,6.638927203065133
2124,144203647,0,6.638927203065133
2125,144204206,0,6.638927203065133
2126,144208432,0,6.638927203065133
2127,144207874,0,6.638927203065133
2128,144204857,0,6.638927203065133
2129,144205856,0,6.638927203065133
2130,144211481,0,6.638927203065133
2131,144211418,0,6.638927203065133
2132,144212670,0,6.638927203065133
2133,144204321,0,6.638927203065133
2134,144211420,0,6.638927203065133
2135,144208927,0,6.638927203065133
2136,144212638,0,6.638927203065133
2137,144206511,0,6.638927203065133
2138,144206385,0,6.638927203065133
2139,144209815,0,6.638927203065133
2140,144210715,0,6.638927203065133
2141,144204053,0,6.638927203065133
2142,144213762,0,6.638927203065133
2143,144205671,0,6.638927203065133
2144,144203715,0,6.638927203065133
2145,144213115,1,6.638927203065133
2146,144211591,0,6.638927203065133
2147,144209823,0,6.638927203065133
2148,144206600,0,6.638927203065133
2149,144213797,0,6.638927203065133
2150,144211952,0,6.638927203065133
2151,144213806,0,6.638927203065133
2152,144206890,0,6.638927203065133
2153,144209259,0,6.638927203065133
2154,144209497,0,6.638927203065133
2155,144204137,0,6.638927203065133
2156,144203772,0,6.638927203065133
2157,144213839,0,6.638927203065133
2158,144207435,0,6.638927203065133
2159,144209419,0,6.638927203065133
2160,144209267,0,6.638927203065133
2161,144203767,0,6.638927203065133
2162,144206900,0,6.638927203065133
2163,144205226,0,6.638927203065133
2164,144209860,0,6.638927203065133
2165,144211661,0,6.638927203065133
2166,144206374,0,6.638927203065133
2167,144211834,0,6.638927203065133
2168,144207154,0,6.638927203065133
2169,144205475,0,6.638927203065133
2170,144207152,0,6.638927203065133
2171,144205071,0,6.638927203065133
2172,144207140,0,6.638927203065133
2173,144211589,0,6.638927203065133
2174,144205683,0,6.638927203065133
2175,144209203,0,6.638927203065133
2176,144205682,0,6.638927203065133
2177,144204194,0,6.638927203065133
2178,144204346,0,6.638927203065133
2179,144209865,0,6.638927203065133
2180,144211107,0,6.638927203065133
2181,144213698,0,6.638927203065133
2182,144205128,0,6.638927203065133
2183,144209215,0,6.638927203065133
2184,144205677,0,6.638927203065133
2185,144207068,0,6.638927203065133
2186,144204412,0,6.638927203065133
2187,144204758,0,6.638927203065133
2188,144209508,0,6.638927203065133
2189,144205674,0,6.638927203065133
2190,144207052,0,6.638927203065133
2191,144203765,0,6.638927203065133
2192,144204666,0,6.638927203065133
2193,144207157,0,6.638927203065133
2194,144205382,0,6.638927203065133
2195,144205363,0,6.638927203065133
2196,144211026,0,6.638927203065133
2197,144213936,0,6.638927203065133
2198,144209358,0,6.638927203065133
2199,144204459,0,6.638927203065133
2200,144211062,0,6.638927203065133
2201,144206697,0,6.638927203065133
2202,144209375,0,6.638927203065133
2203,144210774,0,6.638927203065133
2204,144211876,0,6.638927203065133
2205,144203741,0,6.638927203065133
2206,144209385,0,6.638927203065133
2207,144203759,0,6.638927203065133
2208,144204098,0,6.638927203065133
2209,144205397,0,6.638927203065133
2210,144213974,0,6.638927203065133
2211,144205402,0,6.638927203065133
2212,144205409,0,6.638927203065133
2213,144213982,0,6.638927203065133
2214,144205555,0,6.638927203065133
2215,144205412,0,6.638927203065133
2216,144209463,0,6.638927203065133
2217,144209764,0,6.638927203065133
2218,144205429,0,6.638927203065133
2219,144209354,0,6.638927203065133
2220,144213933,0,6.638927203065133
2221,144209350,0,6.638927203065133
2222,144213925,0,6.638927203065133
2223,144211014,0,6.638927203065133
2224,144210837,0,6.638927203065133
2225,144204478,0,6.638927203065133
2226,144209759,0,6.638927203065133
2227,144211917,0,6.638927203065133
2228,144205458,0,6.638927203065133
2229,144205256,0,6.638927203065133
2230,144205257,0,6.638927203065133
2231,144209298,0,6.638927203065133
2232,144214044,0,6.638927203065133
2233,144209488,0,6.638927203065133
2234,144209308,0,6.638927203065133
2235,144211856,0,6.638927203065133
2236,144204080,0,6.638927203065133
2237,144206786,0,6.638927203065133
2238,144211892,0,6.638927203065133
2239,144205623,0,6.638927203065133
2240,144211889,0,6.638927203065133
2241,144205450,0,6.638927203065133
2242,144205335,0,6.638927203065133
2243,144205530,0,6.638927203065133
2244,144204417,0,6.638927203065133
2245,144205348,0,6.638927203065133
2246,144211578,0,6.638927203065133
2247,144205432,0,6.638927203065133
2248,144213439,0,6.638927203065133
2249,144214022,0,6.638927203065133
2250,144206538,0,6.638927203065133
2251,144210585,0,6.638927203065133
2252,144206514,0,6.638927203065133
2253,144211665,0,6.638927203065133
2254,144206510,0,6.638927203065133
2255,144210598,0,6.638927203065133
2256,144207207,0,6.638927203065133
2257,144204333,0,6.638927203065133
2258,144205492,0,6.638927203065133
2259,144210601,0,6.638927203065133
2260,144211142,0,6.638927203065133
2261,144213393,0,6.638927203065133
2262,144205493,0,6.638927203065133
2263,144212054,0,6.638927203065133
2264,144209049,0,6.638927203065133
2265,144212078,0,6.638927203065133
2266,144203817,0,6.638927203065133
2267,144204497,0,6.638927203065133
2268,144210634,0,6.638927203065133
2269,144204965,0,6.638927203065133
2270,144203826,0,6.638927203065133
2271,144210618,0,6.638927203065133
2272,144212065,0,6.638927203065133
2273,144210875,0,6.638927203065133
2274,144210610,0,6.638927203065133
2275,144207310,0,6.638927203065133
2276,144204781,0,6.638927203065133
2277,144204782,0,6.638927203065133
2278,144213369,0,6.638927203065133
2279,144213529,0,6.638927203065133
2280,144212028,0,6.638927203065133
2281,144205039,0,6.638927203065133
2282,144212018,0,6.638927203065133
2283,144210862,0,6.638927203065133
2284,144212014,0,6.638927203065133
2285,144204145,0,6.638927203065133
2286,144203854,0,6.623361468851175
2287,144205339,0,6.601999999999999
2288,144206757,0,6.581452991452991
2289,144204155,0,6.581452991452991
2290,144211490,0,6.581452991452991
2291,144210738,0,6.581452991452991
2292,144207244,0,6.581452991452991
2293,144206756,0,6.581452991452991
2294,144212601,0,6.581452991452991
2295,144205214,0,6.581452991452991
2296,144205215,0,6.581452991452991
2297,144206440,0,6.581452991452991
2298,144207517,0,6.581452991452991
2299,144213969,1,6.581452991452991
2300,144203895,0,6.581452991452991
2301,144203672,0,6.581452991452991
2302,144204655,0,6.581452991452991
2303,144211793,0,6.581452991452991
2304,144212300,0,6.581452991452991
2305,144211545,0,6.581452991452991
2306,144206420,0,6.581452991452991
2307,144212873,0,6.581452991452991
2308,144211275,0,6.581452991452991
2309,144206421,0,6.581452991452991
2310,144213583,0,6.581452991452991
2311,144210698,0,6.581452991452991
2312,144211471,0,6.581452991452991
2313,144205108,0,6.581452991452991
2314,144208536,0,6.581452991452991
2315,144208461,0,6.4809677419354825
2316,144207630,0,6.4809677419354825
2317,144204530,0,6.4809677419354825
2318,144210794,0,6.4809677419354825
2319,144205104,0,6.4809677419354825
2320,144205722,0,6.4809677419354825
2321,144205786,0,6.4809677419354825
2322,144205949,0,6.4809677419354825
2323,144213059,0,6.4809677419354825
2324,144205254,0,6.4809677419354825
2325,144212544,0,6.477389989808444
2326,144205469,0,6.477389989808444
2327,144205912,0,6.418819742489269
2328,144212240,0,6.418819742489269
2329,144205318,0,6.418819742489269
2330,144211602,0,6.418819742489269
2331,144208233,0,6.418819742489269
2332,144212271,0,6.418819742489269
2333,144211478,0,6.418819742489269
2334,144212470,0,6.418819742489269
2335,144204595,0,6.418819742489269
2336,144204829,0,6.418819742489269
2337,144203830,0,6.418819742489269
2338,144208241,0,6.418819742489269
2339,144204179,0,6.418819742489269
2340,144213407,0,6.418819742489269
2341,144206816,0,6.418819742489269
2342,144205315,0,6.418819742489269
2343,144209477,0,6.418819742489269
2344,144203926,0,6.418819742489269
2345,144212270,0,6.418819742489269
2346,144206426,0,6.418819742489269
2347,144211345,0,6.418819742489269
2348,144206427,0,6.418819742489269
2349,144206635,0,6.418819742489269
2350,144205526,0,6.418819742489269
2351,144211597,0,6.418819742489269
2352,144207447,0,6.418819742489269
2353,144208193,0,6.418819742489269
2354,144208480,0,6.418819742489269
2355,144211820,0,6.418819742489269
2356,144203976,0,6.418819742489269
2357,144205596,0,6.418819742489269
2358,144205511,0,6.418819742489269
2359,144213414,0,6.418819742489269
2360,144206806,0,6.418819742489269
2361,144206081,0,6.418819742489269
2362,144206702,0,6.418819742489269
2363,144204124,0,6.418819742489269
2364,144206267,0,6.418819742489269
2365,144213394,0,6.418819742489269
2366,144205418,0,6.418819742489269
2367,144204090,0,6.418819742489269
2368,144204172,0,6.418819742489269
2369,144206817,0,6.418819742489269
2370,144209013,0,6.418819742489269
2371,144205934,0,6.418819742489269
2372,144203612,0,6.418819742489269
2373,144205361,0,6.418819742489269
2374,144206451,0,6.418819742489269
2375,144205364,0,6.418819742489269
2376,144212326,0,6.418819742489269
2377,144213392,0,6.418819742489269
2378,144208330,0,6.418819742489269
2379,144212264,0,6.418819742489269
2380,144206627,0,6.418819742489269
2381,144208735,0,6.418819742489269
2382,144209046,0,6.418819742489269
2383,144203957,0,6.418819742489269
2384,144206762,0,6.418819742489269
2385,144213345,0,6.418819742489269
2386,144211059,0,6.418819742489269
2387,144206628,0,6.418819742489269
2388,144208713,0,6.418819742489269
2389,144212109,0,6.418819742489269
2390,144212102,0,6.418819742489269
2391,144203734,0,6.418819742489269
2392,144212602,0,6.418819742489269
2393,144210073,0,6.418819742489269
2394,144212598,0,6.418819742489269
2395,144203977,0,6.418819742489269
2396,144206256,0,6.418819742489269
2397,144206023,0,6.418819742489269
2398,144212514,0,6.418819742489269
2399,144208278,0,6.418819742489269
2400,144209021,0,6.418819742489269
2401,144204001,0,6.418819742489269
2402,144206246,0,6.418819742489269
2403,144213316,0,6.418819742489269
2404,144204143,0,6.418819742489269
2405,144207551,0,6.418819742489269
2406,144213112,0,6.418819742489269
2407,144212358,0,6.418819742489269
2408,144213106,0,6.418819742489269
2409,144212308,0,6.418819742489269
2410,144205870,0,6.418819742489269
2411,144204149,0,6.418819742489269
2412,144206193,0,6.418819742489269
2413,144203653,0,6.418819742489269
2414,144205474,0,6.418819742489269
2415,144207693,0,6.418819742489269
2416,144205153,0,6.418819742489269
2417,144207043,0,6.418819742489269
2418,144204850,0,6.418819742489269
2419,144211962,0,6.418819742489269
2420,144207208,0,6.418819742489269
2421,144209231,0,6.418819742489269
2422,144211079,0,6.418819742489269
2423,144212937,0,6.418819742489269
2424,144209134,0,6.418819742489269
2425,144211965,0,6.418819742489269
2426,144205173,0,6.418819742489269
2427,144207959,0,6.418819742489269
2428,144212906,0,6.418819742489269
2429,144208589,0,6.418819742489269
2430,144212901,0,6.418819742489269
2431,144208969,0,6.418819742489269
2432,144203644,0,6.418819742489269
2433,144207070,0,6.418819742489269
2434,144205525,0,6.418819742489269
2435,144209558,0,6.418819742489269
2436,144205063,0,6.418819742489269
2437,144211745,0,6.418819742489269
2438,144210912,0,6.418819742489269
2439,144203858,0,6.418819742489269
2440,144212161,0,6.418819742489269
2441,144205689,0,6.418819742489269
2442,144212007,0,6.418819742489269
2443,144203690,0,6.418819742489269
2444,144205106,0,6.418819742489269
2445,144213038,0,6.418819742489269
2446,144207171,0,6.418819742489269
2447,144209444,0,6.418819742489269
2448,144212168,0,6.418819742489269
2449,144208385,1,6.418819742489269
2450,144213092,0,6.418819742489269
2451,144204589,0,6.418819742489269
2452,144203864,0,6.418819742489269
2453,144212170,0,6.418819742489269
2454,144213688,0,6.418819742489269
2455,144204764,0,6.418819742489269
2456,144205479,0,6.418819742489269
2457,144209149,0,6.418819742489269
2458,144205292,0,6.418819742489269
2459,144209951,0,6.418819742489269
2460,144213769,0,6.418819742489269
2461,144205703,0,6.418819742489269
2462,144212888,0,6.418819742489269
2463,144206567,0,6.418819742489269
2464,144206568,0,6.418819742489269
2465,144204291,0,6.418819742489269
2466,144205230,0,6.418819742489269
2467,144213194,0,6.418819742489269
2468,144208810,0,6.418819742489269
2469,144205232,0,6.418819742489269
2470,144209114,0,6.418819742489269
2471,144211005,0,6.418819742489269
2472,144204031,0,6.418819742489269
2473,144213475,0,6.418819742489269
2474,144209806,0,6.418819742489269
2475,144206130,0,6.418819742489269
2476,144206854,0,6.418819742489269
2477,144205809,0,6.418819742489269
2478,144204336,0,6.418819742489269
2479,144207562,0,6.418819742489269
2480,144211792,0,6.418819742489269
2481,144212698,0,6.418819742489269
2482,144212695,0,6.418819742489269
2483,144206419,0,6.418819742489269
2484,144204479,0,6.418819742489269
2485,144205975,0,6.418819742489269
2486,144203774,0,6.418819742489269
2487,144205524,0,6.418819742489269
2488,144213774,0,6.418819742489269
2489,144204325,0,6.418819742489269
2490,144208864,0,6.418819742489269
2491,144206967,0,6.418819742489269
2492,144213805,0,6.418819742489269
2493,144206494,0,6.418819742489269
2494,144212857,0,6.418819742489269
2495,144210637,0,6.418819742489269
2496,144205462,0,6.418819742489269
2497,144212210,0,6.418819742489269
2498,144213342,0,6.418819742489269
2499,144213479,0,6.418819742489269
2500,144213836,0,6.418819742489269
2501,144209117,0,6.418819742489269
2502,144213837,0,6.418819742489269
2503,144203995,0,6.418819742489269
2504,144203635,0,6.418819742489269
2505,144212213,0,6.418819742489269
2506,144208849,0,6.418819742489269
2507,144206909,0,6.418819742489269
2508,144204064,0,6.323019113348801
2509,144211637,0,6.316050420168068
2510,144204136,0,6.316050420168068
2511,144206556,0,6.316050420168068
2512,144205527,0,6.316050420168068
2513,144209441,0,6.316050420168068
2514,144205503,0,6.316050420168068
2515,144208569,0,6.316050420168068
2516,144212809,0,6.316050420168068
2517,144208452,0,6.316050420168068
2518,144213555,0,6.316050420168068
2519,144207059,0,6.316050420168068
2520,144203651,0,6.316050420168068
2521,144208941,0,6.316050420168068
2522,144213090,0,6.316050420168068
2523,144203685,0,6.316050420168068
2524,144207191,0,6.316050420168068
2525,144204927,0,6.316050420168068
2526,144212033,0,6.316050420168068
2527,144207708,0,6.316050420168068
2528,144212050,0,6.316050420168068
2529,144212479,0,6.316050420168068
2530,144213542,0,6.316050420168068
2531,144204153,0,6.316050420168068
2532,144203655,0,6.316050420168068
2533,144213160,0,6.316050420168068
2534,144210515,0,6.316050420168068
2535,144204935,0,6.316050420168068
2536,144213291,0,6.316050420168068
2537,144212092,0,6.316050420168068
2538,144209057,0,6.316050420168068
2539,144205151,0,6.316050420168068
2540,144210847,0,6.316050420168068
2541,144204910,0,6.316050420168068
2542,144205266,0,6.316050420168068
2543,144206465,0,6.316050420168068
2544,144208701,0,6.316050420168068
2545,144212556,0,6.316050420168068
2546,144208757,0,6.316050420168068
2547,144209471,0,6.316050420168068
2548,144208239,0,6.316050420168068
2549,144205910,0,6.316050420168068
2550,144205908,0,6.316050420168068
2551,144205189,0,6.316050420168068
2552,144205291,0,6.316050420168068
2553,144203914,0,6.316050420168068
2554,144212223,0,6.316050420168068
2555,144203722,0,6.316050420168068
2556,144208093,0,6.316050420168068
2557,144210394,0,6.316050420168068
2558,144203629,0,6.316050420168068
2559,144213863,0,6.316050420168068
2560,144212795,0,6.316050420168068
2561,144205194,0,6.316050420168068
2562,144209596,0,6.313870967741936
2563,144211749,0,6.313870967741936
2564,144209060,0,6.313870967741936
2565,144209632,0,6.313870967741936
2566,144213548,0,6.313870967741936
2567,144213299,0,6.313870967741936
2568,144212449,0,6.313870967741936
2569,144212996,0,6.313870967741936
2570,144208499,0,6.313870967741936
2571,144213424,0,6.313870967741936
2572,144213765,0,6.313870967741936
2573,144205746,0,6.313870967741936
2574,144213853,0,6.313870967741936
2575,144212846,0,6.313870967741936
2576,144205199,0,6.313870967741936
2577,144205952,0,6.313870967741936
2578,144213219,0,6.233213296398892
2579,144209006,0,6.233213296398892
2580,144213238,0,6.233213296398892
2581,144208999,0,6.233213296398892
2582,144204649,0,6.233213296398892
2583,144208987,0,6.233213296398892
2584,144213513,0,6.233213296398892
2585,144204539,0,6.233213296398892
2586,144206520,0,6.233213296398892
2587,144209012,0,6.233213296398892
2588,144213282,0,6.233213296398892
2589,144206550,0,6.233213296398892
2590,144207507,0,6.233213296398892
2591,144213289,0,6.233213296398892
2592,144212114,0,6.233213296398892
2593,144213314,0,6.233213296398892
2594,144211641,0,6.233213296398892
2595,144213257,0,6.233213296398892
2596,144205606,0,6.233213296398892
2597,144206478,0,6.233213296398892
2598,144204324,0,6.233213296398892
2599,144206319,0,6.233213296398892
2600,144206348,0,6.233213296398892
2601,144203710,0,6.233213296398892
2602,144210440,0,6.233213296398892
2603,144211238,0,6.233213296398892
2604,144210840,0,6.233213296398892
2605,144204807,0,6.233213296398892
2606,144205648,0,6.233213296398892
2607,144211498,0,6.233213296398892
2608,144207912,0,6.233213296398892
2609,144203723,0,6.233213296398892
2610,144212986,0,6.233213296398892
2611,144205611,0,6.233213296398892
2612,144208930,0,6.233213296398892
2613,144207821,0,6.233213296398892
2614,144204103,0,6.233213296398892
2615,144210494,0,6.233213296398892
2616,144207455,0,6.233213296398892
2617,144206609,0,6.233213296398892
2618,144203836,0,6.233213296398892
2619,144205261,0,6.233213296398892
2620,144204343,0,6.233213296398892
2621,144206767,0,6.233213296398892
2622,144213602,0,6.233213296398892
2623,144206782,0,6.233213296398892
2624,144209322,0,6.233213296398892
2625,144211124,0,6.233213296398892
2626,144204762,0,6.233213296398892
2627,144213712,0,6.233213296398892
2628,144210714,0,6.233213296398892
2629,144212019,0,6.233213296398892
2630,144207020,0,6.233213296398892
2631,144209288,0,6.233213296398892
2632,144204631,0,6.233213296398892
2633,144206866,0,6.233213296398892
2634,144206969,0,6.233213296398892
2635,144205187,0,6.233213296398892
2636,144205188,0,6.233213296398892
2637,144204737,0,6.233213296398892
2638,144205048,0,6.233213296398892
2639,144205017,0,6.233213296398892
2640,144213365,0,6.233213296398892
2641,144213409,0,6.233213296398892
2642,144211527,0,6.233213296398892
2643,144211285,0,6.233213296398892
2644,144204955,0,6.233213296398892
2645,144209401,0,6.233213296398892
2646,144212091,0,6.233213296398892
2647,144210591,0,6.233213296398892
2648,144212087,0,6.233213296398892
2649,144207367,0,6.233213296398892
2650,144207330,0,6.233213296398892
2651,144205012,0,6.233213296398892
2652,144209098,0,6.233213296398892
2653,144204045,0,6.233213296398892
2654,144204445,0,6.233213296398892
2655,144210628,0,6.233213296398892
2656,144204712,0,6.233213296398892
2657,144212311,0,6.233213296398892
2658,144206727,0,6.233213296398892
2659,144207194,0,6.233213296398892
2660,144204294,0,6.233213296398892
2661,144204381,0,6.233213296398892
2662,144209513,0,6.233213296398892
2663,144212282,0,6.233213296398892
2664,144212708,0,6.233213296398892
2665,144210872,0,6.233213296398892
2666,144205701,0,6.233213296398892
2667,144203613,0,6.233213296398892
2668,144208164,0,6.233213296398892
2669,144208471,0,6.233213296398892
2670,144208470,0,6.233213296398892
2671,144212462,0,6.233213296398892
2672,144212694,0,6.233213296398892
2673,144203617,0,6.233213296398892
2674,144212671,0,6.233213296398892
2675,144208686,0,6.233213296398892
2676,144210895,0,6.233213296398892
2677,144204834,0,6.233213296398892
2678,144210159,0,6.233213296398892
2679,144206218,0,6.233213296398892
2680,144212531,0,6.233213296398892
2681,144208231,0,6.233213296398892
2682,144204003,0,6.233213296398892
2683,144211349,0,6.233213296398892
2684,144208755,0,6.233213296398892
2685,144203628,0,6.233213296398892
2686,144208381,0,6.233213296398892
2687,144212569,0,6.233213296398892
2688,144203646,0,6.233213296398892
2689,144205923,0,6.233213296398892
2690,144208645,0,6.233213296398892
2691,144212550,0,6.233213296398892
2692,144212776,0,6.233213296398892
2693,144211395,0,6.233213296398892
2694,144208502,0,6.233213296398892
2695,144212349,0,6.233213296398892
2696,144211687,0,6.233213296398892
2697,144205991,0,6.233213296398892
2698,144208817,0,6.233213296398892
2699,144203673,0,6.233213296398892
2700,144212743,0,6.233213296398892
2701,144211288,0,6.233213296398892
2702,144209536,0,6.233213296398892
2703,144211428,0,6.233213296398892
2704,144211779,0,6.233213296398892
2705,144212399,0,6.233213296398892
2706,144203911,0,6.233213296398892
2707,144205700,0,6.233213296398892
2708,144211702,0,6.233213296398892
2709,144211484,0,6.233213296398892
2710,144212428,0,6.233213296398892
2711,144206310,0,6.233213296398892
2712,144206434,0,6.146659423536951
2713,144213778,0,6.140790960451974
2714,144208842,0,6.140790960451974
2715,144207378,0,6.140790960451974
2716,144214000,0,6.140790960451974
2717,144204820,0,6.140790960451974
2718,144204861,0,6.140790960451974
2719,144209913,0,6.140790960451974
2720,144211865,0,6.140790960451974
2721,144204102,0,6.140790960451974
2722,144204522,0,6.140790960451974
2723,144211623,0,6.140790960451974
2724,144211119,0,6.140790960451974
2725,144205964,0,6.140790960451974
2726,144210671,0,6.140790960451974
2727,144205075,0,6.140790960451974
2728,144205130,0,6.140790960451974
2729,144213910,0,6.140790960451974
2730,144206032,0,6.140790960451974
2731,144205917,0,6.140790960451974
2732,144210913,0,6.140790960451974
2733,144208649,0,6.140790960451974
2734,144211977,0,6.140790960451974
2735,144211721,0,6.140790960451974
2736,144206859,0,6.140790960451974
2737,144209588,0,6.140790960451974
2738,144212497,0,6.140790960451974
2739,144212272,0,6.140790960451974
2740,144207276,0,6.140790960451974
2741,144208418,0,6.140790960451974
2742,144205944,0,6.140790960451974
2743,144207312,0,6.140790960451974
2744,144210062,0,6.140790960451974
2745,144213726,0,6.140790960451974
2746,144209693,0,6.140790960451974
2747,144213053,0,6.140790960451974
2748,144212259,0,6.140790960451974
2749,144205536,0,6.140790960451974
2750,144204027,0,6.140790960451974
2751,144211784,0,6.140790960451974
2752,144204624,0,6.140790960451974
2753,144209967,0,6.140790960451974
2754,144211491,0,6.140790960451974
2755,144204385,0,6.140790960451974
2756,144212250,0,6.140790960451974
2757,144211829,0,6.140790960451974
2758,144211252,0,6.140790960451974
2759,144208230,0,6.140790960451974
2760,144206234,0,6.140790960451974
2761,144207847,0,6.140790960451974
2762,144211768,0,6.140790960451974
2763,144212561,0,6.140790960451974
2764,144212564,0,6.140790960451974
2765,144212108,0,6.140790960451974
2766,144212711,0,6.140790960451974
2767,144212115,0,6.140790960451974
2768,144208923,0,6.140790960451974
2769,144211598,0,6.115484351713858
2770,144211804,0,6.115484351713858
2771,144205285,0,6.115484351713858
2772,144206822,0,6.115484351713858
2773,144209334,0,6.115484351713858
2774,144214041,0,6.115484351713858
2775,144204473,0,6.115484351713858
2776,144205305,0,6.115484351713858
2777,144209796,0,6.115484351713858
2778,144203757,0,6.115484351713858
2779,144205307,0,6.115484351713858
2780,144204386,0,6.115484351713858
2781,144204076,0,6.115484351713858
2782,144211800,0,6.115484351713858
2783,144213903,0,6.115484351713858
2784,144205460,0,6.115484351713858
2785,144205269,0,6.115484351713858
2786,144203726,0,6.115484351713858
2787,144203708,0,6.115484351713858
2788,144206883,0,6.115484351713858
2789,144204135,0,6.115484351713858
2790,144209280,0,6.115484351713858
2791,144206376,0,6.115484351713858
2792,144205666,0,6.115484351713858
2793,144206875,0,6.115484351713858
2794,144205655,0,6.115484351713858
2795,144210933,0,6.115484351713858
2796,144204395,0,6.115484351713858
2797,144210869,0,6.115484351713858
2798,144206863,0,6.115484351713858
2799,144206393,0,6.115484351713858
2800,144206394,0,6.115484351713858
2801,144209296,0,6.115484351713858
2802,144209531,0,6.115484351713858
2803,144205268,0,6.115484351713858
2804,144209665,0,6.115484351713858
2805,144206443,0,6.115484351713858
2806,144214030,0,6.115484351713858
2807,144204441,0,6.115484351713858
2808,144209442,0,6.115484351713858
2809,144204393,0,6.115484351713858
2810,144205905,0,6.115484351713858
2811,144209386,0,6.115484351713858
2812,144206546,0,6.115484351713858
2813,144210806,0,6.115484351713858
2814,144204096,0,6.115484351713858
2815,144204438,0,6.115484351713858
2816,144204429,0,6.115484351713858
2817,144211731,0,6.115484351713858
2818,144205842,0,6.115484351713858
2819,144207467,1,6.115484351713858
2820,144204123,0,6.115484351713858
2821,144209402,0,6.115484351713858
2822,144211741,0,6.115484351713858
2823,144206174,0,6.115484351713858
2824,144211867,0,6.115484351713858
2825,144209751,0,6.115484351713858
2826,144205464,0,6.115484351713858
2827,144205476,0,6.115484351713858
2828,144211621,0,6.115484351713858
2829,144204653,0,6.115484351713858
2830,144205800,0,6.115484351713858
2831,144211810,0,6.115484351713858
2832,144213912,0,6.115484351713858
2833,144205336,0,6.115484351713858
2834,144206569,0,6.115484351713858
2835,144213926,0,6.115484351713858
2836,144210892,0,6.115484351713858
2837,144206444,0,6.115484351713858
2838,144209347,0,6.115484351713858
2839,144204463,0,6.115484351713858
2840,144205358,0,6.115484351713858
2841,144204461,0,6.115484351713858
2842,144206088,0,6.115484351713858
2843,144209461,0,6.115484351713858
2844,144204119,0,6.115484351713858
2845,144204710,0,6.115484351713858
2846,144205372,0,6.115484351713858
2847,144205375,0,6.115484351713858
2848,144205547,0,6.115484351713858
2849,144205377,0,6.115484351713858
2850,144206145,0,6.115484351713858
2851,144208584,0,6.115484351713858
2852,144209265,0,6.115484351713858
2853,144211226,0,6.115484351713858
2854,144207926,0,6.115484351713858
2855,144212907,0,6.115484351713858
2856,144211251,0,6.115484351713858
2857,144211256,0,6.115484351713858
2858,144208860,0,6.115484351713858
2859,144203884,0,6.115484351713858
2860,144208010,0,6.115484351713858
2861,144208026,0,6.115484351713858
2862,144211278,0,6.115484351713858
2863,144208034,0,6.115484351713858
2864,144210408,0,6.115484351713858
2865,144210025,0,6.115484351713858
2866,144211294,0,6.115484351713858
2867,144212217,0,6.115484351713858
2868,144211298,0,6.115484351713858
2869,144207922,0,6.115484351713858
2870,144207914,0,6.115484351713858
2871,144213147,0,6.115484351713858
2872,144212984,0,6.115484351713858
2873,144211191,0,6.115484351713858
2874,144210493,0,6.115484351713858
2875,144211593,0,6.115484351713858
2876,144207742,0,6.115484351713858
2877,144210486,0,6.115484351713858
2878,144207748,0,6.115484351713858
2879,144207758,0,6.115484351713858
2880,144213074,0,6.115484351713858
2881,144213071,0,6.115484351713858
2882,144203859,0,6.115484351713858
2883,144212163,0,6.115484351713858
2884,144213037,0,6.115484351713858
2885,144208926,0,6.115484351713858
2886,144210478,0,6.115484351713858
2887,144213013,0,6.115484351713858
2888,144212749,0,6.115484351713858
2889,144212745,0,6.115484351713858
2890,144211301,0,6.115484351713858
2891,144208137,0,6.115484351713858
2892,144208429,0,6.115484351713858
2893,144208435,0,6.115484351713858
2894,144212487,0,6.115484351713858
2895,144212277,0,6.115484351713858
2896,144211391,0,6.115484351713858
2897,144212280,0,6.115484351713858
2898,144211458,0,6.115484351713858
2899,144212288,0,6.115484351713858
2900,144210076,0,6.115484351713858
2901,144212444,0,6.115484351713858
2902,144212417,0,6.115484351713858
2903,144211414,0,6.115484351713858
2904,144208592,0,6.115484351713858
2905,144211425,0,6.115484351713858
2906,144212347,0,6.115484351713858
2907,144208675,0,6.115484351713858
2908,144212520,0,6.115484351713858
2909,144211470,0,6.115484351713858
2910,144212633,0,6.115484351713858
2911,144204006,0,6.115484351713858
2912,144212232,0,6.115484351713858
2913,144210340,0,6.115484351713858
2914,144208171,0,6.115484351713858
2915,144204874,0,6.115484351713858
2916,144211348,0,6.115484351713858
2917,144212589,0,6.115484351713858
2918,144208403,0,6.115484351713858
2919,144208742,0,6.115484351713858
2920,144210053,0,6.115484351713858
2921,144208362,0,6.115484351713858
2922,144212549,0,6.115484351713858
2923,144212537,0,6.115484351713858
2924,144210061,0,6.115484351713858
2925,144212132,0,6.115484351713858
2926,144211210,0,6.115484351713858
2927,144212127,0,6.115484351713858
2928,144205062,0,6.115484351713858
2929,144211548,0,6.115484351713858
2930,144212056,0,6.115484351713858
2931,144207240,0,6.115484351713858
2932,144213511,0,6.115484351713858
2933,144212124,0,6.115484351713858
2934,144204989,0,6.115484351713858
2935,144205009,0,6.115484351713858
2936,144209146,0,6.115484351713858
2937,144213559,0,6.115484351713858
2938,144209152,0,6.115484351713858
2939,144210675,0,6.115484351713858
2940,144205053,0,6.115484351713858
2941,144212010,0,6.115484351713858
2942,144209171,0,6.115484351713858
2943,144209181,0,6.115484351713858
2944,144213458,0,6.115484351713858
2945,144213625,0,6.115484351713858
2946,144205101,0,6.115484351713858
2947,144213627,0,6.115484351713858
2948,144211123,0,6.115484351713858
2949,144205124,0,6.115484351713858
2950,144213692,0,6.115484351713858
2951,144203805,0,6.115484351713858
2952,144211968,0,6.115484351713858
2953,144205175,0,6.115484351713858
2954,144211960,0,6.115484351713858
2955,144203789,0,6.115484351713858
2956,144209249,0,6.115484351713858
2957,144211943,0,6.115484351713858
2958,144213810,0,6.115484351713858
2959,144207268,0,6.115484351713858
2960,144210667,0,6.115484351713858
2961,144205998,0,6.115484351713858
2962,144204509,0,6.115484351713858
2963,144209038,0,6.115484351713858
2964,144204943,0,6.115484351713858
2965,144212116,0,6.115484351713858
2966,144208994,0,6.115484351713858
2967,144212099,0,6.115484351713858
2968,144204517,0,6.115484351713858
2969,144213185,0,6.115484351713858
2970,144204799,0,6.115484351713858
2971,144207621,0,6.115484351713858
2972,144211515,0,6.115484351713858
2973,144209054,0,6.115484351713858
2974,144204630,0,6.115484351713858
2975,144209059,0,6.115484351713858
2976,144213396,0,6.115484351713858
2977,144210616,0,6.115484351713858
2978,144213443,0,6.115484351713858
2979,144213422,0,6.115484351713858
2980,144213402,0,6.115484351713858
2981,144207346,0,6.115484351713858
2982,144207363,0,6.115484351713858
2983,144213385,0,6.115484351713858
2984,144213383,0,6.115484351713858
2985,144213327,0,6.115484351713858
2986,144206428,0,6.0529882419591425
2987,144211401,0,6.030114503816795
2988,144211673,0,6.030114503816795
2989,144204583,0,6.030114503816795
2990,144209921,0,6.030114503816795
2991,144209861,0,6.030114503816795
2992,144210708,0,6.030114503816795
2993,144209862,0,6.030114503816795
2994,144209863,0,6.030114503816795
2995,144204442,0,6.030114503816795
2996,144209864,0,6.030114503816795
2997,144209866,0,6.030114503816795
2998,144211168,0,6.030114503816795
2999,144211046,0,6.030114503816795
3000,144211129,0,6.030114503816795
3001,144210866,0,6.030114503816795
3002,144210830,0,6.030114503816795
3003,144211133,0,6.030114503816795
3004,144210172,0,6.030114503816795
3005,144210183,0,6.030114503816795
3006,144211220,0,6.030114503816795
3007,144204146,0,6.030114503816795
3008,144210324,0,6.030114503816795
3009,144211323,0,6.030114503816795
3010,144211048,0,6.030114503816795
3011,144208248,0,6.030114503816795
3012,144210940,0,6.030114503816795
3013,144213350,0,6.030114503816795
3014,144207594,0,6.030114503816795
3015,144212046,0,6.030114503816795
3016,144207524,0,6.030114503816795
3017,144209153,0,6.030114503816795
3018,144212022,0,6.030114503816795
3019,144212015,0,6.030114503816795
3020,144213302,0,6.030114503816795
3021,144207387,0,6.030114503816795
3022,144213091,0,6.030114503816795
3023,144209204,0,6.030114503816795
3024,144208840,0,6.030114503816795
3025,144211979,0,6.030114503816795
3026,144211978,0,6.030114503816795
3027,144207373,0,6.030114503816795
3028,144213524,0,6.030114503816795
3029,144211936,0,6.030114503816795
3030,144207657,0,6.030114503816795
3031,144204040,0,6.030114503816795
3032,144205113,0,6.030114503816795
3033,144212117,0,6.030114503816795
3034,144208783,0,6.030114503816795
3035,144208739,0,6.030114503816795
3036,144208616,0,6.030114503816795
3037,144208467,0,6.030114503816795
3038,144208942,0,6.030114503816795
3039,144208165,0,6.030114503816795
3040,144208151,0,6.030114503816795
3041,144212720,0,6.030114503816795
3042,144207920,0,6.030114503816795
3043,144203894,0,6.030114503816795
3044,144203891,0,6.030114503816795
3045,144208058,0,6.030114503816795
3046,144212097,0,6.030114503816795
3047,144212837,0,6.030114503816795
3048,144209055,0,6.030114503816795
3049,144212844,0,6.030114503816795
3050,144205074,0,6.030114503816795
3051,144207374,0,6.030114503816795
3052,144207111,0,6.030114503816795
3053,144204697,0,6.030114503816795
3054,144211698,0,6.030114503816795
3055,144209587,0,6.030114503816795
3056,144211754,0,6.030114503816795
3057,144206188,0,6.030114503816795
3058,144210084,1,6.030114503816795
3059,144204675,0,6.030114503816795
3060,144205702,0,6.030114503816795
3061,144211816,0,6.030114503816795
3062,144205651,0,6.030114503816795
3063,144206417,0,6.030114503816795
3064,144206418,0,6.030114503816795
3065,144211821,0,6.030114503816795
3066,144205250,0,6.030114503816795
3067,144203810,0,6.030114503816795
3068,144213759,0,6.030114503816795
3069,144205295,0,6.030114503816795
3070,144213795,0,6.030114503816795
3071,144205217,0,6.030114503816795
3072,144212635,0,6.004187499999999
3073,144205882,0,6.004187499999999
3074,144208973,0,6.004187499999999
3075,144208971,0,6.004187499999999
3076,144212692,0,6.004187499999999
3077,144210323,0,6.004187499999999
3078,144208212,0,6.004187499999999
3079,144206204,0,6.004187499999999
3080,144211785,0,6.004187499999999
3081,144205929,0,6.004187499999999
3082,144212610,0,6.004187499999999
3083,144212559,0,6.004187499999999
3084,144206033,0,6.004187499999999
3085,144203990,0,6.004187499999999
3086,144204022,0,6.004187499999999
3087,144204788,1,6.004187499999999
3088,144208725,0,6.004187499999999
3089,144203637,0,6.004187499999999
3090,144212215,0,6.004187499999999
3091,144213427,0,6.004187499999999
3092,144211629,0,6.004187499999999
3093,144209317,0,6.004187499999999
3094,144203746,0,6.004187499999999
3095,144203880,0,6.004187499999999
3096,144213681,0,6.004187499999999
3097,144207736,0,6.004187499999999
3098,144211006,0,6.004187499999999
3099,144204641,0,6.004187499999999
3100,144213320,0,6.004187499999999
3101,144212055,0,6.004187499999999
3102,144213243,0,6.004187499999999
3103,144211836,0,6.004187499999999
3104,144211028,0,6.004187499999999
3105,144213971,0,6.004187499999999
3106,144211143,0,5.955384615384616
3107,144207376,0,5.955384615384616
3108,144206297,0,5.955384615384616
3109,144210633,0,5.955384615384616
3110,144213338,0,5.955384615384616
3111,144212879,0,5.955384615384616
3112,144208854,0,5.955384615384616
3113,144209786,0,5.955384615384616
3114,144205435,0,5.9332222222222235
3115,144204677,0,5.9332222222222235
3116,144213589,0,5.9332222222222235
3117,144212410,0,5.9332222222222235
3118,144208504,0,5.9332222222222235
3119,144203721,0,5.9332222222222235
3120,144203557,0,5.9332222222222235
3121,144209808,0,5.9332222222222235
3122,144211838,0,5.9332222222222235
3123,144206469,0,5.9332222222222235
3124,144212973,0,5.9332222222222235
3125,144214012,0,5.9332222222222235
3126,144210800,0,5.9332222222222235
3127,144208319,0,5.9332222222222235
3128,144206616,0,5.9332222222222235
3129,144213107,0,5.9332222222222235
3130,144213728,0,5.9332222222222235
3131,144211507,0,5.9332222222222235
3132,144209086,0,5.9332222222222235
3133,144206692,0,5.9332222222222235
3134,144206698,0,5.9332222222222235
3135,144212118,0,5.9332222222222235
3136,144208147,0,5.9332222222222235
3137,144206898,0,5.9332222222222235
3138,144211320,0,5.9332222222222235
3139,144204468,0,5.9332222222222235
3140,144209918,0,5.9332222222222235
3141,144209035,0,5.9332222222222235
3142,144213102,0,5.9332222222222235
3143,144210401,0,5.9332222222222235
3144,144211786,0,5.9332222222222235
3145,144209229,0,5.9332222222222235
3146,144213146,0,5.9332222222222235
3147,144212273,0,5.9332222222222235
3148,144209507,0,5.9332222222222235
3149,144208695,0,5.9332222222222235
3150,144206239,0,5.9332222222222235
3151,144205507,1,5.9332222222222235
3152,144203558,0,5.9332222222222235
3153,144208582,0,5.9332222222222235
3154,144213451,0,5.9332222222222235
3155,144212318,0,5.9332222222222235
3156,144210014,0,5.9332222222222235
3157,144205881,0,5.9332222222222235
3158,144204573,0,5.9332222222222235
3159,144212736,0,5.921546883327909
3160,144209129,0,5.88543973941368
3161,144213381,0,5.88543973941368
3162,144209332,0,5.88543973941368
3163,144212859,0,5.88543973941368
3164,144209324,0,5.88543973941368
3165,144207409,0,5.88543973941368
3166,144206874,0,5.88543973941368
3167,144211163,0,5.88543973941368
3168,144213869,0,5.88543973941368
3169,144211596,0,5.88543973941368
3170,144211620,0,5.88543973941368
3171,144213899,0,5.88543973941368
3172,144212804,0,5.88543973941368
3173,144212801,0,5.88543973941368
3174,144207491,0,5.88543973941368
3175,144209174,0,5.88543973941368
3176,144211286,0,5.88543973941368
3177,144212775,0,5.88543973941368
3178,144207573,0,5.88543973941368
3179,144213130,0,5.88543973941368
3180,144207984,0,5.88543973941368
3181,144203799,0,5.88543973941368
3182,144213553,0,5.88543973941368
3183,144211202,0,5.88543973941368
3184,144213558,0,5.88543973941368
3185,144207190,0,5.88543973941368
3186,144207660,0,5.88543973941368
3187,144207319,0,5.88543973941368
3188,144213012,0,5.88543973941368
3189,144213011,0,5.88543973941368
3190,144210402,0,5.88543973941368
3191,144207891,0,5.88543973941368
3192,144213655,0,5.88543973941368
3193,144207913,0,5.88543973941368
3194,144211902,0,5.88543973941368
3195,144211153,0,5.88543973941368
3196,144210593,0,5.88543973941368
3197,144211181,0,5.88543973941368
3198,144210710,0,5.88543973941368
3199,144212942,0,5.88543973941368
3200,144212933,0,5.88543973941368
3201,144213501,0,5.88543973941368
3202,144211690,0,5.88543973941368
3203,144203814,0,5.88543973941368
3204,144208126,0,5.88543973941368
3205,144204472,0,5.88543973941368
3206,144210983,0,5.88543973941368
3207,144212172,0,5.88543973941368
3208,144208469,0,5.88543973941368
3209,144209425,0,5.88543973941368
3210,144212431,0,5.88543973941368
3211,144204471,0,5.88543973941368
3212,144211413,0,5.88543973941368
3213,144212406,0,5.88543973941368
3214,144208517,0,5.88543973941368
3215,144212387,0,5.88543973941368
3216,144210103,0,5.88543973941368
3217,144208612,0,5.88543973941368
3218,144211852,0,5.88543973941368
3219,144212297,0,5.88543973941368
3220,144211805,0,5.88543973941368
3221,144209473,0,5.88543973941368
3222,144208657,0,5.88543973941368
3223,144210907,0,5.88543973941368
3224,144212263,0,5.88543973941368
3225,144210960,0,5.88543973941368
3226,144205891,0,5.88543973941368
3227,144209555,0,5.88543973941368
3228,144204603,0,5.88543973941368
3229,144206441,0,5.88543973941368
3230,144207452,0,5.88543973941368
3231,144208180,0,5.88543973941368
3232,144208229,0,5.88543973941368
3233,144211321,0,5.88543973941368
3234,144205351,0,5.88543973941368
3235,144208175,0,5.88543973941368
3236,144209020,0,5.88543973941368
3237,144203743,0,5.88543973941368
3238,144211577,0,5.88543973941368
3239,144204592,0,5.88543973941368
3240,144208214,0,5.88543973941368
3241,144211512,0,5.88543973941368
3242,144212142,0,5.88543973941368
3243,144212759,0,5.88543973941368
3244,144212619,0,5.88543973941368
3245,144209760,0,5.88543973941368
3246,144211055,0,5.88543973941368
3247,144206648,0,5.88543973941368
3248,144213966,0,5.88543973941368
3249,144212766,0,5.88543973941368
3250,144212530,0,5.88543973941368
3251,144204952,0,5.796666666666667
3252,144213387,0,5.796666666666667
3253,144204397,0,5.796666666666667
3254,144209496,0,5.796666666666667
3255,144208370,1,5.796666666666667
3256,144209197,0,5.796666666666667
3257,144212003,0,5.796666666666667
3258,144213389,0,5.796666666666667
3259,144211869,0,5.796666666666667
3260,144214026,0,5.796666666666667
3261,144205820,0,5.796666666666667
3262,144213417,0,5.796666666666667
3263,144205368,0,5.796666666666667
3264,144205590,0,5.796666666666667
3265,144204981,0,5.796666666666667
3266,144205723,0,5.796666666666667
3267,144205720,0,5.796666666666667
3268,144209239,0,5.796666666666667
3269,144213964,0,5.796666666666667
3270,144203669,0,5.796666666666667
3271,144203683,0,5.796666666666667
3272,144207162,0,5.796666666666667
3273,144209291,0,5.796666666666667
3274,144205116,0,5.796666666666667
3275,144213717,0,5.796666666666667
3276,144213610,0,5.796666666666667
3277,144211688,0,5.796666666666667
3278,144212075,0,5.796666666666667
3279,144211504,0,5.796666666666667
3280,144210187,0,5.796666666666667
3281,144213014,0,5.796666666666667
3282,144207674,0,5.796666666666667
3283,144207675,0,5.796666666666667
3284,144210331,0,5.796666666666667
3285,144213103,0,5.796666666666667
3286,144207650,0,5.796666666666667
3287,144207615,0,5.796666666666667
3288,144211271,0,5.796666666666667
3289,144212854,0,5.796666666666667
3290,144212060,0,5.796666666666667
3291,144208761,0,5.796666666666667
3292,144204004,0,5.796666666666667
3293,144212977,0,5.796666666666667
3294,144207559,0,5.796666666666667
3295,144210117,0,5.796666666666667
3296,144212769,0,5.796666666666667
3297,144209950,0,5.796666666666667
3298,144212966,0,5.796666666666667
3299,144203860,0,5.796666666666667
3300,144210415,0,5.796666666666667
3301,144209384,0,5.765853658536588
3302,144211644,0,5.765853658536588
3303,144212429,0,5.765853658536588
3304,144210398,0,5.765853658536588
3305,144206845,0,5.765853658536588
3306,144212824,0,5.765853658536588
3307,144212094,0,5.765853658536588
3308,144212715,0,5.765853658536588
3309,144213831,0,5.765853658536588
3310,144213820,0,5.765853658536588
3311,144212862,0,5.765853658536588
3312,144205676,0,5.765853658536588
3313,144211085,0,5.765853658536588
3314,144210717,0,5.765853658536588
3315,144206373,0,5.765853658536588
3316,144206401,0,5.765853658536588
3317,144213930,0,5.765853658536588
3318,144204870,0,5.765853658536588
3319,144206445,0,5.765853658536588
3320,144212499,0,5.765853658536588
3321,144203983,0,5.765853658536588
3322,144203987,0,5.765853658536588
3323,144212525,0,5.765853658536588
3324,144208367,0,5.765853658536588
3325,144206402,0,5.765853658536588
3326,144208912,0,5.765853658536588
3327,144205455,0,5.765853658536588
3328,144206614,0,5.765853658536588
3329,144212709,0,5.765853658536588
3330,144211054,0,5.765853658536588
3331,144208299,0,5.765853658536588
3332,144208263,0,5.765853658536588
3333,144204614,0,5.765853658536588
3334,144212629,0,5.765853658536588
3335,144212645,0,5.765853658536588
3336,144212885,0,5.765853658536588
3337,144208965,0,5.765853658536588
3338,144205376,0,5.765853658536588
3339,144205681,0,5.765853658536588
3340,144211811,0,5.765853658536588
3341,144203674,0,5.765853658536588
3342,144212188,0,5.765853658536588
3343,144213482,0,5.765853658536588
3344,144210067,0,5.765853658536588
3345,144213464,0,5.765853658536588
3346,144207279,0,5.765853658536588
3347,144208689,0,5.765853658536588
3348,144211148,0,5.765853658536588
3349,144213435,0,5.765853658536588
3350,144213133,0,5.765853658536588
3351,144206171,0,5.765853658536588
3352,144211976,0,5.765853658536588
3353,144210712,0,5.765853658536588
3354,144212189,0,5.765853658536588
3355,144207394,0,5.765853658536588
3356,144207530,0,5.765853658536588
3357,144205913,0,5.765853658536588
3358,144204540,0,5.765853658536588
3359,144209544,0,5.765853658536588
3360,144212008,0,5.765853658536588
3361,144212198,0,5.765853658536588
3362,144211167,0,5.765853658536588
3363,144206203,0,5.765853658536588
3364,144212278,0,5.765853658536588
3365,144212066,0,5.765853658536588
3366,144211958,0,5.765853658536588
3367,144209092,0,5.765853658536588
3368,144205139,0,5.765853658536588
3369,144205138,0,5.765853658536588
3370,144208442,0,5.765853658536588
3371,144205122,0,5.765853658536588
3372,144207902,0,5.765853658536588
3373,144207900,0,5.765853658536588
3374,144207114,0,5.765853658536588
3375,144212400,0,5.765853658536588
3376,144207868,0,5.765853658536588
3377,144209287,0,5.765853658536588
3378,144205719,0,5.765853658536588
3379,144212376,0,5.765853658536588
3380,144212312,0,5.765853658536588
3381,144212291,0,5.765853658536588
3382,144210673,0,5.765853658536588
3383,144207743,0,5.765853658536588
3384,144207219,0,5.765853658536588
3385,144211941,0,5.765853658536588
3386,144206442,0,5.765853658536588
3387,144203839,0,5.750810810810811
3388,144203744,0,5.750810810810811
3389,144204038,0,5.739331050358699
3390,144203974,0,5.6780912863070565
3391,144204052,0,5.6780912863070565
3392,144213494,0,5.6780912863070565
3393,144211146,0,5.6780912863070565
3394,144213453,0,5.6780912863070565
3395,144212269,0,5.6780912863070565
3396,144211547,0,5.6780912863070565
3397,144203648,0,5.6780912863070565
3398,144211473,0,5.6780912863070565
3399,144213171,0,5.6780912863070565
3400,144212256,0,5.6780912863070565
3401,144213199,0,5.6780912863070565
3402,144203998,0,5.6780912863070565
3403,144213206,0,5.6780912863070565
3404,144213255,0,5.6780912863070565
3405,144213354,0,5.6780912863070565
3406,144204005,0,5.6780912863070565
3407,144211736,0,5.6780912863070565
3408,144203561,0,5.6780912863070565
3409,144212227,0,5.6780912863070565
3410,144204008,0,5.6780912863070565
3411,144213498,0,5.6780912863070565
3412,144213025,0,5.6780912863070565
3413,144211363,0,5.6780912863070565
3414,144203686,0,5.6780912863070565
3415,144203724,0,5.6780912863070565
3416,144211044,0,5.6780912863070565
3417,144212753,0,5.6780912863070565
3418,144212009,0,5.6780912863070565
3419,144212872,0,5.6780912863070565
3420,144211241,0,5.6780912863070565
3421,144203687,0,5.6780912863070565
3422,144211828,0,5.6780912863070565
3423,144211499,0,5.6780912863070565
3424,144211497,0,5.6780912863070565
3425,144212889,0,5.6780912863070565
3426,144212974,0,5.6780912863070565
3427,144213679,0,5.6780912863070565
3428,144212988,0,5.6780912863070565
3429,144213607,0,5.6780912863070565
3430,144211134,0,5.6780912863070565
3431,144212370,0,5.6780912863070565
3432,144211216,0,5.6780912863070565
3433,144212036,0,5.6780912863070565
3434,144208501,0,5.6780912863070565
3435,144206129,0,5.6780912863070565
3436,144210860,0,5.6780912863070565
3437,144206891,0,5.6780912863070565
3438,144209160,0,5.6780912863070565
3439,144205210,0,5.6780912863070565
3440,144207468,0,5.6780912863070565
3441,144208896,0,5.6780912863070565
3442,144204529,0,5.6780912863070565
3443,144209282,0,5.6780912863070565
3444,144209409,0,5.6780912863070565
3445,144210137,0,5.6780912863070565
3446,144209436,0,5.6780912863070565
3447,144210145,0,5.6780912863070565
3448,144209674,0,5.6780912863070565
3449,144209014,0,5.6780912863070565
3450,144210423,0,5.6780912863070565
3451,144205589,0,5.6780912863070565
3452,144205454,0,5.6780912863070565
3453,144209524,0,5.6780912863070565
3454,144208856,0,5.6780912863070565
3455,144205057,0,5.6780912863070565
3456,144206571,0,5.6780912863070565
3457,144208754,0,5.6780912863070565
3458,144209532,0,5.6780912863070565
3459,144209065,0,5.6780912863070565
3460,144210743,0,5.6780912863070565
3461,144206724,0,5.6780912863070565
3462,144208265,0,5.6780912863070565
3463,144210701,0,5.6780912863070565
3464,144208929,0,5.6780912863070565
3465,144205179,0,5.6780912863070565
3466,144205971,0,5.6780912863070565
3467,144205178,0,5.6780912863070565
3468,144210060,0,5.6780912863070565
3469,144207580,0,5.6780912863070565
3470,144209784,0,5.6780912863070565
3471,144205170,0,5.6780912863070565
3472,144205379,0,5.6780912863070565
3473,144210383,0,5.6780912863070565
3474,144205977,0,5.6780912863070565
3475,144205392,0,5.6780912863070565
3476,144205644,0,5.6780912863070565
3477,144209584,0,5.6780912863070565
3478,144208803,0,5.6780912863070565
3479,144209754,0,5.6780912863070565
3480,144208111,0,5.6780912863070565
3481,144208770,0,5.6780912863070565
3482,144209227,0,5.6780912863070565
3483,144205360,0,5.6780912863070565
3484,144210456,0,5.6780912863070565
3485,144212790,0,5.617243902439026
3486,144211295,0,5.617243902439026
3487,144211293,0,5.617243902439026
3488,144208591,0,5.617243902439026
3489,144209211,0,5.617243902439026
3490,144208391,0,5.617243902439026
3491,144208374,0,5.617243902439026
3492,144207705,0,5.617243902439026
3493,144207614,0,5.617243902439026
3494,144210461,0,5.617243902439026
3495,144208097,0,5.617243902439026
3496,144208655,0,5.617243902439026
3497,144210455,0,5.617243902439026
3498,144208636,0,5.617243902439026
3499,144207590,0,5.617243902439026
3500,144203636,0,5.617243902439026
3501,144212767,0,5.617243902439026
3502,144203641,0,5.617243902439026
3503,144208379,0,5.617243902439026
3504,144208361,0,5.617243902439026
3505,144213872,0,5.617243902439026
3506,144203997,0,5.617243902439026
3507,144213163,0,5.617243902439026
3508,144204844,0,5.617243902439026
3509,144206395,0,5.617243902439026
3510,144210409,0,5.617243902439026
3511,144210406,0,5.617243902439026
3512,144209449,0,5.617243902439026
3513,144211333,0,5.617243902439026
3514,144210380,0,5.617243902439026
3515,144208443,0,5.617243902439026
3516,144209979,0,5.617243902439026
3517,144209982,0,5.617243902439026
3518,144211503,0,5.617243902439026
3519,144210090,0,5.617243902439026
3520,144204100,0,5.617243902439026
3521,144209407,0,5.617243902439026
3522,144212948,0,5.617243902439026
3523,144208003,0,5.617243902439026
3524,144205166,0,5.617243902439026
3525,144208496,0,5.617243902439026
3526,144205172,0,5.617243902439026
3527,144208570,0,5.617243902439026
3528,144211459,0,5.617243902439026
3529,144212874,0,5.617243902439026
3530,144211868,0,5.617243902439026
3531,144208478,0,5.617243902439026
3532,144211879,0,5.617243902439026
3533,144212891,0,5.617243902439026
3534,144212461,0,5.617243902439026
3535,144208459,0,5.617243902439026
3536,144211485,0,5.617243902439026
3537,144209388,0,5.617243902439026
3538,144207918,0,5.617243902439026
3539,144211919,0,5.617243902439026
3540,144211937,0,5.617243902439026
3541,144207885,0,5.617243902439026
3542,144210367,0,5.617243902439026
3543,144207082,0,5.617243902439026
3544,144204283,0,5.617243902439026
3545,144211325,0,5.617243902439026
3546,144210342,0,5.617243902439026
3547,144207080,0,5.617243902439026
3548,144211549,0,5.617243902439026
3549,144212332,0,5.617243902439026
3550,144213019,0,5.617243902439026
3551,144204244,0,5.617243902439026
3552,144211831,0,5.617243902439026
3553,144204848,0,5.617243902439026
3554,144209251,0,5.617243902439026
3555,144207871,0,5.617243902439026
3556,144213758,0,5.617243902439026
3557,144212498,0,5.617243902439026
3558,144207876,0,5.617243902439026
3559,144211365,0,5.617243902439026
3560,144212995,0,5.617243902439026
3561,144205838,0,5.617243902439026
3562,144207883,0,5.617243902439026
3563,144213028,0,5.617243902439026
3564,144204765,0,5.617243902439026
3565,144209159,0,5.617243902439026
3566,144211659,0,5.617243902439026
3567,144208177,0,5.617243902439026
3568,144208162,0,5.617243902439026
3569,144210797,0,5.617243902439026
3570,144209043,0,5.617243902439026
3571,144204437,0,5.617243902439026
3572,144204448,0,5.617243902439026
3573,144209053,0,5.617243902439026
3574,144207329,0,5.617243902439026
3575,144203572,0,5.617243902439026
3576,144204483,0,5.617243902439026
3577,144211777,0,5.617243902439026
3578,144211083,0,5.617243902439026
3579,144211092,0,5.617243902439026
3580,144207351,0,5.617243902439026
3581,144214005,0,5.617243902439026
3582,144206312,0,5.617243902439026
3583,144208138,0,5.617243902439026
3584,144213847,0,5.617243902439026
3585,144211121,0,5.617243902439026
3586,144209624,0,5.617243902439026
3587,144212685,0,5.617243902439026
3588,144213468,0,5.617243902439026
3589,144208905,0,5.617243902439026
3590,144213822,0,5.617243902439026
3591,144213538,0,5.617243902439026
3592,144213556,0,5.617243902439026
3593,144213533,0,5.617243902439026
3594,144210976,0,5.617243902439026
3595,144208936,0,5.617243902439026
3596,144210900,0,5.617243902439026
3597,144210891,0,5.617243902439026
3598,144213505,0,5.617243902439026
3599,144213575,0,5.617243902439026
3600,144210877,0,5.617243902439026
3601,144212664,0,5.617243902439026
3602,144207241,0,5.617243902439026
3603,144208970,0,5.617243902439026
3604,144212133,0,5.617243902439026
3605,144203696,0,5.617243902439026
3606,144210823,0,5.617243902439026
3607,144204019,0,5.617243902439026
3608,144210684,0,5.617243902439026
3609,144208466,0,5.617243902439026
3610,144212247,0,5.617243902439026
3611,144208760,0,5.617243902439026
3612,144213307,0,5.617243902439026
3613,144207504,0,5.617243902439026
3614,144203792,0,5.617243902439026
3615,144205471,0,5.617243902439026
3616,144211196,0,5.617243902439026
3617,144209484,0,5.617243902439026
3618,144211654,0,5.617243902439026
3619,144209151,0,5.617243902439026
3620,144213783,0,5.617243902439026
3621,144213363,0,5.617243902439026
3622,144209137,0,5.617243902439026
3623,144208736,0,5.617243902439026
3624,144208687,0,5.617243902439026
3625,144211795,0,5.617243902439026
3626,144210676,0,5.617243902439026
3627,144208283,0,5.617243902439026
3628,144206112,0,5.617243902439026
3629,144212207,0,5.613556114192889
3630,144204693,0,5.612399909226456
3631,144210919,0,5.612399909226456
3632,144213267,0,5.610983606557378
3633,144210921,0,5.610983606557378
3634,144204736,1,5.610983606557378
3635,144204911,0,5.610983606557378
3636,144207564,0,5.610983606557378
3637,144209917,0,5.610983606557378
3638,144209395,1,5.610983606557378
3639,144203667,0,5.610983606557378
3640,144212764,0,5.610983606557378
3641,144211724,0,5.610983606557378
3642,144204035,1,5.610983606557378
3643,144209612,0,5.610983606557378
3644,144213814,0,5.610983606557378
3645,144206237,0,5.610983606557378
3646,144204770,0,5.610983606557378
3647,144210932,0,5.610983606557378
3648,144213321,1,5.610983606557378
3649,144205301,0,5.610983606557378
3650,144208320,0,5.610983606557378
3651,144207713,0,5.610983606557378
3652,144210597,0,5.610983606557378
3653,144213963,0,5.610983606557378
3654,144209078,0,5.610983606557378
3655,144208792,0,5.610983606557378
3656,144207348,0,5.610983606557378
3657,144204525,0,5.610983606557378
3658,144211946,0,5.610983606557378
3659,144212796,0,5.610983606557378
3660,144208027,0,5.610983606557378
3661,144208135,0,5.5793684210526315
3662,144212810,0,5.5793684210526315
3663,144211729,0,5.5793684210526315
3664,144212815,0,5.5793684210526315
3665,144206305,0,5.5793684210526315
3666,144203919,0,5.5793684210526315
3667,144209551,0,5.5793684210526315
3668,144209763,0,5.5793684210526315
3669,144211822,0,5.5793684210526315
3670,144211617,0,5.5793684210526315
3671,144208050,0,5.5793684210526315
3672,144211662,0,5.5793684210526315
3673,144204150,0,5.5793684210526315
3674,144213830,0,5.5793684210526315
3675,144203661,0,5.5793684210526315
3676,144204858,0,5.5793684210526315
3677,144210037,0,5.5793684210526315
3678,144210011,0,5.5793684210526315
3679,144203902,0,5.5793684210526315
3680,144211580,0,5.5793684210526315
3681,144208426,0,5.5793684210526315
3682,144209547,0,5.5793684210526315
3683,144212573,0,5.5793684210526315
3684,144211858,0,5.5793684210526315
3685,144208339,0,5.5793684210526315
3686,144206886,0,5.5793684210526315
3687,144209539,0,5.5793684210526315
3688,144211861,0,5.5793684210526315
3689,144212516,0,5.5793684210526315
3690,144205685,0,5.5793684210526315
3691,144209991,0,5.5793684210526315
3692,144204893,0,5.5793684210526315
3693,144208060,0,5.5793684210526315
3694,144205203,0,5.5793684210526315
3695,144212864,0,5.5793684210526315
3696,144208267,0,5.5793684210526315
3697,144208444,0,5.5793684210526315
3698,144207977,0,5.5793684210526315
3699,144208586,0,5.5793684210526315
3700,144213259,0,5.5793684210526315
3701,144205115,0,5.5793684210526315
3702,144211205,0,5.5793684210526315
3703,144206101,0,5.5793684210526315
3704,144206105,0,5.5793684210526315
3705,144212274,0,5.5793684210526315
3706,144208639,0,5.5793684210526315
3707,144211233,0,5.5793684210526315
3708,144213649,0,5.5793684210526315
3709,144205357,0,5.5793684210526315
3710,144213653,0,5.5793684210526315
3711,144213654,0,5.5793684210526315
3712,144213656,0,5.5793684210526315
3713,144211248,0,5.5793684210526315
3714,144207620,0,5.5793684210526315
3715,144204299,0,5.5793684210526315
3716,144207626,0,5.5793684210526315
3717,144212294,0,5.5793684210526315
3718,144213151,0,5.5793684210526315
3719,144213277,0,5.5793684210526315
3720,144213617,0,5.5793684210526315
3721,144204519,0,5.5793684210526315
3722,144213995,0,5.5793684210526315
3723,144210927,0,5.5793684210526315
3724,144207215,0,5.5793684210526315
3725,144210997,0,5.5793684210526315
3726,144212140,0,5.5793684210526315
3727,144204801,0,5.5793684210526315
3728,144212182,0,5.5793684210526315
3729,144208979,0,5.5793684210526315
3730,144209031,0,5.5793684210526315
3731,144207324,0,5.5793684210526315
3732,144213935,0,5.5793684210526315
3733,144205380,0,5.5793684210526315
3734,144205028,0,5.5793684210526315
3735,144207371,0,5.5793684210526315
3736,144204772,0,5.5793684210526315
3737,144207372,0,5.5793684210526315
3738,144207386,0,5.5793684210526315
3739,144207388,0,5.5793684210526315
3740,144210677,0,5.5793684210526315
3741,144211998,0,5.5793684210526315
3742,144208207,0,5.5793684210526315
3743,144207957,0,5.5793684210526315
3744,144212364,0,5.5793684210526315
3745,144210085,0,5.5793684210526315
3746,144212378,0,5.5793684210526315
3747,144208510,0,5.5793684210526315
3748,144208932,1,5.5793684210526315
3749,144207867,0,5.5793684210526315
3750,144212348,0,5.5793684210526315
3751,144211893,0,5.5793684210526315
3752,144211924,0,5.5793684210526315
3753,144213024,0,5.5793684210526315
3754,144208500,0,5.5793684210526315
3755,144209234,0,5.5793684210526315
3756,144208529,0,5.5793684210526315
3757,144203689,0,5.5793684210526315
3758,144204756,0,5.5793684210526315
3759,144211406,0,5.5793684210526315
3760,144213060,0,5.5793684210526315
3761,144211980,0,5.5793684210526315
3762,144211948,0,5.5793684210526315
3763,144211303,0,5.5793684210526315
3764,144204598,0,5.5793684210526315
3765,144208513,0,5.5793684210526315
3766,144211909,0,5.5793684210526315
3767,144212943,0,5.5793684210526315
3768,144209009,0,5.548865671641791
3769,144209072,0,5.548865671641791
3770,144209073,0,5.548865671641791
3771,144208982,0,5.548865671641791
3772,144209190,0,5.548865671641791
3773,144213551,0,5.548865671641791
3774,144212434,0,5.548865671641791
3775,144206371,0,5.548865671641791
3776,144212131,0,5.548865671641791
3777,144209566,0,5.548865671641791
3778,144204805,0,5.548865671641791
3779,144208955,0,5.548865671641791
3780,144204037,0,5.548865671641791
3781,144212445,0,5.548865671641791
3782,144208901,0,5.548865671641791
3783,144206663,0,5.548865671641791
3784,144208910,0,5.548865671641791
3785,144208488,0,5.548865671641791
3786,144208486,0,5.548865671641791
3787,144211776,0,5.548865671641791
3788,144212258,0,5.548865671641791
3789,144212079,0,5.548865671641791
3790,144209156,0,5.548865671641791
3791,144211997,0,5.548865671641791
3792,144205650,0,5.548865671641791
3793,144209198,0,5.548865671641791
3794,144212533,0,5.548865671641791
3795,144211974,0,5.548865671641791
3796,144205347,0,5.548865671641791
3797,144212463,0,5.548865671641791
3798,144211827,0,5.548865671641791
3799,144213904,0,5.548865671641791
3800,144205663,0,5.548865671641791
3801,144204689,0,5.548865671641791
3802,144211949,0,5.548865671641791
3803,144208526,0,5.548865671641791
3804,144204825,0,5.548865671641791
3805,144208419,0,5.548865671641791
3806,144209150,0,5.548865671641791
3807,144214013,0,5.548865671641791
3808,144206903,0,5.548865671641791
3809,144212030,0,5.548865671641791
3810,144211939,0,5.548865671641791
3811,144211925,0,5.548865671641791
3812,144204051,0,5.548865671641791
3813,144213942,0,5.548865671641791
3814,144214031,0,5.548865671641791
3815,144211798,0,5.548865671641791
3816,144212164,0,5.548865671641791
3817,144213164,0,5.548865671641791
3818,144207008,0,5.548865671641791
3819,144213423,0,5.548865671641791
3820,144212845,0,5.548865671641791
3821,144213377,0,5.548865671641791
3822,144208033,0,5.548865671641791
3823,144211064,0,5.548865671641791
3824,144207907,0,5.548865671641791
3825,144210652,0,5.548865671641791
3826,144210623,0,5.548865671641791
3827,144206196,0,5.548865671641791
3828,144210200,0,5.548865671641791
3829,144213763,0,5.548865671641791
3830,144207301,0,5.548865671641791
3831,144212778,0,5.548865671641791
3832,144210792,0,5.548865671641791
3833,144207879,0,5.548865671641791
3834,144205687,0,5.548865671641791
3835,144203838,0,5.548865671641791
3836,144210186,0,5.548865671641791
3837,144211530,0,5.548865671641791
3838,144209915,0,5.548865671641791
3839,144209916,0,5.548865671641791
3840,144207338,0,5.548865671641791
3841,144212911,0,5.548865671641791
3842,144204601,0,5.548865671641791
3843,144212899,0,5.548865671641791
3844,144207971,0,5.548865671641791
3845,144205040,0,5.548865671641791
3846,144212916,0,5.548865671641791
3847,144211482,0,5.548865671641791
3848,144210038,0,5.548865671641791
3849,144204721,1,5.548865671641791
3850,144207940,0,5.548865671641791
3851,144204373,0,5.548865671641791
3852,144211130,0,5.548865671641791
3853,144204487,0,5.548865671641791
3854,144211500,0,5.548865671641791
3855,144212960,0,5.548865671641791
3856,144209926,0,5.548865671641791
3857,144207341,0,5.548865671641791
3858,144204548,0,5.548865671641791
3859,144211457,0,5.548865671641791
3860,144210811,0,5.548865671641791
3861,144204133,0,5.548865671641791
3862,144213065,0,5.548865671641791
3863,144213266,0,5.548865671641791
3864,144204410,0,5.548865671641791
3865,144209631,0,5.548865671641791
3866,144207243,0,5.548865671641791
3867,144203933,0,5.548865671641791
3868,144210998,0,5.548865671641791
3869,144207710,0,5.548865671641791
3870,144211695,0,5.548865671641791
3871,144213476,0,5.548865671641791
3872,144210991,0,5.548865671641791
3873,144213635,0,5.548865671641791
3874,144213527,0,5.548865671641791
3875,144213665,0,5.548865671641791
3876,144211704,0,5.548865671641791
3877,144210977,0,5.548865671641791
3878,144210969,0,5.548865671641791
3879,144208206,0,5.548865671641791
3880,144207822,0,5.548865671641791
3881,144210501,0,5.548865671641791
3882,144207271,0,5.548865671641791
3883,144207270,0,5.548865671641791
3884,144210503,0,5.548865671641791
3885,144209661,0,5.548865671641791
3886,144213473,0,5.548865671641791
3887,144211632,0,5.548865671641791
3888,144211335,0,5.548865671641791
3889,144205183,0,5.548865671641791
3890,144207859,0,5.548865671641791
3891,144212733,0,5.548865671641791
3892,144211032,0,5.548865671641791
3893,144213039,0,5.548865671641791
3894,144212856,0,5.494429162300473
3895,144213220,0,5.477500000000001
3896,144212438,0,5.477500000000001
3897,144214034,0,5.477500000000001
3898,144212004,0,5.477500000000001
3899,144210153,0,5.477500000000001
3900,144209323,0,5.477500000000001
3901,144212261,0,5.477500000000001
3902,144211384,0,5.477500000000001
3903,144205114,0,5.477500000000001
3904,144212303,0,5.477500000000001
3905,144213608,0,5.477500000000001
3906,144211387,0,5.477500000000001
3907,144211988,0,5.477500000000001
3908,144207570,0,5.477500000000001
3909,144210135,0,5.477500000000001
3910,144207084,0,5.477500000000001
3911,144213009,0,5.477500000000001
3912,144211583,0,5.477500000000001
3913,144208404,0,5.477500000000001
3914,144209490,0,5.477500000000001
3915,144211552,0,5.477500000000001
3916,144211761,0,5.477500000000001
3917,144213800,0,5.477500000000001
3918,144208160,0,5.477500000000001
3919,144213840,0,5.477500000000001
3920,144209495,0,5.477500000000001
3921,144208080,0,5.477500000000001
3922,144209911,0,5.477500000000001
3923,144205193,0,5.477500000000001
3924,144212876,0,5.477500000000001
3925,144211789,0,5.477500000000001
3926,144209767,0,5.477500000000001
3927,144203941,0,5.477500000000001
3928,144207639,0,5.443636363636364
3929,144213997,0,5.443636363636364
3930,144210615,0,5.443636363636364
3931,144207538,0,5.434929906542055
3932,144212197,0,5.434929906542055
3933,144207251,0,5.434929906542055
3934,144213486,0,5.434929906542055
3935,144207531,0,5.434929906542055
3936,144208785,0,5.434929906542055
3937,144207541,0,5.434929906542055
3938,144208668,0,5.434929906542055
3939,144207247,0,5.434929906542055
3940,144213463,0,5.434929906542055
3941,144207246,0,5.434929906542055
3942,144213229,0,5.434929906542055
3943,144213506,0,5.434929906542055
3944,144207237,0,5.434929906542055
3945,144207577,0,5.434929906542055
3946,144207112,0,5.434929906542055
3947,144213652,0,5.434929906542055
3948,144213532,0,5.434929906542055
3949,144205100,0,5.434929906542055
3950,144212199,0,5.434929906542055
3951,144207281,0,5.434929906542055
3952,144208834,0,5.434929906542055
3953,144208801,0,5.434929906542055
3954,144212242,0,5.434929906542055
3955,144213391,0,5.434929906542055
3956,144213400,0,5.434929906542055
3957,144208778,0,5.434929906542055
3958,144207585,0,5.434929906542055
3959,144205018,0,5.434929906542055
3960,144207399,0,5.434929906542055
3961,144213425,0,5.434929906542055
3962,144208764,0,5.434929906542055
3963,144213374,0,5.434929906542055
3964,144213580,0,5.434929906542055
3965,144208853,0,5.434929906542055
3966,144207285,0,5.434929906542055
3967,144207431,0,5.434929906542055
3968,144205383,0,5.434929906542055
3969,144207457,0,5.434929906542055
3970,144207288,0,5.434929906542055
3971,144208743,0,5.434929906542055
3972,144213444,0,5.434929906542055
3973,144213577,0,5.434929906542055
3974,144205384,0,5.434929906542055
3975,144212200,0,5.434929906542055
3976,144207463,0,5.434929906542055
3977,144206700,0,5.434929906542055
3978,144207477,0,5.434929906542055
3979,144208811,0,5.434929906542055
3980,144203940,0,5.434929906542055
3981,144206737,0,5.434929906542055
3982,144213750,0,5.434929906542055
3983,144204863,0,5.434929906542055
3984,144212763,0,5.434929906542055
3985,144212562,0,5.434929906542055
3986,144203766,0,5.434929906542055
3987,144204804,0,5.434929906542055
3988,144207000,0,5.434929906542055
3989,144208073,0,5.434929906542055
3990,144208068,0,5.434929906542055
3991,144203890,0,5.434929906542055
3992,144204894,0,5.434929906542055
3993,144204897,0,5.434929906542055
3994,144208049,0,5.434929906542055
3995,144212821,0,5.434929906542055
3996,144203889,0,5.434929906542055
3997,144212832,0,5.434929906542055
3998,144212524,0,5.434929906542055
3999,144208417,0,5.434929906542055
4000,144212503,0,5.434929906542055
4001,144212850,0,5.434929906542055
4002,144213773,0,5.434929906542055
4003,144208095,0,5.434929906542055
4004,144208131,0,5.434929906542055
4005,144208166,0,5.434929906542055
4006,144205202,0,5.434929906542055
4007,144212657,0,5.434929906542055
4008,144208190,0,5.434929906542055
4009,144205206,0,5.434929906542055
4010,144212625,0,5.434929906542055
4011,144208244,0,5.434929906542055
4012,144203936,0,5.434929906542055
4013,144212613,0,5.434929906542055
4014,144208261,0,5.434929906542055
4015,144208318,0,5.434929906542055
4016,144208156,0,5.434929906542055
4017,144205186,0,5.434929906542055
4018,144203946,0,5.434929906542055
4019,144208149,0,5.434929906542055
4020,144208146,0,5.434929906542055
4021,144212706,0,5.434929906542055
4022,144205185,0,5.434929906542055
4023,144208302,0,5.434929906542055
4024,144212853,0,5.434929906542055
4025,144213746,0,5.434929906542055
4026,144207678,0,5.434929906542055
4027,144207014,0,5.434929906542055
4028,144213003,0,5.434929906542055
4029,144207873,0,5.434929906542055
4030,144212354,0,5.434929906542055
4031,144207869,0,5.434929906542055
4032,144208554,0,5.434929906542055
4033,144213015,0,5.434929906542055
4034,144205321,0,5.434929906542055
4035,144205342,0,5.434929906542055
4036,144207827,0,5.434929906542055
4037,144213693,0,5.434929906542055
4038,144212323,0,5.434929906542055
4039,144213076,0,5.434929906542055
4040,144207083,0,5.434929906542055
4041,144207739,0,5.434929906542055
4042,144212316,0,5.434929906542055
4043,144207721,0,5.434929906542055
4044,144207706,0,5.434929906542055
4045,144208605,0,5.434929906542055
4046,144213128,0,5.434929906542055
4047,144207881,0,5.434929906542055
4048,144212366,0,5.434929906542055
4049,144207886,0,5.434929906542055
4050,144207040,0,5.434929906542055
4051,144212875,0,5.434929906542055
4052,144208462,0,5.434929906542055
4053,144207974,0,5.434929906542055
4054,144212890,0,5.434929906542055
4055,144212892,0,5.434929906542055
4056,144212905,0,5.434929906542055
4057,144212435,0,5.434929906542055
4058,144212947,0,5.434929906542055
4059,144208506,0,5.434929906542055
4060,144208530,0,5.434929906542055
4061,144212416,0,5.434929906542055
4062,144212411,0,5.434929906542055
4063,144207935,0,5.434929906542055
4064,144205147,0,5.434929906542055
4065,144212975,0,5.434929906542055
4066,144212980,0,5.434929906542055
4067,144212982,0,5.434929906542055
4068,144205279,0,5.434929906542055
4069,144212360,0,5.434929906542055
4070,144208865,0,5.434929906542055
4071,144208919,0,5.434929906542055
4072,144210442,0,5.434929906542055
4073,144209238,0,5.434929906542055
4074,144210372,0,5.434929906542055
4075,144209421,0,5.434929906542055
4076,144210378,0,5.434929906542055
4077,144210390,0,5.434929906542055
4078,144209233,0,5.434929906542055
4079,144204685,0,5.434929906542055
4080,144209214,0,5.434929906542055
4081,144210392,0,5.434929906542055
4082,144211984,0,5.434929906542055
4083,144211826,0,5.434929906542055
4084,144210425,0,5.434929906542055
4085,144211986,0,5.434929906542055
4086,144211992,0,5.434929906542055
4087,144211839,0,5.434929906542055
4088,144211245,0,5.434929906542055
4089,144211819,0,5.434929906542055
4090,144210446,0,5.434929906542055
4091,144210453,0,5.434929906542055
4092,144209344,0,5.434929906542055
4093,144205883,0,5.434929906542055
4094,144210454,0,5.434929906542055
4095,144211232,0,5.434929906542055
4096,144205697,0,5.434929906542055
4097,144211670,0,5.434929906542055
4098,144211677,0,5.434929906542055
4099,144209166,0,5.434929906542055
4100,144203626,0,5.434929906542055
4101,144211959,0,5.434929906542055
4102,144211338,0,5.434929906542055
4103,144210506,0,5.434929906542055
4104,144211913,0,5.434929906542055
4105,144206249,0,5.434929906542055
4106,144211495,0,5.434929906542055
4107,144205632,0,5.434929906542055
4108,144209314,0,5.434929906542055
4109,144210022,0,5.434929906542055
4110,144204608,0,5.434929906542055
4111,144211524,0,5.434929906542055
4112,144209311,0,5.434929906542055
4113,144206411,0,5.434929906542055
4114,144210056,0,5.434929906542055
4115,144210064,0,5.434929906542055
4116,144211531,0,5.434929906542055
4117,144206209,0,5.434929906542055
4118,144210077,0,5.434929906542055
4119,144211950,0,5.434929906542055
4120,144206259,0,5.434929906542055
4121,144209285,0,5.434929906542055
4122,144206264,0,5.434929906542055
4123,144209408,0,5.434929906542055
4124,144205604,0,5.434929906542055
4125,144210110,0,5.434929906542055
4126,144211604,0,5.434929906542055
4127,144210127,0,5.434929906542055
4128,144210128,0,5.434929906542055
4129,144211385,0,5.434929906542055
4130,144209262,0,5.434929906542055
4131,144204651,0,5.434929906542055
4132,144209253,0,5.434929906542055
4133,144205496,0,5.434929906542055
4134,144209184,0,5.434929906542055
4135,144210982,0,5.434929906542055
4136,144210603,0,5.434929906542055
4137,144211740,0,5.434929906542055
4138,144210613,0,5.434929906542055
4139,144213988,0,5.434929906542055
4140,144203571,0,5.434929906542055
4141,144206051,0,5.434929906542055
4142,144211021,0,5.434929906542055
4143,144210670,0,5.434929906542055
4144,144205695,0,5.434929906542055
4145,144211019,0,5.434929906542055
4146,144211799,0,5.434929906542055
4147,144206358,0,5.434929906542055
4148,144211108,0,5.434929906542055
4149,144205421,0,5.434929906542055
4150,144210999,0,5.434929906542055
4151,144209485,0,5.434929906542055
4152,144210705,0,5.434929906542055
4153,144205692,0,5.434929906542055
4154,144211073,0,5.434929906542055
4155,144210874,0,5.434929906542055
4156,144210819,0,5.434929906542055
4157,144212063,0,5.434929906542055
4158,144212129,0,5.434929906542055
4159,144206596,0,5.434929906542055
4160,144211187,0,5.434929906542055
4161,144210966,0,5.434929906542055
4162,144213977,0,5.434929906542055
4163,144212035,0,5.434929906542055
4164,144209143,0,5.434929906542055
4165,144206375,0,5.434929906542055
4166,144212096,0,5.434929906542055
4167,144204672,0,5.434929906542055
4168,144213987,0,5.434929906542055
4169,144203700,0,5.434929906542055
4170,144204551,0,5.434929906542055
4171,144209623,0,5.434929906542055
4172,144204329,0,5.434929906542055
4173,144210978,0,5.434929906542055
4174,144212128,0,5.434929906542055
4175,144208976,0,5.434929906542055
4176,144209511,0,5.434929906542055
4177,144209123,0,5.434929906542055
4178,144208425,0,5.404107142857142
4179,144208242,0,5.404107142857142
4180,144212031,0,5.404107142857142
4181,144208515,0,5.404107142857142
4182,144208292,0,5.404107142857142
4183,144213852,0,5.404107142857142
4184,144212737,0,5.404107142857142
4185,144204909,0,5.404107142857142
4186,144208961,0,5.404107142857142
4187,144210021,0,5.404107142857142
4188,144207202,0,5.404107142857142
4189,144211373,0,5.404107142857142
4190,144212083,0,5.404107142857142
4191,144204877,0,5.404107142857142
4192,144205717,1,5.404107142857142
4193,144211694,0,5.404107142857142
4194,144209187,0,5.404107142857142
4195,144212296,0,5.404107142857142
4196,144208768,0,5.404107142857142
4197,144203614,0,5.404107142857142
4198,144210509,0,5.404107142857142
4199,144211678,0,5.404107142857142
4200,144209235,0,5.404107142857142
4201,144211791,0,5.404107142857142
4202,144207526,0,5.404107142857142
4203,144213433,0,5.404107142857142
4204,144213036,0,5.404107142857142
4205,144207532,0,5.404107142857142
4206,144204105,0,5.404107142857142
4207,144208129,0,5.404107142857142
4208,144204707,0,5.350084033613446
4209,144211663,0,5.350084033613446
4210,144208173,0,5.350084033613446
4211,144204654,0,5.350084033613446
4212,144212460,0,5.350084033613446
4213,144204722,0,5.350084033613446
4214,144204867,0,5.350084033613446
4215,144208179,0,5.350084033613446
4216,144211873,0,5.350084033613446
4217,144208107,0,5.350084033613446
4218,144212529,0,5.350084033613446
4219,144208035,0,5.350084033613446
4220,144208121,0,5.350084033613446
4221,144208407,0,5.350084033613446
4222,144203982,0,5.350084033613446
4223,144208415,0,5.350084033613446
4224,144211837,0,5.350084033613446
4225,144208208,0,5.350084033613446
4226,144208218,0,5.350084033613446
4227,144205182,0,5.350084033613446
4228,144206906,0,5.350084033613446
4229,144211516,0,5.350084033613446
4230,144213031,0,5.350084033613446
4231,144213114,0,5.350084033613446
4232,144213940,0,5.350084033613446
4233,144210391,0,5.350084033613446
4234,144212319,0,5.350084033613446
4235,144204929,0,5.350084033613446
4236,144209342,0,5.350084033613446
4237,144206741,0,5.350084033613446
4238,144211234,0,5.350084033613446
4239,144209178,0,5.350084033613446
4240,144213640,0,5.350084033613446
4241,144203630,0,5.350084033613446
4242,144212037,0,5.350084033613446
4243,144205911,0,5.350084033613446
4244,144210702,0,5.350084033613446
4245,144204925,0,5.350084033613446
4246,144213592,0,5.350084033613446
4247,144207335,0,5.350084033613446
4248,144212098,0,5.350084033613446
4249,144209045,0,5.350084033613446
4250,144211056,0,5.350084033613446
4251,144207267,0,5.350084033613446
4252,144207238,0,5.350084033613446
4253,144208878,0,5.350084033613446
4254,144210880,0,5.350084033613446
4255,144213968,0,5.350084033613446
4256,144207223,0,5.350084033613446
4257,144209223,0,5.350084033613446
4258,144209545,0,5.350084033613446
4259,144212932,0,5.350084033613446
4260,144204602,0,5.350084033613446
4261,144213729,0,5.350084033613446
4262,144207958,0,5.350084033613446
4263,144211412,0,5.350084033613446
4264,144210083,0,5.350084033613446
4265,144208535,0,5.350084033613446
4266,144211460,0,5.350084033613446
4267,144206760,0,5.350084033613446
4268,144208509,0,5.350084033613446
4269,144205316,0,5.350084033613446
4270,144208005,0,5.350084033613446
4271,144213023,0,5.350084033613446
4272,144204083,0,5.350084033613446
4273,144207903,0,5.33430535611356
4274,144209576,0,5.315131578947368
4275,144211720,0,5.315131578947368
4276,144211065,0,5.315131578947368
4277,144207764,0,5.315131578947368
4278,144208057,0,5.315131578947368
4279,144208047,0,5.315131578947368
4280,144213736,0,5.315131578947368
4281,144210905,0,5.315131578947368
4282,144211038,0,5.315131578947368
4283,144204526,0,5.315131578947368
4284,144210700,0,5.315131578947368
4285,144210688,0,5.315131578947368
4286,144209713,0,5.315131578947368
4287,144211331,0,5.315131578947368
4288,144213105,0,5.315131578947368
4289,144210139,0,5.315131578947368
4290,144207099,0,5.315131578947368
4291,144209669,0,5.315131578947368
4292,144211259,0,5.315131578947368
4293,144208100,0,5.315131578947368
4294,144204640,0,5.315131578947368
4295,144212760,0,5.315131578947368
4296,144211439,0,5.315131578947368
4297,144207516,0,5.315131578947368
4298,144212762,0,5.315131578947368
4299,144203934,0,5.315131578947368
4300,144207402,0,5.315131578947368
4301,144211506,0,5.315131578947368
4302,144207216,0,5.315131578947368
4303,144208549,0,5.315131578947368
4304,144208307,0,5.315131578947368
4305,144212051,0,5.315131578947368
4306,144204843,0,5.315131578947368
4307,144206405,0,5.315131578947368
4308,144205374,0,5.315131578947368
4309,144205581,0,5.315131578947368
4310,144208566,0,5.315131578947368
4311,144208635,0,5.315131578947368
4312,144206594,0,5.315131578947368
4313,144212572,0,5.315131578947368
4314,144212195,0,5.315131578947368
4315,144212532,0,5.315131578947368
4316,144208950,0,5.315131578947368
4317,144207916,1,5.302499999999999
4318,144207078,0,5.302499999999999
4319,144212555,0,5.302499999999999
4320,144207950,1,5.302499999999999
4321,144207800,1,5.302499999999999
4322,144205686,0,5.302499999999999
4323,144207933,1,5.302499999999999
4324,144212313,0,5.302499999999999
4325,144211679,0,5.302499999999999
4326,144207299,1,5.302499999999999
4327,144208748,0,5.200922131147542
4328,144210451,0,5.200922131147542
4329,144211995,0,5.200922131147542
4330,144207599,0,5.200922131147542
4331,144213174,0,5.200922131147542
4332,144211193,0,5.200922131147542
4333,144208603,0,5.200922131147542
4334,144213286,0,5.200922131147542
4335,144212042,0,5.200922131147542
4336,144207103,0,5.200922131147542
4337,144213153,0,5.200922131147542
4338,144208577,0,5.200922131147542
4339,144213148,0,5.200922131147542
4340,144207085,0,5.200922131147542
4341,144204937,0,5.200922131147542
4342,144207126,0,5.200922131147542
4343,144208633,0,5.200922131147542
4344,144205473,0,5.200922131147542
4345,144213263,0,5.200922131147542
4346,144213628,0,5.200922131147542
4347,144206097,0,5.200922131147542
4348,144214014,0,5.200922131147542
4349,144210504,0,5.200922131147542
4350,144204584,0,5.200922131147542
4351,144208685,0,5.200922131147542
4352,144208671,0,5.200922131147542
4353,144210491,0,5.200922131147542
4354,144207549,0,5.200922131147542
4355,144210481,0,5.200922131147542
4356,144213233,0,5.200922131147542
4357,144213145,0,5.200922131147542
4358,144206135,0,5.200922131147542
4359,144213932,0,5.200922131147542
4360,144209170,0,5.200922131147542
4361,144209182,0,5.200922131147542
4362,144212013,0,5.200922131147542
4363,144212315,0,5.200922131147542
4364,144213142,0,5.200922131147542
4365,144211343,0,5.200922131147542
4366,144210353,0,5.200922131147542
4367,144207811,1,5.200922131147542
4368,144209243,0,5.200922131147542
4369,144207835,0,5.200922131147542
4370,144213700,0,5.200922131147542
4371,144207846,0,5.200922131147542
4372,144211947,0,5.200922131147542
4373,144211339,0,5.200922131147542
4374,144213022,0,5.200922131147542
4375,144207669,0,5.200922131147542
4376,144210329,0,5.200922131147542
4377,144211354,0,5.200922131147542
4378,144211356,0,5.200922131147542
4379,144210177,0,5.200922131147542
4380,144211362,0,5.200922131147542
4381,144210155,0,5.200922131147542
4382,144213000,0,5.200922131147542
4383,144205134,0,5.200922131147542
4384,144207806,0,5.200922131147542
4385,144207784,0,5.200922131147542
4386,144207783,0,5.200922131147542
4387,144210360,0,5.200922131147542
4388,144210404,0,5.200922131147542
4389,144213111,0,5.200922131147542
4390,144213923,0,5.200922131147542
4391,144210395,0,5.200922131147542
4392,144213100,0,5.200922131147542
4393,144213094,0,5.200922131147542
4394,144207729,0,5.200922131147542
4395,144207734,0,5.200922131147542
4396,144212330,0,5.200922131147542
4397,144211964,0,5.200922131147542
4398,144213081,0,5.200922131147542
4399,144207810,1,5.200922131147542
4400,144211310,0,5.200922131147542
4401,144211963,0,5.200922131147542
4402,144207781,0,5.200922131147542
4403,144203992,0,5.200922131147542
4404,144207782,0,5.200922131147542
4405,144209135,0,5.200922131147542
4406,144207483,0,5.200922131147542
4407,144213622,0,5.200922131147542
4408,144211034,0,5.200922131147542
4409,144209044,0,5.200922131147542
4410,144207277,0,5.200922131147542
4411,144210807,0,5.200922131147542
4412,144207283,0,5.200922131147542
4413,144210801,0,5.200922131147542
4414,144211052,0,5.200922131147542
4415,144204433,0,5.200922131147542
4416,144213442,0,5.200922131147542
4417,144207300,0,5.200922131147542
4418,144212101,0,5.200922131147542
4419,144213434,0,5.200922131147542
4420,144205381,0,5.200922131147542
4421,144212089,0,5.200922131147542
4422,144207308,0,5.200922131147542
4423,144207318,0,5.200922131147542
4424,144208822,0,5.200922131147542
4425,144209083,0,5.200922131147542
4426,144208809,0,5.200922131147542
4427,144204482,0,5.200922131147542
4428,144207272,0,5.200922131147542
4429,144209034,0,5.200922131147542
4430,144211080,0,5.200922131147542
4431,144213567,0,5.200922131147542
4432,144210914,0,5.200922131147542
4433,144205986,0,5.200922131147542
4434,144208892,0,5.200922131147542
4435,144208882,0,5.200922131147542
4436,144212184,0,5.200922131147542
4437,144208880,0,5.200922131147542
4438,144207229,0,5.200922131147542
4439,144207193,0,5.200922131147542
4440,144207232,0,5.200922131147542
4441,144205979,0,5.200922131147542
4442,144210993,0,5.200922131147542
4443,144208981,0,5.200922131147542
4444,144206651,0,5.200922131147542
4445,144211004,0,5.200922131147542
4446,144213495,0,5.200922131147542
4447,144210838,0,5.200922131147542
4448,144210828,0,5.200922131147542
4449,144213483,0,5.200922131147542
4450,144203562,0,5.200922131147542
4451,144205016,0,5.200922131147542
4452,144213406,0,5.200922131147542
4453,144213298,0,5.200922131147542
4454,144212239,0,5.200922131147542
4455,144206062,0,5.200922131147542
4456,144213358,0,5.200922131147542
4457,144205054,0,5.200922131147542
4458,144212070,0,5.200922131147542
4459,144205918,0,5.200922131147542
4460,144213343,0,5.200922131147542
4461,144207436,0,5.200922131147542
4462,144214001,0,5.200922131147542
4463,144205076,0,5.200922131147542
4464,144210600,0,5.200922131147542
4465,144205915,0,5.200922131147542
4466,144204545,0,5.200922131147542
4467,144209126,0,5.200922131147542
4468,144213315,0,5.200922131147542
4469,144207482,0,5.200922131147542
4470,144213715,0,5.200922131147542
4471,144203840,0,5.200922131147542
4472,144211175,0,5.200922131147542
4473,144207493,0,5.200922131147542
4474,144213600,0,5.200922131147542
4475,144213370,0,5.200922131147542
4476,144204377,0,5.200922131147542
4477,144213596,0,5.200922131147542
4478,144213591,0,5.200922131147542
4479,144208808,0,5.200922131147542
4480,144209087,0,5.200922131147542
4481,144211100,0,5.200922131147542
4482,144211101,0,5.200922131147542
4483,144205042,0,5.200922131147542
4484,144207364,0,5.200922131147542
4485,144207365,0,5.200922131147542
4486,144207368,0,5.200922131147542
4487,144209097,0,5.200922131147542
4488,144207370,0,5.200922131147542
4489,144208798,0,5.200922131147542
4490,144208794,0,5.200922131147542
4491,144212071,0,5.200922131147542
4492,144210683,0,5.200922131147542
4493,144205966,0,5.200922131147542
4494,144213375,0,5.200922131147542
4495,144208787,0,5.200922131147542
4496,144213373,0,5.200922131147542
4497,144211370,0,5.200922131147542
4498,144209517,0,5.200922131147542
4499,144212368,0,5.200922131147542
4500,144212793,0,5.200922131147542
4501,144209404,0,5.200922131147542
4502,144209878,0,5.200922131147542
4503,144203893,0,5.200922131147542
4504,144212779,0,5.200922131147542
4505,144209877,0,5.200922131147542
4506,144209876,0,5.200922131147542
4507,144209875,0,5.200922131147542
4508,144209874,0,5.200922131147542
4509,144209873,0,5.200922131147542
4510,144211585,0,5.200922131147542
4511,144209872,0,5.200922131147542
4512,144208436,0,5.200922131147542
4513,144212761,0,5.200922131147542
4514,144208428,0,5.200922131147542
4515,144209814,0,5.200922131147542
4516,144203665,0,5.200922131147542
4517,144205716,0,5.200922131147542
4518,144212502,0,5.200922131147542
4519,144205698,0,5.200922131147542
4520,144209879,0,5.200922131147542
4521,144208456,0,5.200922131147542
4522,144212508,0,5.200922131147542
4523,144209881,0,5.200922131147542
4524,144212452,0,5.200922131147542
4525,144208468,0,5.200922131147542
4526,144212464,0,5.200922131147542
4527,144208029,0,5.200922131147542
4528,144205768,0,5.200922131147542
4529,144211537,0,5.200922131147542
4530,144209898,0,5.200922131147542
4531,144209897,1,5.200922131147542
4532,144207011,0,5.200922131147542
4533,144211544,0,5.200922131147542
4534,144205645,0,5.200922131147542
4535,144209889,0,5.200922131147542
4536,144209888,0,5.200922131147542
4537,144209887,0,5.200922131147542
4538,144208048,0,5.200922131147542
4539,144209886,0,5.200922131147542
4540,144209884,0,5.200922131147542
4541,144211554,0,5.200922131147542
4542,144209882,0,5.200922131147542
4543,144212506,0,5.200922131147542
4544,144206404,0,5.200922131147542
4545,144208021,0,5.200922131147542
4546,144205696,0,5.200922131147542
4547,144203935,0,5.200922131147542
4548,144209475,0,5.200922131147542
4549,144211801,0,5.200922131147542
4550,144209611,0,5.200922131147542
4551,144205196,0,5.200922131147542
4552,144205197,0,5.200922131147542
4553,144211707,0,5.200922131147542
4554,144212566,0,5.200922131147542
4555,144209602,0,5.200922131147542
4556,144208327,0,5.200922131147542
4557,144209582,0,5.200922131147542
4558,144209489,0,5.200922131147542
4559,144212582,0,5.200922131147542
4560,144212627,0,5.200922131147542
4561,144203769,0,5.200922131147542
4562,144209556,0,5.200922131147542
4563,144209516,0,5.200922131147542
4564,144213841,0,5.200922131147542
4565,144204111,0,5.200922131147542
4566,144211808,0,5.200922131147542
4567,144211681,0,5.200922131147542
4568,144203899,0,5.200922131147542
4569,144205227,0,5.200922131147542
4570,144209676,0,5.200922131147542
4571,144208113,0,5.200922131147542
4572,144212528,0,5.200922131147542
4573,144206403,0,5.200922131147542
4574,144211652,0,5.200922131147542
4575,144209452,0,5.200922131147542
4576,144211657,0,5.200922131147542
4577,144208387,0,5.200922131147542
4578,144211668,0,5.200922131147542
4579,144208144,0,5.200922131147542
4580,144209465,0,5.200922131147542
4581,144205656,0,5.200922131147542
4582,144208150,0,5.200922131147542
4583,144211674,0,5.200922131147542
4584,144209637,0,5.200922131147542
4585,144212545,0,5.200922131147542
4586,144208371,0,5.200922131147542
4587,144206944,0,5.200922131147542
4588,144208167,0,5.200922131147542
4589,144212852,0,5.200922131147542
4590,144208939,0,5.200922131147542
4591,144209343,0,5.200922131147542
4592,144212904,0,5.200922131147542
4593,144212929,0,5.200922131147542
4594,144208523,0,5.200922131147542
4595,144212918,0,5.200922131147542
4596,144210078,0,5.200922131147542
4597,144206870,0,5.200922131147542
4598,144212407,0,5.200922131147542
4599,144205169,0,5.200922131147542
4600,144208512,0,5.200922131147542
4601,144205167,0,5.200922131147542
4602,144204735,0,5.200922131147542
4603,144212412,0,5.200922131147542
4604,144213876,0,5.200922131147542
4605,144209302,0,5.200922131147542
4606,144209106,1,5.200922131147542
4607,144210047,0,5.200922131147542
4608,144208511,0,5.200922131147542
4609,144212395,0,5.200922131147542
4610,144208528,0,5.200922131147542
4611,144212887,0,5.200922131147542
4612,144205826,0,5.200922131147542
4613,144204915,0,5.200922131147542
4614,144213900,0,5.200922131147542
4615,144211388,0,5.200922131147542
4616,144206202,0,5.200922131147542
4617,144212374,0,5.200922131147542
4618,144211934,0,5.200922131147542
4619,144211932,0,5.200922131147542
4620,144207929,0,5.200922131147542
4621,144205249,0,5.200922131147542
4622,144207930,0,5.200922131147542
4623,144210123,0,5.200922131147542
4624,144212965,0,5.200922131147542
4625,144209264,0,5.200922131147542
4626,144210088,0,5.200922131147542
4627,144211435,0,5.200922131147542
4628,144207944,0,5.200922131147542
4629,144210040,0,5.200922131147542
4630,144211446,0,5.200922131147542
4631,144209880,0,5.200922131147542
4632,144212440,0,5.200922131147542
4633,144205627,0,5.200922131147542
4634,144207979,0,5.200922131147542
4635,144208503,0,5.200922131147542
4636,144207989,0,5.200922131147542
4637,144212884,0,5.200922131147542
4638,144211486,0,5.200922131147542
4639,144206238,0,5.200922131147542
4640,144210006,0,5.200922131147542
4641,144208004,0,5.200922131147542
4642,144210033,0,5.200922131147542
4643,144205859,0,5.161179484831544
4644,144212441,0,5.131333333333334
4645,144212646,0,5.131333333333334
4646,144208945,0,5.131333333333334
4647,144205831,0,5.131333333333334
4648,144209193,0,5.131333333333334
4649,144209564,0,5.131333333333334
4650,144213710,0,5.131333333333334
4651,144207520,0,5.131333333333334
4652,144213136,0,5.131333333333334
4653,144205630,0,5.131333333333334
4654,144212025,0,5.131333333333334
4655,144211957,0,5.131333333333334
4656,144213438,0,5.131333333333334
4657,144211219,0,5.131333333333334
4658,144212302,0,5.131333333333334
4659,144205207,0,5.131333333333334
4660,144210164,0,5.131333333333334
4661,144211706,0,5.131333333333334
4662,144212365,0,5.131333333333334
4663,144212783,0,5.131333333333334
4664,144211438,0,5.131333333333334
4665,144211296,0,5.131333333333334
4666,144211289,0,5.131333333333334
4667,144211866,0,5.131333333333334
4668,144207449,0,5.131333333333334
4669,144209412,0,5.131333333333334
4670,144210422,0,5.131333333333334
4671,144213771,0,5.131333333333334
4672,144213614,0,5.131333333333334
4673,144208101,0,5.131333333333334
4674,144204428,0,5.10012987012987
4675,144211291,0,5.10012987012987
4676,144209607,0,5.10012987012987
4677,144204009,0,5.10012987012987
4678,144208859,0,5.10012987012987
4679,144208862,0,5.10012987012987
4680,144211701,0,5.10012987012987
4681,144203776,0,5.10012987012987
4682,144207003,0,5.10012987012987
4683,144205978,0,5.10012987012987
4684,144210039,0,5.10012987012987
4685,144209470,0,5.10012987012987
4686,144211360,0,5.10012987012987
4687,144206654,0,5.10012987012987
4688,144209567,0,5.10012987012987
4689,144213514,0,5.10012987012987
4690,144206819,0,5.10012987012987
4691,144211581,0,5.10012987012987
4692,144209493,0,5.10012987012987
4693,144213686,0,5.10012987012987
4694,144208017,0,5.10012987012987
4695,144207221,0,5.10012987012987
4696,144211935,0,5.10012987012987
4697,144213738,0,5.10012987012987
4698,144209390,0,5.10012987012987
4699,144212409,0,5.10012987012987
4700,144210119,0,5.10012987012987
4701,144213619,0,5.10012987012987
4702,144206306,0,5.10012987012987
4703,144208594,0,5.10012987012987
4704,144212703,0,5.10012987012987
4705,144211072,0,5.10012987012987
4706,144211070,0,5.10012987012987
4707,144207949,0,5.10012987012987
4708,144207954,0,5.10012987012987
4709,144211063,0,5.10012987012987
4710,144211850,0,5.10012987012987
4711,144206317,0,5.10012987012987
4712,144208394,0,5.10012987012987
4713,144205871,0,5.10012987012987
4714,144213874,0,5.10012987012987
4715,144209217,0,5.10012987012987
4716,144208268,0,5.10012987012987
4717,144213035,0,5.10012987012987
4718,144207353,0,5.10012987012987
4719,144207519,0,5.10012987012987
4720,144210796,0,5.10012987012987
4721,144212052,0,5.096675438576943
4722,144206349,0,5.096666666666666
4723,144203656,0,5.096666666666666
4724,144209599,1,5.096666666666666
4725,144205845,0,5.096666666666666
4726,144205636,0,5.096666666666666
4727,144213579,0,5.096666666666666
4728,144213685,0,5.096666666666666
4729,144206735,0,5.096666666666666
4730,144205848,0,5.096666666666666
4731,144205159,0,5.096666666666666
4732,144205060,0,5.096666666666666
4733,144205010,0,5.096666666666666
4734,144213603,0,5.096666666666666
4735,144206179,0,5.096666666666666
4736,144205705,0,5.096666666666666
4737,144205174,0,5.096666666666666
4738,144203576,0,5.096666666666666
4739,144213562,0,5.096666666666666
4740,144203627,0,5.096666666666666
4741,144204396,0,5.096666666666666
4742,144208200,0,5.096666666666666
4743,144212663,0,5.096666666666666
4744,144212651,0,5.096666666666666
4745,144212644,0,5.096666666666666
4746,144212643,0,5.096666666666666
4747,144208254,0,5.096666666666666
4748,144209914,0,5.096666666666666
4749,144203948,0,5.096666666666666
4750,144208284,0,5.096666666666666
4751,144208287,0,5.096666666666666
4752,144208329,0,5.096666666666666
4753,144211594,0,5.096666666666666
4754,144212552,0,5.096666666666666
4755,144208369,0,5.096666666666666
4756,144208399,0,5.096666666666666
4757,144204632,0,5.096666666666666
4758,144212413,0,5.096666666666666
4759,144212654,0,5.096666666666666
4760,144211815,0,5.096666666666666
4761,144207980,0,5.096666666666666
4762,144208188,0,5.096666666666666
4763,144208001,0,5.096666666666666
4764,144210420,0,5.096666666666666
4765,144208030,0,5.096666666666666
4766,144212816,0,5.096666666666666
4767,144210150,0,5.096666666666666
4768,144208083,0,5.096666666666666
4769,144208092,0,5.096666666666666
4770,144204878,0,5.096666666666666
4771,144211374,0,5.096666666666666
4772,144203896,0,5.096666666666666
4773,144211382,0,5.096666666666666
4774,144203898,0,5.096666666666666
4775,144210126,0,5.096666666666666
4776,144212712,0,5.096666666666666
4777,144208142,0,5.096666666666666
4778,144208518,0,5.096666666666666
4779,144212389,0,5.096666666666666
4780,144212377,0,5.096666666666666
4781,144208543,0,5.096666666666666
4782,144209018,0,5.096666666666666
4783,144211725,0,5.096666666666666
4784,144211739,0,5.096666666666666
4785,144209124,0,5.096666666666666
4786,144209128,0,5.096666666666666
4787,144212049,0,5.096666666666666
4788,144211797,0,5.096666666666666
4789,144211922,0,5.096666666666666
4790,144211916,0,5.096666666666666
4791,144209313,0,5.096666666666666
4792,144209466,0,5.096666666666666
4793,144209315,0,5.096666666666666
4794,144211813,0,5.096666666666666
4795,144209328,0,5.096666666666666
4796,144204706,0,5.096666666666666
4797,144212125,0,5.096666666666666
4798,144208943,0,5.096666666666666
4799,144208857,0,5.096666666666666
4800,144208741,0,5.096666666666666
4801,144212367,0,5.096666666666666
4802,144209762,0,5.096666666666666
4803,144212328,0,5.096666666666666
4804,144212301,0,5.096666666666666
4805,144208615,0,5.096666666666666
4806,144208637,0,5.096666666666666
4807,144213546,0,5.096666666666666
4808,144208855,0,5.096666666666666
4809,144209657,0,5.096666666666666
4810,144209647,0,5.096666666666666
4811,144208799,0,5.096666666666666
4812,144208827,0,5.096666666666666
4813,144209621,0,5.096666666666666
4814,144212214,0,5.096666666666666
4815,144210426,0,5.096666666666666
4816,144204681,0,5.096666666666666
4817,144207973,0,5.096666666666666
4818,144204303,0,5.096666666666666
4819,144207751,0,5.096666666666666
4820,144207723,0,5.096666666666666
4821,144210459,0,5.096666666666666
4822,144213123,0,5.096666666666666
4823,144210466,0,5.096666666666666
4824,144213156,0,5.096666666666666
4825,144211212,0,5.096666666666666
4826,144207607,0,5.096666666666666
4827,144213432,0,5.096666666666666
4828,144207583,0,5.096666666666666
4829,144213212,0,5.096666666666666
4830,144207579,0,5.096666666666666
4831,144213227,0,5.096666666666666
4832,144204552,0,5.096666666666666
4833,144211154,0,5.096666666666666
4834,144207518,0,5.096666666666666
4835,144207484,0,5.096666666666666
4836,144207450,0,5.096666666666666
4837,144210665,0,5.096666666666666
4838,144210685,0,5.096666666666666
4839,144210687,0,5.096666666666666
4840,144210457,0,5.096666666666666
4841,144210992,0,5.096666666666666
4842,144207961,0,5.096666666666666
4843,144210431,0,5.096666666666666
4844,144212924,0,5.096666666666666
4845,144213536,0,5.096666666666666
4846,144213526,0,5.096666666666666
4847,144207946,0,5.096666666666666
4848,144213497,0,5.096666666666666
4849,144212955,0,5.096666666666666
4850,144208643,0,5.0825000000000005
4851,144213578,0,5.0825000000000005
4852,144211344,0,5.0825000000000005
4853,144211787,0,5.001702127659575
4854,144208720,0,5.001702127659575
4855,144209112,0,5.001702127659575
4856,144209110,0,5.001702127659575
4857,144212331,0,5.001702127659575
4858,144212803,0,5.001702127659575
4859,144208575,0,5.001702127659575
4860,144207500,0,5.001702127659575
4861,144204129,0,5.001702127659575
4862,144204643,0,5.001702127659575
4863,144205936,0,5.001702127659575
4864,144210971,0,5.001702127659575
4865,144208710,0,5.001702127659575
4866,144211236,0,5.001702127659575
4867,144207523,0,5.001702127659575
4868,144209397,0,5.001702127659575
4869,144213337,0,5.001702127659575
4870,144204818,0,5.001702127659575
4871,144210626,0,5.001702127659575
4872,144209638,0,5.001702127659575
4873,144212234,0,5.001702127659575
4874,144211840,0,5.001702127659575
4875,144210681,0,5.001702127659575
4876,144209052,0,5.001702127659575
4877,144212100,0,5.001702127659575
4878,144204953,0,5.001702127659575
4879,144214023,0,5.001702127659575
4880,144212369,0,5.001702127659575
4881,144212113,0,5.001702127659575
4882,144206636,0,5.001702127659575
4883,144211747,0,5.001702127659575
4884,144208249,0,5.001702127659575
4885,144210475,0,5.001702127659575
4886,144209943,0,5.001702127659575
4887,144213481,0,5.001702127659575
4888,144212029,0,5.001702127659575
4889,144213565,0,5.001702127659575
4890,144208949,0,5.001702127659575
4891,144211542,0,5.001702127659575
4892,144211208,0,5.001702127659575
4893,144207962,0,5.001702127659575
4894,144211207,0,5.001702127659575
4895,144207528,0,5.001702127659575
4896,144212997,0,5.001702127659575
4897,144213470,0,5.001702127659575
4898,144204580,0,5.001702127659575
4899,144212500,0,5.001702127659575
4900,144212999,0,5.001702127659575
4901,144205626,0,5.001702127659575
4902,144213523,0,5.001702127659575
4903,144213395,0,5.001702127659575
4904,144208908,0,5.001702127659575
4905,144211920,0,5.001702127659575
4906,144211474,0,5.001702127659575
4907,144205661,0,5.001702127659575
4908,144210827,0,4.901451247165534
4909,144211027,0,4.901451247165534
4910,144210873,0,4.901451247165534
4911,144206366,0,4.901451247165534
4912,144209562,0,4.901451247165534
4913,144209553,0,4.901451247165534
4914,144209600,0,4.901451247165534
4915,144211630,0,4.901451247165534
4916,144211061,0,4.901451247165534
4917,144210075,0,4.901451247165534
4918,144211265,0,4.901451247165534
4919,144211304,0,4.901451247165534
4920,144210336,0,4.901451247165534
4921,144210330,0,4.901451247165534
4922,144203650,0,4.901451247165534
4923,144205852,0,4.901451247165534
4924,144205834,0,4.901451247165534
4925,144205861,0,4.901451247165534
4926,144210134,0,4.901451247165534
4927,144210129,0,4.901451247165534
4928,144205869,0,4.901451247165534
4929,144210435,0,4.901451247165534
4930,144210112,0,4.901451247165534
4931,144211433,0,4.901451247165534
4932,144211475,0,4.901451247165534
4933,144211109,0,4.901451247165534
4934,144210012,0,4.901451247165534
4935,144204611,0,4.901451247165534
4936,144210479,0,4.901451247165534
4937,144210489,0,4.901451247165534
4938,144204147,0,4.901451247165534
4939,144209843,0,4.901451247165534
4940,144210507,0,4.901451247165534
4941,144205718,0,4.901451247165534
4942,144209766,0,4.901451247165534
4943,144211266,0,4.901451247165534
4944,144209758,0,4.901451247165534
4945,144210606,0,4.901451247165534
4946,144211127,0,4.901451247165534
4947,144211697,0,4.901451247165534
4948,144213547,0,4.901451247165534
4949,144206716,0,4.901451247165534
4950,144209445,0,4.901451247165534
4951,144213737,0,4.901451247165534
4952,144207761,0,4.901451247165534
4953,144213043,0,4.901451247165534
4954,144207837,0,4.901451247165534
4955,144207877,0,4.901451247165534
4956,144203866,0,4.901451247165534
4957,144212970,0,4.901451247165534
4958,144207952,0,4.901451247165534
4959,144207960,0,4.901451247165534
4960,144212871,0,4.901451247165534
4961,144206924,0,4.901451247165534
4962,144208016,0,4.901451247165534
4963,144208041,0,4.901451247165534
4964,144212789,0,4.901451247165534
4965,144208079,0,4.901451247165534
4966,144208098,0,4.901451247165534
4967,144213786,0,4.901451247165534
4968,144203897,0,4.901451247165534
4969,144203783,0,4.901451247165534
4970,144204930,0,4.901451247165534
4971,144213682,0,4.901451247165534
4972,144207628,0,4.901451247165534
4973,144207627,0,4.901451247165534
4974,144213413,0,4.901451247165534
4975,144207342,0,4.901451247165534
4976,144207343,0,4.901451247165534
4977,144213398,0,4.901451247165534
4978,144213372,0,4.901451247165534
4979,144207410,0,4.901451247165534
4980,144213344,0,4.901451247165534
4981,144203835,0,4.901451247165534
4982,144207487,0,4.901451247165534
4983,144204941,0,4.901451247165534
4984,144213275,0,4.901451247165534
4985,144213196,0,4.901451247165534
4986,144204936,0,4.901451247165534
4987,144207109,0,4.901451247165534
4988,144207608,0,4.901451247165534
4989,144213158,0,4.901451247165534
4990,144207106,0,4.901451247165534
4991,144212740,0,4.901451247165534
4992,144206982,0,4.901451247165534
4993,144210480,0,4.901451247165534
4994,144208433,0,4.901451247165534
4995,144209107,0,4.901451247165534
4996,144212045,0,4.901451247165534
4997,144209024,0,4.901451247165534
4998,144204809,0,4.901451247165534
4999,144208830,0,4.901451247165534
5000,144212249,0,4.901451247165534
5001,144209155,0,4.901451247165534
5002,144206715,0,4.901451247165534
5003,144208625,0,4.901451247165534
5004,144205484,0,4.901451247165534
5005,144212337,0,4.901451247165534
5006,144212338,0,4.901451247165534
5007,144212372,0,4.901451247165534
5008,144205263,0,4.901451247165534
5009,144209120,0,4.901451247165534
5010,144206897,0,4.901451247165534
5011,144212667,0,4.901451247165534
5012,144205225,0,4.901451247165534
5013,144208343,0,4.901451247165534
5014,144212637,0,4.901451247165534
5015,144208309,0,4.901451247165534
5016,144213845,0,4.901451247165534
5017,144208210,0,4.901451247165534
5018,144209256,0,4.901451247165534
5019,144211900,0,4.901451247165534
5020,144208270,0,4.901451247165534
5021,144213403,0,4.836875
5022,144208881,0,4.836875
5023,144213448,0,4.8145222929936295
5024,144212032,0,4.8145222929936295
5025,144209482,0,4.8145222929936295
5026,144213441,0,4.8145222929936295
5027,144204378,0,4.8145222929936295
5028,144207412,0,4.8145222929936295
5029,144209158,0,4.8145222929936295
5030,144209573,0,4.8145222929936295
5031,144207350,0,4.8145222929936295
5032,144212693,0,4.8145222929936295
5033,144213248,0,4.8145222929936295
5034,144209589,0,4.8145222929936295
5035,144208225,0,4.8145222929936295
5036,144206986,0,4.8145222929936295
5037,144211514,0,4.8145222929936295
5038,144212774,0,4.8145222929936295
5039,144210348,0,4.8145222929936295
5040,144209772,0,4.8145222929936295
5041,144205373,0,4.8145222929936295
5042,144212951,0,4.8145222929936295
5043,144208560,0,4.8145222929936295
5044,144210444,0,4.8145222929936295
5045,144213048,0,4.8145222929936295
5046,144208154,0,4.8145222929936295
5047,144209603,0,4.8145222929936295
5048,144212006,0,4.649598214285715
5049,144209321,0,4.649598214285715
5050,144210732,0,4.649598214285715
