rank,cid,label,score
1,144206601,0,7.9278531073446326
2,144210577,0,7.624578313253011
3,144213826,0,7.624578313253011
4,144213751,0,7.407706093189964
5,144206563,0,7.407706093189964
6,144206813,0,7.407706093189964
7,144206881,0,7.407706093189964
8,144206289,0,7.407706093189964
9,144212732,0,7.407706093189964
10,144205240,0,7.407706093189964
11,144210560,0,7.407706093189964
12,144205241,0,7.407706093189964
13,144210536,0,7.407706093189964
14,144213499,0,7.276938775510204
15,144204734,0,7.276938775510204
16,144206547,0,7.276938775510204
17,144210764,0,7.24086036671368
18,144211327,0,7.24086036671368
19,144204949,0,7.24086036671368
20,144210750,0,7.24086036671368
21,144206917,0,7.24086036671368
22,144205420,0,7.24086036671368
23,144204998,0,7.24086036671368
24,144204256,0,7.24086036671368
25,144210557,0,7.24086036671368
26,144210783,0,7.24086036671368
27,144206505,0,7.24086036671368
28,144213764,0,7.24086036671368
29,144205788,0,7.24086036671368
30,144204791,0,7.24086036671368
31,144210546,0,7.24086036671368
32,144206920,0,7.24086036671368
33,144207158,0,7.24086036671368
34,144206857,0,7.24086036671368
35,144206912,0,7.24086036671368
36,144205133,0,7.24086036671368
37,144205997,0,7.24086036671368
38,144206118,0,7.24086036671368
39,144210583,0,7.24086036671368
40,144203605,0,7.24086036671368
41,144205783,0,7.24086036671368
42,144206227,0,7.24086036671368
43,144210567,0,7.24086036671368
44,144204180,0,7.24086036671368
45,144205002,0,7.24086036671368
46,144204230,0,7.180000000000001
47,144205780,0,7.170588235294117
48,144206039,0,6.988153153153154
49,144204249,0,6.988153153153154
50,144206291,0,6.988153153153154
51,144207165,0,6.988153153153154
52,144213898,0,6.988153153153154
53,144205238,0,6.988153153153154
54,144206915,0,6.988153153153154
55,144206914,0,6.988153153153154
56,144204992,0,6.988153153153154
57,144206142,0,6.988153153153154
58,144206532,0,6.988153153153154
59,144210778,0,6.988153153153154
60,144207048,0,6.988153153153154
61,144210751,0,6.942651006711409
62,144213807,0,6.942651006711409
63,144203804,0,6.942651006711409
64,144213865,0,6.942651006711409
65,144206190,0,6.942651006711409
66,144206083,0,6.942651006711409
67,144205066,0,6.942651006711409
68,144206117,0,6.942651006711409
69,144206683,0,6.942651006711409
70,144206195,0,6.942651006711409
71,144207044,0,6.942651006711409
72,144204162,0,6.942651006711409
73,144204361,0,6.942651006711409
74,144206216,0,6.942651006711409
75,144205772,0,6.922713754646841
76,144203989,0,6.922713754646841
77,144206652,0,6.922713754646841
78,144204235,0,6.922713754646841
79,144206958,0,6.922713754646841
80,144207104,0,6.922713754646841
81,144205236,0,6.922713754646841
82,144210780,0,6.922713754646841
83,144204276,0,6.922713754646841
84,144205790,0,6.922713754646841
85,144210569,0,6.922713754646841
86,144204277,0,6.922713754646841
87,144206244,0,6.922713754646841
88,144205000,0,6.922713754646841
89,144210769,0,6.922713754646841
90,144205270,0,6.922713754646841
91,144204183,0,6.922713754646841
92,144205989,0,6.922713754646841
93,144206181,0,6.922713754646841
94,144206670,0,6.922713754646841
95,144206913,0,6.922713754646841
96,144206059,0,6.922713754646841
97,144206480,0,6.922713754646841
98,144206031,0,6.922713754646841
99,144204250,0,6.922713754646841
100,144211732,0,6.922713754646841
101,144204964,0,6.922713754646841
102,144206553,0,6.922713754646841
103,144210541,0,6.922713754646841
104,144204347,0,6.922713754646841
105,144206681,0,6.922713754646841
106,144207143,0,6.922713754646841
107,144204050,0,6.922713754646841
108,144210744,0,6.922713754646841
109,144206191,0,6.922713754646841
110,144206482,0,6.922713754646841
111,144206540,0,6.922713754646841
112,144206140,0,6.921181004471549
113,144204436,0,6.828407079646018
114,144213331,0,6.828407079646018
115,144208993,0,6.828407079646018
116,144205748,0,6.828407079646018
117,144204204,0,6.828407079646018
118,144204967,0,6.828407079646018
119,144212605,0,6.828407079646018
120,144210775,0,6.828407079646018
121,144205045,0,6.828407079646018
122,144213132,0,6.828407079646018
123,144204081,0,6.828407079646018
124,144204426,0,6.828407079646018
125,144206918,0,6.828407079646018
126,144204416,0,6.828407079646018
127,144203728,0,6.828407079646018
128,144212491,0,6.771304347826088
129,144204060,0,6.771304347826088
130,144212681,0,6.771304347826088
131,144206533,0,6.771304347826088
132,144203988,0,6.771304347826088
133,144212928,0,6.771304347826088
134,144204420,0,6.771304347826088
135,144204902,0,6.771304347826088
136,144203707,0,6.771304347826088
137,144212151,0,6.771304347826088
138,144206263,0,6.771304347826088
139,144206894,0,6.771304347826088
140,144207117,0,6.771304347826088
141,144205252,0,6.735469107551488
142,144206356,0,6.735469107551488
143,144205619,0,6.735469107551488
144,144204320,0,6.735469107551488
145,144211378,0,6.735469107551488
146,144206732,0,6.735469107551488
147,144212727,0,6.735469107551488
148,144207076,0,6.735469107551488
149,144210070,0,6.735469107551488
150,144210949,0,6.735469107551488
151,144205803,0,6.735469107551488
152,144213859,1,6.735469107551488
153,144212784,0,6.735469107551488
154,144210836,0,6.735469107551488
155,144210529,0,6.735469107551488
156,144205974,0,6.735469107551488
157,144206954,0,6.735469107551488
158,144205764,0,6.735469107551488
159,144205331,0,6.735469107551488
160,144205056,0,6.735469107551488
161,144207135,0,6.735469107551488
162,144205500,0,6.735469107551488
163,144208593,0,6.735469107551488
164,144213928,0,6.735469107551488
165,144206082,0,6.735469107551488
166,144213960,0,6.735469107551488
167,144203709,0,6.735469107551488
168,144205608,0,6.735469107551488
169,144207050,0,6.735469107551488
170,144203958,0,6.735469107551488
171,144210768,0,6.735469107551488
172,144213661,0,6.735469107551488
173,144206491,0,6.735469107551488
174,144203771,0,6.735469107551488
175,144205146,0,6.735469107551488
176,144204514,0,6.735469107551488
177,144204295,0,6.735469107551488
178,144206308,0,6.735469107551488
179,144206220,0,6.735469107551488
180,144205237,0,6.735469107551488
181,144211139,0,6.735469107551488
182,144207278,0,6.735469107551488
183,144206611,0,6.735469107551488
184,144205026,0,6.735469107551488
185,144212903,0,6.735469107551488
186,144205015,0,6.735469107551488
187,144204996,0,6.735469107551488
188,144210581,0,6.735469107551488
189,144204494,0,6.735469107551488
190,144204493,0,6.735469107551488
191,144204193,0,6.735469107551488
192,144205792,0,6.735469107551488
193,144206926,0,6.735469107551488
194,144204238,0,6.735469107551488
195,144207031,0,6.643559322033899
196,144206708,0,6.643559322033899
197,144210785,1,6.643559322033899
198,144205927,0,6.643559322033899
199,144210552,0,6.643559322033899
200,144206087,0,6.643559322033899
201,144211753,0,6.643559322033899
202,144205006,0,6.643559322033899
203,144206069,0,6.643559322033899
204,144212744,0,6.643559322033899
205,144204875,0,6.643559322033899
206,144205502,0,6.638927203065133
207,144212641,0,6.638927203065133
208,144204201,0,6.638927203065133
209,144205521,0,6.638927203065133
210,144206524,0,6.638927203065133
211,144204360,0,6.638927203065133
212,144205520,0,6.638927203065133
213,144211996,0,6.638927203065133
214,144205037,0,6.638927203065133
215,144204362,0,6.638927203065133
216,144204191,0,6.638927203065133
217,144205251,0,6.638927203065133
218,144208308,0,6.638927203065133
219,144204166,0,6.638927203065133
220,144205052,0,6.638927203065133
221,144206133,0,6.638927203065133
222,144206895,0,6.638927203065133
223,144203980,0,6.638927203065133
224,144205281,0,6.638927203065133
225,144205273,0,6.638927203065133
226,144205200,0,6.638927203065133
227,144205275,0,6.638927203065133
228,144206712,0,6.638927203065133
229,144204091,0,6.638927203065133
230,144206713,0,6.638927203065133
231,144208704,0,6.638927203065133
232,144204268,0,6.638927203065133
233,144206499,0,6.638927203065133
234,144204318,0,6.638927203065133
235,144205157,0,6.638927203065133
236,144204273,0,6.638927203065133
237,144212246,0,6.638927203065133
238,144205092,0,6.638927203065133
239,144205410,0,6.638927203065133
240,144204069,0,6.638927203065133
241,144210526,0,6.638927203065133
242,144206189,0,6.638927203065133
243,144210516,0,6.638927203065133
244,144206167,0,6.638927203065133
245,144206253,0,6.638927203065133
246,144208871,0,6.638927203065133
247,144204304,0,6.638927203065133
248,144210498,0,6.638927203065133
249,144204296,0,6.638927203065133
250,144209102,0,6.638927203065133
251,144204267,0,6.638927203065133
252,144204043,0,6.638927203065133
253,144206869,0,6.638927203065133
254,144205431,0,6.638927203065133
255,144204241,0,6.638927203065133
256,144204148,0,6.638927203065133
257,144205181,0,6.638927203065133
258,144212468,0,6.638927203065133
259,144205306,0,6.638927203065133
260,144204352,0,6.638927203065133
261,144206901,0,6.638927203065133
262,144211921,0,6.638927203065133
263,144204012,0,6.638927203065133
264,144208489,0,6.638927203065133
265,144204246,0,6.638927203065133
266,144206477,0,6.638927203065133
267,144204131,0,6.638927203065133
268,144204032,0,6.638927203065133
269,144204127,0,6.638927203065133
270,144204327,0,6.638927203065133
271,144204259,0,6.638927203065133
272,144206502,0,6.638927203065133
273,144205434,0,6.638927203065133
274,144204141,0,6.638927203065133
275,144209550,0,6.638927203065133
276,144204885,0,6.638927203065133
277,144211573,0,6.638927203065133
278,144210731,0,6.638927203065133
279,144205668,0,6.638927203065133
280,144205667,0,6.638927203065133
281,144204946,0,6.638927203065133
282,144204950,0,6.638927203065133
283,144213095,0,6.638927203065133
284,144206040,0,6.638927203065133
285,144213061,0,6.638927203065133
286,144206077,0,6.638927203065133
287,144204451,0,6.638927203065133
288,144206699,0,6.638927203065133
289,144206694,0,6.638927203065133
290,144205754,0,6.638927203065133
291,144206345,0,6.638927203065133
292,144203643,0,6.638927203065133
293,144206554,0,6.638927203065133
294,144206625,0,6.638927203065133
295,144204535,0,6.638927203065133
296,144206705,0,6.638927203065133
297,144206843,0,6.638927203065133
298,144204835,0,6.638927203065133
299,144207588,0,6.638927203065133
300,144213304,0,6.638927203065133
301,144205730,0,6.638927203065133
302,144207166,0,6.638927203065133
303,144210834,0,6.638927203065133
304,144205822,0,6.638927203065133
305,144207138,0,6.638927203065133
306,144203675,0,6.638927203065133
307,144213890,0,6.638927203065133
308,144204565,0,6.638927203065133
309,144207195,0,6.638927203065133
310,144204934,0,6.638927203065133
311,144210752,0,6.638927203065133
312,144205873,0,6.638927203065133
313,144210896,0,6.638927203065133
314,144205886,0,6.638927203065133
315,144207320,0,6.638927203065133
316,144206842,0,6.638927203065133
317,144211463,0,6.638927203065133
318,144204513,0,6.638927203065133
319,144206678,0,6.638927203065133
320,144206021,0,6.638927203065133
321,144203863,0,6.638927203065133
322,144205564,0,6.638927203065133
323,144212747,0,6.638927203065133
324,144205576,0,6.638927203065133
325,144211756,0,6.638927203065133
326,144205575,0,6.638927203065133
327,144204408,0,6.638927203065133
328,144203753,0,6.638927203065133
329,144206988,0,6.638927203065133
330,144204766,0,6.638927203065133
331,144205561,0,6.638927203065133
332,144203916,0,6.638927203065133
333,144205560,0,6.638927203065133
334,144203945,0,6.638927203065133
335,144211772,0,6.638927203065133
336,144204881,0,6.638927203065133
337,144205771,0,6.638927203065133
338,144205996,0,6.638927203065133
339,144203570,0,6.638927203065133
340,144203736,0,6.638927203065133
341,144204880,0,6.638927203065133
342,144205583,0,6.638927203065133
343,144204440,0,6.638927203065133
344,144206537,0,6.638927203065133
345,144206092,0,6.638927203065133
346,144206355,0,6.638927203065133
347,144211311,0,6.638927203065133
348,144206676,0,6.638927203065133
349,144205794,0,6.638927203065133
350,144203607,0,6.638927203065133
351,144206781,0,6.638927203065133
352,144206709,0,6.638927203065133
353,144206946,0,6.638927203065133
354,144206989,0,6.638927203065133
355,144206935,0,6.638927203065133
356,144204424,0,6.638927203065133
357,144206534,0,6.638927203065133
358,144206996,0,6.638927203065133
359,144206840,1,6.638927203065133
360,144203907,0,6.638927203065133
361,144203910,0,6.638927203065133
362,144207161,0,6.638927203065133
363,144204508,0,6.638927203065133
364,144208564,0,6.602828060907359
365,144204430,0,6.602828060907359
366,144213947,0,6.602828060907359
367,144207074,0,6.601999999999999
368,144212581,0,6.601999999999999
369,144204427,0,6.601999999999999
370,144205747,0,6.601999999999999
371,144205288,0,6.581452991452991
372,144206251,0,6.581452991452991
373,144206835,0,6.581452991452991
374,144206338,0,6.581452991452991
375,144203597,0,6.581452991452991
376,144206615,0,6.581452991452991
377,144206228,0,6.581452991452991
378,144206221,0,6.581452991452991
379,144206750,0,6.581452991452991
380,144204742,0,6.581452991452991
381,144205814,0,6.581452991452991
382,144211169,0,6.581452991452991
383,144206718,0,6.581452991452991
384,144205591,0,6.581452991452991
385,144208410,0,6.581452991452991
386,144207170,0,6.581452991452991
387,144203809,0,6.581452991452991
388,144204418,0,6.581452991452991
389,144206922,0,6.581452991452991
390,144208013,0,6.581452991452991
391,144204434,0,6.581452991452991
392,144207160,0,6.581452991452991
393,144205572,0,6.581452991452991
394,144205675,0,6.4809677419354825
395,144206163,0,6.4809677419354825
396,144206688,0,6.4809677419354825
397,144206774,0,6.4809677419354825
398,144205984,0,6.4809677419354825
399,144211043,0,6.418819742489269
400,144206429,0,6.418819742489269
401,144206430,0,6.418819742489269
402,144206878,0,6.418819742489269
403,144204225,0,6.418819742489269
404,144206278,0,6.418819742489269
405,144204984,0,6.418819742489269
406,144204976,0,6.418819742489269
407,144206382,0,6.418819742489269
408,144204784,0,6.418819742489269
409,144204774,0,6.418819742489269
410,144206764,0,6.418819742489269
411,144204744,0,6.418819742489269
412,144206821,0,6.418819742489269
413,144205027,0,6.418819742489269
414,144204382,0,6.418819742489269
415,144204746,0,6.418819742489269
416,144211842,0,6.418819742489269
417,144211847,0,6.418819742489269
418,144206012,0,6.418819742489269
419,144211199,0,6.418819742489269
420,144211135,0,6.418819742489269
421,144204219,0,6.418819742489269
422,144211113,0,6.418819742489269
423,144211215,0,6.418819742489269
424,144210590,0,6.418819742489269
425,144206872,0,6.418819742489269
426,144210772,0,6.418819742489269
427,144211015,0,6.418819742489269
428,144204510,0,6.418819742489269
429,144206316,0,6.418819742489269
430,144206438,0,6.418819742489269
431,144204912,0,6.418819742489269
432,144204505,0,6.418819742489269
433,144205119,0,6.418819742489269
434,144204873,0,6.418819742489269
435,144206800,0,6.418819742489269
436,144211588,0,6.418819742489269
437,144205030,0,6.418819742489269
438,144211555,0,6.418819742489269
439,144204900,0,6.418819742489269
440,144211899,0,6.418819742489269
441,144204278,0,6.418819742489269
442,144205129,0,6.418819742489269
443,144204257,0,6.418819742489269
444,144206437,0,6.418819742489269
445,144211002,0,6.418819742489269
446,144205059,0,6.418819742489269
447,144204615,0,6.418819742489269
448,144204895,0,6.418819742489269
449,144206831,0,6.418819742489269
450,144204609,0,6.418819742489269
451,144206431,0,6.418819742489269
452,144206290,0,6.418819742489269
453,144204331,0,6.418819742489269
454,144209961,0,6.418819742489269
455,144210711,0,6.418819742489269
456,144210749,0,6.418819742489269
457,144204247,0,6.418819742489269
458,144205084,0,6.418819742489269
459,144206407,0,6.418819742489269
460,144211437,0,6.418819742489269
461,144204390,0,6.418819742489269
462,144204747,0,6.418819742489269
463,144212910,0,6.418819742489269
464,144203881,0,6.418819742489269
465,144205586,0,6.418819742489269
466,144203904,0,6.418819742489269
467,144212758,0,6.418819742489269
468,144212827,0,6.418819742489269
469,144206542,0,6.418819742489269
470,144203882,0,6.418819742489269
471,144206887,0,6.418819742489269
472,144203927,0,6.418819742489269
473,144206548,0,6.418819742489269
474,144207887,0,6.418819742489269
475,144213042,0,6.418819742489269
476,144205654,0,6.418819742489269
477,144206065,0,6.418819742489269
478,144205664,0,6.418819742489269
479,144205578,0,6.418819742489269
480,144206107,0,6.418819742489269
481,144203825,0,6.418819742489269
482,144203991,0,6.418819742489269
483,144205440,0,6.418819742489269
484,144212335,0,6.418819742489269
485,144208460,0,6.418819742489269
486,144212473,0,6.418819742489269
487,144203994,0,6.418819742489269
488,144212535,0,6.418819742489269
489,144206519,0,6.418819742489269
490,144205563,0,6.418819742489269
491,144206921,0,6.418819742489269
492,144203560,0,6.418819742489269
493,144212603,0,6.418819742489269
494,144206927,0,6.418819742489269
495,144205558,0,6.418819742489269
496,144205559,0,6.418819742489269
497,144207591,0,6.418819742489269
498,144205669,0,6.418819742489269
499,144208729,0,6.418819742489269
500,144206997,0,6.418819742489269
501,144206027,0,6.418819742489269
502,144203649,0,6.418819742489269
503,144207075,0,6.418819742489269
504,144207058,0,6.418819742489269
505,144212730,1,6.418819742489269
506,144206972,0,6.418819742489269
507,144203611,0,6.418819742489269
508,144207153,0,6.418819742489269
509,144203590,0,6.418819742489269
510,144206983,0,6.418819742489269
511,144203580,0,6.418819742489269
512,144205990,0,6.418819742489269
513,144203569,0,6.418819742489269
514,144206974,0,6.418819742489269
515,144207116,0,6.418819742489269
516,144205817,0,6.418819742489269
517,144203820,0,6.418819742489269
518,144206572,0,6.418819742489269
519,144207280,0,6.418819742489269
520,144207182,0,6.418819742489269
521,144205732,0,6.418819742489269
522,144205739,0,6.418819742489269
523,144203763,0,6.418819742489269
524,144205759,0,6.418819742489269
525,144203752,0,6.418819742489269
526,144213832,0,6.418819742489269
527,144205782,0,6.418819742489269
528,144213722,0,6.418819742489269
529,144203737,0,6.418819742489269
530,144205798,0,6.418819742489269
531,144205807,0,6.418819742489269
532,144207156,0,6.418819742489269
533,144212260,0,6.418819742489269
534,144206911,0,6.418819742489269
535,144206743,0,6.418819742489269
536,144205345,0,6.418819742489269
537,144206493,0,6.418819742489269
538,144206176,0,6.418819742489269
539,144208887,0,6.418819742489269
540,144206192,0,6.418819742489269
541,144204170,0,6.418819742489269
542,144204077,0,6.418819742489269
543,144205394,0,6.418819742489269
544,144209206,0,6.418819742489269
545,144204174,0,6.418819742489269
546,144212159,0,6.418819742489269
547,144204095,0,6.418819742489269
548,144212216,0,6.418819742489269
549,144205330,0,6.418819742489269
550,144204176,0,6.418819742489269
551,144204115,0,6.418819742489269
552,144206165,0,6.418819742489269
553,144204199,0,6.418819742489269
554,144212202,0,6.418819742489269
555,144204116,0,6.418819742489269
556,144212024,0,6.418819742489269
557,144206888,0,6.418819742489269
558,144206457,0,6.418819742489269
559,144212203,0,6.418819742489269
560,144205287,0,6.418819742489269
561,144212958,0,6.316050420168068
562,144206830,0,6.316050420168068
563,144206024,0,6.316050420168068
564,144205625,0,6.316050420168068
565,144211408,0,6.316050420168068
566,144205022,0,6.316050420168068
567,144212710,0,6.316050420168068
568,144213172,0,6.316050420168068
569,144206262,0,6.316050420168068
570,144204607,0,6.316050420168068
571,144205584,0,6.316050420168068
572,144205298,0,6.316050420168068
573,144209194,0,6.316050420168068
574,144208185,0,6.316050420168068
575,144205286,0,6.316050420168068
576,144207057,0,6.316050420168068
577,144206565,0,6.316050420168068
578,144206638,0,6.316050420168068
579,144210760,0,6.316050420168068
580,144208772,0,6.316050420168068
581,144205995,0,6.316050420168068
582,144210539,0,6.316050420168068
583,144211571,0,6.316050420168068
584,144205731,0,6.316050420168068
585,144211228,0,6.316050420168068
586,144207274,0,6.316050420168068
587,144204481,0,6.316050420168068
588,144206168,0,6.316050420168068
589,144205205,0,6.316050420168068
590,144206850,0,6.316050420168068
591,144206048,0,6.316050420168068
592,144205328,0,6.316050420168068
593,144205425,0,6.316050420168068
594,144206017,0,6.316050420168068
595,144206425,0,6.316050420168068
596,144206383,0,6.316050420168068
597,144209986,0,6.316050420168068
598,144211426,0,6.313870967741936
599,144212179,0,6.313870967741936
600,144206864,0,6.313870967741936
601,144207150,0,6.313870967741936
602,144204351,0,6.313870967741936
603,144204899,0,6.313870967741936
604,144210948,0,6.313870967741936
605,144210784,0,6.233213296398892
606,144211501,0,6.233213296398892
607,144205819,0,6.233213296398892
608,144213727,0,6.233213296398892
609,144203713,0,6.233213296398892
610,144206390,0,6.233213296398892
611,144209988,0,6.233213296398892
612,144204252,0,6.233213296398892
613,144206577,0,6.233213296398892
614,144204151,0,6.233213296398892
615,144203777,0,6.233213296398892
616,144206566,0,6.233213296398892
617,144204541,0,6.233213296398892
618,144206449,0,6.233213296398892
619,144205088,0,6.233213296398892
620,144203670,0,6.233213296398892
621,144210859,0,6.233213296398892
622,144204786,0,6.233213296398892
623,144206828,0,6.233213296398892
624,144206361,0,6.233213296398892
625,144204780,0,6.233213296398892
626,144203587,0,6.233213296398892
627,144211098,0,6.233213296398892
628,144206799,1,6.233213296398892
629,144204674,0,6.233213296398892
630,144203581,0,6.233213296398892
631,144206377,0,6.233213296398892
632,144204185,0,6.233213296398892
633,144204686,0,6.233213296398892
634,144204748,0,6.233213296398892
635,144206002,0,6.233213296398892
636,144206009,0,6.233213296398892
637,144206357,0,6.233213296398892
638,144205959,0,6.233213296398892
639,144210753,1,6.233213296398892
640,144204826,0,6.233213296398892
641,144207134,0,6.233213296398892
642,144204237,0,6.233213296398892
643,144204837,0,6.233213296398892
644,144211369,0,6.233213296398892
645,144210916,0,6.233213296398892
646,144204588,0,6.233213296398892
647,144206335,0,6.233213296398892
648,144204621,0,6.233213296398892
649,144209747,0,6.233213296398892
650,144203782,0,6.233213296398892
651,144211329,0,6.233213296398892
652,144207054,0,6.233213296398892
653,144211324,0,6.233213296398892
654,144205284,0,6.233213296398892
655,144207062,0,6.233213296398892
656,144204491,0,6.233213296398892
657,144203913,0,6.233213296398892
658,144205362,0,6.233213296398892
659,144206124,0,6.233213296398892
660,144203964,0,6.233213296398892
661,144206123,0,6.233213296398892
662,144206763,0,6.233213296398892
663,144206110,0,6.233213296398892
664,144206170,0,6.233213296398892
665,144205024,0,6.233213296398892
666,144212716,0,6.233213296398892
667,144206106,0,6.233213296398892
668,144212554,0,6.233213296398892
669,144203931,0,6.233213296398892
670,144204290,0,6.233213296398892
671,144205579,0,6.233213296398892
672,144205580,0,6.233213296398892
673,144210766,0,6.233213296398892
674,144204999,0,6.233213296398892
675,144204284,0,6.233213296398892
676,144206943,0,6.233213296398892
677,144210562,0,6.233213296398892
678,144204302,0,6.233213296398892
679,144212866,0,6.233213296398892
680,144204026,0,6.233213296398892
681,144210533,0,6.233213296398892
682,144204068,0,6.233213296398892
683,144205072,0,6.233213296398892
684,144211883,0,6.233213296398892
685,144205446,0,6.233213296398892
686,144204034,0,6.233213296398892
687,144204328,0,6.233213296398892
688,144205093,0,6.233213296398892
689,144208537,0,6.233213296398892
690,144212522,0,6.233213296398892
691,144206275,0,6.233213296398892
692,144208437,0,6.233213296398892
693,144204016,0,6.233213296398892
694,144212408,0,6.233213296398892
695,144208398,0,6.233213296398892
696,144206144,0,6.233213296398892
697,144204071,0,6.233213296398892
698,144204002,0,6.233213296398892
699,144206487,0,6.233213296398892
700,144204211,0,6.233213296398892
701,144204271,0,6.233213296398892
702,144204465,0,6.233213296398892
703,144204484,0,6.233213296398892
704,144209148,0,6.233213296398892
705,144204921,0,6.233213296398892
706,144204058,0,6.233213296398892
707,144206846,0,6.233213296398892
708,144205678,0,6.233213296398892
709,144206562,0,6.233213296398892
710,144203811,0,6.233213296398892
711,144206952,0,6.233213296398892
712,144204449,0,6.233213296398892
713,144207180,0,6.233213296398892
714,144204968,0,6.233213296398892
715,144206555,0,6.233213296398892
716,144205721,0,6.233213296398892
717,144204439,0,6.233213296398892
718,144207349,0,6.233213296398892
719,144203790,0,6.233213296398892
720,144204106,0,6.233213296398892
721,144204279,0,6.233213296398892
722,144205333,0,6.140790960451974
723,144206841,0,6.140790960451974
724,144209224,0,6.140790960451974
725,144206151,0,6.140790960451974
726,144209780,0,6.140790960451974
727,144207192,0,6.140790960451974
728,144210758,0,6.140790960451974
729,144206016,0,6.140790960451974
730,144205751,0,6.140790960451974
731,144205994,0,6.140790960451974
732,144205733,0,6.140790960451974
733,144205726,0,6.140790960451974
734,144204777,0,6.140790960451974
735,144205799,0,6.140790960451974
736,144207546,0,6.140790960451974
737,144205813,0,6.140790960451974
738,144205595,0,6.140790960451974
739,144204985,0,6.140790960451974
740,144205349,0,6.140790960451974
741,144207884,0,6.140790960451974
742,144210950,0,6.140790960451974
743,144204868,0,6.140790960451974
744,144206079,0,6.140790960451974
745,144207047,0,6.140790960451974
746,144208054,0,6.140790960451974
747,144205543,0,6.140790960451974
748,144205398,0,6.140790960451974
749,144204802,0,6.140790960451974
750,144205529,0,6.140790960451974
751,144205299,0,6.140790960451974
752,144205338,0,6.140790960451974
753,144206266,0,6.140790960451974
754,144206286,0,6.140790960451974
755,144210036,0,6.140790960451974
756,144205791,0,6.140790960451974
757,144209382,0,6.140790960451974
758,144210767,0,6.140790960451974
759,144204997,0,6.140790960451974
760,144204330,0,6.140790960451974
761,144206380,0,6.140790960451974
762,144206439,0,6.140790960451974
763,144211240,0,6.140790960451974
764,144203756,0,6.140790960451974
765,144211264,0,6.140790960451974
766,144213405,0,6.140790960451974
767,144204229,0,6.140790960451974
768,144204423,0,6.140790960451974
769,144206752,0,6.140790960451974
770,144204212,0,6.140790960451974
771,144203815,0,6.140790960451974
772,144204173,0,6.140790960451974
773,144204159,0,6.140790960451974
774,144203938,0,6.140790960451974
775,144212704,0,6.140790960451974
776,144206470,0,6.140790960451974
777,144211444,0,6.140790960451974
778,144206414,0,6.140790960451974
779,144203972,0,6.140790960451974
780,144204099,0,6.140790960451974
781,144212218,0,6.140790960451974
782,144204088,0,6.140790960451974
783,144206775,0,6.140790960451974
784,144204498,0,6.140790960451974
785,144204025,0,6.140790960451974
786,144204036,0,6.140790960451974
787,144204263,0,6.140790960451974
788,144204059,0,6.140790960451974
789,144204301,0,6.140790960451974
790,144206680,0,6.140790960451974
791,144213873,0,6.140790960451974
792,144203666,0,6.140790960451974
793,144204366,0,6.140790960451974
794,144203699,0,6.140790960451974
795,144211765,0,6.140790960451974
796,144206682,0,6.140790960451974
797,144204275,0,6.140790960451974
798,144204323,0,6.140790960451974
799,144211907,0,6.140790960451974
800,144210495,0,6.115484351713858
801,144209220,0,6.115484351713858
802,144204130,0,6.115484351713858
803,144210497,0,6.115484351713858
804,144206721,0,6.115484351713858
805,144205326,0,6.115484351713858
806,144204270,0,6.115484351713858
807,144206461,0,6.115484351713858
808,144204142,0,6.115484351713858
809,144212160,0,6.115484351713858
810,144205317,0,6.115484351713858
811,144209277,0,6.115484351713858
812,144212144,0,6.115484351713858
813,144206450,0,6.115484351713858
814,144205293,0,6.115484351713858
815,144205109,0,6.115484351713858
816,144206272,0,6.115484351713858
817,144204305,0,6.115484351713858
818,144204317,0,6.115484351713858
819,144204070,0,6.115484351713858
820,144205405,0,6.115484351713858
821,144204326,0,6.115484351713858
822,144208846,0,6.115484351713858
823,144206720,0,6.115484351713858
824,144205393,0,6.115484351713858
825,144205391,0,6.115484351713858
826,144208974,0,6.115484351713858
827,144209163,0,6.115484351713858
828,144204316,0,6.115484351713858
829,144205378,0,6.115484351713858
830,144204086,0,6.115484351713858
831,144206274,0,6.115484351713858
832,144204158,0,6.115484351713858
833,144205356,0,6.115484351713858
834,144206180,0,6.115484351713858
835,144205289,0,6.115484351713858
836,144204165,0,6.115484351713858
837,144211904,0,6.115484351713858
838,144206871,0,6.115484351713858
839,144204217,0,6.115484351713858
840,144204220,0,6.115484351713858
841,144204226,0,6.115484351713858
842,144204228,0,6.115484351713858
843,144205143,0,6.115484351713858
844,144210100,0,6.115484351713858
845,144204234,0,6.115484351713858
846,144206243,0,6.115484351713858
847,144204286,0,6.115484351713858
848,144204239,0,6.115484351713858
849,144206867,0,6.115484351713858
850,144209948,0,6.115484351713858
851,144204253,0,6.115484351713858
852,144204254,0,6.115484351713858
853,144205155,0,6.115484351713858
854,144210044,0,6.115484351713858
855,144206751,0,6.115484351713858
856,144204202,0,6.115484351713858
857,144206733,0,6.115484351713858
858,144209426,0,6.115484351713858
859,144205283,0,6.115484351713858
860,144206896,0,6.115484351713858
861,144205272,0,6.115484351713858
862,144206746,0,6.115484351713858
863,144211906,0,6.115484351713858
864,144209392,0,6.115484351713858
865,144209416,0,6.115484351713858
866,144205260,0,6.115484351713858
867,144204197,0,6.115484351713858
868,144205259,0,6.115484351713858
869,144205253,0,6.115484351713858
870,144206206,0,6.115484351713858
871,144211944,0,6.115484351713858
872,144206860,0,6.115484351713858
873,144208707,0,6.115484351713858
874,144204195,0,6.115484351713858
875,144204192,0,6.115484351713858
876,144211151,0,6.115484351713858
877,144206498,0,6.115484351713858
878,144203704,0,6.115484351713858
879,144205795,0,6.115484351713858
880,144205793,0,6.115484351713858
881,144213790,0,6.115484351713858
882,144206599,0,6.115484351713858
883,144213716,0,6.115484351713858
884,144203755,0,6.115484351713858
885,144205765,0,6.115484351713858
886,144203764,0,6.115484351713858
887,144203768,0,6.115484351713858
888,144213386,0,6.115484351713858
889,144205724,0,6.115484351713858
890,144207174,0,6.115484351713858
891,144207175,0,6.115484351713858
892,144213322,0,6.115484351713858
893,144206955,0,6.115484351713858
894,144207218,0,6.115484351713858
895,144207257,0,6.115484351713858
896,144206558,0,6.115484351713858
897,144207406,0,6.115484351713858
898,144207453,0,6.115484351713858
899,144207513,0,6.115484351713858
900,144213812,0,6.115484351713858
901,144203702,0,6.115484351713858
902,144206500,0,6.115484351713858
903,144213877,0,6.115484351713858
904,144206003,0,6.115484351713858
905,144206980,0,6.115484351713858
906,144203588,0,6.115484351713858
907,144203589,0,6.115484351713858
908,144205976,0,6.115484351713858
909,144203604,0,6.115484351713858
910,144209433,1,6.115484351713858
911,144207033,0,6.115484351713858
912,144203618,0,6.115484351713858
913,144207037,0,6.115484351713858
914,144207038,0,6.115484351713858
915,144212729,1,6.115484351713858
916,144203639,0,6.115484351713858
917,144207061,0,6.115484351713858
918,144214006,0,6.115484351713858
919,144213990,0,6.115484351713858
920,144205897,0,6.115484351713858
921,144207089,0,6.115484351713858
922,144205888,0,6.115484351713858
923,144207130,0,6.115484351713858
924,144205849,0,6.115484351713858
925,144207536,0,6.115484351713858
926,144213191,0,6.115484351713858
927,144203821,0,6.115484351713858
928,144203824,0,6.115484351713858
929,144205535,0,6.115484351713858
930,144212668,0,6.115484351713858
931,144212634,0,6.115484351713858
932,144206528,0,6.115484351713858
933,144205518,0,6.115484351713858
934,144203973,0,6.115484351713858
935,144206521,0,6.115484351713858
936,144212588,0,6.115484351713858
937,144212585,0,6.115484351713858
938,144212565,0,6.115484351713858
939,144212490,0,6.115484351713858
940,144205477,0,6.115484351713858
941,144208414,0,6.115484351713858
942,144204020,0,6.115484351713858
943,144204023,0,6.115484351713858
944,144204024,0,6.115484351713858
945,144211880,0,6.115484351713858
946,144208555,0,6.115484351713858
947,144206157,0,6.115484351713858
948,144205442,0,6.115484351713858
949,144205439,0,6.115484351713858
950,144206929,0,6.115484351713858
951,144208127,0,6.115484351713858
952,144208082,0,6.115484351713858
953,144213002,0,6.115484351713858
954,144213155,0,6.115484351713858
955,144203837,0,6.115484351713858
956,144205659,0,6.115484351713858
957,144213052,0,6.115484351713858
958,144207685,0,6.115484351713858
959,144207759,0,6.115484351713858
960,144205647,0,6.115484351713858
961,144207760,0,6.115484351713858
962,144213004,0,6.115484351713858
963,144206084,0,6.115484351713858
964,144203954,0,6.115484351713858
965,144212972,0,6.115484351713858
966,144212785,0,6.115484351713858
967,144203905,0,6.115484351713858
968,144203906,0,6.115484351713858
969,144212750,0,6.115484351713858
970,144203920,0,6.115484351713858
971,144203932,0,6.115484351713858
972,144212722,0,6.115484351713858
973,144205570,0,6.115484351713858
974,144208550,0,6.115484351713858
975,144206011,0,6.115484351713858
976,144211235,0,6.115484351713858
977,144204671,0,6.115484351713858
978,144211676,0,6.115484351713858
979,144211103,0,6.115484351713858
980,144211390,0,6.115484351713858
981,144206771,0,6.115484351713858
982,144204485,0,6.115484351713858
983,144210757,0,6.115484351713858
984,144204830,0,6.115484351713858
985,144204771,0,6.115484351713858
986,144211091,0,6.115484351713858
987,144206300,0,6.115484351713858
988,144210876,0,6.115484351713858
989,144204700,0,6.115484351713858
990,144211449,0,6.115484351713858
991,144204499,0,6.115484351713858
992,144204501,0,6.115484351713858
993,144204402,0,6.115484351713858
994,144206362,0,6.115484351713858
995,144204512,0,6.115484351713858
996,144211650,0,6.115484351713858
997,144204938,0,6.115484351713858
998,144210740,0,6.115484351713858
999,144204851,0,6.115484351713858
1000,144204407,0,6.115484351713858
1001,144211172,0,6.115484351713858
1002,144211218,0,6.115484351713858
1003,144206354,0,6.115484351713858
1004,144210730,0,6.115484351713858
1005,144206282,0,6.115484351713858
1006,144205011,0,6.115484351713858
1007,144211447,0,6.115484351713858
1008,144206347,0,6.115484351713858
1009,144205013,0,6.115484351713858
1010,144211314,0,6.115484351713858
1011,144204466,0,6.115484351713858
1012,144210824,0,6.115484351713858
1013,144211099,0,6.115484351713858
1014,144206328,0,6.115484351713858
1015,144204969,0,6.115484351713858
1016,144206398,0,6.115484351713858
1017,144206416,0,6.115484351713858
1018,144211242,0,6.115484351713858
1019,144211502,0,6.115484351713858
1020,144204970,0,6.115484351713858
1021,144211111,0,6.115484351713858
1022,144204368,0,6.115484351713858
1023,144211738,0,6.115484351713858
1024,144204435,0,6.115484351713858
1025,144211184,0,6.115484351713858
1026,144204367,0,6.115484351713858
1027,144204358,0,6.115484351713858
1028,144206834,0,6.115484351713858
1029,144211496,0,6.115484351713858
1030,144211735,0,6.115484351713858
1031,144210695,0,6.115484351713858
1032,144211523,0,6.115484351713858
1033,144206415,0,6.115484351713858
1034,144211105,0,6.115484351713858
1035,144210781,0,6.115484351713858
1036,144206287,0,6.115484351713858
1037,144206761,0,6.115484351713858
1038,144211051,0,6.115484351713858
1039,144204991,0,6.115484351713858
1040,144211859,0,6.115484351713858
1041,144204638,0,6.115484351713858
1042,144211247,0,6.115484351713858
1043,144211399,0,6.115484351713858
1044,144211246,0,6.115484351713858
1045,144211744,0,6.115484351713858
1046,144206367,0,6.115484351713858
1047,144211263,0,6.115484351713858
1048,144204401,0,6.06313601347934
1049,144209250,0,6.030114503816795
1050,144206052,0,6.030114503816795
1051,144204947,0,6.030114503816795
1052,144207129,0,6.030114503816795
1053,144211718,0,6.030114503816795
1054,144210720,0,6.030114503816795
1055,144207131,0,6.030114503816795
1056,144206962,0,6.030114503816795
1057,144204462,0,6.030114503816795
1058,144208065,0,6.030114503816795
1059,144206277,0,6.030114503816795
1060,144205763,0,6.030114503816795
1061,144212543,0,6.030114503816795
1062,144212527,0,6.030114503816795
1063,144206158,0,6.030114503816795
1064,144211282,0,6.030114503816795
1065,144208356,0,6.030114503816795
1066,144205452,0,6.030114503816795
1067,144206825,0,6.030114503816795
1068,144212336,0,6.030114503816795
1069,144206152,0,6.030114503816795
1070,144205742,0,6.030114503816795
1071,144206782,0,6.030114503816795
1072,144206696,0,6.030114503816795
1073,144205745,0,6.030114503816795
1074,144212255,0,6.030114503816795
1075,144205774,0,6.030114503816795
1076,144206695,0,6.030114503816795
1077,144204542,0,6.030114503816795
1078,144213340,0,6.030114503816795
1079,144203703,0,6.030114503816795
1080,144205811,0,6.030114503816795
1081,144208920,0,6.030114503816795
1082,144204085,0,6.030114503816795
1083,144205371,0,6.030114503816795
1084,144206710,0,6.030114503816795
1085,144205818,0,6.030114503816795
1086,144205577,0,6.030114503816795
1087,144205523,0,6.030114503816795
1088,144204768,0,6.030114503816795
1089,144207172,0,6.030114503816795
1090,144206484,0,6.030114503816795
1091,144213961,0,6.030114503816795
1092,144208402,0,6.030114503816795
1093,144203586,0,6.030114503816795
1094,144206235,0,6.030114503816795
1095,144211359,0,6.030114503816795
1096,144212786,0,6.030114503816795
1097,144211145,0,6.030114503816795
1098,144212825,0,6.030114503816795
1099,144204233,0,6.030114503816795
1100,144204743,0,6.030114503816795
1101,144210632,0,6.030114503816795
1102,144204240,0,6.030114503816795
1103,144206248,0,6.030114503816795
1104,144204730,0,6.030114503816795
1105,144211367,0,6.030114503816795
1106,144204293,0,6.030114503816795
1107,144204251,0,6.030114503816795
1108,144204978,0,6.030114503816795
1109,144205156,0,6.030114503816795
1110,144206991,0,6.030114503816795
1111,144206078,0,6.030114503816795
1112,144205107,0,6.030114503816795
1113,144205135,0,6.030114503816795
1114,144212751,0,6.030114503816795
1115,144206557,0,6.030114503816795
1116,144211888,0,6.030114503816795
1117,144205081,0,6.030114503816795
1118,144205311,1,6.030114503816795
1119,144204839,0,6.030114503816795
1120,144211874,0,6.030114503816795
1121,144211001,0,6.004187499999999
1122,144203563,0,6.004187499999999
1123,144207024,0,6.004187499999999
1124,144213231,0,6.004187499999999
1125,144212578,0,6.004187499999999
1126,144210492,0,6.004187499999999
1127,144204128,0,6.004187499999999
1128,144204255,0,6.004187499999999
1129,144209205,0,6.004187499999999
1130,144203645,0,6.004187499999999
1131,144213875,0,6.004187499999999
1132,144206053,0,6.004187499999999
1133,144211790,0,6.004187499999999
1134,144206507,0,6.004187499999999
1135,144212235,0,6.004187499999999
1136,144213336,0,6.004187499999999
1137,144204205,0,6.004187499999999
1138,144204817,0,6.004187499999999
1139,144208014,0,6.004187499999999
1140,144206413,0,6.004187499999999
1141,144206486,0,6.004187499999999
1142,144209374,0,6.004187499999999
1143,144205594,0,6.004187499999999
1144,144205323,0,6.004187499999999
1145,144205426,0,6.004187499999999
1146,144204309,0,6.004187499999999
1147,144204307,0,6.004187499999999
1148,144205562,0,6.004187499999999
1149,144209360,0,6.004187499999999
1150,144204422,0,6.004187499999999
1151,144213938,0,6.004187499999999
1152,144210520,0,6.004187499999999
1153,144209352,0,6.004187499999999
1154,144211357,0,6.004187499999999
1155,144211746,0,6.004187499999999
1156,144204144,0,6.004187499999999
1157,144203853,0,6.004187499999999
1158,144212322,0,6.004187499999999
1159,144204345,0,6.004187499999999
1160,144206801,0,6.004187499999999
1161,144212448,0,6.004187499999999
1162,144211535,0,6.004187499999999
1163,144204460,0,6.004187499999999
1164,144211346,0,6.004187499999999
1165,144211340,0,6.004187499999999
1166,144205628,0,5.955384615384616
1167,144203917,0,5.955384615384616
1168,144205758,0,5.955384615384616
1169,144206606,0,5.955384615384616
1170,144211568,0,5.955384615384616
1171,144212095,0,5.955384615384616
1172,144208168,0,5.955384615384616
1173,144206960,0,5.955384615384616
1174,144205120,0,5.955384615384616
1175,144212293,0,5.955384615384616
1176,144205121,0,5.955384615384616
1177,144208698,0,5.9332222222222235
1178,144210514,0,5.9332222222222235
1179,144203578,0,5.9332222222222235
1180,144203595,0,5.9332222222222235
1181,144211086,0,5.9332222222222235
1182,144211480,0,5.9332222222222235
1183,144213803,0,5.9332222222222235
1184,144211069,0,5.9332222222222235
1185,144205087,0,5.9332222222222235
1186,144206392,0,5.9332222222222235
1187,144205980,0,5.9332222222222235
1188,144213699,0,5.9332222222222235
1189,144204842,0,5.9332222222222235
1190,144209994,0,5.9332222222222235
1191,144205972,0,5.9332222222222235
1192,144207151,0,5.9332222222222235
1193,144204980,0,5.9332222222222235
1194,144211211,0,5.9332222222222235
1195,144213467,0,5.9332222222222235
1196,144204431,0,5.9332222222222235
1197,144209364,0,5.9332222222222235
1198,144209301,0,5.9332222222222235
1199,144206236,0,5.9332222222222235
1200,144206773,0,5.9332222222222235
1201,144210725,0,5.9332222222222235
1202,144205140,0,5.9332222222222235
1203,144211176,0,5.9332222222222235
1204,144204931,0,5.9332222222222235
1205,144213886,0,5.9332222222222235
1206,144209095,0,5.9332222222222235
1207,144204403,0,5.9332222222222235
1208,144209039,0,5.9332222222222235
1209,144210996,0,5.88543973941368
1210,144204564,0,5.88543973941368
1211,144203856,0,5.88543973941368
1212,144206076,0,5.88543973941368
1213,144206792,0,5.88543973941368
1214,144207768,0,5.88543973941368
1215,144213452,0,5.88543973941368
1216,144203823,0,5.88543973941368
1217,144204544,0,5.88543973941368
1218,144208046,0,5.88543973941368
1219,144206060,0,5.88543973941368
1220,144213311,0,5.88543973941368
1221,144207968,0,5.88543973941368
1222,144204840,0,5.88543973941368
1223,144205585,0,5.88543973941368
1224,144207242,0,5.88543973941368
1225,144203849,0,5.88543973941368
1226,144203918,0,5.88543973941368
1227,144203971,0,5.88543973941368
1228,144203929,0,5.88543973941368
1229,144206530,0,5.88543973941368
1230,144212702,0,5.88543973941368
1231,144212669,0,5.88543973941368
1232,144203956,0,5.88543973941368
1233,144212697,0,5.88543973941368
1234,144205622,0,5.88543973941368
1235,144205533,0,5.88543973941368
1236,144204628,0,5.88543973941368
1237,144204857,0,5.88543973941368
1238,144204856,0,5.88543973941368
1239,144208337,0,5.88543973941368
1240,144203784,0,5.88543973941368
1241,144205728,0,5.88543973941368
1242,144207498,0,5.88543973941368
1243,144203951,0,5.88543973941368
1244,144206050,0,5.88543973941368
1245,144211318,0,5.88543973941368
1246,144203862,0,5.88543973941368
1247,144207445,0,5.88543973941368
1248,144204543,0,5.88543973941368
1249,144204838,0,5.88543973941368
1250,144210918,0,5.88543973941368
1251,144210974,0,5.88543973941368
1252,144204866,0,5.88543973941368
1253,144203844,0,5.88543973941368
1254,144206433,0,5.88543973941368
1255,144206397,0,5.88543973941368
1256,144204745,0,5.88543973941368
1257,144209702,0,5.88543973941368
1258,144209675,0,5.88543973941368
1259,144209619,0,5.88543973941368
1260,144205222,0,5.88543973941368
1261,144209563,0,5.88543973941368
1262,144205231,0,5.88543973941368
1263,144211933,0,5.88543973941368
1264,144209514,0,5.88543973941368
1265,144210692,0,5.88543973941368
1266,144205907,0,5.88543973941368
1267,144205248,0,5.88543973941368
1268,144204187,0,5.88543973941368
1269,144204184,0,5.88543973941368
1270,144209492,0,5.88543973941368
1271,144211128,0,5.88543973941368
1272,144205264,0,5.88543973941368
1273,144206379,0,5.88543973941368
1274,144204168,0,5.88543973941368
1275,144212404,0,5.88543973941368
1276,144203663,0,5.88543973941368
1277,144211692,0,5.88543973941368
1278,144209723,0,5.88543973941368
1279,144211752,0,5.88543973941368
1280,144206899,0,5.88543973941368
1281,144204242,0,5.88543973941368
1282,144211878,0,5.88543973941368
1283,144211885,0,5.88543973941368
1284,144206346,1,5.88543973941368
1285,144206736,1,5.88543973941368
1286,144211890,0,5.88543973941368
1287,144205043,0,5.88543973941368
1288,144206847,0,5.88543973941368
1289,144205987,0,5.88543973941368
1290,144211898,0,5.88543973941368
1291,144205029,0,5.88543973941368
1292,144205132,0,5.88543973941368
1293,144205141,0,5.88543973941368
1294,144211781,0,5.88543973941368
1295,144211908,0,5.88543973941368
1296,144211911,0,5.88543973941368
1297,144210143,0,5.88543973941368
1298,144209380,1,5.88543973941368
1299,144205968,0,5.88543973941368
1300,144207022,0,5.88543973941368
1301,144210005,0,5.88543973941368
1302,144203615,0,5.88543973941368
1303,144205294,0,5.88543973941368
1304,144206684,0,5.88543973941368
1305,144207118,0,5.88543973941368
1306,144204063,0,5.88543973941368
1307,144206408,0,5.88543973941368
1308,144204087,0,5.88543973941368
1309,144205312,0,5.88543973941368
1310,144204660,0,5.88543973941368
1311,144204779,0,5.88543973941368
1312,144204074,0,5.88543973941368
1313,144206776,0,5.88543973941368
1314,144208832,0,5.88543973941368
1315,144205404,0,5.88543973941368
1316,144203748,0,5.88543973941368
1317,144209048,0,5.88543973941368
1318,144206164,0,5.88543973941368
1319,144205770,0,5.88543973941368
1320,144204789,0,5.88543973941368
1321,144211508,0,5.88543973941368
1322,144212309,0,5.88543973941368
1323,144205448,0,5.88543973941368
1324,144208607,0,5.88543973941368
1325,144211047,0,5.88543973941368
1326,144204533,0,5.88543973941368
1327,144205366,0,5.88543973941368
1328,144208954,0,5.88543973941368
1329,144211655,0,5.88543973941368
1330,144204120,0,5.88543973941368
1331,144205314,0,5.88543973941368
1332,144211675,0,5.88543973941368
1333,144205324,0,5.88543973941368
1334,144205327,0,5.88543973941368
1335,144204469,0,5.88543973941368
1336,144204470,0,5.88543973941368
1337,144205337,0,5.88543973941368
1338,144213879,0,5.88543973941368
1339,144210748,0,5.88543973941368
1340,144212167,0,5.88543973941368
1341,144210938,0,5.88543973941368
1342,144204108,0,5.88543973941368
1343,144207145,0,5.88543973941368
1344,144210946,0,5.88543973941368
1345,144204117,0,5.88543973941368
1346,144205436,0,5.865594929535646
1347,144213415,0,5.796666666666667
1348,144214042,0,5.796666666666667
1349,144207254,0,5.796666666666667
1350,144203765,0,5.796666666666667
1351,144203642,0,5.796666666666667
1352,144203801,0,5.796666666666667
1353,144203761,0,5.796666666666667
1354,144213792,0,5.796666666666667
1355,144205762,0,5.796666666666667
1356,144206827,0,5.796666666666667
1357,144203603,0,5.796666666666667
1358,144206808,0,5.796666666666667
1359,144205777,0,5.796666666666667
1360,144211669,1,5.796666666666667
1361,144206621,0,5.796666666666667
1362,144206034,0,5.796666666666667
1363,144211180,0,5.796666666666667
1364,144204125,0,5.796666666666667
1365,144205492,0,5.796666666666667
1366,144204046,0,5.796666666666667
1367,144210852,0,5.796666666666667
1368,144209774,0,5.796666666666667
1369,144211750,0,5.796666666666667
1370,144205493,0,5.796666666666667
1371,144204010,0,5.796666666666667
1372,144208553,0,5.796666666666667
1373,144211743,0,5.796666666666667
1374,144208647,0,5.796666666666667
1375,144206212,0,5.796666666666667
1376,144206162,0,5.796666666666667
1377,144204903,0,5.796666666666667
1378,144205571,0,5.796666666666667
1379,144212069,0,5.796666666666667
1380,144205406,0,5.796666666666667
1381,144205403,0,5.796666666666667
1382,144205401,0,5.796666666666667
1383,144205340,0,5.796666666666667
1384,144206910,0,5.796666666666667
1385,144211671,0,5.796666666666667
1386,144204094,0,5.796666666666667
1387,144212224,0,5.796666666666667
1388,144211584,0,5.796666666666667
1389,144212689,0,5.796666666666667
1390,144208995,0,5.796666666666667
1391,144210194,0,5.796666666666667
1392,144205033,0,5.796666666666667
1393,144204569,0,5.796666666666667
1394,144203900,0,5.796666666666667
1395,144204827,0,5.796666666666667
1396,144203591,0,5.766389162885516
1397,144211895,0,5.765853658536588
1398,144211872,0,5.765853658536588
1399,144209367,0,5.765853658536588
1400,144204954,0,5.765853658536588
1401,144205025,0,5.765853658536588
1402,144205309,0,5.765853658536588
1403,144204957,0,5.765853658536588
1404,144211699,0,5.765853658536588
1405,144207090,0,5.765853658536588
1406,144211727,0,5.765853658536588
1407,144209411,0,5.765853658536588
1408,144212105,0,5.765853658536588
1409,144204314,0,5.765853658536588
1410,144203577,0,5.765853658536588
1411,144211971,0,5.765853658536588
1412,144209228,0,5.765853658536588
1413,144210734,0,5.765853658536588
1414,144213934,0,5.765853658536588
1415,144203573,0,5.765853658536588
1416,144204110,0,5.765853658536588
1417,144204101,0,5.765853658536588
1418,144205080,0,5.765853658536588
1419,144209093,0,5.765853658536588
1420,144206000,0,5.765853658536588
1421,144204093,0,5.765853658536588
1422,144209007,0,5.765853658536588
1423,144205070,0,5.765853658536588
1424,144204987,1,5.765853658536588
1425,144205895,0,5.765853658536588
1426,144211897,0,5.765853658536588
1427,144210694,0,5.765853658536588
1428,144204399,0,5.765853658536588
1429,144210030,0,5.765853658536588
1430,144210024,0,5.765853658536588
1431,144210612,0,5.765853658536588
1432,144205953,0,5.765853658536588
1433,144204741,0,5.765853658536588
1434,144207034,0,5.765853658536588
1435,144205008,0,5.765853658536588
1436,144206255,0,5.765853658536588
1437,144209813,0,5.765853658536588
1438,144204236,0,5.765853658536588
1439,144210901,1,5.765853658536588
1440,144211147,0,5.765853658536588
1441,144209733,0,5.765853658536588
1442,144206631,0,5.765853658536588
1443,144214047,0,5.765853658536588
1444,144206994,0,5.765853658536588
1445,144210389,0,5.765853658536588
1446,144203827,0,5.765853658536588
1447,144204224,0,5.765853658536588
1448,144203638,0,5.765853658536588
1449,144209583,0,5.765853658536588
1450,144211930,0,5.765853658536588
1451,144206624,0,5.765853658536588
1452,144204206,0,5.765853658536588
1453,144205983,0,5.765853658536588
1454,144205034,0,5.765853658536588
1455,144211166,0,5.765853658536588
1456,144203832,0,5.765853658536588
1457,144213860,0,5.765853658536588
1458,144205816,0,5.765853658536588
1459,144203793,0,5.765853658536588
1460,144204617,0,5.765853658536588
1461,144205557,0,5.765853658536588
1462,144203796,0,5.765853658536588
1463,144203950,0,5.765853658536588
1464,144204855,0,5.765853658536588
1465,144210854,0,5.765853658536588
1466,144203794,0,5.765853658536588
1467,144203963,0,5.765853658536588
1468,144212718,0,5.765853658536588
1469,144206529,0,5.765853658536588
1470,144205513,0,5.765853658536588
1471,144205512,0,5.765853658536588
1472,144205506,0,5.765853658536588
1473,144208898,0,5.765853658536588
1474,144212466,0,5.765853658536588
1475,144204015,0,5.765853658536588
1476,144212700,0,5.765853658536588
1477,144206324,0,5.765853658536588
1478,144205461,0,5.765853658536588
1479,144210970,0,5.765853658536588
1480,144213181,0,5.765853658536588
1481,144206386,0,5.765853658536588
1482,144213080,0,5.765853658536588
1483,144204585,0,5.765853658536588
1484,144212983,0,5.765853658536588
1485,144211326,0,5.765853658536588
1486,144203873,0,5.765853658536588
1487,144212787,0,5.765853658536588
1488,144205588,0,5.765853658536588
1489,144207437,0,5.765853658536588
1490,144203813,0,5.765853658536588
1491,144204616,0,5.765853658536588
1492,144206560,0,5.765853658536588
1493,144213288,0,5.765853658536588
1494,144213295,0,5.765853658536588
1495,144212773,0,5.765853658536588
1496,144208474,0,5.765853658536588
1497,144205486,0,5.765853658536588
1498,144213789,0,5.765853658536588
1499,144205805,0,5.765853658536588
1500,144212226,0,5.765853658536588
1501,144203716,0,5.765853658536588
1502,144208877,0,5.765853658536588
1503,144213818,0,5.765853658536588
1504,144208786,0,5.765853658536588
1505,144203745,0,5.765853658536588
1506,144208763,0,5.765853658536588
1507,144208716,0,5.765853658536588
1508,144204516,0,5.765853658536588
1509,144203705,0,5.765853658536588
1510,144213646,0,5.765853658536588
1511,144204518,0,5.765853658536588
1512,144208705,0,5.765853658536588
1513,144204079,0,5.765853658536588
1514,144212251,0,5.765853658536588
1515,144212225,0,5.765853658536588
1516,144204523,0,5.765853658536588
1517,144210774,0,5.765853658536588
1518,144212231,0,5.765853658536588
1519,144205395,0,5.750810810810811
1520,144212994,0,5.750810810810811
1521,144211860,0,5.750810810810811
1522,144205673,1,5.750810810810811
1523,144211881,0,5.750810810810811
1524,144207155,0,5.750810810810811
1525,144209512,0,5.750810810810811
1526,144206400,0,5.750810810810811
1527,144204907,0,5.750810810810811
1528,144207072,0,5.750810810810811
1529,144213593,0,5.750810810810811
1530,144203751,0,5.750810810810811
1531,144204171,0,5.750810810810811
1532,144203659,0,5.750810810810811
1533,144205278,0,5.750810810810811
1534,144208384,0,5.750810810810811
1535,144206772,0,5.6780912863070565
1536,144206600,0,5.6780912863070565
1537,144206602,0,5.6780912863070565
1538,144206768,0,5.6780912863070565
1539,144206959,0,5.6780912863070565
1540,144206934,0,5.6780912863070565
1541,144206254,0,5.6780912863070565
1542,144206073,0,5.6780912863070565
1543,144206723,0,5.6780912863070565
1544,144206436,0,5.6780912863070565
1545,144206205,0,5.6780912863070565
1546,144206711,0,5.6780912863070565
1547,144206889,0,5.6780912863070565
1548,144206608,0,5.6780912863070565
1549,144208335,0,5.6780912863070565
1550,144206655,0,5.6780912863070565
1551,144204126,0,5.6780912863070565
1552,144209501,0,5.6780912863070565
1553,144205246,0,5.6780912863070565
1554,144209537,0,5.6780912863070565
1555,144209541,0,5.6780912863070565
1556,144205218,0,5.6780912863070565
1557,144209652,0,5.6780912863070565
1558,144209815,0,5.6780912863070565
1559,144204169,0,5.6780912863070565
1560,144209823,0,5.6780912863070565
1561,144209829,0,5.6780912863070565
1562,144209847,0,5.6780912863070565
1563,144209860,0,5.6780912863070565
1564,144209865,0,5.6780912863070565
1565,144205154,0,5.6780912863070565
1566,144204039,0,5.6780912863070565
1567,144209417,0,5.6780912863070565
1568,144205308,0,5.6780912863070565
1569,144205313,0,5.6780912863070565
1570,144212371,0,5.6780912863070565
1571,144204018,0,5.6780912863070565
1572,144209115,0,5.6780912863070565
1573,144205350,0,5.6780912863070565
1574,144209113,0,5.6780912863070565
1575,144212538,0,5.6780912863070565
1576,144203979,0,5.6780912863070565
1577,144212606,0,5.6780912863070565
1578,144212623,0,5.6780912863070565
1579,144205370,0,5.6780912863070565
1580,144208992,0,5.6780912863070565
1581,144203966,0,5.6780912863070565
1582,144212748,0,5.6780912863070565
1583,144211994,0,5.6780912863070565
1584,144210510,0,5.6780912863070565
1585,144212806,0,5.6780912863070565
1586,144204726,0,5.6780912863070565
1587,144211715,0,5.6780912863070565
1588,144211035,0,5.6780912863070565
1589,144204798,0,5.6780912863070565
1590,144211672,0,5.6780912863070565
1591,144211664,0,5.6780912863070565
1592,144211645,0,5.6780912863070565
1593,144211150,0,5.6780912863070565
1594,144205085,0,5.6780912863070565
1595,144211178,0,5.6780912863070565
1596,144211182,0,5.6780912863070565
1597,144211203,0,5.6780912863070565
1598,144211315,0,5.6780912863070565
1599,144211553,0,5.6780912863070565
1600,144211452,0,5.6780912863070565
1601,144211733,0,5.6780912863070565
1602,144204417,0,5.6780912863070565
1603,144205946,0,5.6780912863070565
1604,144204813,0,5.6780912863070565
1605,144204814,0,5.6780912863070565
1606,144211764,0,5.6780912863070565
1607,144211769,0,5.6780912863070565
1608,144204357,0,5.6780912863070565
1609,144204908,0,5.6780912863070565
1610,144204335,0,5.6780912863070565
1611,144204310,0,5.6780912863070565
1612,144204983,0,5.6780912863070565
1613,144210635,0,5.6780912863070565
1614,144204223,0,5.6780912863070565
1615,144210561,0,5.6780912863070565
1616,144204216,0,5.6780912863070565
1617,144210547,0,5.6780912863070565
1618,144212780,0,5.6780912863070565
1619,144204532,0,5.6780912863070565
1620,144212861,0,5.6780912863070565
1621,144208040,0,5.6780912863070565
1622,144208259,0,5.6780912863070565
1623,144205825,0,5.6780912863070565
1624,144205801,0,5.6780912863070565
1625,144214009,0,5.6780912863070565
1626,144205781,0,5.6780912863070565
1627,144207695,0,5.6780912863070565
1628,144205710,0,5.6780912863070565
1629,144213945,0,5.6780912863070565
1630,144203742,0,5.6780912863070565
1631,144208023,0,5.6780912863070565
1632,144208281,0,5.6780912863070565
1633,144207915,0,5.6780912863070565
1634,144213732,0,5.6780912863070565
1635,144207592,0,5.6780912863070565
1636,144207828,0,5.6780912863070565
1637,144213924,0,5.6780912863070565
1638,144207823,0,5.6780912863070565
1639,144207805,0,5.6780912863070565
1640,144207797,0,5.6780912863070565
1641,144207795,0,5.6780912863070565
1642,144205827,0,5.6780912863070565
1643,144205532,0,5.6780912863070565
1644,144205931,0,5.6780912863070565
1645,144208346,0,5.6780912863070565
1646,144203869,0,5.6780912863070565
1647,144212985,0,5.6780912863070565
1648,144212991,0,5.6780912863070565
1649,144203857,0,5.6780912863070565
1650,144203585,0,5.6780912863070565
1651,144207780,0,5.6780912863070565
1652,144214046,0,5.6780912863070565
1653,144213512,0,5.6780912863070565
1654,144210540,1,5.617243902439026
1655,144203658,0,5.617243902439026
1656,144203625,0,5.617243902439026
1657,144204356,0,5.617243902439026
1658,144204340,0,5.617243902439026
1659,144203657,0,5.617243902439026
1660,144211886,0,5.617243902439026
1661,144204306,0,5.617243902439026
1662,144206622,0,5.617243902439026
1663,144211489,0,5.617243902439026
1664,144203629,0,5.617243902439026
1665,144203681,0,5.617243902439026
1666,144206658,0,5.617243902439026
1667,144204258,0,5.617243902439026
1668,144211483,0,5.617243902439026
1669,144206612,0,5.617243902439026
1670,144204374,0,5.617243902439026
1671,144211825,0,5.617243902439026
1672,144211591,0,5.617243902439026
1673,144208538,1,5.617243902439026
1674,144206406,0,5.617243902439026
1675,144213985,0,5.617243902439026
1676,144213974,0,5.617243902439026
1677,144213946,0,5.617243902439026
1678,144211637,0,5.617243902439026
1679,144211782,0,5.617243902439026
1680,144204387,0,5.617243902439026
1681,144204502,0,5.617243902439026
1682,144204391,0,5.617243902439026
1683,144206778,0,5.617243902439026
1684,144206422,0,5.617243902439026
1685,144214018,0,5.617243902439026
1686,144206640,0,5.617243902439026
1687,144211651,0,5.617243902439026
1688,144206730,0,5.617243902439026
1689,144213882,0,5.617243902439026
1690,144204200,0,5.617243902439026
1691,144204053,0,5.617243902439026
1692,144213587,0,5.617243902439026
1693,144212254,0,5.617243902439026
1694,144213529,0,5.617243902439026
1695,144212306,0,5.617243902439026
1696,144211481,0,5.617243902439026
1697,144206697,0,5.617243902439026
1698,144213361,0,5.617243902439026
1699,144203798,0,5.617243902439026
1700,144203996,0,5.617243902439026
1701,144203995,0,5.617243902439026
1702,144203807,0,5.617243902439026
1703,144213250,0,5.617243902439026
1704,144213241,0,5.617243902439026
1705,144213090,0,5.617243902439026
1706,144212596,0,5.617243902439026
1707,144203970,0,5.617243902439026
1708,144203855,0,5.617243902439026
1709,144212989,0,5.617243902439026
1710,144203924,0,5.617243902439026
1711,144203915,0,5.617243902439026
1712,144212233,0,5.617243902439026
1713,144212221,0,5.617243902439026
1714,144213719,0,5.617243902439026
1715,144203688,0,5.617243902439026
1716,144211981,0,5.617243902439026
1717,144211989,0,5.617243902439026
1718,144204160,0,5.617243902439026
1719,144203871,0,5.617243902439026
1720,144212078,0,5.617243902439026
1721,144206454,0,5.617243902439026
1722,144206456,0,5.617243902439026
1723,144204138,0,5.617243902439026
1724,144204137,0,5.617243902439026
1725,144212145,0,5.617243902439026
1726,144212212,0,5.617243902439026
1727,144213809,0,5.617243902439026
1728,144203730,0,5.617243902439026
1729,144203739,0,5.617243902439026
1730,144204132,0,5.617243902439026
1731,144204124,0,5.617243902439026
1732,144212165,0,5.617243902439026
1733,144212173,0,5.617243902439026
1734,144206586,0,5.617243902439026
1735,144204104,0,5.617243902439026
1736,144212351,0,5.617243902439026
1737,144206975,0,5.617243902439026
1738,144204536,0,5.617243902439026
1739,144208718,0,5.617243902439026
1740,144205505,0,5.617243902439026
1741,144208358,0,5.617243902439026
1742,144208390,0,5.617243902439026
1743,144208393,0,5.617243902439026
1744,144208493,0,5.617243902439026
1745,144205462,0,5.617243902439026
1746,144208611,0,5.617243902439026
1747,144205443,0,5.617243902439026
1748,144205441,0,5.617243902439026
1749,144206160,0,5.617243902439026
1750,144206161,0,5.617243902439026
1751,144208665,0,5.617243902439026
1752,144205428,0,5.617243902439026
1753,144208757,0,5.617243902439026
1754,144205516,0,5.617243902439026
1755,144205397,0,5.617243902439026
1756,144208886,0,5.617243902439026
1757,144208938,0,5.617243902439026
1758,144205367,0,5.617243902439026
1759,144209015,0,5.617243902439026
1760,144209037,0,5.617243902439026
1761,144209076,0,5.617243902439026
1762,144205355,0,5.617243902439026
1763,144205354,0,5.617243902439026
1764,144209167,0,5.617243902439026
1765,144209232,0,5.617243902439026
1766,144206194,0,5.617243902439026
1767,144209354,0,5.617243902439026
1768,144205509,0,5.617243902439026
1769,144208291,0,5.617243902439026
1770,144209438,0,5.617243902439026
1771,144205683,0,5.617243902439026
1772,144207041,0,5.617243902439026
1773,144206966,0,5.617243902439026
1774,144205898,0,5.617243902439026
1775,144206029,0,5.617243902439026
1776,144207086,0,5.617243902439026
1777,144207096,0,5.617243902439026
1778,144207102,0,5.617243902439026
1779,144207137,0,5.617243902439026
1780,144207157,0,5.617243902439026
1781,144207179,0,5.617243902439026
1782,144205706,0,5.617243902439026
1783,144205691,0,5.617243902439026
1784,144206055,0,5.617243902439026
1785,144207589,0,5.617243902439026
1786,144205519,0,5.617243902439026
1787,144207596,0,5.617243902439026
1788,144207637,0,5.617243902439026
1789,144207673,0,5.617243902439026
1790,144207773,0,5.617243902439026
1791,144206948,0,5.617243902439026
1792,144207898,0,5.617243902439026
1793,144207910,0,5.617243902439026
1794,144205605,0,5.617243902439026
1795,144207941,0,5.617243902439026
1796,144205553,0,5.617243902439026
1797,144208170,0,5.617243902439026
1798,144208236,0,5.617243902439026
1799,144206121,0,5.617243902439026
1800,144205274,0,5.617243902439026
1801,144210988,0,5.617243902439026
1802,144204995,0,5.617243902439026
1803,144204927,0,5.617243902439026
1804,144210472,0,5.617243902439026
1805,144210528,0,5.617243902439026
1806,144211149,0,5.617243902439026
1807,144210551,0,5.617243902439026
1808,144211142,0,5.617243902439026
1809,144205243,0,5.617243902439026
1810,144204972,0,5.617243902439026
1811,144210697,0,5.617243902439026
1812,144210703,0,5.617243902439026
1813,144210716,0,5.617243902439026
1814,144210739,0,5.617243902439026
1815,144204896,0,5.617243902439026
1816,144206265,0,5.617243902439026
1817,144210822,0,5.617243902439026
1818,144210843,0,5.617243902439026
1819,144210898,0,5.617243902439026
1820,144210911,0,5.617243902439026
1821,144204841,0,5.617243902439026
1822,144204782,0,5.617243902439026
1823,144210925,0,5.617243902439026
1824,144204783,0,5.617243902439026
1825,144204824,0,5.617243902439026
1826,144210929,0,5.617243902439026
1827,144206353,0,5.617243902439026
1828,144205123,0,5.617243902439026
1829,144210468,0,5.617243902439026
1830,144211033,0,5.617243902439026
1831,144205125,0,5.617243902439026
1832,144205242,0,5.617243902439026
1833,144211471,0,5.617243902439026
1834,144205233,0,5.617243902439026
1835,144209581,0,5.617243902439026
1836,144209608,0,5.617243902439026
1837,144209627,0,5.617243902439026
1838,144209634,0,5.617243902439026
1839,144209656,0,5.617243902439026
1840,144206873,0,5.617243902439026
1841,144209743,0,5.617243902439026
1842,144211017,0,5.617243902439026
1843,144210189,0,5.617243902439026
1844,144211223,0,5.617243902439026
1845,144211221,0,5.617243902439026
1846,144210322,0,5.617243902439026
1847,144211213,0,5.617243902439026
1848,144205128,0,5.617243902439026
1849,144206858,0,5.617243902439026
1850,144206372,0,5.617243902439026
1851,144212155,0,5.615095744752
1852,144211342,0,5.612245111932609
1853,144210020,0,5.611377853477346
1854,144211345,0,5.610983606557378
1855,144207045,0,5.610983606557378
1856,144211177,0,5.610983606557378
1857,144209499,0,5.610983606557378
1858,144213941,0,5.610983606557378
1859,144207683,0,5.610983606557378
1860,144210617,0,5.610983606557378
1861,144208340,0,5.610983606557378
1862,144210462,0,5.610983606557378
1863,144206729,0,5.610983606557378
1864,144212877,0,5.610983606557378
1865,144212830,0,5.610983606557378
1866,144212819,0,5.610983606557378
1867,144210174,0,5.610983606557378
1868,144206728,0,5.610983606557378
1869,144212208,0,5.610983606557378
1870,144211477,0,5.610983606557378
1871,144206909,0,5.610983606557378
1872,144203610,1,5.610983606557378
1873,144204394,0,5.610983606557378
1874,144205451,0,5.610983606557378
1875,144204932,0,5.610983606557378
1876,144204869,0,5.610983606557378
1877,144204850,0,5.610983606557378
1878,144205292,0,5.610983606557378
1879,144206045,0,5.610983606557378
1880,144203741,0,5.610983606557378
1881,144206036,0,5.610983606557378
1882,144205465,0,5.610983606557378
1883,144204464,0,5.5793684210526315
1884,144212080,0,5.5793684210526315
1885,144212067,0,5.5793684210526315
1886,144212065,0,5.5793684210526315
1887,144211418,0,5.5793684210526315
1888,144212026,0,5.5793684210526315
1889,144212018,0,5.5793684210526315
1890,144207282,0,5.5793684210526315
1891,144204515,0,5.5793684210526315
1892,144204507,0,5.5793684210526315
1893,144204497,0,5.5793684210526315
1894,144204287,0,5.5793684210526315
1895,144211889,0,5.5793684210526315
1896,144204398,0,5.5793684210526315
1897,144207355,0,5.5793684210526315
1898,144212219,0,5.5793684210526315
1899,144204475,0,5.5793684210526315
1900,144204456,0,5.5793684210526315
1901,144211713,0,5.5793684210526315
1902,144211702,0,5.5793684210526315
1903,144212168,0,5.5793684210526315
1904,144212305,0,5.5793684210526315
1905,144212222,0,5.5793684210526315
1906,144212244,0,5.5793684210526315
1907,144206213,0,5.5793684210526315
1908,144203842,0,5.5793684210526315
1909,144203848,0,5.5793684210526315
1910,144206193,0,5.5793684210526315
1911,144212990,0,5.5793684210526315
1912,144206173,0,5.5793684210526315
1913,144212956,0,5.5793684210526315
1914,144206131,0,5.5793684210526315
1915,144212913,0,5.5793684210526315
1916,144212870,0,5.5793684210526315
1917,144203901,0,5.5793684210526315
1918,144205981,0,5.5793684210526315
1919,144212738,0,5.5793684210526315
1920,144203937,0,5.5793684210526315
1921,144203960,0,5.5793684210526315
1922,144212638,0,5.5793684210526315
1923,144212636,0,5.5793684210526315
1924,144212584,0,5.5793684210526315
1925,144212418,0,5.5793684210526315
1926,144204013,0,5.5793684210526315
1927,144207092,0,5.5793684210526315
1928,144212310,0,5.5793684210526315
1929,144211376,0,5.5793684210526315
1930,144211396,0,5.5793684210526315
1931,144211275,0,5.5793684210526315
1932,144204589,0,5.5793684210526315
1933,144205339,0,5.5793684210526315
1934,144209636,0,5.5793684210526315
1935,144209586,0,5.5793684210526315
1936,144209518,0,5.5793684210526315
1937,144205234,0,5.5793684210526315
1938,144205235,0,5.5793684210526315
1939,144209463,0,5.5793684210526315
1940,144209358,0,5.5793684210526315
1941,144205335,0,5.5793684210526315
1942,144209203,0,5.5793684210526315
1943,144209185,0,5.5793684210526315
1944,144205382,0,5.5793684210526315
1945,144211366,0,5.5793684210526315
1946,144205539,0,5.5793684210526315
1947,144208849,0,5.5793684210526315
1948,144208091,0,5.5793684210526315
1949,144205407,0,5.5793684210526315
1950,144205413,0,5.5793684210526315
1951,144208536,0,5.5793684210526315
1952,144208502,0,5.5793684210526315
1953,144208354,0,5.5793684210526315
1954,144205511,0,5.5793684210526315
1955,144205517,0,5.5793684210526315
1956,144209742,0,5.5793684210526315
1957,144209929,0,5.5793684210526315
1958,144210073,0,5.5793684210526315
1959,144210104,0,5.5793684210526315
1960,144204606,0,5.5793684210526315
1961,144213168,0,5.5793684210526315
1962,144205680,0,5.5793684210526315
1963,144207567,0,5.5793684210526315
1964,144204803,0,5.5793684210526315
1965,144211014,0,5.5793684210526315
1966,144204806,0,5.5793684210526315
1967,144210980,0,5.5793684210526315
1968,144204810,0,5.5793684210526315
1969,144204823,0,5.5793684210526315
1970,144210924,0,5.5793684210526315
1971,144210862,0,5.5793684210526315
1972,144204876,0,5.5793684210526315
1973,144210762,0,5.5793684210526315
1974,144210745,0,5.5793684210526315
1975,144210637,0,5.5793684210526315
1976,144210596,0,5.5793684210526315
1977,144210537,0,5.5793684210526315
1978,144210434,0,5.5793684210526315
1979,144210180,0,5.5793684210526315
1980,144210131,0,5.5793684210526315
1981,144206229,0,5.5793684210526315
1982,144203555,0,5.5793684210526315
1983,144213281,0,5.5793684210526315
1984,144213839,0,5.5793684210526315
1985,144206511,0,5.5793684210526315
1986,144206310,0,5.5793684210526315
1987,144213535,0,5.5793684210526315
1988,144206610,0,5.5793684210526315
1989,144213583,0,5.5793684210526315
1990,144213238,0,5.5793684210526315
1991,144210160,1,5.5793684210526315
1992,144203759,0,5.5793684210526315
1993,144206786,0,5.5793684210526315
1994,144213323,0,5.5793684210526315
1995,144213629,0,5.5793684210526315
1996,144206833,0,5.5793684210526315
1997,144213837,0,5.5793684210526315
1998,144206270,0,5.5793684210526315
1999,144206423,0,5.5793684210526315
2000,144213766,0,5.5793684210526315
2001,144203749,0,5.5793684210526315
2002,144206762,0,5.5793684210526315
2003,144203608,0,5.5793684210526315
2004,144211285,0,5.548865671641791
2005,144211297,0,5.548865671641791
2006,144203750,0,5.548865671641791
2007,144211372,0,5.548865671641791
2008,144206421,0,5.548865671641791
2009,144211206,0,5.548865671641791
2010,144213194,0,5.548865671641791
2011,144211194,0,5.548865671641791
2012,144204725,0,5.548865671641791
2013,144205682,0,5.548865671641791
2014,144207562,0,5.548865671641791
2015,144204757,0,5.548865671641791
2016,144205677,0,5.548865671641791
2017,144204913,0,5.548865671641791
2018,144203722,0,5.548865671641791
2019,144210837,0,5.548865671641791
2020,144204859,0,5.548865671641791
2021,144207640,0,5.548865671641791
2022,144204815,0,5.548865671641791
2023,144210972,0,5.548865671641791
2024,144203729,0,5.548865671641791
2025,144205671,0,5.548865671641791
2026,144211025,0,5.548865671641791
2027,144211026,0,5.548865671641791
2028,144211037,0,5.548865671641791
2029,144211059,0,5.548865671641791
2030,144211079,0,5.548865671641791
2031,144206767,0,5.548865671641791
2032,144211110,0,5.548865671641791
2033,144204758,0,5.548865671641791
2034,144211395,0,5.548865671641791
2035,144213195,0,5.548865671641791
2036,144206420,0,5.548865671641791
2037,144203778,0,5.548865671641791
2038,144211917,0,5.548865671641791
2039,144211928,0,5.548865671641791
2040,144204210,0,5.548865671641791
2041,144211965,0,5.548865671641791
2042,144211967,0,5.548865671641791
2043,144204164,0,5.548865671641791
2044,144207268,0,5.548865671641791
2045,144212012,0,5.548865671641791
2046,144207244,0,5.548865671641791
2047,144211420,0,5.548865671641791
2048,144204154,0,5.548865671641791
2049,144206803,0,5.548865671641791
2050,144212062,0,5.548865671641791
2051,144206806,0,5.548865671641791
2052,144212073,0,5.548865671641791
2053,144205703,0,5.548865671641791
2054,144213399,0,5.548865671641791
2055,144212114,0,5.548865671641791
2056,144211910,0,5.548865671641791
2057,144207310,0,5.548865671641791
2058,144207312,0,5.548865671641791
2059,144204321,0,5.548865671641791
2060,144204538,0,5.548865671641791
2061,144211478,0,5.548865671641791
2062,144210746,0,5.548865671641791
2063,144204534,0,5.548865671641791
2064,144207447,0,5.548865671641791
2065,144204528,0,5.548865671641791
2066,144211561,0,5.548865671641791
2067,144211570,0,5.548865671641791
2068,144204477,0,5.548865671641791
2069,144204471,0,5.548865671641791
2070,144213475,0,5.548865671641791
2071,144213439,0,5.548865671641791
2072,144211754,0,5.548865671641791
2073,144211777,0,5.548865671641791
2074,144207330,0,5.548865671641791
2075,144211834,0,5.548865671641791
2076,144204333,0,5.548865671641791
2077,144204916,0,5.548865671641791
2078,144207747,0,5.548865671641791
2079,144203710,0,5.548865671641791
2080,144205386,0,5.548865671641791
2081,144208927,0,5.548865671641791
2082,144208963,0,5.548865671641791
2083,144209013,0,5.548865671641791
2084,144205363,0,5.548865671641791
2085,144205566,0,5.548865671641791
2086,144205569,0,5.548865671641791
2087,144205348,0,5.548865671641791
2088,144209149,0,5.548865671641791
2089,144206589,0,5.548865671641791
2090,144209195,0,5.548865671641791
2091,144214022,0,5.548865671641791
2092,144205329,0,5.548865671641791
2093,144209215,0,5.548865671641791
2094,144205325,0,5.548865671641791
2095,144209298,0,5.548865671641791
2096,144209307,0,5.548865671641791
2097,144209308,0,5.548865671641791
2098,144208066,0,5.548865671641791
2099,144206690,0,5.548865671641791
2100,144205265,0,5.548865671641791
2101,144205400,0,5.548865671641791
2102,144205453,1,5.548865671641791
2103,144206637,0,5.548865671641791
2104,144205487,0,5.548865671641791
2105,144205530,0,5.548865671641791
2106,144208370,0,5.548865671641791
2107,144205481,0,5.548865671641791
2108,144205479,0,5.548865671641791
2109,144208490,0,5.548865671641791
2110,144208584,0,5.548865671641791
2111,144208599,0,5.548865671641791
2112,144208642,0,5.548865671641791
2113,144205444,0,5.548865671641791
2114,144208652,0,5.548865671641791
2115,144208684,0,5.548865671641791
2116,144205419,0,5.548865671641791
2117,144208735,0,5.548865671641791
2118,144208749,0,5.548865671641791
2119,144209394,0,5.548865671641791
2120,144209444,0,5.548865671641791
2121,144204940,0,5.548865671641791
2122,144210092,0,5.548865671641791
2123,144210099,0,5.548865671641791
2124,144207840,0,5.548865671641791
2125,144210144,0,5.548865671641791
2126,144207829,0,5.548865671641791
2127,144210411,0,5.548865671641791
2128,144205126,0,5.548865671641791
2129,144210467,0,5.548865671641791
2130,144205108,0,5.548865671641791
2131,144205106,0,5.548865671641791
2132,144210521,0,5.548865671641791
2133,144207769,0,5.548865671641791
2134,144205048,0,5.548865671641791
2135,144210585,0,5.548865671641791
2136,144210598,0,5.548865671641791
2137,144212157,0,5.548865671641791
2138,144204965,0,5.548865671641791
2139,144210715,0,5.548865671641791
2140,144207849,0,5.548865671641791
2141,144206514,0,5.548865671641791
2142,144209453,0,5.548865671641791
2143,144210062,0,5.548865671641791
2144,144209478,0,5.548865671641791
2145,144209535,0,5.548865671641791
2146,144205232,0,5.548865671641791
2147,144209552,0,5.548865671641791
2148,144205226,0,5.548865671641791
2149,144209570,0,5.548865671641791
2150,144209622,0,5.548865671641791
2151,144205215,0,5.548865671641791
2152,144205214,0,5.548865671641791
2153,144213926,0,5.548865671641791
2154,144209697,0,5.548865671641791
2155,144209717,0,5.548865671641791
2156,144213925,0,5.548865671641791
2157,144205624,0,5.548865671641791
2158,144205189,0,5.548865671641791
2159,144209951,0,5.548865671641791
2160,144210052,0,5.548865671641791
2161,144212134,0,5.548865671641791
2162,144211380,0,5.548865671641791
2163,144206844,0,5.548865671641791
2164,144206816,0,5.548865671641791
2165,144212653,0,5.548865671641791
2166,144205962,0,5.548865671641791
2167,144213385,0,5.548865671641791
2168,144212240,0,5.548865671641791
2169,144213101,0,5.548865671641791
2170,144212601,0,5.548865671641791
2171,144212401,0,5.548865671641791
2172,144204073,0,5.548865671641791
2173,144212405,0,5.548865671641791
2174,144213110,0,5.548865671641791
2175,144213339,0,5.548865671641791
2176,144203858,0,5.548865671641791
2177,144212896,0,5.548865671641791
2178,144212230,0,5.548865671641791
2179,144212419,0,5.548865671641791
2180,144213245,0,5.548865671641791
2181,144212898,0,5.548865671641791
2182,144213092,0,5.548865671641791
2183,144212361,0,5.548865671641791
2184,144204062,0,5.548865671641791
2185,144212271,0,5.548865671641791
2186,144212615,0,5.548865671641791
2187,144212617,0,5.548865671641791
2188,144203887,0,5.548865671641791
2189,144213087,0,5.548865671641791
2190,144213038,0,5.548865671641791
2191,144203850,0,5.548865671641791
2192,144212857,0,5.548865671641791
2193,144206892,0,5.548865671641791
2194,144212841,0,5.548865671641791
2195,144203962,0,5.548865671641791
2196,144205937,0,5.548865671641791
2197,144213364,0,5.548865671641791
2198,144213319,0,5.548865671641791
2199,144207111,0,5.548865671641791
2200,144203961,0,5.548865671641791
2201,144204029,0,5.548865671641791
2202,144206100,0,5.548865671641791
2203,144204090,0,5.548865671641791
2204,144204092,0,5.548865671641791
2205,144206154,0,5.548865671641791
2206,144213310,0,5.548865671641791
2207,144212196,0,5.548865671641791
2208,144212598,0,5.548865671641791
2209,144212540,0,5.548865671641791
2210,144205985,0,5.548865671641791
2211,144212175,0,5.548865671641791
2212,144212171,0,5.548865671641791
2213,144212950,0,5.548865671641791
2214,144212726,0,5.548865671641791
2215,144206136,0,5.548865671641791
2216,144206868,0,5.548865671641791
2217,144213393,0,5.548865671641791
2218,144212576,0,5.548865671641791
2219,144213179,0,5.548865671641791
2220,144203879,0,5.548865671641791
2221,144212574,0,5.548865671641791
2222,144205991,0,5.548865671641791
2223,144213045,0,5.548865671641791
2224,144206267,0,5.548865671641791
2225,144212708,0,5.548865671641791
2226,144213115,0,5.548865671641791
2227,144205767,0,5.548865671641791
2228,144213264,0,5.548865671641791
2229,144206023,0,5.548865671641791
2230,144212901,0,5.548865671641791
2231,144212211,0,5.548865671641791
2232,144203874,0,5.548865671641791
2233,144213165,0,5.548865671641791
2234,144212210,0,5.548865671641791
2235,144212802,0,5.548865671641791
2236,144206025,0,5.495893774410594
2237,144207064,0,5.477500000000001
2238,144208975,0,5.477500000000001
2239,144211270,0,5.477500000000001
2240,144204794,0,5.477500000000001
2241,144204846,0,5.477500000000001
2242,144203861,0,5.477500000000001
2243,144211487,0,5.477500000000001
2244,144208058,0,5.477500000000001
2245,144211491,0,5.477500000000001
2246,144209530,0,5.477500000000001
2247,144213242,0,5.477500000000001
2248,144207456,0,5.477500000000001
2249,144205220,0,5.477500000000001
2250,144210794,0,5.477500000000001
2251,144213779,0,5.477500000000001
2252,144207077,0,5.477500000000001
2253,144209070,0,5.477500000000001
2254,144210941,0,5.477500000000001
2255,144209276,0,5.477500000000001
2256,144209267,0,5.477500000000001
2257,144206706,0,5.477500000000001
2258,144210842,0,5.477500000000001
2259,144203923,0,5.477500000000001
2260,144212805,0,5.477500000000001
2261,144207874,0,5.477500000000001
2262,144211843,0,5.477500000000001
2263,144204338,0,5.477500000000001
2264,144206234,0,5.477500000000001
2265,144205192,0,5.477500000000001
2266,144206246,0,5.477500000000001
2267,144208385,0,5.477500000000001
2268,144205809,0,5.477500000000001
2269,144206628,0,5.477500000000001
2270,144211748,0,5.477500000000001
2271,144206838,0,5.477500000000001
2272,144212777,0,5.477500000000001
2273,144211982,0,5.477500000000001
2274,144212011,0,5.477500000000001
2275,144208432,0,5.477500000000001
2276,144206510,0,5.477500000000001
2277,144212180,0,5.477500000000001
2278,144212033,0,5.477500000000001
2279,144210427,0,5.477500000000001
2280,144212759,0,5.477500000000001
2281,144213178,0,5.477500000000001
2282,144211742,0,5.477500000000001
2283,144211548,0,5.477500000000001
2284,144206211,0,5.477500000000001
2285,144206890,0,5.477500000000001
2286,144211539,0,5.443636363636364
2287,144204537,0,5.443636363636364
2288,144212569,0,5.443636363636364
2289,144204285,0,5.443636363636364
2290,144205648,0,5.443636363636364
2291,144207140,0,5.443636363636364
2292,144205039,0,5.443636363636364
2293,144205870,0,5.4377425194484195
2294,144206727,0,5.436815725510728
2295,144203653,0,5.434929906542055
2296,144212906,0,5.434929906542055
2297,144203911,0,5.434929906542055
2298,144203652,0,5.434929906542055
2299,144203651,0,5.434929906542055
2300,144213918,0,5.434929906542055
2301,144203922,0,5.434929906542055
2302,144209497,0,5.434929906542055
2303,144212902,0,5.434929906542055
2304,144209422,0,5.434929906542055
2305,144209486,0,5.434929906542055
2306,144213289,0,5.434929906542055
2307,144205173,0,5.434929906542055
2308,144213944,0,5.434929906542055
2309,144205219,0,5.434929906542055
2310,144209588,0,5.434929906542055
2311,144205266,0,5.434929906542055
2312,144209641,0,5.434929906542055
2313,144209693,0,5.434929906542055
2314,144209587,0,5.434929906542055
2315,144213291,0,5.434929906542055
2316,144212842,0,5.434929906542055
2317,144209985,0,5.434929906542055
2318,144209764,0,5.434929906542055
2319,144209574,0,5.434929906542055
2320,144212888,0,5.434929906542055
2321,144209806,0,5.434929906542055
2322,144212809,0,5.434929906542055
2323,144203672,0,5.434929906542055
2324,144209632,0,5.434929906542055
2325,144203875,0,5.434929906542055
2326,144212161,0,5.434929906542055
2327,144212944,0,5.434929906542055
2328,144208713,0,5.434929906542055
2329,144208610,0,5.434929906542055
2330,144208619,0,5.434929906542055
2331,144208627,0,5.434929906542055
2332,144213222,0,5.434929906542055
2333,144213106,0,5.434929906542055
2334,144208701,0,5.434929906542055
2335,144205429,0,5.434929906542055
2336,144205418,0,5.434929906542055
2337,144213112,0,5.434929906542055
2338,144208719,0,5.434929906542055
2339,144205412,0,5.434929906542055
2340,144205411,0,5.434929906542055
2341,144205409,0,5.434929906542055
2342,144208783,0,5.434929906542055
2343,144213091,0,5.434929906542055
2344,144208810,0,5.434929906542055
2345,144208989,1,5.434929906542055
2346,144208589,0,5.434929906542055
2347,144205268,0,5.434929906542055
2348,144205476,0,5.434929906542055
2349,144208272,0,5.434929906542055
2350,144203826,0,5.434929906542055
2351,144208330,0,5.434929906542055
2352,144206660,1,5.434929906542055
2353,144203830,0,5.434929906542055
2354,144205480,0,5.434929906542055
2355,144213211,0,5.434929906542055
2356,144208418,0,5.434929906542055
2357,144208587,0,5.434929906542055
2358,144208452,0,5.434929906542055
2359,144205472,0,5.434929906542055
2360,144208479,0,5.434929906542055
2361,144205469,0,5.434929906542055
2362,144203602,0,5.434929906542055
2363,144203836,0,5.434929906542055
2364,144208545,0,5.434929906542055
2365,144208817,0,5.434929906542055
2366,144205402,0,5.434929906542055
2367,144210586,1,5.434929906542055
2368,144209322,0,5.434929906542055
2369,144213257,0,5.434929906542055
2370,144203864,0,5.434929906542055
2371,144214020,0,5.434929906542055
2372,144205318,0,5.434929906542055
2373,144209241,0,5.434929906542055
2374,144209259,0,5.434929906542055
2375,144209291,0,5.434929906542055
2376,144209347,0,5.434929906542055
2377,144203619,0,5.434929906542055
2378,144209350,0,5.434929906542055
2379,144203647,0,5.434929906542055
2380,144213969,0,5.434929906542055
2381,144205291,0,5.434929906542055
2382,144209370,0,5.434929906542055
2383,144205269,0,5.434929906542055
2384,144209385,0,5.434929906542055
2385,144214030,0,5.434929906542055
2386,144209117,0,5.434929906542055
2387,144210162,0,5.434929906542055
2388,144209098,0,5.434929906542055
2389,144208863,0,5.434929906542055
2390,144208864,0,5.434929906542055
2391,144213053,0,5.434929906542055
2392,144203628,0,5.434929906542055
2393,144208923,0,5.434929906542055
2394,144203812,0,5.434929906542055
2395,144209006,0,5.434929906542055
2396,144209021,0,5.434929906542055
2397,144209049,0,5.434929906542055
2398,144203854,0,5.434929906542055
2399,144209057,0,5.434929906542055
2400,144209060,0,5.434929906542055
2401,144212996,0,5.434929906542055
2402,144205359,0,5.434929906542055
2403,144209084,0,5.434929906542055
2404,144209104,0,5.434929906542055
2405,144210714,0,5.434929906542055
2406,144213893,0,5.434929906542055
2407,144211602,0,5.434929906542055
2408,144211533,0,5.434929906542055
2409,144204520,0,5.434929906542055
2410,144211546,0,5.434929906542055
2411,144212276,0,5.434929906542055
2412,144212272,0,5.434929906542055
2413,144213548,0,5.434929906542055
2414,144204488,0,5.434929906542055
2415,144211597,0,5.434929906542055
2416,144212267,0,5.434929906542055
2417,144210185,0,5.434929906542055
2418,144212264,0,5.434929906542055
2419,144204042,0,5.434929906542055
2420,144213524,0,5.434929906542055
2421,144204461,0,5.434929906542055
2422,144203767,0,5.434929906542055
2423,144204045,0,5.434929906542055
2424,144204459,0,5.434929906542055
2425,144203774,0,5.434929906542055
2426,144211526,0,5.434929906542055
2427,144204521,0,5.434929906542055
2428,144211520,0,5.434929906542055
2429,144211519,0,5.434929906542055
2430,144213345,0,5.434929906542055
2431,144211349,0,5.434929906542055
2432,144212394,0,5.434929906542055
2433,144212392,0,5.434929906542055
2434,144204027,0,5.434929906542055
2435,144212349,0,5.434929906542055
2436,144204028,0,5.434929906542055
2437,144204031,0,5.434929906542055
2438,144204546,0,5.434929906542055
2439,144211470,0,5.434929906542055
2440,144212308,0,5.434929906542055
2441,144204530,0,5.434929906542055
2442,144211490,0,5.434929906542055
2443,144213369,0,5.434929906542055
2444,144212282,0,5.434929906542055
2445,144211498,0,5.434929906542055
2446,144211515,0,5.434929906542055
2447,144204413,0,5.434929906542055
2448,144204412,0,5.434929906542055
2449,144204411,0,5.434929906542055
2450,144204155,0,5.434929906542055
2451,144212014,0,5.434929906542055
2452,144204107,0,5.434929906542055
2453,144212019,0,5.434929906542055
2454,144212190,0,5.434929906542055
2455,144212028,0,5.434929906542055
2456,144212054,0,5.434929906542055
2457,144212056,0,5.434929906542055
2458,144212066,0,5.434929906542055
2459,144213402,0,5.434929906542055
2460,144212170,0,5.434929906542055
2461,144212169,0,5.434929906542055
2462,144212102,0,5.434929906542055
2463,144212108,0,5.434929906542055
2464,144204121,0,5.434929906542055
2465,144204122,0,5.434929906542055
2466,144204143,0,5.434929906542055
2467,144204136,0,5.434929906542055
2468,144212205,0,5.434929906542055
2469,144204157,0,5.434929906542055
2470,144208233,0,5.434929906542055
2471,144204172,0,5.434929906542055
2472,144211820,0,5.434929906542055
2473,144211829,0,5.434929906542055
2474,144204064,0,5.434929906542055
2475,144211876,0,5.434929906542055
2476,144211877,0,5.434929906542055
2477,144204075,0,5.434929906542055
2478,144203781,0,5.434929906542055
2479,144204319,0,5.434929906542055
2480,144213424,0,5.434929906542055
2481,144204291,0,5.434929906542055
2482,144213409,0,5.434929906542055
2483,144204096,0,5.434929906542055
2484,144213407,0,5.434929906542055
2485,144204189,0,5.434929906542055
2486,144211952,0,5.434929906542055
2487,144212213,0,5.434929906542055
2488,144204179,0,5.434929906542055
2489,144211294,0,5.434929906542055
2490,144213330,0,5.434929906542055
2491,144211251,0,5.434929906542055
2492,144210601,0,5.434929906542055
2493,144213836,0,5.434929906542055
2494,144204977,0,5.434929906542055
2495,144204135,0,5.434929906542055
2496,144204935,0,5.434929906542055
2497,144203967,0,5.434929906542055
2498,144212619,0,5.434929906542055
2499,144204923,0,5.434929906542055
2500,144203715,0,5.434929906542055
2501,144204891,0,5.434929906542055
2502,144212610,0,5.434929906542055
2503,144204874,0,5.434929906542055
2504,144203968,0,5.434929906542055
2505,144210847,0,5.434929906542055
2506,144213778,0,5.434929906542055
2507,144213769,0,5.434929906542055
2508,144210875,0,5.434929906542055
2509,144210897,0,5.434929906542055
2510,144210610,0,5.434929906542055
2511,144210591,0,5.434929906542055
2512,144213765,0,5.434929906542055
2513,144212655,0,5.434929906542055
2514,144210361,0,5.434929906542055
2515,144205130,0,5.434929906542055
2516,144210394,0,5.434929906542055
2517,144210415,0,5.434929906542055
2518,144210421,0,5.434929906542055
2519,144210450,0,5.434929906542055
2520,144203925,0,5.434929906542055
2521,144210478,0,5.434929906542055
2522,144212711,0,5.434929906542055
2523,144213313,0,5.434929906542055
2524,144205104,0,5.434929906542055
2525,144212698,0,5.434929906542055
2526,144205063,0,5.434929906542055
2527,144205053,0,5.434929906542055
2528,144212695,0,5.434929906542055
2529,144213316,0,5.434929906542055
2530,144205023,0,5.434929906542055
2531,144210912,0,5.434929906542055
2532,144203976,0,5.434929906542055
2533,144204649,0,5.434929906542055
2534,144213698,0,5.434929906542055
2535,144212549,0,5.434929906542055
2536,144204781,0,5.434929906542055
2537,144211107,0,5.434929906542055
2538,144212544,0,5.434929906542055
2539,144211123,0,5.434929906542055
2540,144212497,0,5.434929906542055
2541,144204739,0,5.434929906542055
2542,144212470,0,5.434929906542055
2543,144204007,0,5.434929906542055
2544,144204708,0,5.434929906542055
2545,144212449,0,5.434929906542055
2546,144211201,0,5.434929906542055
2547,144212447,0,5.434929906542055
2548,144204675,0,5.434929906542055
2549,144211220,0,5.434929906542055
2550,144204666,0,5.434929906542055
2551,144204663,0,5.434929906542055
2552,144203986,0,5.434929906542055
2553,144211062,0,5.434929906542055
2554,144210933,0,5.434929906542055
2555,144212561,0,5.434929906542055
2556,144204819,0,5.434929906542055
2557,144204816,0,5.434929906542055
2558,144212589,0,5.434929906542055
2559,144210952,0,5.434929906542055
2560,144213762,0,5.434929906542055
2561,144203977,0,5.434929906542055
2562,144210975,0,5.434929906542055
2563,144211000,0,5.434929906542055
2564,144213741,0,5.434929906542055
2565,144211005,0,5.434929906542055
2566,144203733,0,5.434929906542055
2567,144203734,0,5.434929906542055
2568,144211018,0,5.434929906542055
2569,144203984,0,5.434929906542055
2570,144204793,0,5.434929906542055
2571,144211049,0,5.434929906542055
2572,144204790,0,5.434929906542055
2573,144208241,0,5.434929906542055
2574,144204906,0,5.434929906542055
2575,144205952,0,5.434929906542055
2576,144205786,0,5.434929906542055
2577,144206145,0,5.434929906542055
2578,144207466,0,5.434929906542055
2579,144207207,0,5.434929906542055
2580,144207325,0,5.434929906542055
2581,144206374,0,5.434929906542055
2582,144207052,0,5.434929906542055
2583,144207020,0,5.434929906542055
2584,144208010,0,5.434929906542055
2585,144206861,0,5.434929906542055
2586,144207912,0,5.434929906542055
2587,144207741,0,5.434929906542055
2588,144205596,0,5.434929906542055
2589,144207289,0,5.434929906542055
2590,144207736,0,5.434929906542055
2591,144205960,0,5.434929906542055
2592,144207708,0,5.434929906542055
2593,144206865,0,5.434929906542055
2594,144206866,0,5.434929906542055
2595,144207551,0,5.434929906542055
2596,144207985,0,5.434929906542055
2597,144208176,0,5.434929906542055
2598,144207042,0,5.434929906542055
2599,144205889,0,5.434929906542055
2600,144206815,0,5.434929906542055
2601,144206419,0,5.434929906542055
2602,144205890,0,5.434929906542055
2603,144205555,0,5.434929906542055
2604,144206852,0,5.434929906542055
2605,144208045,0,5.434929906542055
2606,144206885,0,5.434929906542055
2607,144207880,0,5.434929906542055
2608,144206523,0,5.434929906542055
2609,144206538,0,5.434929906542055
2610,144206854,0,5.434929906542055
2611,144207208,0,5.434929906542055
2612,144208090,0,5.434929906542055
2613,144206440,0,5.434929906542055
2614,144206550,0,5.434929906542055
2615,144206130,0,5.434929906542055
2616,144206875,0,5.434929906542055
2617,144206556,0,5.434929906542055
2618,144207219,0,5.434929906542055
2619,144208106,0,5.434929906542055
2620,144207517,0,5.434929906542055
2621,144205623,0,5.434929906542055
2622,144205629,0,5.434929906542055
2623,144206859,0,5.434929906542055
2624,144205651,0,5.434929906542055
2625,144205746,0,5.434929906542055
2626,144206218,0,5.434929906542055
2627,144205949,0,5.434929906542055
2628,144205689,0,5.434929906542055
2629,144205666,0,5.434929906542055
2630,144207630,0,5.434929906542055
2631,144206465,0,5.434929906542055
2632,144207136,0,5.434929906542055
2633,144206446,0,5.434929906542055
2634,144208191,0,5.434929906542055
2635,144207435,0,5.434929906542055
2636,144211146,0,5.404107142857142
2637,144204673,0,5.404107142857142
2638,144211119,0,5.404107142857142
2639,144208159,0,5.404107142857142
2640,144211425,0,5.404107142857142
2641,144208034,0,5.404107142857142
2642,144211856,0,5.404107142857142
2643,144205475,0,5.404107142857142
2644,144211865,0,5.404107142857142
2645,144211687,0,5.404107142857142
2646,144203582,0,5.404107142857142
2647,144203914,0,5.404107142857142
2648,144211429,0,5.404107142857142
2649,144207387,0,5.404107142857142
2650,144213555,0,5.404107142857142
2651,144207753,0,5.404107142857142
2652,144206174,0,5.404107142857142
2653,144212776,0,5.404107142857142
2654,144212109,0,5.404107142857142
2655,144208626,0,5.404107142857142
2656,144212215,0,5.404107142857142
2657,144205524,0,5.404107142857142
2658,144203841,0,5.404107142857142
2659,144209441,0,5.404107142857142
2660,144211384,0,5.404107142857142
2661,144209508,0,5.404107142857142
2662,144212428,0,5.404107142857142
2663,144210902,0,5.404107142857142
2664,144203894,0,5.404107142857142
2665,144211717,0,5.404107142857142
2666,144213797,0,5.404107142857142
2667,144208649,0,5.404107142857142
2668,144206494,0,5.404107142857142
2669,144205917,0,5.404107142857142
2670,144205352,0,5.404107142857142
2671,144210159,0,5.350084033613446
2672,144204630,0,5.350084033613446
2673,144213933,0,5.350084033613446
2674,144207065,0,5.350084033613446
2675,144210616,0,5.350084033613446
2676,144205009,0,5.350084033613446
2677,144209114,0,5.350084033613446
2678,144212119,0,5.350084033613446
2679,144212007,0,5.350084033613446
2680,144211191,0,5.350084033613446
2681,144206817,0,5.350084033613446
2682,144209720,0,5.350084033613446
2683,144206883,0,5.350084033613446
2684,144203754,0,5.350084033613446
2685,144212694,0,5.350084033613446
2686,144208686,0,5.350084033613446
2687,144211512,0,5.350084033613446
2688,144205199,0,5.350084033613446
2689,144205525,0,5.350084033613446
2690,144206177,0,5.350084033613446
2691,144213383,0,5.350084033613446
2692,144208028,0,5.350084033613446
2693,144210376,0,5.350084033613446
2694,144211278,0,5.350084033613446
2695,144205450,0,5.350084033613446
2696,144213040,0,5.350084033613446
2697,144211785,0,5.350084033613446
2698,144209402,0,5.350084033613446
2699,144205922,0,5.350084033613446
2700,144211428,0,5.350084033613446
2701,144212462,0,5.350084033613446
2702,144212347,0,5.350084033613446
2703,144205526,0,5.350084033613446
2704,144208074,0,5.350084033613446
2705,144209536,0,5.350084033613446
2706,144213903,0,5.350084033613446
2707,144213768,0,5.350084033613446
2708,144211124,0,5.350084033613446
2709,144204595,0,5.350084033613446
2710,144210667,0,5.350084033613446
2711,144204463,0,5.350084033613446
2712,144208969,0,5.350084033613446
2713,144210014,0,5.350084033613446
2714,144213299,0,5.350084033613446
2715,144209334,0,5.350084033613446
2716,144211936,0,5.350084033613446
2717,144209054,0,5.350084033613446
2718,144204561,0,5.350084033613446
2719,144213884,0,5.350084033613446
2720,144212564,0,5.350084033613446
2721,144213342,0,5.350084033613446
2722,144204080,0,5.350084033613446
2723,144207070,0,5.350084033613446
2724,144207367,0,5.350084033613446
2725,144212986,0,5.350084033613446
2726,144208362,0,5.350084033613446
2727,144205905,0,5.350084033613446
2728,144208360,0,5.350084033613446
2729,144210872,0,5.350084033613446
2730,144205536,0,5.350084033613446
2731,144212091,0,5.350084033613446
2732,144206967,0,5.350084033613446
2733,144213414,0,5.350084033613446
2734,144204956,0,5.350084033613446
2735,144208495,0,5.350084033613446
2736,144205153,0,5.350084033613446
2737,144207455,0,5.350084033613446
2738,144212115,0,5.350084033613446
2739,144209249,0,5.350084033613446
2740,144209399,0,5.350084033613446
2741,144206520,0,5.350084033613446
2742,144204441,0,5.350084033613446
2743,144213883,0,5.350084033613446
2744,144205320,0,5.350084033613446
2745,144210061,0,5.350084033613446
2746,144207738,0,5.350084033613446
2747,144212912,0,5.323999891555457
2748,144203772,0,5.315131578947368
2749,144208742,0,5.315131578947368
2750,144211048,0,5.315131578947368
2751,144206969,0,5.315131578947368
2752,144206757,0,5.315131578947368
2753,144213365,0,5.315131578947368
2754,144209921,0,5.315131578947368
2755,144212635,0,5.315131578947368
2756,144211046,0,5.315131578947368
2757,144207847,0,5.315131578947368
2758,144204567,0,5.315131578947368
2759,144206546,0,5.315131578947368
2760,144206756,0,5.315131578947368
2761,144212444,0,5.315131578947368
2762,144213681,0,5.315131578947368
2763,144210025,0,5.315131578947368
2764,144203690,0,5.315131578947368
2765,144213805,0,5.315131578947368
2766,144210067,0,5.315131578947368
2767,144208971,0,5.315131578947368
2768,144203880,0,5.315131578947368
2769,144208755,0,5.315131578947368
2770,144211661,0,5.315131578947368
2771,144213692,0,5.315131578947368
2772,144211793,0,5.315131578947368
2773,144207171,0,5.315131578947368
2774,144206900,0,5.315131578947368
2775,144207497,0,5.315131578947368
2776,144212467,0,5.315131578947368
2777,144208670,0,5.315131578947368
2778,144203678,0,5.315131578947368
2779,144203884,0,5.315131578947368
2780,144205466,0,5.315131578947368
2781,144210928,0,5.315131578947368
2782,144212907,0,5.315131578947368
2783,144206635,0,5.315131578947368
2784,144214012,0,5.315131578947368
2785,144206033,0,5.315131578947368
2786,144204325,0,5.315131578947368
2787,144203990,0,5.315131578947368
2788,144212594,0,5.315131578947368
2789,144211493,0,5.315131578947368
2790,144212873,0,5.315131578947368
2791,144205257,0,5.315131578947368
2792,144213147,0,5.315131578947368
2793,144211202,0,5.315131578947368
2794,144212862,0,5.315131578947368
2795,144212055,0,5.315131578947368
2796,144208172,0,5.315131578947368
2797,144203957,0,5.315131578947368
2798,144209204,0,5.315131578947368
2799,144205071,0,5.315131578947368
2800,144214000,0,5.315131578947368
2801,144204282,0,5.315131578947368
2802,144208128,0,5.315131578947368
2803,144205256,0,5.315131578947368
2804,144205432,0,5.315131578947368
2805,144212984,0,5.315131578947368
2806,144206348,0,5.315131578947368
2807,144205305,0,5.315131578947368
2808,144207059,0,5.315131578947368
2809,144210945,0,5.315131578947368
2810,144205933,0,5.315131578947368
2811,144212270,0,5.315131578947368
2812,144203624,0,5.315131578947368
2813,144207304,0,5.315131578947368
2814,144207205,0,5.315131578947368
2815,144206451,0,5.302499999999999
2816,144204631,0,5.302499999999999
2817,144207460,0,5.302499999999999
2818,144205800,0,5.302499999999999
2819,144213102,0,5.302499999999999
2820,144213282,0,5.302499999999999
2821,144209786,0,5.302499999999999
2822,144205012,0,5.302499999999999
2823,144211143,0,5.302499999999999
2824,144208151,0,5.302499999999999
2825,144209035,0,5.302499999999999
2826,144209513,0,5.302499999999999
2827,144207821,0,5.302499999999999
2828,144203805,0,5.302499999999999
2829,144209751,0,5.302499999999999
2830,144211816,0,5.302499999999999
2831,144203673,0,5.302499999999999
2832,144212142,0,5.200922131147542
2833,144211504,0,5.200922131147542
2834,144212559,0,5.200922131147542
2835,144207067,0,5.200922131147542
2836,144205910,0,5.200922131147542
2837,144209558,0,5.200922131147542
2838,144209449,0,5.200922131147542
2839,144205186,0,5.200922131147542
2840,144211484,0,5.200922131147542
2841,144209506,0,5.200922131147542
2842,144205930,0,5.200922131147542
2843,144209551,0,5.200922131147542
2844,144205230,0,5.200922131147542
2845,144213314,0,5.200922131147542
2846,144207452,0,5.200922131147542
2847,144209531,0,5.200922131147542
2848,144211401,0,5.200922131147542
2849,144209532,0,5.200922131147542
2850,144205185,0,5.200922131147542
2851,144209471,0,5.200922131147542
2852,144212163,0,5.200922131147542
2853,144207926,0,5.200922131147542
2854,144205934,0,5.200922131147542
2855,144209464,0,5.200922131147542
2856,144209544,0,5.200922131147542
2857,144209851,0,5.200922131147542
2858,144207922,0,5.200922131147542
2859,144209665,0,5.200922131147542
2860,144205685,0,5.200922131147542
2861,144211472,0,5.200922131147542
2862,144204539,0,5.200922131147542
2863,144209760,0,5.200922131147542
2864,144213726,0,5.200922131147542
2865,144204123,0,5.200922131147542
2866,144205217,0,5.200922131147542
2867,144209745,0,5.200922131147542
2868,144207906,0,5.200922131147542
2869,144209407,0,5.200922131147542
2870,144213795,0,5.200922131147542
2871,144213728,0,5.200922131147542
2872,144209409,0,5.200922131147542
2873,144207885,0,5.200922131147542
2874,144213320,0,5.200922131147542
2875,144207902,0,5.200922131147542
2876,144205611,0,5.200922131147542
2877,144207893,0,5.200922131147542
2878,144205210,0,5.200922131147542
2879,144213733,0,5.200922131147542
2880,144205704,0,5.200922131147542
2881,144208212,0,5.200922131147542
2882,144211527,0,5.200922131147542
2883,144209808,0,5.200922131147542
2884,144205923,0,5.200922131147542
2885,144207194,0,5.200922131147542
2886,144203969,0,5.200922131147542
2887,144207203,0,5.200922131147542
2888,144209796,0,5.200922131147542
2889,144203721,0,5.200922131147542
2890,144212602,0,5.200922131147542
2891,144207914,0,5.200922131147542
2892,144209584,0,5.200922131147542
2893,144211413,0,5.200922131147542
2894,144207468,0,5.200922131147542
2895,144211459,0,5.200922131147542
2896,144205194,0,5.200922131147542
2897,144203792,0,5.200922131147542
2898,144213759,0,5.200922131147542
2899,144203743,0,5.200922131147542
2900,144209401,0,5.200922131147542
2901,144205261,0,5.200922131147542
2902,144211473,0,5.200922131147542
2903,144209596,0,5.200922131147542
2904,144205606,0,5.200922131147542
2905,144207246,0,5.200922131147542
2906,144212537,0,5.200922131147542
2907,144206204,0,5.200922131147542
2908,144204952,0,5.200922131147542
2909,144204754,0,5.200922131147542
2910,144211133,0,5.200922131147542
2911,144211129,0,5.200922131147542
2912,144213417,0,5.200922131147542
2913,144213513,0,5.200922131147542
2914,144210743,0,5.200922131147542
2915,144212312,0,5.200922131147542
2916,144213511,0,5.200922131147542
2917,144212311,0,5.200922131147542
2918,144207542,0,5.200922131147542
2919,144204922,0,5.200922131147542
2920,144213501,0,5.200922131147542
2921,144204910,0,5.200922131147542
2922,144204894,0,5.200922131147542
2923,144204888,0,5.200922131147542
2924,144204764,0,5.200922131147542
2925,144210717,0,5.200922131147542
2926,144210712,0,5.200922131147542
2927,144205820,0,5.200922131147542
2928,144210708,0,5.200922131147542
2929,144204022,0,5.200922131147542
2930,144213037,0,5.200922131147542
2931,144207758,0,5.200922131147542
2932,144204712,0,5.200922131147542
2933,144211168,0,5.200922131147542
2934,144210605,0,5.200922131147542
2935,144211167,0,5.200922131147542
2936,144212217,0,5.200922131147542
2937,144204989,0,5.200922131147542
2938,144213542,0,5.200922131147542
2939,144210671,0,5.200922131147542
2940,144210673,0,5.200922131147542
2941,144211157,0,5.200922131147542
2942,144211153,0,5.200922131147542
2943,144210689,0,5.200922131147542
2944,144211148,0,5.200922131147542
2945,144207742,0,5.200922131147542
2946,144213059,0,5.200922131147542
2947,144205881,0,5.200922131147542
2948,144211391,0,5.200922131147542
2949,144213479,0,5.200922131147542
2950,144212273,0,5.200922131147542
2951,144213071,0,5.200922131147542
2952,144210913,0,5.200922131147542
2953,144204834,0,5.200922131147542
2954,144204829,0,5.200922131147542
2955,144207650,0,5.200922131147542
2956,144204820,0,5.200922131147542
2957,144211042,0,5.200922131147542
2958,144207621,0,5.200922131147542
2959,144213435,0,5.200922131147542
2960,144213458,0,5.200922131147542
2961,144213074,0,5.200922131147542
2962,144211028,0,5.200922131147542
2963,144204807,0,5.200922131147542
2964,144212250,0,5.200922131147542
2965,144211003,0,5.200922131147542
2966,144213443,0,5.200922131147542
2967,144211055,0,5.200922131147542
2968,144210895,0,5.200922131147542
2969,144210797,0,5.200922131147542
2970,144213427,0,5.200922131147542
2971,144210800,0,5.200922131147542
2972,144210804,0,5.200922131147542
2973,144212223,0,5.200922131147542
2974,144204870,0,5.200922131147542
2975,144212291,0,5.200922131147542
2976,144212288,0,5.200922131147542
2977,144212281,0,5.200922131147542
2978,144207693,0,5.200922131147542
2979,144210840,0,5.200922131147542
2980,144204861,0,5.200922131147542
2981,144207684,0,5.200922131147542
2982,144211085,0,5.200922131147542
2983,144212277,0,5.200922131147542
2984,144204848,0,5.200922131147542
2985,144204788,0,5.200922131147542
2986,144204076,0,5.200922131147542
2987,144210892,0,5.200922131147542
2988,144205075,0,5.200922131147542
2989,144212376,0,5.200922131147542
2990,144205101,0,5.200922131147542
2991,144204603,0,5.200922131147542
2992,144212188,0,5.200922131147542
2993,144212995,0,5.200922131147542
2994,144210084,0,5.200922131147542
2995,144204001,0,5.200922131147542
2996,144212189,0,5.200922131147542
2997,144210103,0,5.200922131147542
2998,144212487,0,5.200922131147542
2999,144212479,0,5.200922131147542
3000,144211323,0,5.200922131147542
3001,144211321,0,5.200922131147542
3002,144211320,0,5.200922131147542
3003,144204624,0,5.200922131147542
3004,144207082,0,5.200922131147542
3005,144205151,0,5.200922131147542
3006,144210147,0,5.200922131147542
3007,144210163,0,5.200922131147542
3008,144210169,0,5.200922131147542
3009,144210076,0,5.200922131147542
3010,144210060,0,5.200922131147542
3011,144210515,0,5.200922131147542
3012,144207868,0,5.200922131147542
3013,144212531,0,5.200922131147542
3014,144203789,0,5.200922131147542
3015,144209913,0,5.200922131147542
3016,144207190,0,5.200922131147542
3017,144209918,0,5.200922131147542
3018,144203786,0,5.200922131147542
3019,144209967,0,5.200922131147542
3020,144212520,0,5.200922131147542
3021,144205175,0,5.200922131147542
3022,144207491,0,5.200922131147542
3023,144213350,0,5.200922131147542
3024,144212514,0,5.200922131147542
3025,144211363,0,5.200922131147542
3026,144212172,0,5.200922131147542
3027,144204592,0,5.200922131147542
3028,144213688,0,5.200922131147542
3029,144203860,0,5.200922131147542
3030,144207404,0,5.200922131147542
3031,144211301,0,5.200922131147542
3032,144211295,0,5.200922131147542
3033,144211293,0,5.200922131147542
3034,144212410,0,5.200922131147542
3035,144205722,0,5.200922131147542
3036,144210456,0,5.200922131147542
3037,144213392,0,5.200922131147542
3038,144205723,0,5.200922131147542
3039,144213589,0,5.200922131147542
3040,144205122,0,5.200922131147542
3041,144211226,0,5.200922131147542
3042,144213394,0,5.200922131147542
3043,144213396,0,5.200922131147542
3044,144210486,0,5.200922131147542
3045,144205116,0,5.200922131147542
3046,144210493,0,5.200922131147542
3047,144210494,0,5.200922131147542
3048,144211210,0,5.200922131147542
3049,144213575,0,5.200922131147542
3050,144206385,0,5.200922131147542
3051,144213014,0,5.200922131147542
3052,144212022,0,5.200922131147542
3053,144213011,0,5.200922131147542
3054,144211271,0,5.200922131147542
3055,144210323,0,5.200922131147542
3056,144210324,0,5.200922131147542
3057,144211286,0,5.200922131147542
3058,144210340,0,5.200922131147542
3059,144210342,0,5.200922131147542
3060,144213625,0,5.200922131147542
3061,144213381,0,5.200922131147542
3062,144211261,0,5.200922131147542
3063,144213607,0,5.200922131147542
3064,144211256,0,5.200922131147542
3065,144210398,0,5.200922131147542
3066,144212429,0,5.200922131147542
3067,144205891,0,5.200922131147542
3068,144212201,0,5.200922131147542
3069,144204653,0,5.200922131147542
3070,144212417,0,5.200922131147542
3071,144210170,0,5.200922131147542
3072,144212247,0,5.200922131147542
3073,144208994,0,5.200922131147542
3074,144211731,0,5.200922131147542
3075,144212046,0,5.200922131147542
3076,144208941,0,5.200922131147542
3077,144212879,0,5.200922131147542
3078,144208942,0,5.200922131147542
3079,144206987,0,5.200922131147542
3080,144204445,0,5.200922131147542
3081,144211721,0,5.200922131147542
3082,144208999,0,5.200922131147542
3083,144212092,0,5.200922131147542
3084,144208973,0,5.200922131147542
3085,144207363,0,5.200922131147542
3086,144208381,0,5.200922131147542
3087,144212094,0,5.200922131147542
3088,144213899,0,5.200922131147542
3089,144208930,0,5.200922131147542
3090,144213912,0,5.200922131147542
3091,144211741,0,5.200922131147542
3092,144208175,0,5.200922131147542
3093,144208912,0,5.200922131147542
3094,144205474,0,5.200922131147542
3095,144211745,0,5.200922131147542
3096,144208890,0,5.200922131147542
3097,144207351,0,5.200922131147542
3098,144204209,0,5.200922131147542
3099,144207346,0,5.200922131147542
3100,144204397,0,5.200922131147542
3101,144205396,0,5.200922131147542
3102,144212766,0,5.200922131147542
3103,144212767,0,5.200922131147542
3104,144211768,0,5.200922131147542
3105,144213185,0,5.200922131147542
3106,144204324,0,5.200922131147542
3107,144211958,0,5.200922131147542
3108,144213869,0,5.200922131147542
3109,144206297,0,5.200922131147542
3110,144211968,0,5.200922131147542
3111,144209053,0,5.200922131147542
3112,144209055,0,5.200922131147542
3113,144208044,0,5.200922131147542
3114,144212720,0,5.200922131147542
3115,144211689,0,5.200922131147542
3116,144212942,0,5.200922131147542
3117,144205368,0,5.200922131147542
3118,144204468,0,5.200922131147542
3119,144211673,0,5.200922131147542
3120,144203685,0,5.200922131147542
3121,144211665,0,5.200922131147542
3122,144212709,0,5.200922131147542
3123,144204478,0,5.200922131147542
3124,144207240,0,5.200922131147542
3125,144206614,0,5.200922131147542
3126,144207279,0,5.200922131147542
3127,144206874,0,5.200922131147542
3128,144203926,0,5.200922131147542
3129,144208348,0,5.200922131147542
3130,144205361,0,5.200922131147542
3131,144205975,0,5.200922131147542
3132,144211698,0,5.200922131147542
3133,144206609,0,5.200922131147542
3134,144212097,0,5.200922131147542
3135,144211962,0,5.200922131147542
3136,144211960,0,5.200922131147542
3137,144205364,0,5.200922131147542
3138,144213160,0,5.200922131147542
3139,144209012,0,5.200922131147542
3140,144213127,0,5.200922131147542
3141,144206692,0,5.200922131147542
3142,144208840,0,5.200922131147542
3143,144213255,0,5.200922131147542
3144,144211836,0,5.200922131147542
3145,144208147,0,5.200922131147542
3146,144212824,0,5.200922131147542
3147,144203644,0,5.200922131147542
3148,144204381,0,5.200922131147542
3149,144208501,0,5.200922131147542
3150,144211838,0,5.200922131147542
3151,144207333,0,5.200922131147542
3152,144212775,0,5.200922131147542
3153,144208645,0,5.200922131147542
3154,144208137,0,5.200922131147542
3155,144211902,0,5.200922131147542
3156,144205467,0,5.200922131147542
3157,144204385,0,5.200922131147542
3158,144208675,0,5.200922131147542
3159,144211852,0,5.200922131147542
3160,144211867,0,5.200922131147542
3161,144204294,0,5.200922131147542
3162,144205455,0,5.200922131147542
3163,144212061,0,5.200922131147542
3164,144212854,0,5.200922131147542
3165,144204343,0,5.200922131147542
3166,144213217,0,5.200922131147542
3167,144213219,0,5.200922131147542
3168,144212846,0,5.200922131147542
3169,144208582,0,5.200922131147542
3170,144204312,0,5.200922131147542
3171,144205693,0,5.200922131147542
3172,144208569,0,5.200922131147542
3173,144207319,0,5.200922131147542
3174,144205464,0,5.200922131147542
3175,144206032,0,5.200922131147542
3176,144208689,0,5.200922131147542
3177,144208695,0,5.200922131147542
3178,144204153,0,5.200922131147542
3179,144203635,0,5.200922131147542
3180,144203817,0,5.200922131147542
3181,144204395,0,5.200922131147542
3182,144211779,0,5.200922131147542
3183,144208435,0,5.200922131147542
3184,144208097,0,5.200922131147542
3185,144208442,0,5.200922131147542
3186,144206081,0,5.200922131147542
3187,144211784,0,5.200922131147542
3188,144212915,0,5.200922131147542
3189,144211919,0,5.200922131147542
3190,144208461,0,5.200922131147542
3191,144208466,0,5.200922131147542
3192,144203655,0,5.200922131147542
3193,144208099,0,5.200922131147542
3194,144208776,0,5.200922131147542
3195,144211810,0,5.200922131147542
3196,144206702,0,5.200922131147542
3197,144204386,0,5.200922131147542
3198,144211792,0,5.200922131147542
3199,144212804,0,5.200922131147542
3200,144208480,0,5.200922131147542
3201,144208750,0,5.200922131147542
3202,144208739,0,5.200922131147542
3203,144211800,0,5.200922131147542
3204,144211804,0,5.200922131147542
3205,144212050,0,5.200922131147542
3206,144203648,0,5.200922131147542
3207,144211805,0,5.200922131147542
3208,144206698,0,5.200922131147542
3209,144208165,0,5.200922131147542
3210,144204479,0,5.200922131147542
3211,144212844,0,5.200922131147542
3212,144209129,0,5.200922131147542
3213,144207378,0,5.200922131147542
3214,144204509,0,5.200922131147542
3215,144209280,0,5.200922131147542
3216,144205315,0,5.200922131147542
3217,144208275,0,5.200922131147542
3218,144209271,0,5.200922131147542
3219,144207998,0,5.200922131147542
3220,144208193,0,5.200922131147542
3221,144206469,0,5.200922131147542
3222,144211580,0,5.200922131147542
3223,144206478,0,5.200922131147542
3224,144208003,0,5.200922131147542
3225,144212116,0,5.200922131147542
3226,144209231,0,5.200922131147542
3227,144211623,0,5.200922131147542
3228,144209229,0,5.200922131147542
3229,144209227,0,5.200922131147542
3230,144211593,0,5.200922131147542
3231,144206845,0,5.200922131147542
3232,144205701,0,5.200922131147542
3233,144208278,0,5.200922131147542
3234,144213849,0,5.200922131147542
3235,144209197,0,5.200922131147542
3236,144213853,0,5.200922131147542
3237,144205336,0,5.200922131147542
3238,144212671,0,5.200922131147542
3239,144209183,0,5.200922131147542
3240,144209287,0,5.200922131147542
3241,144209288,0,5.200922131147542
3242,144209296,0,5.200922131147542
3243,144205307,0,5.200922131147542
3244,144208214,0,5.200922131147542
3245,144209384,0,5.200922131147542
3246,144213806,0,5.200922131147542
3247,144209375,0,5.200922131147542
3248,144203561,0,5.200922131147542
3249,144205285,0,5.200922131147542
3250,144209373,0,5.200922131147542
3251,144207966,0,5.200922131147542
3252,144205590,0,5.200922131147542
3253,144212127,0,5.200922131147542
3254,144208230,0,5.200922131147542
3255,144211545,0,5.200922131147542
3256,144208239,0,5.200922131147542
3257,144213808,0,5.200922131147542
3258,144204517,0,5.200922131147542
3259,144203711,0,5.200922131147542
3260,144212010,0,5.200922131147542
3261,144206648,0,5.200922131147542
3262,144209317,0,5.200922131147542
3263,144213169,0,5.200922131147542
3264,144212118,0,5.200922131147542
3265,144213820,0,5.200922131147542
3266,144211566,0,5.200922131147542
3267,144207394,0,5.200922131147542
3268,144203708,0,5.200922131147542
3269,144209181,0,5.200922131147542
3270,144209265,0,5.200922131147542
3271,144209134,0,5.200922131147542
3272,144209146,0,5.200922131147542
3273,144205573,0,5.200922131147542
3274,144212692,0,5.200922131147542
3275,144203613,0,5.200922131147542
3276,144213863,0,5.200922131147542
3277,144211644,0,5.200922131147542
3278,144203612,0,5.200922131147542
3279,144209174,0,5.200922131147542
3280,144211979,0,5.200922131147542
3281,144211978,0,5.200922131147542
3282,144212945,0,5.200922131147542
3283,144211646,0,5.200922131147542
3284,144209152,0,5.200922131147542
3285,144211983,0,5.200922131147542
3286,144211688,0,5.1452408328017185
3287,144212332,0,5.14178472110385
3288,144209251,0,5.131333333333334
3289,144203683,0,5.131333333333334
3290,144206417,0,5.131333333333334
3291,144203987,0,5.131333333333334
3292,144205655,0,5.131333333333334
3293,144212087,0,5.131333333333334
3294,144207324,0,5.131333333333334
3295,144203808,0,5.131333333333334
3296,144203974,0,5.131333333333334
3297,144210085,0,5.131333333333334
3298,144205944,0,5.131333333333334
3299,144208469,0,5.131333333333334
3300,144209282,0,5.131333333333334
3301,144212872,0,5.131333333333334
3302,144210869,0,5.131333333333334
3303,144211288,0,5.131333333333334
3304,144205913,0,5.131333333333334
3305,144213544,0,5.131333333333334
3306,144211252,0,5.131333333333334
3307,144210408,0,5.131333333333334
3308,144205250,0,5.131333333333334
3309,144208612,0,5.131333333333334
3310,144208504,0,5.131333333333334
3311,144206418,0,5.131333333333334
3312,144207329,0,5.131333333333334
3313,144204103,0,5.131333333333334
3314,144210983,0,5.131333333333334
3315,144204710,0,5.131333333333334
3316,144209549,0,5.131333333333334
3317,144208391,0,5.131333333333334
3318,144213690,0,5.131333333333334
3319,144213553,0,5.131333333333334
3320,144209171,0,5.131333333333334
3321,144207871,0,5.131333333333334
3322,144213494,0,5.131333333333334
3323,144205977,0,5.131333333333334
3324,144203859,0,5.131333333333334
3325,144211943,0,5.125271977691415
3326,144208687,0,5.123526321053706
3327,144213556,0,5.123526321053706
3328,144213354,0,5.1215785376876815
3329,144208856,0,5.1215785376876815
3330,144210034,0,5.111025791814073
3331,144208263,0,5.10012987012987
3332,144208733,0,5.10012987012987
3333,144205714,0,5.10012987012987
3334,144208510,0,5.10012987012987
3335,144206724,0,5.10012987012987
3336,144210409,0,5.10012987012987
3337,144209507,0,5.10012987012987
3338,144207559,0,5.10012987012987
3339,144212743,0,5.10012987012987
3340,144210401,0,5.10012987012987
3341,144210997,0,5.10012987012987
3342,144213389,0,5.10012987012987
3343,144211016,0,5.10012987012987
3344,144208267,0,5.10012987012987
3345,144205998,0,5.10012987012987
3346,144208982,0,5.10012987012987
3347,144208470,0,5.10012987012987
3348,144207891,0,5.10012987012987
3349,144204943,0,5.10012987012987
3350,144208332,0,5.10012987012987
3351,144205188,0,5.10012987012987
3352,144213712,0,5.10012987012987
3353,144205676,0,5.10012987012987
3354,144204519,0,5.10012987012987
3355,144209917,0,5.10012987012987
3356,144211216,0,5.10012987012987
3357,144212966,0,5.10012987012987
3358,144208374,0,5.10012987012987
3359,144203723,0,5.10012987012987
3360,144210823,0,5.10012987012987
3361,144207657,0,5.10012987012987
3362,144213267,0,5.10012987012987
3363,144208135,0,5.10012987012987
3364,144206862,0,5.10012987012987
3365,144211518,0,5.10012987012987
3366,144204737,0,5.10012987012987
3367,144205435,0,5.10012987012987
3368,144203797,0,5.10012987012987
3369,144211821,0,5.10012987012987
3370,144204962,0,5.10012987012987
3371,144208379,0,5.10012987012987
3372,144207748,0,5.10012987012987
3373,144203814,0,5.10012987012987
3374,144212232,0,5.10012987012987
3375,144212633,0,5.10012987012987
3376,144210811,0,5.10012987012987
3377,144205187,0,5.10012987012987
3378,144207900,0,5.10012987012987
3379,144207388,0,5.10012987012987
3380,144205882,0,5.10012987012987
3381,144210628,0,5.10012987012987
3382,144204146,0,5.10012987012987
3383,144213831,0,5.10012987012987
3384,144203617,0,5.10012987012987
3385,144213936,0,5.10012987012987
3386,144204598,0,5.10012987012987
3387,144211577,0,5.10012987012987
3388,144204911,0,5.10012987012987
3389,144212764,0,5.10012987012987
3390,144212753,0,5.10012987012987
3391,144210053,0,5.10012987012987
3392,144212988,0,5.10012987012987
3393,144205908,0,5.10012987012987
3394,144207920,0,5.10012987012987
3395,144213259,0,5.10012987012987
3396,144210921,0,5.10012987012987
3397,144208936,0,5.10012987012987
3398,144213655,0,5.10012987012987
3399,144213656,0,5.10012987012987
3400,144211181,0,5.10012987012987
3401,144207867,0,5.10012987012987
3402,144209031,0,5.10012987012987
3403,144210883,0,5.10012987012987
3404,144208905,0,5.10012987012987
3405,144211054,0,5.10012987012987
3406,144207713,0,5.10012987012987
3407,144205644,0,5.10012987012987
3408,144207276,0,5.10012987012987
3409,144207507,0,5.10012987012987
3410,144203572,0,5.10012987012987
3411,144208517,0,5.10012987012987
3412,144204483,0,5.10012987012987
3413,144206569,0,5.10012987012987
3414,144211095,0,5.10012987012987
3415,144206443,0,5.10012987012987
3416,144206239,0,5.10012987012987
3417,144213758,0,5.10012987012987
3418,144204808,0,5.10012987012987
3419,144212837,0,5.10012987012987
3420,144212099,0,5.10012987012987
3421,144209078,0,5.10012987012987
3422,144213036,0,5.10012987012987
3423,144207374,0,5.10012987012987
3424,144210907,0,5.10012987012987
3425,144207373,0,5.099343038211408
3426,144212259,0,5.097159935349106
3427,144210615,0,5.096666666666666
3428,144212889,0,5.096666666666666
3429,144208529,0,5.096666666666666
3430,144206898,0,5.096666666666666
3431,144203636,0,5.096666666666666
3432,144205700,0,5.096666666666666
3433,144204052,0,5.096666666666666
3434,144210652,0,5.096666666666666
3435,144210891,0,5.096666666666666
3436,144211155,0,5.096666666666666
3437,144204300,0,5.096666666666666
3438,144211163,0,5.096666666666666
3439,144210830,0,5.096666666666666
3440,144213453,0,5.096666666666666
3441,144207675,0,5.096666666666666
3442,144211121,0,5.096666666666666
3443,144207660,0,5.096666666666666
3444,144208426,0,5.096666666666666
3445,144213182,0,5.096666666666666
3446,144213473,0,5.096666666666666
3447,144204035,0,5.096666666666666
3448,144204762,0,5.096666666666666
3449,144210940,0,5.096666666666666
3450,144207550,0,5.096666666666666
3451,144212874,0,5.096666666666666
3452,144211941,0,5.096666666666666
3453,144212036,0,5.096666666666666
3454,144208299,0,5.096666666666666
3455,144204767,0,5.096666666666666
3456,144207270,0,5.096666666666666
3457,144207154,0,5.096666666666666
3458,144207639,0,5.096666666666666
3459,144212280,0,5.096666666666666
3460,144212297,0,5.096666666666666
3461,144208283,0,5.096666666666666
3462,144211092,0,5.096666666666666
3463,144212278,0,5.096666666666666
3464,144206863,0,5.096666666666666
3465,144212859,0,5.096666666666666
3466,144206616,0,5.096666666666666
3467,144213171,0,5.096666666666666
3468,144206203,0,5.096666666666666
3469,144212008,0,5.096666666666666
3470,144212899,0,5.096666666666666
3471,144206112,0,5.096666666666666
3472,144204736,0,5.096666666666666
3473,144208166,0,5.096666666666666
3474,144210710,0,5.096666666666666
3475,144210969,0,5.096666666666666
3476,144205507,0,5.096666666666666
3477,144208486,0,5.096666666666666
3478,144208483,0,5.096666666666666
3479,144207538,0,5.096666666666666
3480,144204283,0,5.096666666666666
3481,144205838,0,5.096666666666666
3482,144212003,0,5.096666666666666
3483,144212318,0,5.096666666666666
3484,144208467,0,5.096666666666666
3485,144213468,0,5.096666666666666
3486,144213199,0,5.096666666666666
3487,144204244,0,5.096666666666666
3488,144209388,0,5.096666666666666
3489,144206428,0,5.096666666666666
3490,144204719,0,5.096666666666666
3491,144213107,0,5.096666666666666
3492,144209038,0,5.096666666666666
3493,144212164,0,5.096666666666666
3494,144205971,0,5.096666666666666
3495,144205360,0,5.096666666666666
3496,144209866,0,5.096666666666666
3497,144209864,0,5.096666666666666
3498,144209863,0,5.096666666666666
3499,144209862,0,5.096666666666666
3500,144209861,0,5.096666666666666
3501,144209086,0,5.096666666666666
3502,144207372,0,5.096666666666666
3503,144209754,0,5.096666666666666
3504,144209137,0,5.096666666666666
3505,144211641,0,5.096666666666666
3506,144207467,0,5.096666666666666
3507,144212736,0,5.096666666666666
3508,144212530,0,5.096666666666666
3509,144209153,0,5.096666666666666
3510,144209020,0,5.096666666666666
3511,144206188,0,5.096666666666666
3512,144208060,0,5.096666666666666
3513,144212745,0,5.096666666666666
3514,144207495,0,5.096666666666666
3515,144209982,0,5.096666666666666
3516,144209979,0,5.096666666666666
3517,144207876,0,5.096666666666666
3518,144205460,0,5.096666666666666
3519,144203998,0,5.096666666666666
3520,144212523,0,5.096666666666666
3521,144209926,0,5.096666666666666
3522,144208050,0,5.096666666666666
3523,144209915,0,5.096666666666666
3524,144212525,0,5.096666666666666
3525,144203997,0,5.096666666666666
3526,144213321,0,5.096666666666666
3527,144212573,0,5.096666666666666
3528,144204438,0,5.096666666666666
3529,144209496,0,5.096666666666666
3530,144204522,0,5.096666666666666
3531,144213814,0,5.096666666666666
3532,144213307,0,5.096666666666666
3533,144213810,0,5.096666666666666
3534,144209332,0,5.096666666666666
3535,144207945,0,5.096666666666666
3536,144211552,0,5.096666666666666
3537,144209442,0,5.096666666666666
3538,144211547,0,5.096666666666666
3539,144209436,0,5.096666666666666
3540,144209425,0,5.096666666666666
3541,144207971,0,5.096666666666666
3542,144207409,0,5.096666666666666
3543,144212974,0,5.096666666666666
3544,144209386,0,5.096666666666666
3545,144211507,0,5.096666666666666
3546,144211503,0,5.096666666666666
3547,144212948,0,5.096666666666666
3548,144205663,0,5.096666666666666
3549,144209159,0,5.096666666666666
3550,144211632,0,5.096666666666666
3551,144204540,0,5.096666666666666
3552,144211620,0,5.096666666666666
3553,144209198,0,5.096666666666666
3554,144211598,0,5.096666666666666
3555,144207913,0,5.096666666666666
3556,144207376,0,5.096666666666666
3557,144209239,0,5.096666666666666
3558,144207918,0,5.096666666666666
3559,144204529,0,5.096666666666666
3560,144209539,0,5.096666666666666
3561,144207984,0,5.096666666666666
3562,144212140,0,5.096666666666666
3563,144206312,0,5.096666666666666
3564,144213679,0,5.096666666666666
3565,144209950,0,5.096666666666666
3566,144211497,0,5.096666666666666
3567,144208105,0,5.096666666666666
3568,144213572,0,5.096666666666666
3569,144207524,0,5.096666666666666
3570,144205062,0,5.096666666666666
3571,144211283,0,5.096666666666666
3572,144208586,0,5.096666666666666
3573,144212075,0,5.096666666666666
3574,144207822,0,5.096666666666666
3575,144205074,0,5.096666666666666
3576,144208761,0,5.096666666666666
3577,144213387,0,5.096666666666666
3578,144208754,0,5.096666666666666
3579,144204102,0,5.096666666666666
3580,144210402,0,5.096666666666666
3581,144210331,0,5.096666666666666
3582,144205091,0,5.096666666666666
3583,144213610,0,5.096666666666666
3584,144213024,0,5.096666666666666
3585,144207163,0,5.096666666666666
3586,144208111,0,5.096666666666666
3587,144208126,0,5.096666666666666
3588,144211869,0,5.096666666666666
3589,144212387,0,5.096666666666666
3590,144210455,0,5.096666666666666
3591,144204677,0,5.096666666666666
3592,144205113,0,5.096666666666666
3593,144208655,0,5.096666666666666
3594,144208792,0,5.096666666666666
3595,144204150,0,5.096666666666666
3596,144213103,0,5.096666666666666
3597,144212769,0,5.096666666666666
3598,144206571,0,5.096666666666666
3599,144213130,0,5.096666666666666
3600,144204697,0,5.096666666666666
3601,144213559,0,5.096666666666666
3602,144206822,0,5.096666666666666
3603,144208896,0,5.096666666666666
3604,144203669,0,5.096666666666666
3605,144211325,0,5.096666666666666
3606,144213654,0,5.096666666666666
3607,144205028,0,5.096666666666666
3608,144209395,0,5.096666666666666
3609,144213653,0,5.096666666666666
3610,144210135,0,5.096666666666666
3611,144206256,0,5.096666666666666
3612,144203902,0,5.096666666666666
3613,144210172,0,5.096666666666666
3614,144212198,0,5.096666666666666
3615,144208803,0,5.096666666666666
3616,144210187,0,5.096666666666666
3617,144204393,0,5.096666666666666
3618,144207504,0,5.096666666666666
3619,144207162,0,5.096666666666666
3620,144209160,0,5.0825000000000005
3621,144211563,0,5.0825000000000005
3622,144210090,0,5.0825000000000005
3623,144211044,0,5.0825000000000005
3624,144207530,0,5.001702127659575
3625,144204799,0,5.001702127659575
3626,144211023,0,5.001702127659575
3627,144212132,0,5.001702127659575
3628,144211196,0,5.001702127659575
3629,144207580,0,5.001702127659575
3630,144211499,0,5.001702127659575
3631,144207251,0,5.001702127659575
3632,144207590,0,5.001702127659575
3633,144211021,0,5.001702127659575
3634,144211549,0,5.001702127659575
3635,144212090,0,5.001702127659575
3636,144211828,0,5.001702127659575
3637,144207577,0,5.001702127659575
3638,144204442,0,5.001702127659575
3639,144211949,0,5.001702127659575
3640,144211950,0,5.001702127659575
3641,144211365,0,5.001702127659575
3642,144204614,0,5.001702127659575
3643,144213422,0,5.001702127659575
3644,144206373,0,5.001702127659575
3645,144205720,0,5.001702127659575
3646,144213374,0,5.001702127659575
3647,144211287,0,5.001702127659575
3648,144207564,0,5.001702127659575
3649,144211786,0,5.001702127659575
3650,144211690,0,5.001702127659575
3651,144207371,0,5.001702127659575
3652,144205681,0,5.001702127659575
3653,144212200,0,5.001702127659575
3654,144207570,0,5.001702127659575
3655,144211905,0,5.001702127659575
3656,144211458,0,5.001702127659575
3657,144204133,0,5.001702127659575
3658,144211736,0,5.001702127659575
3659,144207241,0,5.001702127659575
3660,144204651,0,5.001702127659575
3661,144211621,0,5.001702127659575
3662,144211241,0,5.001702127659575
3663,144211596,0,5.001702127659575
3664,144211811,0,5.001702127659575
3665,144211238,0,5.001702127659575
3666,144211827,0,5.001702127659575
3667,144211462,0,5.001702127659575
3668,144210977,0,5.001702127659575
3669,144213012,0,5.001702127659575
3670,144208403,0,5.001702127659575
3671,144208138,0,5.001702127659575
3672,144214005,0,5.001702127659575
3673,144203646,0,5.001702127659575
3674,144205347,0,5.001702127659575
3675,144209186,0,5.001702127659575
3676,144213533,0,5.001702127659575
3677,144204981,0,5.001702127659575
3678,144205589,0,5.001702127659575
3679,144213527,0,5.001702127659575
3680,144212845,0,5.001702127659575
3681,144209211,0,5.001702127659575
3682,144209916,0,5.001702127659575
3683,144208496,0,5.001702127659575
3684,144208462,0,5.001702127659575
3685,144206171,0,5.001702127659575
3686,144209262,0,5.001702127659575
3687,144213498,0,5.001702127659575
3688,144208660,0,5.001702127659575
3689,144205057,0,5.001702127659575
3690,144208033,0,5.001702127659575
3691,144205124,0,5.001702127659575
3692,144212934,0,5.001702127659575
3693,144210350,0,5.001702127659575
3694,144212933,0,5.001702127659575
3695,144203919,0,5.001702127659575
3696,144208965,0,5.001702127659575
3697,144212461,0,5.001702127659575
3698,144212790,0,5.001702127659575
3699,144212733,0,5.001702127659575
3700,144212378,0,5.001702127659575
3701,144208743,0,5.001702127659575
3702,144204019,0,5.001702127659575
3703,144209065,0,5.001702127659575
3704,144204006,0,5.001702127659575
3705,144206903,0,5.001702127659575
3706,144210506,0,5.001702127659575
3707,144205358,0,5.001702127659575
3708,144209357,0,5.001702127659575
3709,144203637,0,5.001702127659575
3710,144210943,0,5.001702127659575
3711,144208177,0,5.001702127659575
3712,144205929,0,5.001702127659575
3713,144203839,0,5.001702127659575
3714,144213773,0,5.001702127659575
3715,144206447,0,5.001702127659575
3716,144209595,0,5.001702127659575
3717,144213783,0,5.001702127659575
3718,144203978,0,5.001702127659575
3719,144203983,0,5.001702127659575
3720,144209674,0,5.001702127659575
3721,144205206,0,5.001702127659575
3722,144206088,0,5.001702127659575
3723,144205203,0,5.001702127659575
3724,144212881,0,5.001702127659575
3725,144207886,0,5.001702127659575
3726,144208926,0,5.001702127659575
3727,144207674,0,5.001702127659575
3728,144213635,0,4.918184073321594
3729,144209190,0,4.918184073321594
3730,144209253,0,4.901451247165534
3731,144207402,0,4.901451247165534
3732,144208049,0,4.901451247165534
3733,144209495,0,4.901451247165534
3734,144209490,0,4.901451247165534
3735,144209484,0,4.901451247165534
3736,144209043,0,4.901451247165534
3737,144211695,0,4.901451247165534
3738,144208047,0,4.901451247165534
3739,144205301,0,4.901451247165534
3740,144209014,0,4.901451247165534
3741,144207399,0,4.901451247165534
3742,144209072,0,4.901451247165534
3743,144209073,0,4.901451247165534
3744,144209351,0,4.901451247165534
3745,144211682,0,4.901451247165534
3746,144207215,0,4.901451247165534
3747,144211677,0,4.901451247165534
3748,144209473,0,4.901451247165534
3749,144207974,0,4.901451247165534
3750,144212096,0,4.901451247165534
3751,144212939,0,4.901451247165534
3752,144212133,0,4.901451247165534
3753,144212131,0,4.901451247165534
3754,144205687,0,4.901451247165534
3755,144205547,0,4.901451247165534
3756,144205381,0,4.901451247165534
3757,144209511,0,4.901451247165534
3758,144205380,0,4.901451247165534
3759,144208955,0,4.901451247165534
3760,144211500,0,4.901451247165534
3761,144211729,0,4.901451247165534
3762,144204448,0,4.901451247165534
3763,144203799,0,4.901451247165534
3764,144212629,0,4.901451247165534
3765,144205979,0,4.901451247165534
3766,144207940,0,4.901451247165534
3767,144205379,0,4.901451247165534
3768,144208976,0,4.901451247165534
3769,144207364,0,4.901451247165534
3770,144207958,0,4.901451247165534
3771,144205376,0,4.901451247165534
3772,144205369,0,4.901451247165534
3773,144205357,0,4.901451247165534
3774,144209344,0,4.901451247165534
3775,144212129,0,4.901451247165534
3776,144211618,0,4.901451247165534
3777,144209187,0,4.901451247165534
3778,144203714,0,4.901451247165534
3779,144212128,0,4.901451247165534
3780,144211603,0,4.901451247165534
3781,144203903,0,4.901451247165534
3782,144207977,0,4.901451247165534
3783,144211537,0,4.901451247165534
3784,144209311,0,4.901451247165534
3785,144209421,0,4.901451247165534
3786,144213840,0,4.901451247165534
3787,144208005,0,4.901451247165534
3788,144207957,0,4.901451247165534
3789,144212664,0,4.901451247165534
3790,144213830,0,4.901451247165534
3791,144204487,0,4.901451247165534
3792,144205321,0,4.901451247165534
3793,144209234,0,4.901451247165534
3794,144209285,0,4.901451247165534
3795,144211583,0,4.901451247165534
3796,144211617,0,4.901451247165534
3797,144211530,0,4.901451247165534
3798,144205316,0,4.901451247165534
3799,144211624,0,4.901451247165534
3800,144204472,0,4.901451247165534
3801,144203803,0,4.901451247165534
3802,144211670,0,4.901451247165534
3803,144203686,0,4.901451247165534
3804,144203687,0,4.901451247165534
3805,144211662,0,4.901451247165534
3806,144213111,0,4.901451247165534
3807,144206305,0,4.901451247165534
3808,144212943,0,4.901451247165534
3809,144211659,0,4.901451247165534
3810,144207010,0,4.901451247165534
3811,144211654,0,4.901451247165534
3812,144213286,0,4.901451247165534
3813,144203689,0,4.901451247165534
3814,144209143,0,4.901451247165534
3815,144207950,0,4.901451247165534
3816,144208027,0,4.901451247165534
3817,144203946,0,4.901451247165534
3818,144211629,0,4.901451247165534
3819,144205295,0,4.901451247165534
3820,144211776,0,4.901451247165534
3821,144208073,0,4.901451247165534
3822,144206249,0,4.901451247165534
3823,144211946,0,4.901451247165534
3824,144207281,0,4.901451247165534
3825,144212876,0,4.901451247165534
3826,144208173,0,4.901451247165534
3827,144211937,0,4.901451247165534
3828,144208404,0,4.901451247165534
3829,144208417,0,4.901451247165534
3830,144208419,0,4.901451247165534
3831,144203626,0,4.901451247165534
3832,144208425,0,4.901451247165534
3833,144211929,0,4.901451247165534
3834,144208171,0,4.901451247165534
3835,144211925,0,4.901451247165534
3836,144211924,0,4.901451247165534
3837,144212911,0,4.901451247165534
3838,144208444,0,4.901451247165534
3839,144203885,0,4.901451247165534
3840,144208459,0,4.901451247165534
3841,144207288,0,4.901451247165534
3842,144213206,0,4.901451247165534
3843,144211913,0,4.901451247165534
3844,144212864,0,4.901451247165534
3845,144208478,0,4.901451247165534
3846,144207299,0,4.901451247165534
3847,144208488,0,4.901451247165534
3848,144208162,0,4.901451247165534
3849,144206051,0,4.901451247165534
3850,144211948,0,4.901451247165534
3851,144212885,0,4.901451247165534
3852,144211893,0,4.901451247165534
3853,144208367,0,4.901451247165534
3854,144204040,1,4.901451247165534
3855,144208208,0,4.901451247165534
3856,144205699,0,4.901451247165534
3857,144206105,0,4.901451247165534
3858,144212009,0,4.901451247165534
3859,144208248,0,4.901451247165534
3860,144212004,0,4.901451247165534
3861,144203571,0,4.901451247165534
3862,144211998,0,4.901451247165534
3863,144207266,0,4.901451247165534
3864,144208206,0,4.901451247165534
3865,144206663,0,4.901451247165534
3866,144211992,0,4.901451247165534
3867,144208277,0,4.901451247165534
3868,144208292,0,4.901451247165534
3869,144208302,0,4.901451247165534
3870,144211980,0,4.901451247165534
3871,144212891,0,4.901451247165534
3872,144208319,0,4.901451247165534
3873,144208320,0,4.901451247165534
3874,144212030,0,4.901451247165534
3875,144208339,0,4.901451247165534
3876,144213164,0,4.901451247165534
3877,144205503,0,4.901451247165534
3878,144203614,0,4.901451247165534
3879,144208190,0,4.901451247165534
3880,144212037,0,4.901451247165534
3881,144212853,0,4.901451247165534
3882,144208526,0,4.901451247165534
3883,144204437,0,4.901451247165534
3884,144208129,0,4.901451247165534
3885,144212810,0,4.901451247165534
3886,144206237,0,4.901451247165534
3887,144213988,0,4.901451247165534
3888,144208725,0,4.901451247165534
3889,144213243,0,4.901451247165534
3890,144211799,0,4.901451247165534
3891,144206264,0,4.901451247165534
3892,144211795,0,4.901451247165534
3893,144212801,0,4.901451247165534
3894,144208768,0,4.901451247165534
3895,144211791,0,4.901451247165534
3896,144208770,0,4.901451247165534
3897,144208778,0,4.901451247165534
3898,144212796,0,4.901451247165534
3899,144212916,0,4.901451247165534
3900,144207341,0,4.901451247165534
3901,144208811,0,4.901451247165534
3902,144207933,0,4.901451247165534
3903,144208822,0,4.901451247165534
3904,144212932,0,4.901451247165534
3905,144213935,0,4.901451247165534
3906,144212763,0,4.901451247165534
3907,144207216,0,4.901451247165534
3908,144213930,0,4.901451247165534
3909,144205383,0,4.901451247165534
3910,144208901,0,4.901451247165534
3911,144208910,0,4.901451247165534
3912,144205421,0,4.901451247165534
3913,144213993,0,4.901451247165534
3914,144208530,0,4.901451247165534
3915,144208131,0,4.901451247165534
3916,144208549,0,4.901451247165534
3917,144205456,0,4.901451247165534
3918,144211879,0,4.901451247165534
3919,144208577,0,4.901451247165534
3920,144203641,0,4.901451247165534
3921,144208591,0,4.901451247165534
3922,144203889,0,4.901451247165534
3923,144211868,0,4.901451247165534
3924,144208149,0,4.901451247165534
3925,144211861,0,4.901451247165534
3926,144212063,0,4.901451247165534
3927,144213229,0,4.901451247165534
3928,144211858,0,4.901451247165534
3929,144203891,0,4.901451247165534
3930,144208605,0,4.901451247165534
3931,144208146,0,4.901451247165534
3932,144211848,0,4.901451247165534
3933,144204380,0,4.901451247165534
3934,144208636,0,4.901451247165534
3935,144212815,0,4.901451247165534
3936,144208639,0,4.901451247165534
3937,144211831,0,4.901451247165534
3938,144212813,0,4.901451247165534
3939,144211826,0,4.901451247165534
3940,144208668,0,4.901451247165534
3941,144213996,0,4.901451247165534
3942,144207335,0,4.901451247165534
3943,144207935,0,4.901451247165534
3944,144211006,0,4.901451247165534
3945,144210454,0,4.901451247165534
3946,144207706,0,4.901451247165534
3947,144213003,0,4.901451247165534
3948,144206395,0,4.901451247165534
3949,144207705,0,4.901451247165534
3950,144212445,0,4.901451247165534
3951,144210380,0,4.901451247165534
3952,144210383,0,4.901451247165534
3953,144204641,0,4.901451247165534
3954,144204765,0,4.901451247165534
3955,144212438,0,4.901451247165534
3956,144212435,0,4.901451247165534
3957,144212434,0,4.901451247165534
3958,144210613,0,4.901451247165534
3959,144211108,0,4.901451247165534
3960,144213423,0,4.901451247165534
3961,144212431,0,4.901451247165534
3962,144210414,0,4.901451247165534
3963,144204893,0,4.901451247165534
3964,144207114,0,4.901451247165534
3965,144211248,0,4.901451247165534
3966,144210423,0,4.901451247165534
3967,144213009,0,4.901451247165534
3968,144207112,0,4.901451247165534
3969,144213622,0,4.901451247165534
3970,144207508,0,4.901451247165534
3971,144210792,0,4.901451247165534
3972,144213060,0,4.901451247165534
3973,144210127,0,4.901451247165534
3974,144210128,0,4.901451247165534
3975,144210137,0,4.901451247165534
3976,144211083,0,4.901451247165534
3977,144204858,0,4.901451247165534
3978,144210145,0,4.901451247165534
3979,144210153,0,4.901451247165534
3980,144204008,0,4.901451247165534
3981,144211307,0,4.901451247165534
3982,144210164,0,4.901451247165534
3983,144211303,0,4.901451247165534
3984,144204772,0,4.901451247165534
3985,144207827,0,4.901451247165534
3986,144210819,0,4.901451247165534
3987,144204038,0,4.901451247165534
3988,144210186,0,4.901451247165534
3989,144205139,0,4.901451247165534
3990,144205138,0,4.901451247165534
3991,144212199,0,4.901451247165534
3992,144213377,0,4.901451247165534
3993,144212296,0,4.901451247165534
3994,144213608,0,4.901451247165534
3995,144207710,0,4.901451247165534
3996,144212416,0,4.901451247165534
3997,144210509,0,4.901451247165534
3998,144210705,0,4.901451247165534
3999,144213028,0,4.901451247165534
4000,144213031,0,4.901451247165534
4001,144212370,0,4.901451247165534
4002,144213532,0,4.901451247165534
4003,144212366,0,4.901451247165534
4004,144212364,0,4.901451247165534
4005,144205883,0,4.901451247165534
4006,144213558,0,4.901451247165534
4007,144207532,0,4.901451247165534
4008,144206393,0,4.901451247165534
4009,144204722,0,4.901451247165534
4010,144213538,0,4.901451247165534
4011,144207531,0,4.901451247165534
4012,144210593,0,4.901451247165534
4013,144211175,0,4.901451247165534
4014,144210676,0,4.901451247165534
4015,144206797,0,4.901451247165534
4016,144207749,0,4.901451247165534
4017,144212354,0,4.901451247165534
4018,144212348,0,4.901451247165534
4019,144213055,0,4.901451247165534
4020,144211205,0,4.901451247165534
4021,144207721,0,4.901451247165534
4022,144207526,0,4.901451247165534
4023,144213505,0,4.901451247165534
4024,144213506,0,4.901451247165534
4025,144213019,0,4.901451247165534
4026,144207729,0,4.901451247165534
4027,144207800,0,4.901451247165534
4028,144211233,0,4.901451247165534
4029,144212207,0,4.901451247165534
4030,144205632,0,4.901451247165534
4031,144213580,0,4.901451247165534
4032,144211222,0,4.901451247165534
4033,144204670,0,4.901451247165534
4034,144212406,0,4.901451247165534
4035,144204672,0,4.901451247165534
4036,144210736,0,4.901451247165534
4037,144205887,0,4.901451247165534
4038,144207541,0,4.901451247165534
4039,144211130,0,4.901451247165534
4040,144210501,0,4.901451247165534
4041,144210503,0,4.901451247165534
4042,144211134,0,4.901451247165534
4043,144204756,0,4.901451247165534
4044,144210874,0,4.901451247165534
4045,144210117,0,4.901451247165534
4046,144204083,0,4.901451247165534
4047,144206442,0,4.901451247165534
4048,144204549,0,4.901451247165534
4049,144205202,0,4.901451247165534
4050,144213328,0,4.901451247165534
4051,144206441,0,4.901451247165534
4052,144209761,0,4.901451247165534
4053,144206358,0,4.901451247165534
4054,144209763,0,4.901451247165534
4055,144212256,0,4.901451247165534
4056,144209767,0,4.901451247165534
4057,144203744,0,4.901451247165534
4058,144207477,0,4.901451247165534
4059,144209784,0,4.901451247165534
4060,144213076,0,4.901451247165534
4061,144207881,0,4.901451247165534
4062,144207585,0,4.901451247165534
4063,144207879,0,4.901451247165534
4064,144212905,0,4.901451247165534
4065,144209848,0,4.901451247165534
4066,144212562,0,4.901451247165534
4067,144210976,0,4.901451247165534
4068,144210110,0,4.901451247165534
4069,144204548,0,4.901451247165534
4070,144211457,0,4.901451247165534
4071,144203992,0,4.901451247165534
4072,144206891,0,4.901451247165534
4073,144212982,0,4.901451247165534
4074,144209524,0,4.901451247165534
4075,144209547,0,4.901451247165534
4076,144206445,0,4.901451247165534
4077,144212613,0,4.901451247165534
4078,144211485,0,4.901451247165534
4079,144206737,0,4.901451247165534
4080,144211482,0,4.901451247165534
4081,144207916,0,4.901451247165534
4082,144203726,0,4.901451247165534
4083,144204051,0,4.901451247165534
4084,144213763,0,4.901451247165534
4085,144210999,0,4.901451247165534
4086,144210998,0,4.901451247165534
4087,144206444,0,4.901451247165534
4088,144209611,0,4.901451247165534
4089,144213746,0,4.901451247165534
4090,144206749,0,4.901451247165534
4091,144211468,0,4.901451247165534
4092,144209644,0,4.901451247165534
4093,144209661,0,4.901451247165534
4094,144204801,0,4.901451247165534
4095,144211032,0,4.901451247165534
4096,144204573,0,4.901451247165534
4097,144204601,0,4.901451247165534
4098,144205170,0,4.901451247165534
4099,144210038,0,4.901451247165534
4100,144205864,0,4.901451247165534
4101,144213476,0,4.901451247165534
4102,144212503,0,4.901451247165534
4103,144205166,0,4.901451247165534
4104,144210064,0,4.901451247165534
4105,144210900,0,4.901451247165534
4106,144207573,0,4.901451247165534
4107,144205719,0,4.901451247165534
4108,144212499,0,4.901451247165534
4109,144203838,0,4.901451247165534
4110,144212182,0,4.901451247165534
4111,144204844,0,4.901451247165534
4112,144205656,0,4.901451247165534
4113,144212274,0,4.901451247165534
4114,144211333,0,4.901451247165534
4115,144211064,0,4.901451247165534
4116,144212498,0,4.901451247165534
4117,144204005,0,4.901451247165534
4118,144210877,0,4.901451247165534
4119,144213425,0,4.901451247165534
4120,144207620,0,4.901451247165534
4121,144210022,0,4.901451247165534
4122,144213464,0,4.901451247165534
4123,144203746,0,4.901451247165534
4124,144211387,0,4.901451247165534
4125,144213463,0,4.901451247165534
4126,144209911,0,4.901451247165534
4127,144212524,0,4.901451247165534
4128,144205179,0,4.901451247165534
4129,144205178,0,4.901451247165534
4130,144206371,0,4.901451247165534
4131,144207626,0,4.901451247165534
4132,144209991,0,4.901451247165534
4133,144210968,0,4.901451247165534
4134,144205717,0,4.901451247165534
4135,144212516,0,4.901451247165534
4136,144210018,0,4.901451247165534
4137,144210966,0,4.901451247165534
4138,144212269,0,4.901451247165534
4139,144205172,0,4.901451247165534
4140,144210960,0,4.901451247165534
4141,144213353,0,4.901451247165534
4142,144204721,0,4.901451247165534
4143,144208261,0,4.836875
4144,144208570,0,4.836875
4145,144207247,0,4.836875
4146,144207298,0,4.836875
4147,144211988,0,4.836875
4148,144203800,0,4.836875
4149,144207348,0,4.836875
4150,144210367,0,4.836875
4151,144204525,0,4.836875
4152,144210093,0,4.836875
4153,144209184,0,4.836875
4154,144207463,0,4.836875
4155,144208035,0,4.836875
4156,144211245,0,4.836875
4157,144205114,0,4.836875
4158,144213358,0,4.836875
4159,144211338,0,4.836875
4160,144208427,0,4.831358520842801
4161,144212706,0,4.8145222929936295
4162,144213039,0,4.8145222929936295
4163,144206135,0,4.8145222929936295
4164,144204119,0,4.8145222929936295
4165,144212031,0,4.8145222929936295
4166,144212947,0,4.8145222929936295
4167,144212712,0,4.8145222929936295
4168,144207008,0,4.8145222929936295
4169,144206886,0,4.8145222929936295
4170,144212508,0,4.8145222929936295
4171,144212887,0,4.8145222929936295
4172,144212184,0,4.8145222929936295
4173,144206129,0,4.8145222929936295
4174,144212715,0,4.8145222929936295
4175,144207126,0,4.8145222929936295
4176,144203934,0,4.8145222929936295
4177,144207014,0,4.8145222929936295
4178,144205716,0,4.8145222929936295
4179,144212685,0,4.8145222929936295
4180,144212647,0,4.8145222929936295
4181,144212975,0,4.8145222929936295
4182,144207243,0,4.8145222929936295
4183,144207202,0,4.8145222929936295
4184,144212575,0,4.8145222929936295
4185,144212572,0,4.8145222929936295
4186,144206101,0,4.8145222929936295
4187,144203840,0,4.8145222929936295
4188,144212566,0,4.8145222929936295
4189,144212646,0,4.8145222929936295
4190,144212960,0,4.8145222929936295
4191,144212892,0,4.8145222929936295
4192,144212555,0,4.8145222929936295
4193,144205911,0,4.8145222929936295
4194,144207193,0,4.8145222929936295
4195,144212242,0,4.8145222929936295
4196,144212533,0,4.8145222929936295
4197,144212657,0,4.8145222929936295
4198,144212529,0,4.8145222929936295
4199,144212239,0,4.8145222929936295
4200,144206238,0,4.8145222929936295
4201,144213114,0,4.8145222929936295
4202,144213065,0,4.8145222929936295
4203,144203933,0,4.8145222929936295
4204,144207083,0,4.8145222929936295
4205,144212856,0,4.8145222929936295
4206,144212319,0,4.8145222929936295
4207,144207099,0,4.8145222929936295
4208,144212850,0,4.8145222929936295
4209,144212209,0,4.8145222929936295
4210,144213023,0,4.8145222929936295
4211,144213145,0,4.8145222929936295
4212,144212323,0,4.8145222929936295
4213,144213142,0,4.8145222929936295
4214,144212368,0,4.8145222929936295
4215,144207238,0,4.8145222929936295
4216,144212330,0,4.8145222929936295
4217,144207223,0,4.8145222929936295
4218,144212832,0,4.8145222929936295
4219,144203893,0,4.8145222929936295
4220,144207229,0,4.8145222929936295
4221,144213051,0,4.8145222929936295
4222,144207237,0,4.8145222929936295
4223,144207105,0,4.8145222929936295
4224,144205768,0,4.8145222929936295
4225,144212360,0,4.8145222929936295
4226,144212051,0,4.8145222929936295
4227,144212313,0,4.8145222929936295
4228,144212395,0,4.8145222929936295
4229,144212760,0,4.8145222929936295
4230,144203890,0,4.8145222929936295
4231,144212463,0,4.8145222929936295
4232,144212197,0,4.8145222929936295
4233,144205978,0,4.8145222929936295
4234,144206196,0,4.8145222929936295
4235,144212452,0,4.8145222929936295
4236,144207084,0,4.8145222929936295
4237,144207085,0,4.8145222929936295
4238,144212440,0,4.8145222929936295
4239,144212083,0,4.8145222929936295
4240,144212808,0,4.8145222929936295
4241,144212079,0,4.8145222929936295
4242,144212762,0,4.8145222929936295
4243,144212778,0,4.8145222929936295
4244,144212625,0,4.8145222929936295
4245,144205986,0,4.8145222929936295
4246,144213015,0,4.8145222929936295
4247,144212793,0,4.8145222929936295
4248,144204105,0,4.8145222929936295
4249,144206062,0,4.8145222929936295
4250,144212980,0,4.8145222929936295
4251,144211435,0,4.8145222929936295
4252,144212013,0,4.8145222929936295
4253,144209882,0,4.8145222929936295
4254,144209872,0,4.8145222929936295
4255,144209873,0,4.8145222929936295
4256,144209874,0,4.8145222929936295
4257,144209875,0,4.8145222929936295
4258,144209876,0,4.8145222929936295
4259,144209877,0,4.8145222929936295
4260,144209878,0,4.8145222929936295
4261,144209879,0,4.8145222929936295
4262,144209880,0,4.8145222929936295
4263,144209881,0,4.8145222929936295
4264,144209884,0,4.8145222929936295
4265,144213693,0,4.8145222929936295
4266,144209885,0,4.8145222929936295
4267,144209886,0,4.8145222929936295
4268,144209887,0,4.8145222929936295
4269,144209888,0,4.8145222929936295
4270,144209889,0,4.8145222929936295
4271,144209897,0,4.8145222929936295
4272,144209898,0,4.8145222929936295
4273,144209899,0,4.8145222929936295
4274,144205182,0,4.8145222929936295
4275,144207873,0,4.8145222929936295
4276,144205183,0,4.8145222929936295
4277,144209814,0,4.8145222929936295
4278,144207883,0,4.8145222929936295
4279,144209684,0,4.8145222929936295
4280,144213800,0,4.8145222929936295
4281,144209404,0,4.8145222929936295
4282,144209408,0,4.8145222929936295
4283,144213799,0,4.8145222929936295
4284,144209485,0,4.8145222929936295
4285,144209489,0,4.8145222929936295
4286,144205249,0,4.8145222929936295
4287,144209521,0,4.8145222929936295
4288,144207929,0,4.8145222929936295
4289,144209545,0,4.8145222929936295
4290,144209556,0,4.8145222929936295
4291,144209566,0,4.8145222929936295
4292,144209576,0,4.8145222929936295
4293,144209582,0,4.8145222929936295
4294,144213750,0,4.8145222929936295
4295,144207907,0,4.8145222929936295
4296,144209613,0,4.8145222929936295
4297,144209623,0,4.8145222929936295
4298,144209631,0,4.8145222929936295
4299,144213736,0,4.8145222929936295
4300,144209669,0,4.8145222929936295
4301,144210011,0,4.8145222929936295
4302,144210021,0,4.8145222929936295
4303,144209323,0,4.8145222929936295
4304,144213579,0,4.8145222929936295
4305,144207810,0,4.8145222929936295
4306,144207809,0,4.8145222929936295
4307,144210425,0,4.8145222929936295
4308,144207806,0,4.8145222929936295
4309,144210442,0,4.8145222929936295
4310,144207804,0,4.8145222929936295
4311,144210451,0,4.8145222929936295
4312,144213592,0,4.8145222929936295
4313,144213591,0,4.8145222929936295
4314,144210461,0,4.8145222929936295
4315,144210481,0,4.8145222929936295
4316,144210037,0,4.8145222929936295
4317,144213577,0,4.8145222929936295
4318,144210491,0,4.8145222929936295
4319,144205115,0,4.8145222929936295
4320,144210504,0,4.8145222929936295
4321,144207784,0,4.8145222929936295
4322,144207783,0,4.8145222929936295
4323,144207782,0,4.8145222929936295
4324,144207781,0,4.8145222929936295
4325,144205100,0,4.8145222929936295
4326,144205076,0,4.8145222929936295
4327,144207811,0,4.8145222929936295
4328,144210406,0,4.8145222929936295
4329,144213617,0,4.8145222929936295
4330,144210392,0,4.8145222929936295
4331,144207859,0,4.8145222929936295
4332,144210083,0,4.8145222929936295
4333,144210088,0,4.8145222929936295
4334,144213665,0,4.8145222929936295
4335,144210123,0,4.8145222929936295
4336,144210129,0,4.8145222929936295
4337,144206760,0,4.8145222929936295
4338,144210139,0,4.8145222929936295
4339,144207835,0,4.8145222929936295
4340,144213640,0,4.8145222929936295
4341,144205147,0,4.8145222929936295
4342,144205627,0,4.8145222929936295
4343,144210200,0,4.8145222929936295
4344,144205134,0,4.8145222929936295
4345,144213628,0,4.8145222929936295
4346,144210353,0,4.8145222929936295
4347,144210360,0,4.8145222929936295
4348,144210372,0,4.8145222929936295
4349,144210378,0,4.8145222929936295
4350,144210390,0,4.8145222929936295
4351,144211995,0,4.8145222929936295
4352,144209343,0,4.8145222929936295
4353,144209314,0,4.8145222929936295
4354,144205641,0,4.8145222929936295
4355,144208656,0,4.8145222929936295
4356,144208523,0,4.8145222929936295
4357,144208528,0,4.8145222929936295
4358,144206594,0,4.8145222929936295
4359,144208156,0,4.8145222929936295
4360,144208554,0,4.8145222929936295
4361,144208566,0,4.8145222929936295
4362,144214014,0,4.8145222929936295
4363,144208144,0,4.8145222929936295
4364,144208633,0,4.8145222929936295
4365,144214001,0,4.8145222929936295
4366,144205538,0,4.8145222929936295
4367,144208095,0,4.8145222929936295
4368,144208121,0,4.8145222929936295
4369,144208107,0,4.8145222929936295
4370,144208736,0,4.8145222929936295
4371,144213973,0,4.8145222929936295
4372,144213963,0,4.8145222929936295
4373,144208760,0,4.8145222929936295
4374,144208785,0,4.8145222929936295
4375,144208787,0,4.8145222929936295
4376,144208794,0,4.8145222929936295
4377,144208798,0,4.8145222929936295
4378,144208515,0,4.8145222929936295
4379,144208513,0,4.8145222929936295
4380,144208511,0,4.8145222929936295
4381,144208509,0,4.8145222929936295
4382,144208218,0,4.8145222929936295
4383,144208207,0,4.8145222929936295
4384,144208244,0,4.8145222929936295
4385,144203562,0,4.8145222929936295
4386,144208307,0,4.8145222929936295
4387,144208318,0,4.8145222929936295
4388,144208361,0,4.8145222929936295
4389,144206596,0,4.8145222929936295
4390,144208183,0,4.8145222929936295
4391,144205483,0,4.8145222929936295
4392,144208179,0,4.8145222929936295
4393,144211255,1,4.8145222929936295
4394,144208415,0,4.8145222929936295
4395,144203630,0,4.8145222929936295
4396,144208436,0,4.8145222929936295
4397,144208443,0,4.8145222929936295
4398,144208456,0,4.8145222929936295
4399,144213968,1,4.8145222929936295
4400,144205471,0,4.8145222929936295
4401,144208167,0,4.8145222929936295
4402,144208500,0,4.8145222929936295
4403,144208801,0,4.8145222929936295
4404,144213942,0,4.8145222929936295
4405,144213822,0,4.8145222929936295
4406,144205342,0,4.8145222929936295
4407,144209097,0,4.8145222929936295
4408,144209106,0,4.8145222929936295
4409,144205351,0,4.8145222929936295
4410,144208029,0,4.8145222929936295
4411,144209123,0,4.8145222929936295
4412,144213872,0,4.8145222929936295
4413,144209150,0,4.8145222929936295
4414,144209151,0,4.8145222929936295
4415,144209156,0,4.8145222929936295
4416,144213862,0,4.8145222929936295
4417,144203696,0,4.8145222929936295
4418,144203661,0,4.8145222929936295
4419,144209170,0,4.8145222929936295
4420,144209178,0,4.8145222929936295
4421,144208021,0,4.8145222929936295
4422,144213847,0,4.8145222929936295
4423,144209214,0,4.8145222929936295
4424,144209223,0,4.8145222929936295
4425,144208004,0,4.8145222929936295
4426,144209238,0,4.8145222929936295
4427,144203700,0,4.8145222929936295
4428,144207989,0,4.8145222929936295
4429,144209087,0,4.8145222929936295
4430,144209067,0,4.8145222929936295
4431,144209064,0,4.8145222929936295
4432,144209045,0,4.8145222929936295
4433,144208834,0,4.8145222929936295
4434,144213940,0,4.8145222929936295
4435,144213932,0,4.8145222929936295
4436,144208866,0,4.8145222929936295
4437,144205392,0,4.8145222929936295
4438,144208878,0,4.8145222929936295
4439,144208882,0,4.8145222929936295
4440,144208919,0,4.8145222929936295
4441,144208921,0,4.8145222929936295
4442,144208939,0,4.8145222929936295
4443,144213904,0,4.8145222929936295
4444,144208950,0,4.8145222929936295
4445,144208961,0,4.8145222929936295
4446,144208972,0,4.8145222929936295
4447,144208057,0,4.8145222929936295
4448,144209009,0,4.8145222929936295
4449,144213894,0,4.8145222929936295
4450,144203674,0,4.8145222929936295
4451,144209026,0,4.8145222929936295
4452,144208048,0,4.8145222929936295
4453,144209044,0,4.8145222929936295
4454,144205636,0,4.8145222929936295
4455,144210391,0,4.8145222929936295
4456,144205055,0,4.8145222929936295
4457,144207483,0,4.8145222929936295
4458,144213363,0,4.8145222929936295
4459,144211339,0,4.8145222929936295
4460,144204599,0,4.8145222929936295
4461,144211354,0,4.8145222929936295
4462,144211362,0,4.8145222929936295
4463,144207493,0,4.8145222929936295
4464,144204584,0,4.8145222929936295
4465,144213343,0,4.8145222929936295
4466,144211388,0,4.8145222929936295
4467,144207482,0,4.8145222929936295
4468,144213298,0,4.8145222929936295
4469,144211406,0,4.8145222929936295
4470,144211412,0,4.8145222929936295
4471,144204551,0,4.8145222929936295
4472,144211439,0,4.8145222929936295
4473,144211456,0,4.8145222929936295
4474,144211460,0,4.8145222929936295
4475,144207457,0,4.8145222929936295
4476,144211486,0,4.8145222929936295
4477,144211495,0,4.8145222929936295
4478,144204608,0,4.8145222929936295
4479,144213370,0,4.8145222929936295
4480,144213373,0,4.8145222929936295
4481,144211296,0,4.8145222929936295
4482,144211094,0,4.8145222929936295
4483,144204770,0,4.8145222929936295
4484,144211101,0,4.8145222929936295
4485,144211125,0,4.8145222929936295
4486,144211165,0,4.8145222929936295
4487,144204707,0,4.8145222929936295
4488,144204689,0,4.8145222929936295
4489,144211187,0,4.8145222929936295
4490,144211193,0,4.8145222929936295
4491,144204685,0,4.8145222929936295
4492,144213406,0,4.8145222929936295
4493,144206375,0,4.8145222929936295
4494,144213400,0,4.8145222929936295
4495,144211234,0,4.8145222929936295
4496,144204654,0,4.8145222929936295
4497,144213567,0,4.8145222929936295
4498,144207516,0,4.8145222929936295
4499,144211290,0,4.8145222929936295
4500,144213375,0,4.8145222929936295
4501,144211516,0,4.8145222929936295
4502,144211531,0,4.8145222929936295
4503,144211065,0,4.8145222929936295
4504,144211939,0,4.8145222929936295
4505,144211837,0,4.8145222929936295
4506,144213233,0,4.8145222929936295
4507,144204377,0,4.8145222929936295
4508,144204373,0,4.8145222929936295
4509,144211873,0,4.8145222929936295
4510,144204329,0,4.8145222929936295
4511,144213220,0,4.8145222929936295
4512,144204299,0,4.8145222929936295
4513,144207300,0,4.8145222929936295
4514,144211947,0,4.8145222929936295
4515,144211554,0,4.8145222929936295
4516,144211959,0,4.8145222929936295
4517,144211963,0,4.8145222929936295
4518,144206870,0,4.8145222929936295
4519,144211966,0,4.8145222929936295
4520,144205697,0,4.8145222929936295
4521,144207277,0,4.8145222929936295
4522,144211972,0,4.8145222929936295
4523,144211984,0,4.8145222929936295
4524,144207272,0,4.8145222929936295
4525,144211822,0,4.8145222929936295
4526,144211808,0,4.8145222929936295
4527,144211798,0,4.8145222929936295
4528,144211789,0,4.8145222929936295
4529,144207396,0,4.8145222929936295
4530,144211565,0,4.8145222929936295
4531,144211585,0,4.8145222929936295
4532,144211604,0,4.8145222929936295
4533,144204482,0,4.8145222929936295
4534,144211674,0,4.8145222929936295
4535,144211678,0,4.8145222929936295
4536,144211681,0,4.8145222929936295
4537,144211694,0,4.8145222929936295
4538,144213277,0,4.8145222929936295
4539,144207368,0,4.8145222929936295
4540,144211704,0,4.8145222929936295
4541,144213266,0,4.8145222929936295
4542,144211720,0,4.8145222929936295
4543,144211724,0,4.8145222929936295
4544,144204433,0,4.8145222929936295
4545,144205692,0,4.8145222929936295
4546,144204410,0,4.8145222929936295
4547,144211761,0,4.8145222929936295
4548,144211073,0,4.8145222929936295
4549,144212904,0,4.8145222929936295
4550,144205650,0,4.8145222929936295
4551,144210905,0,4.8145222929936295
4552,144206402,0,4.8145222929936295
4553,144210991,0,4.8145222929936295
4554,144210700,0,4.8145222929936295
4555,144210702,0,4.8145222929936295
4556,144210982,0,4.8145222929936295
4557,144210810,0,4.8145222929936295
4558,144210978,0,4.8145222929936295
4559,144207739,0,4.8145222929936295
4560,144207614,0,4.8145222929936295
4561,144210964,0,4.8145222929936295
4562,144206405,0,4.8145222929936295
4563,144210932,0,4.8145222929936295
4564,144204825,0,4.8145222929936295
4565,144204843,0,4.8145222929936295
4566,144207734,0,4.8145222929936295
4567,144210683,0,4.8145222929936295
4568,144204929,0,4.8145222929936295
4569,144210894,0,4.8145222929936295
4570,144210880,0,4.8145222929936295
4571,144213483,0,4.8145222929936295
4572,144207678,0,4.8145222929936295
4573,144204909,0,4.8145222929936295
4574,144206651,0,4.8145222929936295
4575,144204863,0,4.8145222929936295
4576,144204877,0,4.8145222929936295
4577,144204867,0,4.8145222929936295
4578,144207699,0,4.8145222929936295
4579,144207698,0,4.8145222929936295
4580,144210813,0,4.8145222929936295
4581,144213495,0,4.8145222929936295
4582,144206411,0,4.8145222929936295
4583,144207740,0,4.8145222929936295
4584,144213444,0,4.8145222929936295
4585,144204804,0,4.8145222929936295
4586,144211038,0,4.8145222929936295
4587,144207574,0,4.8145222929936295
4588,144210670,0,4.8145222929936295
4589,144205018,0,4.8145222929936295
4590,144210603,0,4.8145222929936295
4591,144207764,0,4.8145222929936295
4592,144206401,0,4.8145222929936295
4593,144213551,0,4.8145222929936295
4594,144211019,0,4.8145222929936295
4595,144205040,0,4.8145222929936295
4596,144213433,0,4.8145222929936295
4597,144210623,0,4.8145222929936295
4598,144207770,0,4.8145222929936295
4599,144211056,0,4.8145222929936295
4600,144204805,0,4.8145222929936295
4601,144207743,0,4.8145222929936295
4602,144210600,0,4.8145222929936295
4603,144206202,0,4.694074074074073
4604,144207370,0,4.694074074074073
4605,144203656,0,4.694074074074073
4606,144203769,0,4.694074074074073
4607,144207101,0,4.694074074074073
4608,144212929,0,4.694074074074073
4609,144211657,0,4.694074074074073
4610,144208327,0,4.694074074074073
4611,144203665,0,4.694074074074073
4612,144212035,0,4.694074074074073
4613,144211701,0,4.694074074074073
4614,144208242,0,4.694074074074073
4615,144205698,0,4.694074074074073
4616,144208764,0,4.694074074074073
4617,144213626,0,4.694074074074073
4618,144212040,0,4.694074074074073
4619,144208100,0,4.694074074074073
4620,144208603,0,4.694074074074073
4621,144207232,0,4.694074074074073
4622,144208512,0,4.694074074074073
4623,144210688,0,4.694074074074073
4624,144212852,0,4.694074074074073
4625,144213596,0,4.694074074074073
4626,144208160,0,4.694074074074073
4627,144205473,0,4.694074074074073
4628,144205010,0,4.694074074074073
4629,144208597,0,4.694074074074073
4630,144211787,0,4.694074074074073
4631,144212315,0,4.694074074074073
4632,144212821,0,4.694074074074073
4633,144210723,0,4.694074074074073
4634,144208635,0,4.694074074074073
4635,144213153,0,4.694074074074073
4636,144208394,0,4.694074074074073
4637,144208387,0,4.694074074074073
4638,144213263,0,4.694074074074073
4639,144213614,0,4.694074074074073
4640,144207353,0,4.694074074074073
4641,144208880,0,4.694074074074073
4642,144209782,0,4.694074074074073
4643,144212195,0,4.694074074074073
4644,144212592,0,4.694074074074073
4645,144204659,0,4.694074074074073
4646,144209602,0,4.694074074074073
4647,144203941,0,4.694074074074073
4648,144213438,0,4.694074074074073
4649,144209166,0,4.694074074074073
4650,144204111,0,4.694074074074073
4651,144209564,0,4.694074074074073
4652,144209193,0,4.694074074074073
4653,144209557,0,4.694074074074073
4654,144211331,0,4.694074074074073
4655,144207930,0,4.694074074074073
4656,144210157,0,4.694074074074073
4657,144212528,0,4.694074074074073
4658,144213771,0,4.694074074074073
4659,144207599,0,4.694074074074073
4660,144211219,0,4.694074074074073
4661,144212532,0,4.694074074074073
4662,144213391,0,4.694074074074073
4663,144207519,0,4.694074074074073
4664,144210047,0,4.694074074074073
4665,144210992,0,4.694074074074073
4666,144207903,0,4.694074074074073
4667,144213715,0,4.694074074074073
4668,144211070,0,4.694074074074073
4669,144208981,0,4.694074074074073
4670,144209083,0,4.694074074074073
4671,144213315,0,4.694074074074073
4672,144212737,0,4.694074074074073
4673,144210126,0,4.694074074074073
4674,144203982,0,4.694074074074073
4675,144211524,0,4.694074074074073
4676,144209647,0,4.694074074074073
4677,144209637,0,4.694074074074073
4678,144207199,0,4.694074074074073
4679,144211544,0,4.694074074074073
4680,144210838,0,4.694074074074073
4681,144213562,0,4.649598214285715
4682,144213227,0,4.649598214285715
4683,144213432,0,4.649598214285715
4684,144213543,0,4.649598214285715
4685,144206636,0,4.649598214285715
4686,144206179,0,4.649598214285715
4687,144213737,0,4.649598214285715
4688,144213442,0,4.649598214285715
4689,144206741,0,4.649598214285715
4690,144213094,0,4.649598214285715
4691,144213100,0,4.649598214285715
4692,144203776,0,4.649598214285715
4693,144213434,0,4.649598214285715
4694,144213000,0,4.649598214285715
4695,144203718,0,4.649598214285715
4696,144213874,0,4.649598214285715
4697,144213290,0,4.649598214285715
4698,144213497,0,4.649598214285715
4699,144203667,0,4.649598214285715
4700,144213486,0,4.649598214285715
4701,144206306,0,4.649598214285715
4702,144213900,0,4.649598214285715
4703,144212924,0,4.649598214285715
4704,144212918,0,4.649598214285715
4705,144206317,0,4.649598214285715
4706,144213123,0,4.649598214285715
4707,144213673,0,4.649598214285715
4708,144206906,0,4.649598214285715
4709,144213514,0,4.649598214285715
4710,144206209,0,4.649598214285715
4711,144213685,0,4.649598214285715
4712,144213337,0,4.649598214285715
4713,144213686,0,4.649598214285715
4714,144213526,0,4.649598214285715
4715,144203783,0,4.649598214285715
4716,144213700,0,4.649598214285715
4717,144212955,0,4.649598214285715
4718,144213710,0,4.649598214285715
4719,144213136,0,4.649598214285715
4720,144206259,0,4.649598214285715
4721,144213081,0,4.649598214285715
4722,144213600,0,4.649598214285715
4723,144212965,0,4.649598214285715
4724,144206654,0,4.649598214285715
4725,144206944,0,4.649598214285715
4726,144211446,0,4.649598214285715
4727,144211594,0,4.649598214285715
4728,144211581,0,4.649598214285715
4729,144205227,0,4.649598214285715
4730,144207431,0,4.649598214285715
4731,144205604,0,4.649598214285715
4732,144211506,0,4.649598214285715
4733,144204526,0,4.649598214285715
4734,144205686,0,4.649598214285715
4735,144209600,0,4.649598214285715
4736,144209612,0,4.649598214285715
4737,144211474,0,4.649598214285715
4738,144209621,0,4.649598214285715
4739,144204545,0,4.649598214285715
4740,144211438,0,4.649598214285715
4741,144211935,0,4.649598214285715
4742,144204552,0,4.649598214285715
4743,144211382,0,4.649598214285715
4744,144209662,0,4.649598214285715
4745,144209676,0,4.649598214285715
4746,144209713,0,4.649598214285715
4747,144205197,0,4.649598214285715
4748,144205196,0,4.649598214285715
4749,144211373,0,4.649598214285715
4750,144211370,0,4.649598214285715
4751,144211360,0,4.649598214285715
4752,144211356,0,4.649598214285715
4753,144211344,0,4.649598214285715
4754,144211343,0,4.649598214285715
4755,144211652,0,4.649598214285715
4756,144211668,0,4.649598214285715
4757,144209475,0,4.649598214285715
4758,144211706,0,4.649598214285715
4759,144211932,0,4.649598214285715
4760,144207283,0,4.649598214285715
4761,144207285,0,4.649598214285715
4762,144208001,0,4.649598214285715
4763,144209264,0,4.649598214285715
4764,144207979,0,4.649598214285715
4765,144209313,0,4.649598214285715
4766,144209328,0,4.649598214285715
4767,144209342,0,4.649598214285715
4768,144211891,0,4.649598214285715
4769,144207308,0,4.649598214285715
4770,144207315,0,4.649598214285715
4771,144207973,0,4.649598214285715
4772,144207962,0,4.649598214285715
4773,144211850,0,4.649598214285715
4774,144210665,0,4.649598214285715
4775,144211839,0,4.649598214285715
4776,144211815,0,4.649598214285715
4777,144211801,0,4.649598214285715
4778,144209390,0,4.649598214285715
4779,144209397,0,4.649598214285715
4780,144207954,0,4.649598214285715
4781,144204396,0,4.649598214285715
4782,144207949,0,4.649598214285715
4783,144207946,0,4.649598214285715
4784,144207365,0,4.649598214285715
4785,144209465,0,4.649598214285715
4786,144211335,0,4.649598214285715
4787,144205193,0,4.649598214285715
4788,144210006,0,4.649598214285715
4789,144210422,0,4.649598214285715
4790,144211004,0,4.649598214285715
4791,144207607,0,4.649598214285715
4792,144210993,0,4.649598214285715
4793,144210971,0,4.649598214285715
4794,144205630,0,4.649598214285715
4795,144206097,0,4.649598214285715
4796,144210489,0,4.649598214285715
4797,144210914,0,4.649598214285715
4798,144207669,0,4.649598214285715
4799,144205060,0,4.649598214285715
4800,144205054,0,4.649598214285715
4801,144210828,0,4.649598214285715
4802,144210801,0,4.649598214285715
4803,144210796,0,4.649598214285715
4804,144204878,0,4.649598214285715
4805,144204897,0,4.649598214285715
4806,144205042,0,4.649598214285715
4807,144204915,0,4.649598214285715
4808,144205645,0,4.649598214285715
4809,144207723,0,4.649598214285715
4810,144205016,0,4.649598214285715
4811,144210597,0,4.649598214285715
4812,144204937,0,4.649598214285715
4813,144207751,0,4.649598214285715
4814,144210650,0,4.649598214285715
4815,144210687,0,4.649598214285715
4816,144210685,0,4.649598214285715
4817,144210426,0,4.649598214285715
4818,144211034,0,4.649598214285715
4819,144211304,0,4.649598214285715
4820,144207583,0,4.649598214285715
4821,144211291,0,4.649598214285715
4822,144211289,0,4.649598214285715
4823,144204640,0,4.649598214285715
4824,144210033,0,4.649598214285715
4825,144205167,0,4.649598214285715
4826,144210039,0,4.649598214285715
4827,144210056,0,4.649598214285715
4828,144211259,0,4.649598214285715
4829,144207518,0,4.649598214285715
4830,144211236,0,4.649598214285715
4831,144207520,0,4.649598214285715
4832,144210078,0,4.649598214285715
4833,144210102,0,4.649598214285715
4834,144207846,0,4.649598214285715
4835,144210112,0,4.649598214285715
4836,144210119,0,4.649598214285715
4837,144207839,0,4.649598214285715
4838,144210150,0,4.649598214285715
4839,144211171,0,4.649598214285715
4840,144211154,0,4.649598214285715
4841,144204735,0,4.649598214285715
4842,144207549,0,4.649598214285715
4843,144210347,0,4.649598214285715
4844,144211063,0,4.649598214285715
4845,144207815,0,4.649598214285715
4846,144211052,0,4.649598214285715
4847,144210395,0,4.649598214285715
4848,144211934,0,4.649598214285715
4849,144210653,0,4.649598214285715
4850,144205696,0,4.649598214285715
4851,144208809,0,4.649598214285715
4852,144208710,0,4.649598214285715
4853,144208113,0,4.649598214285715
4854,144212367,0,4.649598214285715
4855,144212654,0,4.649598214285715
4856,144207103,0,4.649598214285715
4857,144208748,0,4.649598214285715
4858,144205408,0,4.649598214285715
4859,144205966,0,4.649598214285715
4860,144208808,0,4.649598214285715
4861,144212328,0,4.649598214285715
4862,144208685,0,4.649598214285715
4863,144208092,0,4.649598214285715
4864,144208369,0,4.649598214285715
4865,144204037,0,4.649598214285715
4866,144208853,0,4.649598214285715
4867,144212301,0,4.649598214285715
4868,144208859,0,4.649598214285715
4869,144208862,0,4.649598214285715
4870,144205496,0,4.649598214285715
4871,144203944,0,4.649598214285715
4872,144208371,0,4.649598214285715
4873,144208420,0,4.649598214285715
4874,144205384,0,4.649598214285715
4875,144212464,0,4.649598214285715
4876,144212582,0,4.649598214285715
4877,144212507,0,4.649598214285715
4878,144212506,0,4.649598214285715
4879,144212502,0,4.649598214285715
4880,144212500,0,4.649598214285715
4881,144207078,0,4.649598214285715
4882,144212476,0,4.649598214285715
4883,144208150,0,4.649598214285715
4884,144208518,0,4.649598214285715
4885,144212460,0,4.649598214285715
4886,144208637,0,4.649598214285715
4887,144208468,0,4.649598214285715
4888,144212627,0,4.649598214285715
4889,144212441,0,4.649598214285715
4890,144208615,0,4.649598214285715
4891,144207040,0,4.649598214285715
4892,144212412,0,4.649598214285715
4893,144212411,0,4.649598214285715
4894,144212409,0,4.649598214285715
4895,144205537,0,4.649598214285715
4896,144212261,0,4.649598214285715
4897,144208543,0,4.649598214285715
4898,144207011,0,4.649598214285715
4899,144208030,0,4.649598214285715
4900,144209126,0,4.649598214285715
4901,144208268,0,4.649598214285715
4902,144203896,0,4.649598214285715
4903,144212089,0,4.649598214285715
4904,144212071,0,4.649598214285715
4905,144212070,0,4.649598214285715
4906,144207221,0,4.649598214285715
4907,144209135,0,4.649598214285715
4908,144212049,0,4.649598214285715
4909,144212803,0,4.649598214285715
4910,144212042,0,4.649598214285715
4911,144209217,0,4.649598214285715
4912,144208254,0,4.649598214285715
4913,144208216,0,4.649598214285715
4914,144212025,0,4.649598214285715
4915,144212884,0,4.649598214285715
4916,144211974,0,4.649598214285715
4917,144205514,0,4.649598214285715
4918,144209120,0,4.649598214285715
4919,144209008,0,4.649598214285715
4920,144203935,0,4.649598214285715
4921,144212740,0,4.649598214285715
4922,144208983,0,4.649598214285715
4923,144208200,0,4.649598214285715
4924,144209018,0,4.649598214285715
4925,144212761,0,4.649598214285715
4926,144205826,0,4.649598214285715
4927,144205848,0,4.649598214285715
4928,144207003,0,4.649598214285715
4929,144203940,0,4.649598214285715
4930,144209034,0,4.649598214285715
4931,144208945,0,4.649598214285715
4932,144213565,0,4.6466111111111115
4933,144210336,0,4.6466111111111115
4934,144210606,0,4.6466111111111115
4935,144213546,0,4.6466111111111115
4936,144213619,0,4.6466111111111115
4937,144210348,0,4.6466111111111115
4938,144213547,0,4.6466111111111115
4939,144213578,0,4.6466111111111115
4940,144210626,0,4.6466111111111115
4941,144208535,0,4.6466111111111115
4942,144210457,0,4.6466111111111115
4943,144210480,0,4.6466111111111115
4944,144208287,0,4.6466111111111115
4945,144210466,0,4.6466111111111115
4946,144208428,0,4.6466111111111115
4947,144203627,0,4.6466111111111115
4948,144208270,0,4.6466111111111115
4949,144210431,0,4.6466111111111115
4950,144210459,0,4.6466111111111115
4951,144208399,0,4.6466111111111115
4952,144208276,0,4.6466111111111115
4953,144203576,0,4.6466111111111115
4954,144207761,0,4.6466111111111115
4955,144210453,0,4.6466111111111115
4956,144208284,0,4.6466111111111115
4957,144208188,0,4.6466111111111115
4958,144208671,0,4.6466111111111115
4959,144214023,0,4.6466111111111115
4960,144208892,0,4.6466111111111115
4961,144208068,0,4.6466111111111115
4962,144209567,0,4.6466111111111115
4963,144209553,0,4.6466111111111115
4964,144208943,0,4.6466111111111115
4965,144209516,0,4.6466111111111115
4966,144207944,0,4.6466111111111115
4967,144209466,0,4.6466111111111115
4968,144213885,0,4.6466111111111115
4969,144209107,0,4.6466111111111115
4970,144207952,0,4.6466111111111115
4971,144209110,0,4.6466111111111115
4972,144209112,0,4.6466111111111115
4973,144209124,0,4.6466111111111115
4974,144207960,0,4.6466111111111115
4975,144209128,0,4.6466111111111115
4976,144209168,0,4.6466111111111115
4977,144208017,0,4.6466111111111115
4978,144205581,0,4.6466111111111115
4979,144213841,0,4.6466111111111115
4980,144209315,0,4.6466111111111115
4981,144209302,0,4.6466111111111115
4982,144209233,0,4.6466111111111115
4983,144209243,0,4.6466111111111115
4984,144209573,0,4.6466111111111115
4985,144208883,0,4.6466111111111115
4986,144210330,0,4.6466111111111115
4987,144208083,0,4.6466111111111115
4988,144210329,0,4.6466111111111115
4989,144205626,0,4.6466111111111115
4990,144207851,0,4.6466111111111115
4991,144205159,0,4.6466111111111115
4992,144208594,0,4.6466111111111115
4993,144208625,0,4.6466111111111115
4994,144208142,0,4.6466111111111115
4995,144208643,0,4.6466111111111115
4996,144209256,0,4.6466111111111115
4997,144205169,0,4.6466111111111115
4998,144210013,0,4.6466111111111115
4999,144205174,0,4.6466111111111115
5000,144207877,0,4.6466111111111115
5001,144208720,0,4.6466111111111115
5002,144203650,0,4.6466111111111115
5003,144208741,0,4.6466111111111115
5004,144206700,0,4.6466111111111115
5005,144213729,0,4.6466111111111115
5006,144208781,0,4.6466111111111115
5007,144205207,0,4.6466111111111115
5008,144213738,0,4.6466111111111115
5009,144208857,0,4.6466111111111115
5010,144209607,0,4.6466111111111115
5011,144207961,0,4.6466111111111115
5012,144213470,0,4.6466111111111115
5013,144210681,0,4.6466111111111115
5014,144207484,0,4.6466111111111115
5015,144206250,0,4.6466111111111115
5016,144211964,0,4.6466111111111115
5017,144212029,0,4.6466111111111115
5018,144203835,0,4.6466111111111115
5019,144212045,0,4.6466111111111115
5020,144213148,0,4.6466111111111115
5021,144212052,0,4.6466111111111115
5022,144204147,0,4.6466111111111115
5023,144212098,0,4.6466111111111115
5024,144212100,0,4.6466111111111115
5025,144212101,0,4.6466111111111115
5026,144212113,0,4.6466111111111115
5027,144204129,0,4.6466111111111115
5028,144212214,0,4.6466111111111115
5029,144205831,0,4.6466111111111115
5030,144211922,0,4.6466111111111115
5031,144213196,0,4.6466111111111115
5032,144211920,0,4.6466111111111115
5033,144207369,0,4.6466111111111115
5034,144211466,0,4.6466111111111115
5035,144211475,0,4.6466111111111115
5036,144207450,0,4.6466111111111115
5037,144207436,0,4.6466111111111115
5038,144207410,0,4.6466111111111115
5039,144211542,0,4.6466111111111115
5040,144211707,0,4.6466111111111115
5041,144213212,0,4.6466111111111115
5042,144204428,0,4.6466111111111115
5043,144207342,0,4.6466111111111115
5044,144211797,0,4.6466111111111115
5045,144211813,0,4.6466111111111115
5046,144204378,0,4.6466111111111115
5047,144207318,0,4.6466111111111115
5048,144205834,0,4.6466111111111115
5049,144212234,0,4.6466111111111115
5050,144212249,0,4.6466111111111115
5051,144212651,0,4.6466111111111115
5052,144212552,0,4.6466111111111115
5053,144205918,0,4.6466111111111115
5054,144205936,0,4.6466111111111115
5055,144212637,0,4.6466111111111115
5056,144212643,0,4.6466111111111115
5057,144212644,0,4.6466111111111115
5058,144203948,0,4.6466111111111115
5059,144204009,0,4.6466111111111115
5060,144203942,0,4.6466111111111115
5061,144206924,0,4.6466111111111115
5062,144203899,0,4.6466111111111115
5063,144203898,0,4.6466111111111115
5064,144203897,0,4.6466111111111115
5065,144212816,0,4.6466111111111115
5066,144212545,0,4.6466111111111115
5067,144207087,0,4.6466111111111115
5068,144213086,0,4.6466111111111115
5069,144207106,0,4.6466111111111115
5070,144212262,0,4.6466111111111115
5071,144205859,0,4.6466111111111115
5072,144205861,0,4.6466111111111115
5073,144205869,0,4.6466111111111115
5074,144212302,0,4.6466111111111115
5075,144212331,0,4.6466111111111115
5076,144206897,0,4.6466111111111115
5077,144212407,0,4.6466111111111115
5078,144212365,0,4.6466111111111115
5079,144213035,0,4.6466111111111115
5080,144212372,0,4.6466111111111115
5081,144212374,0,4.6466111111111115
5082,144212377,0,4.6466111111111115
5083,144213022,0,4.6466111111111115
5084,144206349,0,4.6466111111111115
5085,144211916,0,4.6466111111111115
5086,144206819,0,4.6466111111111115
5087,144207500,0,4.6466111111111115
5088,144204925,0,4.6466111111111115
5089,144204580,0,4.6466111111111115
5090,144204632,0,4.6466111111111115
5091,144210827,0,4.6466111111111115
5092,144204706,0,4.6466111111111115
5093,144207579,0,4.6466111111111115
5094,144204818,0,4.6466111111111115
5095,144211230,0,4.6466111111111115
5096,144207528,0,4.6466111111111115
5097,144204681,0,4.6466111111111115
5098,144207523,0,4.6466111111111115
5099,144213398,0,4.6466111111111115
5100,144207608,0,4.6466111111111115
5101,144211212,0,4.6466111111111115
5102,144211208,0,4.6466111111111115
5103,144204930,0,4.6466111111111115
5104,144211310,0,4.6466111111111115
5105,144211100,0,4.6466111111111115
5106,144211072,0,4.6466111111111115
5107,144211374,0,4.6466111111111115
5108,144213344,0,4.6466111111111115
5109,144204959,0,4.6466111111111115
5110,144203766,0,4.6466111111111115
5111,144204941,0,4.6466111111111115
5112,144213523,0,4.6466111111111115
5113,144211207,0,4.6466111111111115
5114,144209943,0,4.590126582278481
5115,144209766,0,4.590126582278481
5116,144208249,0,4.590126582278481
5117,144211630,0,4.590126582278481
5118,144208086,0,4.590126582278481
5119,144204611,0,4.590126582278481
5120,144212125,0,4.590126582278481
5121,144204953,0,4.590126582278481
5122,144205705,0,4.590126582278481
5123,144213158,0,4.590126582278481
5124,144208101,0,4.590126582278481
5125,144208830,0,4.590126582278481
5126,144205263,0,4.590126582278481
5127,144204643,0,4.590126582278481
5128,144211265,0,4.590126582278481
5129,144212413,0,4.590126582278481
5130,144209052,0,4.590126582278481
5131,144210507,0,4.590126582278481
5132,144205871,0,4.590126582278481
5133,144208098,0,4.590126582278481
5134,144204303,0,4.590126582278481
5135,144213481,0,4.590126582278481
5136,144208329,0,4.590126582278481
5137,144209024,0,4.590126582278481
5138,144212997,0,4.590126582278481
5139,144205845,0,4.584604794923353
5140,144210435,0,4.507805755395682
5141,144207109,0,4.507805755395682
5142,144213043,0,4.507805755395682
5143,144212337,0,4.507805755395682
5144,144212338,0,4.507805755395682
5145,144205661,0,4.507805755395682
5146,144213441,0,4.507805755395682
5147,144213048,0,4.507805755395682
5148,144206366,0,4.507805755395682
5149,144212369,0,4.507805755395682
5150,144204809,0,4.507805755395682
5151,144212871,0,4.507805755395682
5152,144208309,0,4.507805755395682
5153,144208343,0,4.507805755395682
5154,144204936,0,4.507805755395682
5155,144205484,0,4.507805755395682
5156,144212667,0,4.507805755395682
5157,144206404,0,4.507805755395682
5158,144212970,0,4.507805755395682
5159,144203866,0,4.507805755395682
5160,144208433,0,4.507805755395682
5161,144213500,0,4.507805755395682
5162,144210873,0,4.507805755395682
5163,144205914,0,4.507805755395682
5164,144208154,0,4.507805755395682
5165,144206403,0,4.507805755395682
5166,144205657,0,4.507805755395682
5167,144208623,0,4.507805755395682
5168,144210479,0,4.507805755395682
5169,144212389,0,4.507805755395682
5170,144210475,0,4.507805755395682
5171,144207627,0,4.507805755395682
5172,144211027,0,4.507805755395682
5173,144205373,0,4.507805755395682
5174,144208079,0,4.507805755395682
5175,144207980,0,4.507805755395682
5176,144211900,0,4.507805755395682
5177,144208881,0,4.507805755395682
5178,144209325,0,4.507805755395682
5179,144211308,0,4.507805755395682
5180,144213372,0,4.507805755395682
5181,144210012,0,4.507805755395682
5182,144211840,0,4.507805755395682
5183,144207343,0,4.507805755395682
5184,144209843,0,4.507805755395682
5185,144213786,0,4.507805755395682
5186,144213275,0,4.507805755395682
5187,144211697,0,4.507805755395682
5188,144209482,0,4.507805755395682
5189,144209562,0,4.507805755395682
5190,144209762,0,4.507805755395682
5191,144211514,0,4.507805755395682
5192,144205225,0,4.507805755395682
5193,144209589,0,4.507805755395682
5194,144207449,0,4.507805755395682
5195,144207487,0,4.507805755395682
5196,144211433,0,4.507805755395682
5197,144213536,0,4.507805755395682
5198,144208210,0,4.507805755395682
5199,144213413,0,4.507805755395682
5200,144208016,0,4.507805755395682
5201,144211127,0,4.507805755395682
5202,144208041,0,4.507805755395682
5203,144211109,0,4.507805755395682
5204,144210134,0,4.507805755395682
5205,144205843,0,4.507805755395682
5206,144213403,0,4.507805755395682
5207,144209155,0,4.507805755395682
5208,144206716,0,4.507805755395682
5209,144213395,0,4.507805755395682
5210,144208908,0,4.507805755395682
5211,144213845,0,4.507805755395682
5212,144213842,0,4.507805755395682
5213,144205852,0,4.507805755395682
5214,144211061,0,4.507805755395682
5215,144209772,0,4.433660714285714
5216,144209758,0,4.433660714285714
5217,144207412,0,4.433660714285714
5218,144212774,0,4.433660714285714
5219,144208560,0,4.433660714285714
5220,144213682,0,4.433660714285714
5221,144212032,0,4.433660714285714
5222,144207628,0,4.433660714285714
5223,144205718,0,4.433660714285714
5224,144207350,0,4.433660714285714
5225,144213248,0,4.433660714285714
5226,144209158,0,4.337272727272727
5227,144212006,0,4.337272727272727
5228,144213448,0,4.337272727272727
5229,144212951,0,4.272307692307693
5230,144208225,0,4.272307692307693
5231,144206982,0,4.272307692307693
5232,144206986,0,4.215934959349594
5233,144210732,0,4.215934959349594
5234,144206715,0,4.215934959349594
5235,144209603,0,4.215934959349594
5236,144209321,0,4.215934959349594
5237,144211266,0,4.215934959349594
5238,144210444,0,4.215934959349594
