rank,cid,label,score
1,144213902,0,8.62877049180328
2,144204458,0,8.62877049180328
3,144205757,0,8.489583333333334
4,144210532,0,8.489583333333334
5,144206187,0,8.489583333333334
6,144212478,0,8.489583333333334
7,144206601,0,8.489583333333334
8,144206547,0,8.383892617449662
9,144206629,0,8.383892617449662
10,144206902,0,8.383892617449662
11,144212732,0,8.383892617449662
12,144205240,0,8.383892617449662
13,144210545,0,8.374583333333332
14,144206022,0,8.351197916666669
15,144206920,0,8.351197916666669
16,144204734,0,8.351197916666669
17,144210543,0,8.351197916666669
18,144210765,0,8.351197916666669
19,144213826,0,8.351197916666669
20,144204791,0,8.351197916666669
21,144204749,0,8.351197916666669
22,144208903,0,8.351197916666669
23,144205241,0,8.351197916666669
24,144213499,0,8.351197916666669
25,144210560,0,8.351197916666669
26,144206289,0,8.347750000000001
27,144206666,0,8.347750000000001
28,144205574,0,8.347750000000001
29,144204256,0,8.347750000000001
30,144204249,0,8.347750000000001
31,144206813,0,8.347750000000001
32,144206563,0,8.347750000000001
33,144206683,0,8.347750000000001
34,144206452,0,8.347750000000001
35,144204372,0,8.347750000000001
36,144206881,0,8.347750000000001
37,144206039,0,8.347750000000001
38,144210949,0,8.347750000000001
39,144206814,0,8.347750000000001
40,144204688,0,8.22235294117647
41,144206681,0,8.22235294117647
42,144207158,0,8.22235294117647
43,144207048,0,8.22235294117647
44,144210577,0,8.22235294117647
45,144206553,0,8.205405405405404
46,144206540,0,8.205405405405404
47,144213751,0,8.205405405405404
48,144207066,0,8.205405405405404
49,144210578,0,8.205405405405404
50,144206564,1,8.205405405405404
51,144204277,0,8.205405405405404
52,144210546,0,8.154921874999998
53,144204902,0,8.154921874999998
54,144210576,0,8.154921874999998
55,144206753,0,8.154921874999998
56,144204183,0,8.154921874999998
57,144212491,0,8.154921874999998
58,144204964,0,8.154921874999998
59,144206142,0,8.154921874999998
60,144206842,0,8.154921874999998
61,144210569,0,8.144583333333332
62,144205031,0,8.144583333333332
63,144206227,0,8.144583333333332
64,144210531,0,8.144583333333332
65,144205066,0,8.10269841269841
66,144210548,0,8.10269841269841
67,144206857,0,8.10269841269841
68,144210778,0,8.10269841269841
69,144205420,0,8.10269841269841
70,144210583,0,8.10269841269841
71,144206181,0,8.10269841269841
72,144209025,0,8.10269841269841
73,144204986,0,8.10269841269841
74,144204320,0,8.10269841269841
75,144213132,0,8.10269841269841
76,144204998,0,8.10269841269841
77,144210557,0,8.102098214285716
78,144207512,0,8.102098214285716
79,144204426,0,8.102098214285716
80,144203731,0,8.102098214285716
81,144210567,0,8.102098214285716
82,144204967,0,8.102098214285716
83,144204420,0,8.102098214285716
84,144204446,0,8.102098214285716
85,144205238,0,8.102098214285716
86,144205251,0,8.102098214285716
87,144204180,0,8.102098214285716
88,144206041,0,8.102098214285716
89,144210789,0,8.102098214285716
90,144204949,0,8.102098214285716
91,144206117,0,8.102098214285716
92,144206118,0,8.102098214285716
93,144204992,0,8.102098214285716
94,144206694,0,8.102098214285716
95,144207165,0,8.102098214285716
96,144205032,0,8.102098214285716
97,144208993,0,8.102098214285716
98,144205783,0,8.102098214285716
99,144213331,0,8.102098214285716
100,144205118,0,8.102098214285716
101,144206971,0,8.102098214285716
102,144206968,0,8.102098214285716
103,144210536,0,8.102098214285716
104,144203605,0,8.102098214285716
105,144212605,0,8.102098214285716
106,144206958,0,8.102098214285716
107,144204361,0,8.102098214285716
108,144213865,0,8.102098214285716
109,144206670,0,8.102098214285716
110,144212681,0,8.102098214285716
111,144206676,0,8.102098214285716
112,144207147,0,8.102098214285716
113,144206505,0,8.102098214285716
114,144212690,0,8.102098214285716
115,144206482,0,8.102098214285716
116,144206481,0,8.102098214285716
117,144209716,0,8.102098214285716
118,144205133,0,8.102098214285716
119,144206581,0,8.102098214285716
120,144211732,0,8.102098214285716
121,144210755,0,8.102098214285716
122,144206195,0,8.004198338634392
123,144205275,0,7.999314138259168
124,144206561,0,7.994402515723271
125,144210582,0,7.994402515723271
126,144206919,1,7.994402515723271
127,144204162,0,7.994402515723271
128,144204238,0,7.994402515723271
129,144210524,0,7.994402515723271
130,144206244,0,7.994402515723271
131,144212910,0,7.994402515723271
132,144203991,0,7.994402515723271
133,144203988,0,7.994402515723271
134,144204831,0,7.994402515723271
135,144207076,0,7.994402515723271
136,144204766,0,7.994402515723271
137,144204359,0,7.994402515723271
138,144206156,0,7.994402515723271
139,144203804,0,7.994402515723271
140,144210783,0,7.994402515723271
141,144206086,0,7.994402515723271
142,144210573,0,7.994402515723271
143,144207044,0,7.9278531073446326
144,144204996,0,7.9278531073446326
145,144211327,0,7.9278531073446326
146,144212471,0,7.9278531073446326
147,144205989,0,7.9278531073446326
148,144204296,0,7.9278531073446326
149,144212335,0,7.9278531073446326
150,144206979,0,7.9278531073446326
151,144206598,0,7.9278531073446326
152,144206199,0,7.9278531073446326
153,144205764,0,7.9278531073446326
154,144210744,0,7.9278531073446326
155,144205997,0,7.9278531073446326
156,144206438,0,7.9278531073446326
157,144213764,0,7.9278531073446326
158,144212784,0,7.9278531073446326
159,144205876,0,7.9278531073446326
160,144207143,0,7.9278531073446326
161,144206163,0,7.9278531073446326
162,144206491,0,7.9278531073446326
163,144210771,0,7.9278531073446326
164,144213807,0,7.9278531073446326
165,144210764,0,7.9278531073446326
166,144207159,0,7.9278531073446326
167,144206167,0,7.9278531073446326
168,144204424,0,7.9278531073446326
169,144213898,0,7.9278531073446326
170,144212469,0,7.9278531073446326
171,144206185,0,7.9278531073446326
172,144210773,0,7.9278531073446326
173,144204968,0,7.9278531073446326
174,144203927,0,7.9278531073446326
175,144207167,0,7.9278531073446326
176,144212903,0,7.9278531073446326
177,144205002,0,7.9278531073446326
178,144210523,0,7.9278531073446326
179,144204494,0,7.9278531073446326
180,144204440,0,7.9278531073446326
181,144206268,0,7.9278531073446326
182,144204514,0,7.9278531073446326
183,144210627,0,7.9278531073446326
184,144205052,0,7.9278531073446326
185,144204127,0,7.9278531073446326
186,144204069,0,7.9278531073446326
187,144210579,0,7.9278531073446326
188,144204230,0,7.9278531073446326
189,144206221,0,7.9278531073446326
190,144206653,0,7.9278531073446326
191,144206652,0,7.9278531073446326
192,144206708,0,7.9278531073446326
193,144206935,0,7.9278531073446326
194,144204835,0,7.9278531073446326
195,144210570,0,7.9278531073446326
196,144203994,0,7.9278531073446326
197,144205561,0,7.9278531073446326
198,144204452,0,7.9278531073446326
199,144206954,0,7.9278531073446326
200,144210855,0,7.9278531073446326
201,144206754,0,7.9278531073446326
202,144213890,0,7.9066990577788845
203,144210571,0,7.901132115358071
204,144213258,0,7.861095890410959
205,144205045,0,7.861095890410959
206,144206150,0,7.861095890410959
207,144206502,0,7.861095890410959
208,144208884,0,7.861095890410959
209,144204360,0,7.861095890410959
210,144205297,0,7.861095890410959
211,144208704,0,7.861095890410959
212,144213061,0,7.861095890410959
213,144210780,0,7.861095890410959
214,144204615,0,7.861095890410959
215,144204268,0,7.861095890410959
216,144205560,0,7.861095890410959
217,144210768,0,7.848659514422171
218,144208871,0,7.811794871794873
219,144210541,0,7.811794871794873
220,144205668,0,7.811794871794873
221,144211772,0,7.811794871794873
222,144204091,0,7.811794871794873
223,144207050,0,7.811794871794873
224,144207135,0,7.811794871794873
225,144206914,0,7.811794871794873
226,144206915,0,7.811794871794873
227,144206918,0,7.811794871794873
228,144212149,0,7.811794871794873
229,144212181,0,7.811794871794873
230,144206880,0,7.811794871794873
231,144206087,0,7.811794871794873
232,144204476,0,7.811794871794873
233,144206437,0,7.811794871794873
234,144210775,0,7.811794871794873
235,144203762,0,7.811794871794873
236,144205974,0,7.811794871794873
237,144207320,0,7.811794871794873
238,144207280,0,7.811794871794873
239,144205990,0,7.811794871794873
240,144213304,0,7.811794871794873
241,144208564,0,7.720819672131147
242,144204430,0,7.720819672131147
243,144203907,0,7.720819672131147
244,144204327,0,7.720819672131147
245,144203570,0,7.720819672131147
246,144205958,0,7.720819672131147
247,144210769,0,7.720819672131147
248,144206355,0,7.720819672131147
249,144213947,0,7.720819672131147
250,144206388,0,7.720819672131147
251,144210498,0,7.720819672131147
252,144206387,0,7.720819672131147
253,144207031,0,7.720819672131147
254,144206895,0,7.720819672131147
255,144205059,0,7.720819672131147
256,144206271,0,7.720819672131147
257,144208762,0,7.720819672131147
258,144212719,0,7.720819672131147
259,144205572,0,7.720819672131147
260,144204264,0,7.720819672131147
261,144204362,0,7.720819672131147
262,144206083,0,7.720819672131147
263,144206952,0,7.720819672131147
264,144211757,0,7.720819672131147
265,144206216,0,7.720819672131147
266,144206082,0,7.720819672131147
267,144213832,0,7.720819672131147
268,144207161,0,7.720819672131147
269,144206781,0,7.720819672131147
270,144206541,0,7.720819672131147
271,144206545,0,7.720819672131147
272,144204565,0,7.720819672131147
273,144204250,0,7.720819672131147
274,144205092,0,7.720819672131147
275,144210516,0,7.720819672131147
276,144206251,0,7.715639829947243
277,144205591,0,7.715639829947243
278,144212334,0,7.715639829947243
279,144203597,0,7.715639829947243
280,144206224,0,7.710818414322249
281,144203980,0,7.710818414322249
282,144205015,0,7.710818414322249
283,144204227,0,7.710818414322249
284,144213661,0,7.710818414322249
285,144205306,0,7.710818414322249
286,144205730,0,7.710818414322249
287,144206031,0,7.710818414322249
288,144206611,0,7.710818414322249
289,144213044,0,7.710818414322249
290,144206625,0,7.710818414322249
291,144206615,0,7.710818414322249
292,144204246,0,7.710818414322249
293,144209467,1,7.710818414322249
294,144205236,0,7.710818414322249
295,144205061,0,7.710818414322249
296,144206263,0,7.710818414322249
297,144205578,0,7.710818414322249
298,144206092,0,7.710818414322249
299,144205559,0,7.710818414322249
300,144203728,0,7.710818414322249
301,144206077,0,7.710818414322249
302,144204493,0,7.710818414322249
303,144210896,0,7.710818414322249
304,144210580,0,7.710818414322249
305,144211847,0,7.710818414322249
306,144205613,0,7.710818414322249
307,144206075,0,7.710818414322249
308,144205616,0,7.710818414322249
309,144207339,0,7.710818414322249
310,144203564,0,7.710818414322249
311,144207138,1,7.710818414322249
312,144206308,0,7.710818414322249
313,144204872,0,7.710818414322249
314,144214048,0,7.710818414322249
315,144206042,0,7.710818414322249
316,144206407,0,7.710818414322249
317,144213669,0,7.710818414322249
318,144204451,0,7.710818414322249
319,144204418,0,7.710818414322249
320,144206198,0,7.710818414322249
321,144206338,0,7.710818414322249
322,144206345,0,7.710818414322249
323,144204535,0,7.710818414322249
324,144210750,0,7.710818414322249
325,144205802,0,7.710818414322249
326,144206189,0,7.710818414322249
327,144207062,0,7.710818414322249
328,144205817,0,7.710818414322249
329,144204988,0,7.710818414322249
330,144205822,0,7.710818414322249
331,144205823,0,7.710818414322249
332,144206143,0,7.710818414322249
333,144208308,0,7.710818414322249
334,144206149,0,7.710818414322249
335,144205119,0,7.710818414322249
336,144207104,0,7.710818414322249
337,144207110,0,7.710818414322249
338,144205942,0,7.710818414322249
339,144206480,0,7.710818414322249
340,144210016,0,7.710818414322249
341,144213870,0,7.710818414322249
342,144206165,0,7.710818414322249
343,144204370,0,7.710818414322249
344,144206988,0,7.710818414322249
345,144205575,0,7.710818414322249
346,144203958,0,7.710818414322249
347,144210558,0,7.710818414322249
348,144205769,0,7.710818414322249
349,144205084,0,7.710818414322249
350,144206965,0,7.710818414322249
351,144205000,0,7.710818414322249
352,144212204,0,7.640384615384615
353,144206356,0,7.640384615384615
354,144205037,0,7.640384615384615
355,144205237,0,7.624578313253011
356,144204435,0,7.624578313253011
357,144210552,0,7.624578313253011
358,144205521,0,7.624578313253011
359,144210784,0,7.624578313253011
360,144204457,0,7.624578313253011
361,144210581,0,7.624578313253011
362,144205534,0,7.624578313253011
363,144204434,0,7.624578313253011
364,144205056,0,7.624578313253011
365,144205281,0,7.624578313253011
366,144204511,0,7.624578313253011
367,144205088,0,7.624578313253011
368,144204347,0,7.624578313253011
369,144210526,0,7.624578313253011
370,144204351,0,7.624578313253011
371,144210763,0,7.624578313253011
372,144210544,0,7.624578313253011
373,144205554,0,7.624578313253011
374,144211139,0,7.624578313253011
375,144204500,0,7.624578313253011
376,144205556,0,7.624578313253011
377,144210554,0,7.624578313253011
378,144205563,0,7.624578313253011
379,144205296,0,7.624578313253011
380,144205299,0,7.624578313253011
381,144205304,0,7.624578313253011
382,144210754,0,7.624578313253011
383,144204759,0,7.624578313253011
384,144204432,0,7.624578313253011
385,144210836,0,7.624578313253011
386,144206989,0,7.624578313253011
387,144204235,0,7.624578313253011
388,144207863,0,7.624578313253011
389,144205072,0,7.624578313253011
390,144204295,0,7.624578313253011
391,144210718,0,7.624578313253011
392,144208013,0,7.624578313253011
393,144207038,0,7.624578313253011
394,144204427,0,7.624578313253011
395,144207198,0,7.624578313253011
396,144204304,0,7.624578313253011
397,144205181,0,7.624578313253011
398,144207170,0,7.624578313253011
399,144211426,0,7.624578313253011
400,144210751,0,7.624578313253011
401,144210752,0,7.624578313253011
402,144204193,0,7.624578313253011
403,144204742,0,7.624578313253011
404,144206947,0,7.624578313253011
405,144211378,0,7.624578313253011
406,144210749,0,7.624578313253011
407,144205270,0,7.624578313253011
408,144204416,0,7.624578313253011
409,144204508,0,7.624578313253011
410,144207278,0,7.624578313253011
411,144210785,0,7.624578313253011
412,144204247,0,7.624578313253011
413,144204159,0,7.624578313253011
414,144210529,0,7.624578313253011
415,144204259,0,7.624578313253011
416,144205500,0,7.624578313253011
417,144205927,0,7.624578313253011
418,144204984,0,7.624578313253011
419,144213666,0,7.624578313253011
420,144206007,0,7.624578313253011
421,144212473,0,7.624578313253011
422,144205679,0,7.624578313253011
423,144206134,0,7.624578313253011
424,144206140,0,7.624578313253011
425,144206141,0,7.624578313253011
426,144204033,0,7.624578313253011
427,144206429,0,7.624578313253011
428,144212539,0,7.624578313253011
429,144204836,0,7.624578313253011
430,144206703,0,7.624578313253011
431,144206430,0,7.624578313253011
432,144213859,0,7.624578313253011
433,144204043,0,7.624578313253011
434,144206439,0,7.624578313253011
435,144205654,0,7.624578313253011
436,144213657,0,7.624578313253011
437,144206570,0,7.624578313253011
438,144204002,0,7.624578313253011
439,144212260,0,7.624578313253011
440,144213082,0,7.624578313253011
441,144206414,0,7.624578313253011
442,144205779,0,7.624578313253011
443,144205749,0,7.624578313253011
444,144206024,0,7.624578313253011
445,144205780,0,7.624578313253011
446,144205004,0,7.624578313253011
447,144203736,0,7.624578313253011
448,144206425,0,7.624578313253011
449,144212285,0,7.624578313253011
450,144205006,0,7.624578313253011
451,144205790,0,7.624578313253011
452,144206416,0,7.624578313253011
453,144205792,0,7.624578313253011
454,144203771,0,7.624578313253011
455,144206623,0,7.624578313253011
456,144206725,0,7.624578313253011
457,144205669,0,7.624578313253011
458,144206351,0,7.624578313253011
459,144206261,0,7.624578313253011
460,144204895,0,7.624578313253011
461,144205607,0,7.624578313253011
462,144206292,0,7.624578313253011
463,144205584,0,7.624578313253011
464,144206479,0,7.624578313253011
465,144212727,0,7.624578313253011
466,144211753,0,7.624578313253011
467,144212723,0,7.624578313253011
468,144205619,0,7.624578313253011
469,144211849,0,7.624578313253011
470,144206190,0,7.624578313253011
471,144203820,0,7.624578313253011
472,144205576,0,7.624578313253011
473,144203560,0,7.624578313253011
474,144205747,0,7.542473684210526
475,144204273,0,7.542473684210526
476,144211970,0,7.542473684210526
477,144203709,0,7.542473684210526
478,144205394,0,7.542473684210526
479,144203829,0,7.542473684210526
480,144205586,0,7.542473684210526
481,144206764,0,7.542473684210526
482,144204317,0,7.542473684210526
483,144204318,0,7.542473684210526
484,144204012,0,7.542473684210526
485,144207073,0,7.542473684210526
486,144204131,0,7.542473684210526
487,144206495,0,7.542473684210526
488,144212730,0,7.542473684210526
489,144206284,0,7.542473684210526
490,144206983,0,7.542473684210526
491,144204382,0,7.542473684210526
492,144210961,0,7.542473684210526
493,144209961,0,7.542473684210526
494,144205583,0,7.542473684210526
495,144205754,0,7.542473684210526
496,144205580,0,7.542473684210526
497,144205204,0,7.542473684210526
498,144210533,0,7.542473684210526
499,144205205,0,7.542473684210526
500,144207153,0,7.542473684210526
501,144206921,0,7.542473684210526
502,144204020,0,7.542473684210526
503,144207074,0,7.542473684210526
504,144204837,0,7.542473684210526
505,144212866,0,7.542473684210526
506,144206461,0,7.542473684210526
507,144204748,0,7.542473684210526
508,144210772,0,7.542473684210526
509,144203825,0,7.542473684210526
510,144206828,0,7.542473684210526
511,144211075,0,7.542473684210526
512,144206382,0,7.542473684210526
513,144203809,0,7.542473684210526
514,144206537,0,7.542473684210526
515,144212677,0,7.542473684210526
516,144210759,0,7.542473684210526
517,144206527,0,7.542473684210526
518,144206533,0,7.542473684210526
519,144205775,0,7.542473684210526
520,144206554,0,7.542473684210526
521,144203607,0,7.542473684210526
522,144204032,0,7.542473684210526
523,144205434,0,7.542473684210526
524,144206350,0,7.542473684210526
525,144207185,0,7.542473684210526
526,144203863,0,7.542473684210526
527,144212747,0,7.542473684210526
528,144204371,0,7.542473684210526
529,144206565,0,7.542473684210526
530,144204744,0,7.542473684210526
531,144206804,0,7.542473684210526
532,144210776,0,7.542473684210526
533,144211097,0,7.542473684210526
534,144203675,0,7.542473684210526
535,144206377,0,7.542473684210526
536,144204279,0,7.542473684210526
537,144209988,0,7.422195121951218
538,144205841,0,7.422195121951218
539,144211812,0,7.422195121951218
540,144205093,0,7.422195121951218
541,144204746,0,7.422195121951218
542,144206869,0,7.422195121951218
543,144210782,0,7.422195121951218
544,144211882,0,7.422195121951218
545,144207274,0,7.407706093189964
546,144203811,0,7.407706093189964
547,144206180,0,7.407706093189964
548,144206176,0,7.407706093189964
549,144206450,0,7.407706093189964
550,144207166,0,7.407706093189964
551,144203643,0,7.407706093189964
552,144206166,0,7.407706093189964
553,144206168,0,7.407706093189964
554,144206192,0,7.407706093189964
555,144203649,0,7.407706093189964
556,144205127,0,7.407706093189964
557,144205992,0,7.407706093189964
558,144205995,0,7.407706093189964
559,144213962,0,7.407706093189964
560,144203821,0,7.407706093189964
561,144203670,0,7.407706093189964
562,144214035,0,7.407706093189964
563,144211135,0,7.407706093189964
564,144212716,0,7.407706093189964
565,144209550,0,7.407706093189964
566,144210588,0,7.407706093189964
567,144210590,0,7.407706093189964
568,144208772,0,7.407706093189964
569,144206287,0,7.407706093189964
570,144205288,0,7.407706093189964
571,144203587,0,7.407706093189964
572,144208729,0,7.407706093189964
573,144206290,0,7.407706093189964
574,144203590,0,7.407706093189964
575,144204621,0,7.407706093189964
576,144211098,0,7.407706093189964
577,144208673,0,7.407706093189964
578,144203606,0,7.407706093189964
579,144206316,0,7.407706093189964
580,144206151,0,7.407706093189964
581,144210777,0,7.407706093189964
582,144209148,0,7.407706093189964
583,144213244,0,7.407706093189964
584,144207546,0,7.407706093189964
585,144204826,0,7.407706093189964
586,144204501,0,7.407706093189964
587,144212710,0,7.407706093189964
588,144204499,0,7.407706093189964
589,144204492,0,7.407706093189964
590,144204465,0,7.407706093189964
591,144210899,0,7.407706093189964
592,144203770,0,7.407706093189964
593,144210562,0,7.407706093189964
594,144204934,0,7.407706093189964
595,144206070,0,7.407706093189964
596,144206069,0,7.407706093189964
597,144203756,0,7.407706093189964
598,144207218,0,7.407706093189964
599,144213095,0,7.407706093189964
600,144213042,0,7.407706093189964
601,144207195,0,7.407706093189964
602,144206380,0,7.407706093189964
603,144210834,0,7.407706093189964
604,144204439,0,7.407706093189964
605,144205145,0,7.407706093189964
606,144206002,0,7.407706093189964
607,144206381,0,7.407706093189964
608,144209336,0,7.407706093189964
609,144207953,0,7.407706093189964
610,144211013,0,7.407706093189964
611,144207884,0,7.407706093189964
612,144207588,0,7.407706093189964
613,144203707,0,7.407706093189964
614,144206110,0,7.407706093189964
615,144211002,0,7.407706093189964
616,144206012,0,7.407706093189964
617,144205252,0,7.407706093189964
618,144206016,0,7.407706093189964
619,144204510,0,7.407706093189964
620,144203727,0,7.407706093189964
621,144204106,0,7.407706093189964
622,144207156,0,7.407706093189964
623,144205721,0,7.407706093189964
624,144206674,0,7.407706093189964
625,144206638,0,7.407706093189964
626,144205026,0,7.407706093189964
627,144204068,0,7.407706093189964
628,144206946,0,7.407706093189964
629,144205608,0,7.407706093189964
630,144204390,0,7.407706093189964
631,144205518,0,7.407706093189964
632,144204241,0,7.407706093189964
633,144211996,0,7.407706093189964
634,144211573,0,7.407706093189964
635,144205726,0,7.407706093189964
636,144205027,0,7.407706093189964
637,144212151,0,7.407706093189964
638,144205520,0,7.407706093189964
639,144204786,0,7.407706093189964
640,144203981,0,7.407706093189964
641,144205405,0,7.407706093189964
642,144206605,0,7.407706093189964
643,144204257,0,7.407706093189964
644,144204267,0,7.407706093189964
645,144205759,0,7.407706093189964
646,144212216,0,7.407706093189964
647,144204278,0,7.407706093189964
648,144205425,0,7.407706093189964
649,144204226,0,7.407706093189964
650,144204284,0,7.407706093189964
651,144206887,0,7.407706093189964
652,144204173,0,7.407706093189964
653,144204174,0,7.407706093189964
654,144206846,0,7.407706093189964
655,144205030,0,7.407706093189964
656,144211463,0,7.407706093189964
657,144204166,0,7.407706093189964
658,144206699,0,7.407706093189964
659,144206843,0,7.407706093189964
660,144204192,0,7.407706093189964
661,144205675,0,7.407706093189964
662,144206884,0,7.407706093189964
663,144206888,0,7.407706093189964
664,144206835,0,7.407706093189964
665,144204199,0,7.407706093189964
666,144206689,0,7.407706093189964
667,144206688,0,7.407706093189964
668,144204211,0,7.407706093189964
669,144205446,0,7.407706093189964
670,144204774,0,7.407706093189964
671,144211417,0,7.407706093189964
672,144205625,0,7.407706093189964
673,144206905,0,7.407706093189964
674,144204025,0,7.407706093189964
675,144204058,0,7.407706093189964
676,144211361,0,7.407706093189964
677,144203964,0,7.407706093189964
678,144206972,0,7.407706093189964
679,144203916,0,7.407706093189964
680,144205338,0,7.407706093189964
681,144211237,0,7.407706093189964
682,144204095,0,7.407706093189964
683,144207123,0,7.407706093189964
684,144206774,0,7.407706093189964
685,144207130,0,7.407706093189964
686,144206548,0,7.407706093189964
687,144204116,0,7.407706093189964
688,144206534,0,7.407706093189964
689,144204358,0,7.407706093189964
690,144207134,0,7.407706093189964
691,144204366,0,7.407706093189964
692,144204115,0,7.407706093189964
693,144212679,0,7.407706093189964
694,144211735,0,7.407706093189964
695,144212682,0,7.407706093189964
696,144204976,0,7.407706093189964
697,144211199,0,7.407706093189964
698,144205311,0,7.407706093189964
699,144206519,0,7.407706093189964
700,144207150,0,7.407706093189964
701,144212699,0,7.407706093189964
702,144205022,0,7.407706093189964
703,144206499,0,7.407706093189964
704,144204970,0,7.407706093189964
705,144210539,0,7.407706093189964
706,144206555,0,7.407706093189964
707,144206705,0,7.407706093189964
708,144206591,0,7.407706093189964
709,144211311,0,7.407706093189964
710,144205804,0,7.407706093189964
711,144205356,0,7.407706093189964
712,144207054,0,7.407706093189964
713,144205794,0,7.407706093189964
714,144204088,0,7.407706093189964
715,144206763,0,7.407706093189964
716,144205548,0,7.407706093189964
717,144205798,0,7.407706093189964
718,144204301,0,7.407706093189964
719,144205814,0,7.407706093189964
720,144211756,0,7.407706093189964
721,144212468,0,7.407706093189964
722,144212248,0,7.407706093189964
723,144211334,0,7.407706093189964
724,144212246,0,7.407706093189964
725,144207049,0,7.407706093189964
726,144212202,0,7.357954545454546
727,144205739,0,7.357954545454546
728,144204182,0,7.357954545454546
729,144203737,0,7.357954545454546
730,144207257,0,7.357954545454546
731,144204082,0,7.357954545454546
732,144207075,0,7.357954545454546
733,144210564,0,7.357954545454546
734,144212814,0,7.357954545454546
735,144206682,0,7.357954545454546
736,144203697,0,7.357954545454546
737,144206771,0,7.357954545454546
738,144210753,0,7.357954545454546
739,144205391,0,7.357954545454546
740,144204237,0,7.357954545454546
741,144207707,0,7.357954545454546
742,144205579,0,7.276938775510204
743,144205523,0,7.276938775510204
744,144204170,0,7.276938775510204
745,144204059,0,7.276938775510204
746,144209433,0,7.276938775510204
747,144204638,0,7.276938775510204
748,144204873,0,7.276938775510204
749,144213340,0,7.276938775510204
750,144209250,0,7.276938775510204
751,144206390,0,7.276938775510204
752,144211051,0,7.276938775510204
753,144203779,0,7.276938775510204
754,144203777,0,7.276938775510204
755,144211228,0,7.276938775510204
756,144207047,0,7.276938775510204
757,144206043,0,7.276938775510204
758,144205328,0,7.276938775510204
759,144211082,0,7.276938775510204
760,144204352,0,7.276938775510204
761,144211369,0,7.276938775510204
762,144213322,0,7.276938775510204
763,144206391,0,7.276938775510204
764,144206566,0,7.276938775510204
765,144205999,0,7.276938775510204
766,144203713,0,7.276938775510204
767,144205427,0,7.276938775510204
768,144204016,0,7.276938775510204
769,144210793,0,7.276938775510204
770,144204024,0,7.276938775510204
771,144206133,0,7.276938775510204
772,144208127,0,7.276938775510204
773,144211169,0,7.276938775510204
774,144204191,0,7.276938775510204
775,144206157,0,7.276938775510204
776,144204985,0,7.24086036671368
777,144204969,0,7.24086036671368
778,144204868,0,7.24086036671368
779,144209392,0,7.24086036671368
780,144205024,0,7.24086036671368
781,144204991,0,7.24086036671368
782,144204938,0,7.24086036671368
783,144204921,0,7.24086036671368
784,144204899,0,7.24086036671368
785,144204900,0,7.24086036671368
786,144208887,0,7.24086036671368
787,144209277,0,7.24086036671368
788,144205058,0,7.24086036671368
789,144204978,0,7.24086036671368
790,144203706,1,7.24086036671368
791,144205109,0,7.24086036671368
792,144205819,0,7.24086036671368
793,144206431,0,7.24086036671368
794,144206432,0,7.24086036671368
795,144206448,0,7.24086036671368
796,144206457,0,7.24086036671368
797,144206484,0,7.24086036671368
798,144206493,0,7.24086036671368
799,144206521,0,7.24086036671368
800,144206524,0,7.24086036671368
801,144206528,0,7.24086036671368
802,144206535,0,7.24086036671368
803,144206557,0,7.24086036671368
804,144206572,0,7.24086036671368
805,144208437,0,7.24086036671368
806,144205813,0,7.24086036671368
807,144205795,0,7.24086036671368
808,144205793,0,7.24086036671368
809,144205782,0,7.24086036671368
810,144206599,0,7.24086036671368
811,144205765,0,7.24086036671368
812,144205755,0,7.24086036671368
813,144205732,0,7.24086036671368
814,144205731,0,7.24086036671368
815,144205724,0,7.24086036671368
816,144206671,0,7.24086036671368
817,144205994,0,7.24086036671368
818,144206009,0,7.24086036671368
819,144206415,0,7.24086036671368
820,144206412,0,7.24086036671368
821,144206262,0,7.24086036671368
822,144206274,0,7.24086036671368
823,144206275,0,7.24086036671368
824,144206248,0,7.24086036671368
825,144206286,0,7.24086036671368
826,144206228,0,7.24086036671368
827,144206226,0,7.24086036671368
828,144206302,0,7.24086036671368
829,144206201,0,7.24086036671368
830,144206335,0,7.24086036671368
831,144206170,0,7.24086036671368
832,144206361,0,7.24086036671368
833,144206362,0,7.24086036671368
834,144206367,0,7.24086036671368
835,144206383,0,7.24086036671368
836,144206124,0,7.24086036671368
837,144206123,0,7.24086036671368
838,144206111,0,7.24086036671368
839,144206084,0,7.24086036671368
840,144206079,0,7.24086036671368
841,144206396,0,7.24086036671368
842,144206072,0,7.24086036671368
843,144206398,0,7.24086036671368
844,144206678,0,7.24086036671368
845,144205678,0,7.24086036671368
846,144206743,0,7.24086036671368
847,144205349,0,7.24086036671368
848,144205343,0,7.24086036671368
849,144205333,0,7.24086036671368
850,144207131,0,7.24086036671368
851,144207132,0,7.24086036671368
852,144205317,0,7.24086036671368
853,144205287,0,7.24086036671368
854,144205286,0,7.24086036671368
855,144207164,0,7.24086036671368
856,144207180,0,7.24086036671368
857,144205260,0,7.24086036671368
858,144205259,0,7.24086036671368
859,144205253,0,7.24086036671368
860,144205245,0,7.24086036671368
861,144207224,0,7.24086036671368
862,144207406,0,7.24086036671368
863,144207502,0,7.24086036671368
864,144207511,0,7.24086036671368
865,144207685,0,7.24086036671368
866,144207689,0,7.24086036671368
867,144208065,0,7.24086036671368
868,144208094,0,7.24086036671368
869,144205143,0,7.24086036671368
870,144208414,0,7.24086036671368
871,144205345,0,7.24086036671368
872,144207089,0,7.24086036671368
873,144206751,0,7.24086036671368
874,144205362,0,7.24086036671368
875,144205577,0,7.24086036671368
876,144205570,0,7.24086036671368
877,144206775,0,7.24086036671368
878,144205543,0,7.24086036671368
879,144206799,0,7.24086036671368
880,144206800,0,7.24086036671368
881,144206821,0,7.24086036671368
882,144205502,0,7.24086036671368
883,144206830,0,7.24086036671368
884,144206831,0,7.24086036671368
885,144206834,0,7.24086036671368
886,144206841,0,7.24086036671368
887,144205477,0,7.24086036671368
888,144206850,0,7.24086036671368
889,144206860,0,7.24086036671368
890,144206864,0,7.24086036671368
891,144206867,0,7.24086036671368
892,144206871,0,7.24086036671368
893,144206878,0,7.24086036671368
894,144206896,0,7.24086036671368
895,144206962,0,7.24086036671368
896,144205399,0,7.24086036671368
897,144205398,0,7.24086036671368
898,144209640,0,7.24086036671368
899,144206266,0,7.24086036671368
900,144204271,0,7.24086036671368
901,144204263,0,7.24086036671368
902,144212408,0,7.24086036671368
903,144204305,0,7.24086036671368
904,144213790,0,7.24086036671368
905,144203931,0,7.24086036671368
906,144204026,0,7.24086036671368
907,144210711,0,7.24086036671368
908,144204316,0,7.24086036671368
909,144211264,0,7.24086036671368
910,144204617,0,7.24086036671368
911,144212341,0,7.24086036671368
912,144212336,0,7.24086036671368
913,144203666,0,7.24086036671368
914,144204588,0,7.24086036671368
915,144203664,0,7.24086036671368
916,144211242,0,7.24086036671368
917,144211240,0,7.24086036671368
918,144210757,0,7.24086036671368
919,144212448,0,7.24086036671368
920,144204730,0,7.24086036671368
921,144204745,0,7.24086036671368
922,144212535,0,7.24086036671368
923,144204270,0,7.24086036671368
924,144212590,0,7.24086036671368
925,144212825,0,7.24086036671368
926,144204275,0,7.24086036671368
927,144212581,0,7.24086036671368
928,144212543,0,7.24086036671368
929,144211588,0,7.24086036671368
930,144211346,0,7.24086036671368
931,144204750,0,7.24086036671368
932,144204286,0,7.24086036671368
933,144204290,0,7.24086036671368
934,144204771,0,7.24086036671368
935,144212490,0,7.24086036671368
936,144213727,0,7.24086036671368
937,144203908,0,7.24086036671368
938,144203913,0,7.24086036671368
939,144210758,0,7.24086036671368
940,144210760,0,7.24086036671368
941,144203768,0,7.24086036671368
942,144203752,0,7.24086036671368
943,144213875,0,7.24086036671368
944,144213877,0,7.24086036671368
945,144204481,0,7.24086036671368
946,144210916,0,7.24086036671368
947,144203753,0,7.24086036671368
948,144211103,0,7.24086036671368
949,144204402,0,7.24086036671368
950,144204407,0,7.24086036671368
951,144204485,0,7.24086036671368
952,144210950,0,7.24086036671368
953,144204408,0,7.24086036671368
954,144211883,0,7.24086036671368
955,144204466,0,7.24086036671368
956,144211904,0,7.24086036671368
957,144211899,0,7.24086036671368
958,144211015,0,7.24086036671368
959,144203755,0,7.24086036671368
960,144210859,0,7.24086036671368
961,144212218,0,7.24086036671368
962,144212179,0,7.24086036671368
963,144203963,0,7.24086036671368
964,144214011,0,7.24086036671368
965,144210767,0,7.24086036671368
966,144204086,0,7.24086036671368
967,144212203,0,7.24086036671368
968,144211842,0,7.24086036671368
969,144214008,0,7.24086036671368
970,144210781,0,7.24086036671368
971,144204176,0,7.24086036671368
972,144213812,0,7.24086036671368
973,144204367,0,7.24086036671368
974,144212177,0,7.24086036671368
975,144211871,0,7.24086036671368
976,144204513,0,7.24086036671368
977,144204512,0,7.24086036671368
978,144213073,0,7.24086036671368
979,144203589,0,7.24086036671368
980,144213172,0,7.24086036671368
981,144204225,0,7.24086036671368
982,144209986,0,7.24086036671368
983,144203563,0,7.24086036671368
984,144203577,0,7.24086036671368
985,144209780,0,7.24086036671368
986,144211569,0,7.24086036671368
987,144203559,0,7.24086036671368
988,144211444,0,7.24086036671368
989,144212668,0,7.24086036671368
990,144211555,0,7.24086036671368
991,144203702,0,7.24086036671368
992,144204148,0,7.24086036671368
993,144204252,0,7.24086036671368
994,144204197,0,7.24086036671368
995,144211408,0,7.24086036671368
996,144210036,0,7.24086036671368
997,144212704,0,7.24086036671368
998,144204158,0,7.24086036671368
999,144212758,0,7.24086036671368
1000,144203588,0,7.24086036671368
1001,144204141,0,7.24086036671368
1002,144204212,0,7.24086036671368
1003,144209733,0,7.24086036671368
1004,144203882,0,7.24086036671368
1005,144213540,0,7.24086036671368
1006,144211437,0,7.24086036671368
1007,144203586,0,7.24086036671368
1008,144210100,0,7.24086036671368
1009,144210044,0,7.24086036671368
1010,144211571,0,7.24086036671368
1011,144204686,1,7.24086036671368
1012,144204151,0,7.24086036671368
1013,144204229,0,7.24086036671368
1014,144205417,0,7.237124761516066
1015,144210740,0,7.197903225806452
1016,144206720,0,7.197903225806452
1017,144207061,0,7.197903225806452
1018,144204228,0,7.197903225806452
1019,144206721,0,7.197903225806452
1020,144207593,0,7.197903225806452
1021,144206488,0,7.197903225806452
1022,144205190,0,7.197903225806452
1023,144207145,0,7.197903225806452
1024,144210849,0,7.197903225806452
1025,144206736,0,7.197903225806452
1026,144209380,0,7.197903225806452
1027,144211862,0,7.197903225806452
1028,144205742,0,7.197903225806452
1029,144209426,0,7.197903225806452
1030,144210787,0,7.197903225806452
1031,144203751,0,7.197903225806452
1032,144206542,0,7.197903225806452
1033,144206825,0,7.197903225806452
1034,144211112,0,7.180000000000001
1035,144211888,0,7.170588235294117
1036,144206695,0,7.170588235294117
1037,144212683,0,7.170588235294117
1038,144204185,0,7.170588235294117
1039,144206696,0,7.170588235294117
1040,144205090,0,7.170588235294117
1041,144205393,0,7.170588235294117
1042,144206243,0,7.170588235294117
1043,144203954,0,7.170588235294117
1044,144205751,0,7.170588235294117
1045,144214006,0,7.170588235294117
1046,144203790,0,7.170588235294117
1047,144206352,0,6.988153153153154
1048,144205628,0,6.988153153153154
1049,144211944,0,6.988153153153154
1050,144210824,0,6.988153153153154
1051,144204462,0,6.988153153153154
1052,144203642,0,6.988153153153154
1053,144203791,0,6.988153153153154
1054,144205741,0,6.988153153153154
1055,144206078,0,6.988153153153154
1056,144203761,0,6.988153153153154
1057,144211043,0,6.988153153153154
1058,144203645,0,6.988153153153154
1059,144204379,0,6.988153153153154
1060,144203639,0,6.988153153153154
1061,144205452,0,6.988153153153154
1062,144204195,0,6.988153153153154
1063,144207391,0,6.988153153153154
1064,144207445,0,6.988153153153154
1065,144209416,0,6.988153153153154
1066,144203815,0,6.988153153153154
1067,144210930,0,6.988153153153154
1068,144205289,0,6.988153153153154
1069,144206040,0,6.988153153153154
1070,144213632,0,6.988153153153154
1071,144204504,0,6.988153153153154
1072,144206384,0,6.988153153153154
1073,144212786,0,6.988153153153154
1074,144205659,0,6.988153153153154
1075,144210951,0,6.988153153153154
1076,144213873,0,6.988153153153154
1077,144204851,0,6.988153153153154
1078,144213860,0,6.988153153153154
1079,144211367,0,6.988153153153154
1080,144212729,0,6.988153153153154
1081,144209948,0,6.988153153153154
1082,144212309,0,6.988153153153154
1083,144211247,0,6.988153153153154
1084,144204947,0,6.988153153153154
1085,144203932,0,6.988153153153154
1086,144214039,0,6.988153153153154
1087,144209339,0,6.988153153153154
1088,144206498,0,6.988153153153154
1089,144206582,0,6.988153153153154
1090,144204671,0,6.988153153153154
1091,144206011,0,6.988153153153154
1092,144206577,0,6.988153153153154
1093,144208807,0,6.988153153153154
1094,144206574,0,6.988153153153154
1095,144204302,0,6.988153153153154
1096,144206943,0,6.988153153153154
1097,144203904,0,6.988153153153154
1098,144204293,0,6.988153153153154
1099,144205529,0,6.988153153153154
1100,144208916,0,6.988153153153154
1101,144204253,0,6.988153153153154
1102,144208920,0,6.988153153153154
1103,144205888,0,6.988153153153154
1104,144204789,0,6.988153153153154
1105,144212634,0,6.988153153153154
1106,144205791,0,6.988153153153154
1107,144210632,0,6.988153153153154
1108,144205774,0,6.988153153153154
1109,144205777,0,6.988153153153154
1110,144212705,0,6.988153153153154
1111,144210766,0,6.988153153153154
1112,144211765,0,6.988153153153154
1113,144211859,0,6.988153153153154
1114,144206486,0,6.988153153153154
1115,144204918,0,6.988153153153154
1116,144208555,0,6.988153153153154
1117,144206487,0,6.988153153153154
1118,144204541,0,6.988153153153154
1119,144203609,0,6.988153153153154
1120,144206761,0,6.942651006711409
1121,144204205,0,6.942651006711409
1122,144213716,0,6.942651006711409
1123,144205327,0,6.942651006711409
1124,144206379,0,6.942651006711409
1125,144204213,0,6.942651006711409
1126,144211746,0,6.942651006711409
1127,144211204,0,6.942651006711409
1128,144205673,0,6.942651006711409
1129,144204423,0,6.942651006711409
1130,144204254,0,6.942651006711409
1131,144211390,0,6.942651006711409
1132,144211854,0,6.942651006711409
1133,144204184,0,6.942651006711409
1134,144213181,0,6.942651006711409
1135,144206397,0,6.942651006711409
1136,144207022,0,6.942651006711409
1137,144204125,0,6.942651006711409
1138,144211781,0,6.942651006711409
1139,144205535,0,6.942651006711409
1140,144211718,0,6.942651006711409
1141,144206927,0,6.942651006711409
1142,144205298,0,6.942651006711409
1143,144204165,0,6.942651006711409
1144,144205478,0,6.942651006711409
1145,144205426,0,6.942651006711409
1146,144207160,0,6.942651006711409
1147,144203663,0,6.942651006711409
1148,144213336,0,6.942651006711409
1149,144205310,0,6.942651006711409
1150,144204220,0,6.942651006711409
1151,144204309,0,6.942651006711409
1152,144204168,0,6.942651006711409
1153,144205557,0,6.942651006711409
1154,144211151,0,6.942651006711409
1155,144211501,0,6.942651006711409
1156,144204130,0,6.942651006711409
1157,144205323,0,6.942651006711409
1158,144206413,0,6.942651006711409
1159,144203604,0,6.942651006711409
1160,144205033,0,6.942651006711409
1161,144210143,0,6.942651006711409
1162,144204993,0,6.942651006711409
1163,144204997,0,6.942651006711409
1164,144212588,0,6.942651006711409
1165,144210492,0,6.942651006711409
1166,144212585,0,6.942651006711409
1167,144205013,0,6.942651006711409
1168,144208898,0,6.942651006711409
1169,144206558,0,6.942651006711409
1170,144210520,0,6.942651006711409
1171,144205818,0,6.942651006711409
1172,144208398,0,6.942651006711409
1173,144203920,0,6.942651006711409
1174,144203782,0,6.942651006711409
1175,144206212,0,6.942651006711409
1176,144207182,0,6.942651006711409
1177,144206206,0,6.942651006711409
1178,144208716,0,6.942651006711409
1179,144205799,0,6.942651006711409
1180,144203938,0,6.942651006711409
1181,144205107,0,6.942651006711409
1182,144205771,0,6.942651006711409
1183,144206529,0,6.942651006711409
1184,144204980,0,6.942651006711409
1185,144209004,0,6.942651006711409
1186,144210030,0,6.942651006711409
1187,144205980,0,6.942651006711409
1188,144209529,0,6.942651006711409
1189,144206272,0,6.942651006711409
1190,144212785,0,6.942651006711409
1191,144209702,0,6.942651006711409
1192,144212750,0,6.942651006711409
1193,144206453,0,6.942651006711409
1194,144203824,0,6.942651006711409
1195,144209360,0,6.942651006711409
1196,144209352,0,6.942651006711409
1197,144206470,0,6.942651006711409
1198,144204827,0,6.942651006711409
1199,144204931,0,6.942651006711409
1200,144204824,0,6.942651006711409
1201,144209225,0,6.942651006711409
1202,144206277,0,6.942651006711409
1203,144206500,0,6.942651006711409
1204,144204817,0,6.942651006711409
1205,144212972,0,6.942651006711409
1206,144204811,0,6.942651006711409
1207,144212648,0,6.942651006711409
1208,144208476,0,6.942651006711409
1209,144211480,0,6.942651006711409
1210,144207591,0,6.942651006711409
1211,144204010,0,6.942651006711409
1212,144206633,0,6.942651006711409
1213,144204518,0,6.942651006711409
1214,144205228,0,6.942651006711409
1215,144205229,0,6.942651006711409
1216,144205231,0,6.942651006711409
1217,144210805,0,6.942651006711409
1218,144207349,0,6.942651006711409
1219,144213155,0,6.942651006711409
1220,144210901,0,6.942651006711409
1221,144213938,0,6.942651006711409
1222,144204467,0,6.942651006711409
1223,144206673,0,6.942651006711409
1224,144205156,0,6.942651006711409
1225,144213917,0,6.942651006711409
1226,144206399,0,6.942651006711409
1227,144204505,0,6.942651006711409
1228,144204460,0,6.942651006711409
1229,144212159,0,6.942651006711409
1230,144204011,0,6.942651006711409
1231,144203615,0,6.942651006711409
1232,144206408,0,6.942651006711409
1233,144205222,0,6.942651006711409
1234,144206710,0,6.922713754646841
1235,144211971,0,6.922713754646841
1236,144204144,0,6.922713754646841
1237,144206507,0,6.922713754646841
1238,144213467,0,6.922713754646841
1239,144211874,0,6.922713754646841
1240,144206530,0,6.922713754646841
1241,144211878,0,6.922713754646841
1242,144206808,0,6.922713754646841
1243,144211572,0,6.922713754646841
1244,144203862,0,6.922713754646841
1245,144206624,0,6.922713754646841
1246,144211576,0,6.922713754646841
1247,144203971,0,6.922713754646841
1248,144205501,0,6.922713754646841
1249,144212684,0,6.922713754646841
1250,144206433,0,6.922713754646841
1251,144204018,0,6.922713754646841
1252,144204034,0,6.922713754646841
1253,144203795,0,6.922713754646841
1254,144206449,0,6.922713754646841
1255,144205959,0,6.922713754646841
1256,144203823,0,6.922713754646841
1257,144212880,0,6.922713754646841
1258,144206400,0,6.922713754646841
1259,144211907,0,6.922713754646841
1260,144204039,0,6.922713754646841
1261,144211496,0,6.922713754646841
1262,144203837,0,6.922713754646841
1263,144205486,0,6.922713754646841
1264,144211535,0,6.922713754646841
1265,144203742,0,6.922713754646841
1266,144206003,0,6.922713754646841
1267,144203784,0,6.922713754646841
1268,144203856,0,6.922713754646841
1269,144203853,0,6.922713754646841
1270,144206723,0,6.922713754646841
1271,144206801,0,6.922713754646841
1272,144211744,0,6.922713754646841
1273,144211676,0,6.922713754646841
1274,144206773,0,6.922713754646841
1275,144211692,0,6.922713754646841
1276,144205571,0,6.922713754646841
1277,144213002,0,6.922713754646841
1278,144206752,0,6.922713754646841
1279,144206392,0,6.922713754646841
1280,144204110,0,6.922713754646841
1281,144205787,0,6.922713754646841
1282,144204108,0,6.922713754646841
1283,144206017,0,6.922713754646841
1284,144213297,0,6.922713754646841
1285,144213004,0,6.922713754646841
1286,144204101,0,6.922713754646841
1287,144203950,0,6.922713754646841
1288,144204099,0,6.922713754646841
1289,144211752,0,6.922713754646841
1290,144213052,0,6.922713754646841
1291,144203972,0,6.922713754646841
1292,144204087,0,6.922713754646841
1293,144205763,0,6.922713754646841
1294,144203965,0,6.922713754646841
1295,144205744,0,6.922713754646841
1296,144205740,0,6.922713754646841
1297,144205758,0,6.922713754646841
1298,144211650,0,6.922713754646841
1299,144206004,0,6.922713754646841
1300,144203735,0,6.922713754646841
1301,144212527,0,6.922713754646841
1302,144212522,0,6.922713754646841
1303,144212160,0,6.922713754646841
1304,144203900,0,6.922713754646841
1305,144212162,0,6.922713754646841
1306,144206792,0,6.922713754646841
1307,144205533,0,6.922713754646841
1308,144203906,0,6.922713754646841
1309,144203918,0,6.922713754646841
1310,144206027,0,6.922713754646841
1311,144206389,0,6.922713754646841
1312,144213405,0,6.922713754646841
1313,144206733,0,6.922713754646841
1314,144204126,0,6.922713754646841
1315,144206734,0,6.922713754646841
1316,144203760,0,6.922713754646841
1317,144205816,0,6.922713754646841
1318,144205733,0,6.922713754646841
1319,144213386,0,6.922713754646841
1320,144205807,0,6.922713754646841
1321,144206686,0,6.922713754646841
1322,144204856,0,6.922713754646841
1323,144207714,0,6.922713754646841
1324,144205029,0,6.922713754646841
1325,144203581,0,6.922713754646841
1326,144204470,0,6.922713754646841
1327,144209039,0,6.922713754646841
1328,144209095,0,6.922713754646841
1329,144207242,0,6.922713754646841
1330,144205332,0,6.922713754646841
1331,144203699,0,6.922713754646841
1332,144205223,0,6.922713754646841
1333,144203638,0,6.922713754646841
1334,144211235,0,6.922713754646841
1335,144203579,0,6.922713754646841
1336,144207118,0,6.922713754646841
1337,144204484,0,6.922713754646841
1338,144207197,0,6.922713754646841
1339,144203599,0,6.922713754646841
1340,144207513,0,6.922713754646841
1341,144209205,0,6.922713754646841
1342,144206152,0,6.922713754646841
1343,144204328,0,6.922713754646841
1344,144205043,0,6.922713754646841
1345,144204326,0,6.922713754646841
1346,144209220,0,6.922713754646841
1347,144204323,0,6.922713754646841
1348,144210495,0,6.922713754646841
1349,144203573,0,6.922713754646841
1350,144207768,0,6.922713754646841
1351,144207129,0,6.922713754646841
1352,144204777,0,6.922713754646841
1353,144204314,0,6.922713754646841
1354,144204802,0,6.922713754646841
1355,144204999,0,6.922713754646841
1356,144205267,0,6.922713754646841
1357,144204422,0,6.922713754646841
1358,144211086,0,6.922713754646841
1359,144210470,0,6.922713754646841
1360,144207175,0,6.922713754646841
1361,144211091,0,6.922713754646841
1362,144206357,0,6.922713754646841
1363,144205284,0,6.922713754646841
1364,144208974,0,6.922713754646841
1365,144211113,0,6.922713754646841
1366,144211128,0,6.922713754646841
1367,144204987,0,6.922713754646841
1368,144206162,0,6.922713754646841
1369,144203591,0,6.922713754646841
1370,144207151,0,6.922713754646841
1371,144207192,0,6.922713754646841
1372,144211172,0,6.922713754646841
1373,144210742,0,6.922713754646841
1374,144211184,0,6.922713754646841
1375,144205312,0,6.922713754646841
1376,144211188,0,6.922713754646841
1377,144206164,0,6.922713754646841
1378,144205248,0,6.922713754646841
1379,144204368,0,6.922713754646841
1380,144204364,0,6.922713754646841
1381,144210547,0,6.922713754646841
1382,144207174,0,6.922713754646841
1383,144206144,0,6.922713754646841
1384,144205401,0,6.922713754646841
1385,144208337,0,6.922713754646841
1386,144211314,0,6.922713754646841
1387,144204251,0,6.922713754646841
1388,144204842,0,6.922713754646841
1389,144209417,0,6.922713754646841
1390,144208356,0,6.922713754646841
1391,144209468,0,6.922713754646841
1392,144211399,0,6.922713754646841
1393,144209492,0,6.922713754646841
1394,144204234,0,6.922713754646841
1395,144206255,0,6.922713754646841
1396,144211405,0,6.922713754646841
1397,144205121,0,6.922713754646841
1398,144205120,0,6.922713754646841
1399,144210725,0,6.922713754646841
1400,144204219,0,6.922713754646841
1401,144208698,0,6.922713754646841
1402,144205442,0,6.922713754646841
1403,144204217,0,6.922713754646841
1404,144208550,0,6.922713754646841
1405,144205085,0,6.922713754646841
1406,144204196,0,6.922713754646841
1407,144206328,0,6.922713754646841
1408,144208664,0,6.922713754646841
1409,144204187,0,6.922713754646841
1410,144204840,0,6.922713754646841
1411,144204543,0,6.922713754646841
1412,144204903,0,6.922713754646841
1413,144208054,0,6.922713754646841
1414,144207033,0,6.922713754646841
1415,144203618,0,6.922713754646841
1416,144208046,0,6.922713754646841
1417,144207024,0,6.922713754646841
1418,144206300,0,6.922713754646841
1419,144209747,0,6.922713754646841
1420,144205378,0,6.922713754646841
1421,144209382,0,6.922713754646841
1422,144204533,0,6.922713754646841
1423,144207968,0,6.922713754646841
1424,144211340,0,6.922713754646841
1425,144211357,0,6.922713754646841
1426,144205371,0,6.922713754646841
1427,144204839,0,6.922713754646841
1428,144205141,0,6.922713754646841
1429,144204261,0,6.922713754646841
1430,144203603,0,6.922713754646841
1431,144203568,0,6.922713754646841
1432,144204255,0,6.922713754646841
1433,144208831,0,6.922713754646841
1434,144211846,0,6.9204704002817525
1435,144205781,0,6.828407079646018
1436,144205737,0,6.828407079646018
1437,144213879,0,6.828407079646018
1438,144205008,0,6.828407079646018
1439,144204516,0,6.828407079646018
1440,144205688,0,6.828407079646018
1441,144206680,0,6.828407079646018
1442,144212231,0,6.828407079646018
1443,144205034,0,6.828407079646018
1444,144205135,0,6.828407079646018
1445,144206621,0,6.828407079646018
1446,144204564,0,6.828407079646018
1447,144208384,0,6.828407079646018
1448,144208796,0,6.828407079646018
1449,144204779,0,6.828407079646018
1450,144204469,0,6.828407079646018
1451,144211908,0,6.828407079646018
1452,144210938,0,6.828407079646018
1453,144210748,0,6.828407079646018
1454,144206769,0,6.828407079646018
1455,144204223,0,6.828407079646018
1456,144206776,0,6.828407079646018
1457,144205395,0,6.828407079646018
1458,144206106,0,6.828407079646018
1459,144203681,0,6.828407079646018
1460,144205404,0,6.828407079646018
1461,144209619,0,6.828407079646018
1462,144205341,0,6.828407079646018
1463,144209133,0,6.828407079646018
1464,144204335,0,6.828407079646018
1465,144205337,0,6.828407079646018
1466,144206770,0,6.828407079646018
1467,144213471,0,6.828407079646018
1468,144206386,0,6.828407079646018
1469,144204070,0,6.828407079646018
1470,144204132,0,6.828407079646018
1471,144205283,0,6.828407079646018
1472,144205983,0,6.828407079646018
1473,144211099,0,6.828407079646018
1474,144206746,0,6.828407079646018
1475,144203677,0,6.771304347826088
1476,144203801,0,6.771304347826088
1477,144205350,0,6.771304347826088
1478,144209774,0,6.771304347826088
1479,144212069,0,6.771304347826088
1480,144204954,0,6.771304347826088
1481,144205553,0,6.771304347826088
1482,144204063,0,6.771304347826088
1483,144212689,0,6.771304347826088
1484,144210497,0,6.771304347826088
1485,144211449,0,6.771304347826088
1486,144212787,0,6.735469107551488
1487,144209374,0,6.735469107551488
1488,144212384,0,6.735469107551488
1489,144205087,0,6.735469107551488
1490,144209743,0,6.735469107551488
1491,144208707,0,6.735469107551488
1492,144210586,0,6.735469107551488
1493,144209666,0,6.735469107551488
1494,144205081,0,6.735469107551488
1495,144206324,0,6.735469107551488
1496,144205968,0,6.735469107551488
1497,144212751,0,6.735469107551488
1498,144206265,0,6.735469107551488
1499,144206254,0,6.735469107551488
1500,144209675,0,6.735469107551488
1501,144206205,0,6.735469107551488
1502,144206436,0,6.735469107551488
1503,144205880,0,6.735469107551488
1504,144209228,0,6.735469107551488
1505,144204838,0,6.735469107551488
1506,144205811,0,6.735469107551488
1507,144208989,0,6.735469107551488
1508,144212565,0,6.735469107551488
1509,144204798,0,6.735469107551488
1510,144214046,0,6.735469107551488
1511,144205011,0,6.735469107551488
1512,144208996,0,6.735469107551488
1513,144206236,0,6.735469107551488
1514,144203871,0,6.735469107551488
1515,144203594,0,6.735469107551488
1516,144210005,0,6.735469107551488
1517,144203595,0,6.735469107551488
1518,144206282,0,6.735469107551488
1519,144209109,0,6.735469107551488
1520,144204768,0,6.735469107551488
1521,144204761,0,6.735469107551488
1522,144203905,0,6.735469107551488
1523,144203598,0,6.735469107551488
1524,144208877,0,6.735469107551488
1525,144210537,0,6.735469107551488
1526,144212702,0,6.735469107551488
1527,144209163,0,6.735469107551488
1528,144208846,0,6.735469107551488
1529,144212596,0,6.735469107551488
1530,144203849,0,6.735469107551488
1531,144203844,0,6.735469107551488
1532,144205046,0,6.735469107551488
1533,144209301,0,6.735469107551488
1534,144214047,0,6.735469107551488
1535,144206122,0,6.735469107551488
1536,144212255,0,6.735469107551488
1537,144204585,0,6.735469107551488
1538,144211675,0,6.735469107551488
1539,144205562,0,6.735469107551488
1540,144211282,0,6.735469107551488
1541,144213792,0,6.735469107551488
1542,144211257,0,6.735469107551488
1543,144213803,0,6.735469107551488
1544,144211743,0,6.735469107551488
1545,144211246,0,6.735469107551488
1546,144207102,0,6.735469107551488
1547,144211750,0,6.735469107551488
1548,144205585,0,6.735469107551488
1549,144206768,0,6.735469107551488
1550,144211225,0,6.735469107551488
1551,144213284,0,6.735469107551488
1552,144203659,0,6.735469107551488
1553,144205605,0,6.735469107551488
1554,144205326,0,6.735469107551488
1555,144204079,0,6.735469107551488
1556,144205324,0,6.735469107551488
1557,144213844,0,6.735469107551488
1558,144205631,0,6.735469107551488
1559,144204128,0,6.735469107551488
1560,144211655,0,6.735469107551488
1561,144211324,0,6.735469107551488
1562,144205506,0,6.735469107551488
1563,144204169,0,6.735469107551488
1564,144204202,0,6.735469107551488
1565,144205448,0,6.735469107551488
1566,144211483,0,6.735469107551488
1567,144206910,0,6.735469107551488
1568,144204154,0,6.735469107551488
1569,144206829,0,6.735469107551488
1570,144213699,0,6.735469107551488
1571,144206934,0,6.735469107551488
1572,144206824,0,6.735469107551488
1573,144207037,0,6.735469107551488
1574,144204240,0,6.735469107551488
1575,144205512,0,6.735469107551488
1576,144205513,0,6.735469107551488
1577,144205403,0,6.735469107551488
1578,144205517,0,6.735469107551488
1579,144204142,0,6.735469107551488
1580,144211584,0,6.735469107551488
1581,144205532,0,6.735469107551488
1582,144211329,0,6.735469107551488
1583,144206076,0,6.735469107551488
1584,144213231,0,6.735469107551488
1585,144205647,0,6.735469107551488
1586,144207155,0,6.735469107551488
1587,144207498,0,6.735469107551488
1588,144206617,0,6.735469107551488
1589,144210876,0,6.735469107551488
1590,144204502,0,6.735469107551488
1591,144210852,0,6.735469107551488
1592,144206608,0,6.735469107551488
1593,144206346,0,6.735469107551488
1594,144210822,0,6.735469107551488
1595,144208014,0,6.735469107551488
1596,144205745,0,6.735469107551488
1597,144205140,0,6.735469107551488
1598,144204542,0,6.735469107551488
1599,144203966,0,6.735469107551488
1600,144205761,0,6.735469107551488
1601,144212226,0,6.735469107551488
1602,144205770,0,6.735469107551488
1603,144208537,0,6.735469107551488
1604,144208553,0,6.735469107551488
1605,144203951,0,6.735469107551488
1606,144205218,0,6.735469107551488
1607,144204000,0,6.735469107551488
1608,144211898,0,6.735469107551488
1609,144205710,0,6.735469107551488
1610,144204387,0,6.735469107551488
1611,144211147,0,6.735469107551488
1612,144206704,0,6.735469107551488
1613,144205278,0,6.735469107551488
1614,144213191,0,6.735469107551488
1615,144211886,0,6.735469107551488
1616,144211069,0,6.735469107551488
1617,144203745,0,6.735469107551488
1618,144211050,0,6.735469107551488
1619,144206052,0,6.735469107551488
1620,144212806,0,6.735469107551488
1621,144207183,0,6.735469107551488
1622,144211001,0,6.735469107551488
1623,144210974,0,6.735469107551488
1624,144205246,0,6.735469107551488
1625,144205243,0,6.735469107551488
1626,144205242,0,6.735469107551488
1627,144206660,0,6.735469107551488
1628,144211930,0,6.735469107551488
1629,144210946,0,6.735469107551488
1630,144213924,0,6.643559322033899
1631,144206005,0,6.643559322033899
1632,144214038,0,6.643559322033899
1633,144213766,0,6.643559322033899
1634,144209656,0,6.643559322033899
1635,144204330,0,6.643559322033899
1636,144211860,0,6.643559322033899
1637,144203973,0,6.643559322033899
1638,144206622,0,6.643559322033899
1639,144212251,0,6.643559322033899
1640,144212293,0,6.643559322033899
1641,144210514,0,6.643559322033899
1642,144208886,0,6.643559322033899
1643,144210695,0,6.643559322033899
1644,144208574,0,6.643559322033899
1645,144209290,0,6.643559322033899
1646,144204814,0,6.643559322033899
1647,144209364,0,6.643559322033899
1648,144204120,0,6.643559322033899
1649,144205505,0,6.643559322033899
1650,144206959,0,6.643559322033899
1651,144205314,0,6.643559322033899
1652,144211221,0,6.643559322033899
1653,144211299,0,6.643559322033899
1654,144207119,0,6.643559322033899
1655,144203979,0,6.643559322033899
1656,144212861,0,6.642986207705702
1657,144210024,0,6.638927203065133
1658,144209022,0,6.638927203065133
1659,144213979,0,6.638927203065133
1660,144213961,0,6.638927203065133
1661,144207709,0,6.638927203065133
1662,144213934,0,6.638927203065133
1663,144207673,0,6.638927203065133
1664,144207596,0,6.638927203065133
1665,144209512,0,6.638927203065133
1666,144210911,0,6.638927203065133
1667,144210970,0,6.638927203065133
1668,144210972,0,6.638927203065133
1669,144206354,0,6.638927203065133
1670,144213882,0,6.638927203065133
1671,144211033,0,6.638927203065133
1672,144211047,0,6.638927203065133
1673,144207179,0,6.638927203065133
1674,144211096,0,6.638927203065133
1675,144211145,0,6.638927203065133
1676,144211149,0,6.638927203065133
1677,144211166,0,6.638927203065133
1678,144209514,0,6.638927203065133
1679,144211176,0,6.638927203065133
1680,144204700,1,6.638927203065133
1681,144207136,0,6.638927203065133
1682,144211211,0,6.638927203065133
1683,144211218,0,6.638927203065133
1684,144209672,0,6.638927203065133
1685,144209535,0,6.638927203065133
1686,144213809,0,6.638927203065133
1687,144209586,0,6.638927203065133
1688,144213984,0,6.638927203065133
1689,144207898,0,6.638927203065133
1690,144208070,0,6.638927203065133
1691,144210561,0,6.638927203065133
1692,144209007,0,6.638927203065133
1693,144208995,0,6.638927203065133
1694,144210116,0,6.638927203065133
1695,144210322,0,6.638927203065133
1696,144209113,0,6.638927203065133
1697,144210413,0,6.638927203065133
1698,144208954,0,6.638927203065133
1699,144209115,0,6.638927203065133
1700,144209813,0,6.638927203065133
1701,144210528,0,6.638927203065133
1702,144210540,0,6.638927203065133
1703,144214042,0,6.638927203065133
1704,144208832,0,6.638927203065133
1705,144210563,0,6.638927203065133
1706,144208082,0,6.638927203065133
1707,144210617,0,6.638927203065133
1708,144210694,0,6.638927203065133
1709,144209188,0,6.638927203065133
1710,144208705,0,6.638927203065133
1711,144206372,0,6.638927203065133
1712,144208607,0,6.638927203065133
1713,144211994,1,6.638927203065133
1714,144209232,0,6.638927203065133
1715,144208493,0,6.638927203065133
1716,144208402,0,6.638927203065133
1717,144209504,0,6.638927203065133
1718,144208335,0,6.638927203065133
1719,144208168,0,6.638927203065133
1720,144210734,0,6.638927203065133
1721,144211312,0,6.638927203065133
1722,144207096,0,6.638927203065133
1723,144206658,0,6.638927203065133
1724,144212105,0,6.638927203065133
1725,144213080,0,6.638927203065133
1726,144212072,0,6.638927203065133
1727,144206631,0,6.638927203065133
1728,144206637,0,6.638927203065133
1729,144211911,0,6.638927203065133
1730,144206655,0,6.638927203065133
1731,144211906,0,6.638927203065133
1732,144207090,0,6.638927203065133
1733,144206675,0,6.638927203065133
1734,144211897,0,6.638927203065133
1735,144206684,0,6.638927203065133
1736,144211895,0,6.638927203065133
1737,144211894,0,6.638927203065133
1738,144211890,0,6.638927203065133
1739,144211885,0,6.638927203065133
1740,144212144,0,6.638927203065133
1741,144212167,0,6.638927203065133
1742,144206602,0,6.638927203065133
1743,144213063,0,6.638927203065133
1744,144212877,0,6.638927203065133
1745,144206454,0,6.638927203065133
1746,144212748,0,6.638927203065133
1747,144212731,0,6.638927203065133
1748,144212700,0,6.638927203065133
1749,144206516,0,6.638927203065133
1750,144212606,0,6.638927203065133
1751,144212536,0,6.638927203065133
1752,144212466,0,6.638927203065133
1753,144212405,0,6.638927203065133
1754,144212991,0,6.638927203065133
1755,144212371,0,6.638927203065133
1756,144212994,0,6.638927203065133
1757,144212322,0,6.638927203065133
1758,144212233,0,6.638927203065133
1759,144211881,0,6.638927203065133
1760,144211872,0,6.638927203065133
1761,144206728,0,6.638927203065133
1762,144206852,0,6.638927203065133
1763,144211452,0,6.638927203065133
1764,144206868,0,6.638927203065133
1765,144213593,0,6.638927203065133
1766,144213629,0,6.638927203065133
1767,144206889,0,6.638927203065133
1768,144206929,0,6.638927203065133
1769,144206955,0,6.638927203065133
1770,144206980,0,6.638927203065133
1771,144206991,0,6.638927203065133
1772,144213732,0,6.638927203065133
1773,144206994,0,6.638927203065133
1774,144207045,0,6.638927203065133
1775,144212780,0,6.638927203065133
1776,144207071,0,6.638927203065133
1777,144211254,0,6.638927203065133
1778,144206858,0,6.638927203065133
1779,144213512,0,6.638927203065133
1780,144206729,0,6.638927203065133
1781,144206844,0,6.638927203065133
1782,144211790,0,6.638927203065133
1783,144206772,0,6.638927203065133
1784,144213310,0,6.638927203065133
1785,144213311,0,6.638927203065133
1786,144213319,0,6.638927203065133
1787,144211672,0,6.638927203065133
1788,144213361,0,6.638927203065133
1789,144211671,0,6.638927203065133
1790,144206778,0,6.638927203065133
1791,144206789,0,6.638927203065133
1792,144213430,0,6.638927203065133
1793,144213452,0,6.638927203065133
1794,144206803,0,6.638927203065133
1795,144211570,0,6.638927203065133
1796,144211553,0,6.638927203065133
1797,144206820,0,6.638927203065133
1798,144203555,0,6.638927203065133
1799,144205728,0,6.638927203065133
1800,144204306,0,6.638927203065133
1801,144203764,0,6.638927203065133
1802,144203796,0,6.638927203065133
1803,144205594,0,6.638927203065133
1804,144205946,0,6.638927203065133
1805,144203794,0,6.638927203065133
1806,144203917,0,6.638927203065133
1807,144205588,0,6.638927203065133
1808,144203915,0,6.638927203065133
1809,144204908,0,6.638927203065133
1810,144204431,0,6.638927203065133
1811,144204515,0,6.638927203065133
1812,144204905,0,6.638927203065133
1813,144204089,0,6.638927203065133
1814,144203793,0,6.638927203065133
1815,144205125,0,6.638927203065133
1816,144204741,0,6.638927203065133
1817,144205981,0,6.638927203065133
1818,144205516,0,6.638927203065133
1819,144204896,0,6.638927203065133
1820,144205340,0,6.638927203065133
1821,144204160,0,6.638927203065133
1822,144204085,0,6.638927203065133
1823,144205354,0,6.638927203065133
1824,144205355,0,6.638927203065133
1825,144203901,0,6.638927203065133
1826,144204406,0,6.638927203065133
1827,144203869,0,6.638927203065133
1828,144204399,0,6.638927203065133
1829,144203610,0,6.638927203065133
1830,144204523,0,6.638927203065133
1831,144205622,0,6.638927203065133
1832,144204094,0,6.638927203065133
1833,144204532,0,6.638927203065133
1834,144204104,0,6.638927203065133
1835,144203807,0,6.638927203065133
1836,144204117,0,6.638927203065133
1837,144205734,0,6.638927203065133
1838,144203937,0,6.638927203065133
1839,144203970,0,6.638927203065133
1840,144204216,0,6.638927203065133
1841,144204224,0,6.638927203065133
1842,144205805,0,6.638927203065133
1843,144204233,0,6.638927203065133
1844,144205815,0,6.638927203065133
1845,144205680,0,6.638927203065133
1846,144204236,0,6.638927203065133
1847,144203813,0,6.638927203065133
1848,144204239,0,6.638927203065133
1849,144204932,0,6.638927203065133
1850,144204743,0,6.638927203065133
1851,144203827,0,6.638927203065133
1852,144203758,0,6.638927203065133
1853,144204242,0,6.638927203065133
1854,144205293,0,6.638927203065133
1855,144204258,0,6.638927203065133
1856,144205303,0,6.638927203065133
1857,144205154,0,6.638927203065133
1858,144205896,0,6.638927203065133
1859,144205897,0,6.638927203065133
1860,144204983,0,6.638927203065133
1861,144205308,0,6.638927203065133
1862,144205309,0,6.638927203065133
1863,144205907,0,6.638927203065133
1864,144203832,0,6.638927203065133
1865,144206073,0,6.638927203065133
1866,144203848,0,6.638927203065133
1867,144204356,0,6.638927203065133
1868,144205451,0,6.638927203065133
1869,144204606,0,6.638927203065133
1870,144204544,0,6.638927203065133
1871,144204841,0,6.638927203065133
1872,144204628,0,6.638927203065133
1873,144203585,0,6.638927203065133
1874,144205413,0,6.638927203065133
1875,144206161,0,6.638927203065133
1876,144206229,0,6.638927203065133
1877,144204345,0,6.638927203065133
1878,144204388,0,6.638927203065133
1879,144203704,0,6.638927203065133
1880,144204046,0,6.638927203065133
1881,144204062,0,6.638927203065133
1882,144205436,0,6.638927203065133
1883,144204315,0,6.638927203065133
1884,144205443,0,6.638927203065133
1885,144204569,0,6.638927203065133
1886,144204810,0,6.638927203065133
1887,144204357,0,6.638927203065133
1888,144203578,0,6.638927203065133
1889,144204813,0,6.638927203065133
1890,144205370,0,6.638927203065133
1891,144205365,0,6.638927203065133
1892,144203798,0,6.601999999999999
1893,144210510,0,6.581452991452991
1894,144211769,0,6.581452991452991
1895,144206353,0,6.581452991452991
1896,144205294,0,6.581452991452991
1897,144211541,0,6.581452991452991
1898,144214009,0,6.581452991452991
1899,144206194,0,6.581452991452991
1900,144206730,0,6.581452991452991
1901,144213241,0,6.581452991452991
1902,144203843,0,6.581452991452991
1903,144212526,0,6.581452991452991
1904,144204726,0,6.581452991452991
1905,144204725,0,6.581452991452991
1906,144211318,0,6.581452991452991
1907,144204074,0,6.581452991452991
1908,144203739,0,6.581452991452991
1909,144211764,0,6.581452991452991
1910,144212254,0,6.581452991452991
1911,144204783,0,6.581452991452991
1912,144204340,0,6.581452991452991
1913,144206827,0,6.581452991452991
1914,144205234,0,6.581452991452991
1915,144205235,0,6.581452991452991
1916,144212267,0,6.581452991452991
1917,144212913,0,6.581452991452991
1918,144208236,0,6.581452991452991
1919,144207072,0,6.581452991452991
1920,144209537,0,6.581452991452991
1921,144207254,0,6.581452991452991
1922,144212244,0,6.581452991452991
1923,144205499,0,6.581452991452991
1924,144213399,0,6.581452991452991
1925,144209307,0,6.581452991452991
1926,144206948,0,6.581452991452991
1927,144203996,0,6.581452991452991
1928,144207092,0,6.581452991452991
1929,144204537,0,6.581452991452991
1930,144211396,0,6.581452991452991
1931,144210843,0,6.581452991452991
1932,144204876,0,6.581452991452991
1933,144205274,0,6.581452991452991
1934,144207592,0,6.4809677419354825
1935,144213711,0,6.4809677419354825
1936,144211669,0,6.4809677419354825
1937,144204855,0,6.4809677419354825
1938,144210194,0,6.4809677419354825
1939,144206610,0,6.4809677419354825
1940,144207172,0,6.4809677419354825
1941,144209671,0,6.4809677419354825
1942,144204803,0,6.4809677419354825
1943,144204307,0,6.4809677419354825
1944,144206847,0,6.4809677419354825
1945,144212623,0,6.4809677419354825
1946,144206173,0,6.4809677419354825
1947,144206158,0,6.4809677419354825
1948,144203952,0,6.418819742489269
1949,144205492,0,6.418819742489269
1950,144210762,0,6.418819742489269
1951,144212989,0,6.418819742489269
1952,144210612,0,6.418819742489269
1953,144205509,0,6.418819742489269
1954,144212208,0,6.418819742489269
1955,144210918,0,6.418819742489269
1956,144208738,0,6.418819742489269
1957,144205386,0,6.418819742489269
1958,144210703,0,6.418819742489269
1959,144205519,0,6.418819742489269
1960,144204538,0,6.418819742489269
1961,144203754,0,6.418819742489269
1962,144205264,0,6.418819742489269
1963,144213945,0,6.418819742489269
1964,144203956,0,6.418819742489269
1965,144212212,0,6.418819742489269
1966,144210472,0,6.418819742489269
1967,144204477,0,6.418819742489269
1968,144206960,0,6.418819742489269
1969,144206640,0,6.418819742489269
1970,144208763,0,6.418819742489269
1971,144210468,0,6.418819742489269
1972,144209111,0,6.418819742489269
1973,144212219,0,6.418819742489269
1974,144207064,0,6.418819742489269
1975,144205265,0,6.418819742489269
1976,144204957,0,6.418819742489269
1977,144205407,0,6.418819742489269
1978,144211928,0,6.418819742489269
1979,144205465,0,6.418819742489269
1980,144209093,0,6.418819742489269
1981,144205480,0,6.418819742489269
1982,144205691,0,6.418819742489269
1983,144212268,0,6.418819742489269
1984,144209048,0,6.418819742489269
1985,144208874,0,6.418819742489269
1986,144211967,0,6.418819742489269
1987,144204972,0,6.418819742489269
1988,144204616,0,6.418819742489269
1989,144208340,0,6.418819742489269
1990,144204507,0,6.418819742489269
1991,144208647,0,6.418819742489269
1992,144205325,0,6.418819742489269
1993,144210551,0,6.418819742489269
1994,144211539,0,6.418819742489269
1995,144208354,0,6.418819742489269
1996,144204995,0,6.418819742489269
1997,144213901,0,6.418819742489269
1998,144205313,0,6.418819742489269
1999,144203652,0,6.418819742489269
2000,144205624,0,6.418819742489269
2001,144205080,0,6.418819742489269
2002,144205566,0,6.418819742489269
2003,144207115,0,6.418819742489269
2004,144209015,0,6.418819742489269
2005,144212306,0,6.418819742489269
2006,144210898,0,6.418819742489269
2007,144212225,0,6.418819742489269
2008,144206798,0,6.418819742489269
2009,144207034,0,6.418819742489269
2010,144209037,0,6.418819742489269
2011,144205712,0,6.418819742489269
2012,144204660,0,6.418819742489269
2013,144205539,0,6.418819742489269
2014,144205070,0,6.418819742489269
2015,144205437,0,6.418819742489269
2016,144205025,0,6.418819742489269
2017,144204138,0,6.418819742489269
2018,144206711,0,6.418819742489269
2019,144210746,0,6.418819742489269
2020,144204474,0,6.418819742489269
2021,144206873,0,6.418819742489269
2022,144205400,0,6.418819742489269
2023,144211182,0,6.418819742489269
2024,144204028,0,6.418819742489269
2025,144211877,0,6.418819742489269
2026,144209411,0,6.418819742489269
2027,144211077,0,6.418819742489269
2028,144211076,0,6.418819742489269
2029,144203725,0,6.418819742489269
2030,144207437,0,6.418819742489269
2031,144211231,0,6.418819742489269
2032,144211315,0,6.418819742489269
2033,144206456,0,6.418819742489269
2034,144204374,0,6.418819742489269
2035,144211326,0,6.418819742489269
2036,144203842,0,6.418819742489269
2037,144206213,0,6.418819742489269
2038,144213288,0,6.418819742489269
2039,144204093,0,6.418819742489269
2040,144210104,0,6.418819742489269
2041,144212718,0,6.418819742489269
2042,144211342,0,6.418819742489269
2043,144212171,0,6.418819742489269
2044,144212173,0,6.418819742489269
2045,144211035,0,6.418819742489269
2046,144212174,0,6.418819742489269
2047,144207355,0,6.418819742489269
2048,144205898,0,6.418819742489269
2049,144207589,0,6.418819742489269
2050,144209438,0,6.418819742489269
2051,144206523,0,6.418819742489269
2052,144212697,0,6.418819742489269
2053,144206136,0,6.418819742489269
2054,144204816,0,6.418819742489269
2055,144209541,0,6.418819742489269
2056,144211825,0,6.418819742489269
2057,144204391,0,6.418819742489269
2058,144207567,0,6.418819742489269
2059,144206100,0,6.418819742489269
2060,144203716,0,6.418819742489269
2061,144207910,0,6.418819742489269
2062,144213415,0,6.418819742489269
2063,144207773,0,6.418819742489269
2064,144203608,0,6.418819742489269
2065,144206160,0,6.418819742489269
2066,144203873,0,6.418819742489269
2067,144206406,0,6.418819742489269
2068,144206034,0,6.418819742489269
2069,144211178,0,6.418819742489269
2070,144207941,0,6.418819742489269
2071,144206025,0,6.418819742489269
2072,144212691,0,6.418819742489269
2073,144204310,0,6.418819742489269
2074,144211180,0,6.418819742489269
2075,144209462,0,6.418819742489269
2076,144204806,0,6.418819742489269
2077,144206423,0,6.418819742489269
2078,144213646,0,6.418819742489269
2079,144204916,0,6.418819742489269
2080,144213178,0,6.418819742489269
2081,144203688,0,6.418819742489269
2082,144206560,0,6.418819742489269
2083,144204013,0,6.418819742489269
2084,144211734,0,6.418819742489269
2085,144205825,0,6.418819742489269
2086,144204456,0,6.418819742489269
2087,144206592,0,6.418819742489269
2088,144210996,0,6.418819742489269
2089,144210988,0,6.418819742489269
2090,144205762,0,6.418819742489269
2091,144212392,0,6.418819742489269
2092,144206235,0,6.418819742489269
2093,144206606,0,6.418819742489269
2094,144212579,0,6.418819742489269
2095,144209167,0,6.418819742489269
2096,144212773,0,6.418819742489269
2097,144213455,0,6.418819742489269
2098,144203749,0,6.418819742489269
2099,144207695,0,6.418819742489269
2100,144211699,0,6.418819742489269
2101,144213195,0,6.418819742489269
2102,144212119,0,6.418819742489269
2103,144209226,0,6.418819742489269
2104,144211025,0,6.418819742489269
2105,144205889,0,6.418819742489269
2106,144210154,0,6.418819742489269
2107,144209276,0,6.418819742489269
2108,144206600,0,6.316050420168068
2109,144206055,0,6.316050420168068
2110,144210929,0,6.316050420168068
2111,144204857,0,6.316050420168068
2112,144209084,0,6.316050420168068
2113,144206422,0,6.316050420168068
2114,144206823,0,6.316050420168068
2115,144212230,0,6.316050420168068
2116,144203986,0,6.316050420168068
2117,144206885,0,6.316050420168068
2118,144205895,0,6.316050420168068
2119,144203658,0,6.316050420168068
2120,144212944,0,6.316050420168068
2121,144203680,0,6.316050420168068
2122,144205487,0,6.316050420168068
2123,144208346,0,6.316050420168068
2124,144214037,0,6.316050420168068
2125,144213222,0,6.316050420168068
2126,144210450,0,6.316050420168068
2127,144205367,0,6.316050420168068
2128,144208170,0,6.316050420168068
2129,144203750,0,6.316050420168068
2130,144212026,0,6.316050420168068
2131,144205827,0,6.316050420168068
2132,144203984,0,6.316050420168068
2133,144205937,0,6.316050420168068
2134,144211150,0,6.316050420168068
2135,144213893,0,6.316050420168068
2136,144205569,0,6.316050420168068
2137,144208538,0,6.316050420168068
2138,144211194,0,6.316050420168068
2139,144209370,0,6.316050420168068
2140,144211645,0,6.316050420168068
2141,144205023,0,6.316050420168068
2142,144212012,0,6.316050420168068
2143,144208390,0,6.316050420168068
2144,144206299,0,6.316050420168068
2145,144211782,0,6.316050420168068
2146,144213595,0,6.316050420168068
2147,144211223,0,6.316050420168068
2148,144205406,0,6.316050420168068
2149,144204464,0,6.316050420168068
2150,144208587,0,6.316050420168068
2151,144203855,0,6.316050420168068
2152,144211733,0,6.316050420168068
2153,144212080,0,6.313870967741936
2154,144207637,0,6.313870967741936
2155,144209076,0,6.313870967741936
2156,144211533,0,6.313870967741936
2157,144207380,0,6.313870967741936
2158,144211664,0,6.313870967741936
2159,144203705,0,6.313870967741936
2160,144212351,0,6.313870967741936
2161,144203695,0,6.313870967741936
2162,144209367,0,6.313870967741936
2163,144210854,0,6.313870967741936
2164,144206861,0,6.313870967741936
2165,144204977,0,6.296393750113581
2166,144210835,0,6.2909793700979595
2167,144203671,0,6.290979370097267
2168,144203657,0,6.233213296398892
2169,144212222,0,6.233213296398892
2170,144203781,0,6.233213296398892
2171,144207712,0,6.233213296398892
2172,144207719,0,6.233213296398892
2173,144210774,0,6.233213296398892
2174,144204338,0,6.233213296398892
2175,144205385,0,6.233213296398892
2176,144204375,0,6.233213296398892
2177,144205192,0,6.233213296398892
2178,144211520,0,6.233213296398892
2179,144206975,0,6.233213296398892
2180,144208191,0,6.233213296398892
2181,144207849,0,6.233213296398892
2182,144208291,0,6.233213296398892
2183,144207137,0,6.233213296398892
2184,144212175,0,6.233213296398892
2185,144204488,0,6.233213296398892
2186,144211372,0,6.233213296398892
2187,144211376,0,6.233213296398892
2188,144211477,0,6.233213296398892
2189,144208296,0,6.233213296398892
2190,144212018,0,6.233213296398892
2191,144203968,0,6.233213296398892
2192,144212062,0,6.233213296398892
2193,144211465,0,6.233213296398892
2194,144204459,0,6.233213296398892
2195,144213719,0,6.233213296398892
2196,144206966,0,6.233213296398892
2197,144204206,0,6.233213296398892
2198,144208176,0,6.233213296398892
2199,144210925,0,6.233213296398892
2200,144205233,0,6.233213296398892
2201,144208358,0,6.233213296398892
2202,144203729,0,6.233213296398892
2203,144207042,0,6.233213296398892
2204,144204411,0,6.233213296398892
2205,144211277,0,6.233213296398892
2206,144204392,0,6.233213296398892
2207,144204536,0,6.233213296398892
2208,144204528,0,6.233213296398892
2209,144212221,0,6.233213296398892
2210,144205359,0,6.233213296398892
2211,144211508,0,6.233213296398892
2212,144213339,0,6.233213296398892
2213,144207077,0,6.233213296398892
2214,144205128,0,6.233213296398892
2215,144204413,0,6.233213296398892
2216,144208432,0,6.233213296398892
2217,144207086,0,6.233213296398892
2218,144210842,0,6.233213296398892
2219,144211487,0,6.233213296398892
2220,144213779,0,6.233213296398892
2221,144213606,0,6.233213296398892
2222,144211989,0,6.233213296398892
2223,144205126,0,6.233213296398892
2224,144211213,0,6.233213296398892
2225,144206838,0,6.233213296398892
2226,144203925,0,6.233213296398892
2227,144205515,0,6.233213296398892
2228,144213983,0,6.233213296398892
2229,144203857,0,6.233213296398892
2230,144210596,0,6.233213296398892
2231,144214043,0,6.233213296398892
2232,144209929,0,6.233213296398892
2233,144213985,0,6.233213296398892
2234,144214027,0,6.233213296398892
2235,144206612,0,6.233213296398892
2236,144210467,0,6.233213296398892
2237,144205493,0,6.233213296398892
2238,144206833,0,6.233213296398892
2239,144206706,0,6.233213296398892
2240,144205481,0,6.233213296398892
2241,144211834,0,6.233213296398892
2242,144206446,0,6.233213296398892
2243,144209636,0,6.233213296398892
2244,144206184,0,6.233213296398892
2245,144210462,0,6.233213296398892
2246,144212276,0,6.233213296398892
2247,144212935,0,6.233213296398892
2248,144212819,0,6.233213296398892
2249,144211653,0,6.233213296398892
2250,144210020,0,6.233213296398892
2251,144206045,0,6.233213296398892
2252,144211651,0,6.233213296398892
2253,144213941,0,6.233213296398892
2254,144213918,0,6.233213296398892
2255,144204757,0,6.233213296398892
2256,144209530,0,6.233213296398892
2257,144208953,0,6.233213296398892
2258,144203625,0,6.233213296398892
2259,144206690,0,6.233213296398892
2260,144206121,0,6.233213296398892
2261,144206131,0,6.233213296398892
2262,144211635,0,6.233213296398892
2263,144212310,0,6.233213296398892
2264,144209478,0,6.233213296398892
2265,144212653,0,6.233213296398892
2266,144206783,0,6.233213296398892
2267,144212617,0,6.233213296398892
2268,144209299,0,6.233213296398892
2269,144206211,0,6.233213296398892
2270,144204015,0,6.233213296398892
2271,144206892,0,6.233213296398892
2272,144212419,0,6.233213296398892
2273,144204107,0,6.233213296398892
2274,144211748,0,6.233213296398892
2275,144205461,0,6.233213296398892
2276,144205472,0,6.233213296398892
2277,144204075,0,6.233213296398892
2278,144205463,0,6.233213296398892
2279,144212584,0,6.233213296398892
2280,144209697,0,6.233213296398892
2281,144210716,0,6.233213296398892
2282,144205411,0,6.233213296398892
2283,144210745,0,6.233213296398892
2284,144210092,0,6.233213296398892
2285,144205428,0,6.233213296398892
2286,144206865,0,6.233213296398892
2287,144203924,0,6.233213296398892
2288,144211742,0,6.233213296398892
2289,144210131,0,6.233213296398892
2290,144210674,0,6.233213296398892
2291,144204913,0,6.233213296398892
2292,144204923,0,6.233213296398892
2293,144211297,0,6.140790960451974
2294,144207325,0,6.140790960451974
2295,144211730,0,6.140790960451974
2296,144214032,0,6.140790960451974
2297,144212418,0,6.140790960451974
2298,144214010,0,6.140790960451974
2299,144211389,0,6.140790960451974
2300,144206697,0,6.140790960451974
2301,144206036,0,6.140790960451974
2302,144205890,0,6.140790960451974
2303,144203939,0,6.140790960451974
2304,144211030,0,6.140790960451974
2305,144207503,0,6.140790960451974
2306,144213101,0,6.140790960451974
2307,144211017,0,6.140790960451974
2308,144204287,0,6.140790960451974
2309,144211022,0,6.140790960451974
2310,144213698,0,6.140790960451974
2311,144205767,0,6.140790960451974
2312,144210980,0,6.140790960451974
2313,144209399,0,6.140790960451974
2314,144204007,0,6.140790960451974
2315,144205220,0,6.140790960451974
2316,144209403,0,6.140790960451974
2317,144205801,0,6.140790960451974
2318,144209195,0,6.140790960451974
2319,144203619,0,6.140790960451974
2320,144212011,0,6.140790960451974
2321,144203812,0,6.140790960451974
2322,144205706,0,6.140790960451974
2323,144212065,0,6.140790960451974
2324,144204194,0,6.140790960451974
2325,144203730,0,6.140790960451974
2326,144212802,0,6.140790960451974
2327,144205684,0,6.140790960451974
2328,144212180,0,6.140790960451974
2329,144205397,0,6.140790960451974
2330,144213634,0,6.140790960451974
2331,144204333,0,6.140790960451974
2332,144211162,0,6.140790960451974
2333,144203715,0,6.140790960451974
2334,144213884,0,6.140790960451974
2335,144211489,0,6.140790960451974
2336,144206815,0,6.140790960451974
2337,144205348,0,6.140790960451974
2338,144209764,0,6.140790960451974
2339,144208534,0,6.140790960451974
2340,144212638,0,6.140790960451974
2341,144206890,0,6.140790960451974
2342,144212636,0,6.140790960451974
2343,144203786,0,6.140790960451974
2344,144214044,0,6.140790960451974
2345,144211982,0,6.140790960451974
2346,144211591,0,6.140790960451974
2347,144206877,0,6.140790960451974
2348,144210697,0,6.140790960451974
2349,144210646,0,6.140790960451974
2350,144208551,0,6.140790960451974
2351,144207829,0,6.140790960451974
2352,144207140,0,6.140790960451974
2353,144211206,0,6.140790960451974
2354,144204819,0,6.140790960451974
2355,144204164,0,6.140790960451974
2356,144205629,0,6.140790960451974
2357,144205409,0,6.140790960451974
2358,144212870,0,6.140790960451974
2359,144211561,0,6.140790960451974
2360,144210862,0,6.140790960451974
2361,144209329,0,6.122245554220151
2362,144211042,0,6.115484351713858
2363,144212574,0,6.115484351713858
2364,144213250,0,6.115484351713858
2365,144209847,0,6.115484351713858
2366,144211062,0,6.115484351713858
2367,144209350,0,6.115484351713858
2368,144211060,0,6.115484351713858
2369,144203883,0,6.115484351713858
2370,144207683,0,6.115484351713858
2371,144209308,0,6.115484351713858
2372,144212540,0,6.115484351713858
2373,144208066,0,6.115484351713858
2374,144209720,0,6.115484351713858
2375,144209815,0,6.115484351713858
2376,144213439,0,6.115484351713858
2377,144208023,0,6.115484351713858
2378,144212576,0,6.115484351713858
2379,144211201,0,6.115484351713858
2380,144212717,0,6.115484351713858
2381,144213264,0,6.115484351713858
2382,144203886,0,6.115484351713858
2383,144208045,0,6.115484351713858
2384,144212726,0,6.115484351713858
2385,144209865,0,6.115484351713858
2386,144207750,0,6.115484351713858
2387,144203841,0,6.115484351713858
2388,144203922,0,6.115484351713858
2389,144208028,0,6.115484351713858
2390,144209860,0,6.115484351713858
2391,144212168,0,6.115484351713858
2392,144207915,0,6.115484351713858
2393,144209354,0,6.115484351713858
2394,144204417,0,6.115484351713858
2395,144209463,0,6.115484351713858
2396,144204412,0,6.115484351713858
2397,144204888,0,6.115484351713858
2398,144203858,0,6.115484351713858
2399,144213369,0,6.115484351713858
2400,144212655,0,6.115484351713858
2401,144212157,0,6.115484351713858
2402,144209985,0,6.115484351713858
2403,144204815,0,6.115484351713858
2404,144213364,0,6.115484351713858
2405,144207880,0,6.115484351713858
2406,144203874,0,6.115484351713858
2407,144211142,0,6.115484351713858
2408,144204394,0,6.115484351713858
2409,144212134,0,6.115484351713858
2410,144212670,0,6.115484351713858
2411,144211107,0,6.115484351713858
2412,144213323,0,6.115484351713858
2413,144209455,0,6.115484351713858
2414,144212615,0,6.115484351713858
2415,144207828,0,6.115484351713858
2416,144207985,0,6.115484351713858
2417,144209375,0,6.115484351713858
2418,144204859,0,6.115484351713858
2419,144204906,0,6.115484351713858
2420,144209385,0,6.115484351713858
2421,144204398,0,6.115484351713858
2422,144207780,0,6.115484351713858
2423,144207795,0,6.115484351713858
2424,144213313,0,6.115484351713858
2425,144203850,0,6.115484351713858
2426,144203854,0,6.115484351713858
2427,144207797,0,6.115484351713858
2428,144211177,0,6.115484351713858
2429,144207805,0,6.115484351713858
2430,144210065,0,6.115484351713858
2431,144211079,0,6.115484351713858
2432,144209829,0,6.115484351713858
2433,144209497,0,6.115484351713858
2434,144213168,0,6.115484351713858
2435,144213245,0,6.115484351713858
2436,144210585,0,6.115484351713858
2437,144212211,0,6.115484351713858
2438,144212902,0,6.115484351713858
2439,144213040,0,6.115484351713858
2440,144210837,0,6.115484351713858
2441,144210601,0,6.115484351713858
2442,144212898,0,6.115484351713858
2443,144203767,0,6.115484351713858
2444,144208849,0,6.115484351713858
2445,144212896,0,6.115484351713858
2446,144213045,0,6.115484351713858
2447,144212888,0,6.115484351713858
2448,144208863,0,6.115484351713858
2449,144204663,0,6.115484351713858
2450,144209298,0,6.115484351713858
2451,144205021,0,6.115484351713858
2452,144204673,0,6.115484351713858
2453,144204708,0,6.115484351713858
2454,144208938,0,6.115484351713858
2455,144203765,0,6.115484351713858
2456,144204720,0,6.115484351713858
2457,144208360,0,6.115484351713858
2458,144208963,0,6.115484351713858
2459,144204739,0,6.115484351713858
2460,144204758,0,6.115484351713858
2461,144203759,0,6.115484351713858
2462,144210521,0,6.115484351713858
2463,144208805,0,6.115484351713858
2464,144212213,0,6.115484351713858
2465,144203962,0,6.115484351713858
2466,144210618,0,6.115484351713858
2467,144208557,0,6.115484351713858
2468,144208599,0,6.115484351713858
2469,144208611,0,6.115484351713858
2470,144205108,0,6.115484351713858
2471,144212990,0,6.115484351713858
2472,144204561,0,6.115484351713858
2473,144204557,0,6.115484351713858
2474,144208545,0,6.115484351713858
2475,144208619,0,6.115484351713858
2476,144208622,0,6.115484351713858
2477,144208536,0,6.115484351713858
2478,144208627,0,6.115484351713858
2479,144212240,0,6.115484351713858
2480,144212956,0,6.115484351713858
2481,144204546,0,6.115484351713858
2482,144208718,0,6.115484351713858
2483,144210715,0,6.115484351713858
2484,144208735,0,6.115484351713858
2485,144210698,0,6.115484351713858
2486,144204534,0,6.115484351713858
2487,144208757,0,6.115484351713858
2488,144204527,0,6.115484351713858
2489,144210634,0,6.115484351713858
2490,144203961,0,6.115484351713858
2491,144208793,0,6.115484351713858
2492,144212206,0,6.115484351713858
2493,144210875,0,6.115484351713858
2494,144212205,0,6.115484351713858
2495,144212394,0,6.115484351713858
2496,144208164,0,6.115484351713858
2497,144213165,0,6.115484351713858
2498,144203960,0,6.115484351713858
2499,144209185,0,6.115484351713858
2500,144204940,0,6.115484351713858
2501,144213179,0,6.115484351713858
2502,144211000,0,6.115484351713858
2503,144203923,0,6.115484351713858
2504,144211014,0,6.115484351713858
2505,144210198,0,6.115484351713858
2506,144209215,0,6.115484351713858
2507,144208128,0,6.115484351713858
2508,144203976,0,6.115484351713858
2509,144213217,0,6.115484351713858
2510,144210180,0,6.115484351713858
2511,144210162,0,6.115484351713858
2512,144208102,0,6.115484351713858
2513,144211026,0,6.115484351713858
2514,144209259,0,6.115484351713858
2515,144212738,0,6.115484351713858
2516,144203741,0,6.115484351713858
2517,144208091,0,6.115484351713858
2518,144204927,0,6.115484351713858
2519,144210140,0,6.115484351713858
2520,144212447,0,6.115484351713858
2521,144212196,0,6.115484351713858
2522,144210975,0,6.115484351713858
2523,144212841,0,6.115484351713858
2524,144210361,0,6.115484351713858
2525,144212305,0,6.115484351713858
2526,144203967,0,6.115484351713858
2527,144209032,0,6.115484351713858
2528,144212830,0,6.115484351713858
2529,144213087,0,6.115484351713858
2530,144213090,0,6.115484351713858
2531,144208281,0,6.115484351713858
2532,144204781,0,6.115484351713858
2533,144204790,0,6.115484351713858
2534,144208272,0,6.115484351713858
2535,144209070,0,6.115484351713858
2536,144208259,0,6.115484351713858
2537,144204478,0,6.115484351713858
2538,144209089,0,6.115484351713858
2539,144208233,0,6.115484351713858
2540,144212805,0,6.115484351713858
2541,144210924,0,6.115484351713858
2542,144210928,0,6.115484351713858
2543,144210449,0,6.115484351713858
2544,144212361,0,6.115484351713858
2545,144208184,0,6.115484351713858
2546,144212777,0,6.115484351713858
2547,144210421,0,6.115484351713858
2548,144210411,0,6.115484351713858
2549,144213157,0,6.115484351713858
2550,144207823,0,6.115484351713858
2551,144209823,0,6.115484351713858
2552,144203678,0,6.115484351713858
2553,144205335,0,6.115484351713858
2554,144205985,0,6.115484351713858
2555,144213583,0,6.115484351713858
2556,144205292,0,6.115484351713858
2557,144207466,0,6.115484351713858
2558,144205674,0,6.115484351713858
2559,144211471,0,6.115484351713858
2560,144206440,0,6.115484351713858
2561,144205419,0,6.115484351713858
2562,144211665,0,6.115484351713858
2563,144205677,0,6.115484351713858
2564,144205682,0,6.115484351713858
2565,144205683,0,6.115484351713858
2566,144211775,0,6.115484351713858
2567,144207435,0,6.115484351713858
2568,144205962,0,6.115484351713858
2569,144207157,0,6.115484351713858
2570,144205671,0,6.115484351713858
2571,144207154,0,6.115484351713858
2572,144203629,0,6.115484351713858
2573,144204029,0,6.115484351713858
2574,144205329,0,6.115484351713858
2575,144211892,0,6.115484351713858
2576,144211661,0,6.115484351713858
2577,144203672,0,6.115484351713858
2578,144213864,0,6.115484351713858
2579,144206023,0,6.115484351713858
2580,144212077,0,6.115484351713858
2581,144211481,0,6.115484351713858
2582,144206018,0,6.115484351713858
2583,144212078,0,6.115484351713858
2584,144205458,0,6.115484351713858
2585,144205457,0,6.115484351713858
2586,144207489,0,6.115484351713858
2587,144204121,0,6.115484351713858
2588,144204178,0,6.115484351713858
2589,144205949,0,6.115484351713858
2590,144211917,0,6.115484351713858
2591,144204098,0,6.115484351713858
2592,144205441,0,6.115484351713858
2593,144204282,0,6.115484351713858
2594,144206538,0,6.115484351713858
2595,144207244,0,6.115484351713858
2596,144206544,0,6.115484351713858
2597,144211420,0,6.115484351713858
2598,144204198,0,6.115484351713858
2599,144205450,0,6.115484351713858
2600,144203647,0,6.115484351713858
2601,144207310,0,6.115484351713858
2602,144205226,0,6.115484351713858
2603,144211910,0,6.115484351713858
2604,144211713,0,6.115484351713858
2605,144205215,0,6.115484351713858
2606,144212054,0,6.115484351713858
2607,144205214,0,6.115484351713858
2608,144207203,0,6.115484351713858
2609,144204092,0,6.115484351713858
2610,144214022,0,6.115484351713858
2611,144213762,0,6.115484351713858
2612,144205933,0,6.115484351713858
2613,144204189,0,6.115484351713858
2614,144204145,0,6.115484351713858
2615,144204285,0,6.115484351713858
2616,144205475,0,6.115484351713858
2617,144211442,0,6.115484351713858
2618,144206510,0,6.115484351713858
2619,144206511,0,6.115484351713858
2620,144206514,0,6.115484351713858
2621,144213982,0,6.115484351713858
2622,144206900,0,6.115484351713858
2623,144211889,0,6.115484351713858
2624,144213554,0,6.115484351713858
2625,144207521,0,6.115484351713858
2626,144206154,0,6.115484351713858
2627,144204080,0,6.115484351713858
2628,144205530,0,6.115484351713858
2629,144207052,0,6.115484351713858
2630,144205363,0,6.115484351713858
2631,144204332,0,6.115484351713858
2632,144206786,0,6.115484351713858
2633,144211578,0,6.115484351713858
2634,144206319,0,6.115484351713858
2635,144211876,0,6.115484351713858
2636,144211637,0,6.115484351713858
2637,144206193,0,6.115484351713858
2638,144205402,0,6.115484351713858
2639,144205596,0,6.115484351713858
2640,144207068,0,6.115484351713858
2641,144213806,0,6.115484351713858
2642,144211843,0,6.115484351713858
2643,144205466,0,6.115484351713858
2644,144206806,0,6.115484351713858
2645,144207640,0,6.115484351713858
2646,144211589,0,6.115484351713858
2647,144204053,0,6.115484351713858
2648,144204346,0,6.115484351713858
2649,144213839,0,6.115484351713858
2650,144213837,0,6.115484351713858
2651,144205382,0,6.115484351713858
2652,144205511,0,6.115484351713858
2653,144204155,0,6.115484351713858
2654,144211546,0,6.115484351713858
2655,144211545,0,6.115484351713858
2656,144207630,0,6.115484351713858
2657,144206816,0,6.115484351713858
2658,144211952,0,6.115484351713858
2659,144213475,0,6.115484351713858
2660,144203582,0,6.115484351713858
2661,144206782,0,6.115484351713858
2662,144213519,0,6.115484351713858
2663,144204319,0,6.115484351713858
2664,144213529,0,6.115484351713858
2665,144205412,0,6.115484351713858
2666,144203602,0,6.115484351713858
2667,144204157,0,6.115484351713858
2668,144205623,0,6.115484351713858
2669,144211649,0,6.115484351713858
2670,144204042,0,6.115484351713858
2671,144206374,0,6.115484351713858
2672,144204321,0,6.115484351713858
2673,144213925,0,6.115484351713858
2674,144205339,0,6.115484351713858
2675,144206635,0,6.0511666542856934
2676,144203774,0,6.030114503816795
2677,144212906,0,6.030114503816795
2678,144206817,0,6.030114503816795
2679,144209049,0,6.030114503816795
2680,144211490,0,6.030114503816795
2681,144213765,0,6.030114503816795
2682,144205232,0,6.030114503816795
2683,144205703,0,6.030114503816795
2684,144212308,0,6.030114503816795
2685,144203772,0,6.030114503816795
2686,144213936,0,6.030114503816795
2687,144212300,0,6.030114503816795
2688,144208812,0,6.030114503816795
2689,144206628,0,6.030114503816795
2690,144212358,0,6.030114503816795
2691,144213774,0,6.030114503816795
2692,144206909,0,6.030114503816795
2693,144213836,0,6.030114503816795
2694,144204149,0,6.030114503816795
2695,144203685,0,6.030114503816795
2696,144208569,0,6.030114503816795
2697,144211602,0,6.030114503816795
2698,144204794,0,6.030114503816795
2699,144211418,0,6.030114503816795
2700,144213933,0,6.030114503816795
2701,144204965,0,6.030114503816795
2702,144209021,0,6.030114503816795
2703,144211717,0,6.030114503816795
2704,144204589,0,6.030114503816795
2705,144205524,0,6.030114503816795
2706,144207208,0,6.030114503816795
2707,144205432,0,6.030114503816795
2708,144204666,0,6.030114503816795
2709,144210610,0,6.030114503816795
2710,144207191,0,6.030114503816795
2711,144204479,0,6.030114503816795
2712,144212873,0,6.030114503816795
2713,144205254,0,6.030114503816795
2714,144205689,0,6.030114503816795
2715,144209077,0,6.030114503816795
2716,144212901,0,6.030114503816795
2717,144204124,0,6.030114503816795
2718,144210897,0,6.030114503816795
2719,144213038,0,6.030114503816795
2720,144211478,0,6.030114503816795
2721,144205291,0,6.030114503816795
2722,144204521,0,6.030114503816795
2723,144213969,0,6.030114503816795
2724,144207152,0,6.030114503816795
2725,144213106,0,6.030114503816795
2726,144212795,0,6.030114503816795
2727,144207207,0,6.030114503816795
2728,144205352,0,6.030114503816795
2729,144205526,0,6.030114503816795
2730,144209117,0,6.030114503816795
2731,144204655,0,6.030114503816795
2732,144208332,0,6.030114503816795
2733,144205429,0,6.030114503816795
2734,144208241,0,6.030114503816795
2735,144210469,0,6.030114503816795
2736,144207289,0,6.030114503816795
2737,144208502,0,6.030114503816795
2738,144204793,0,6.030114503816795
2739,144208330,0,6.030114503816795
2740,144209046,0,6.030114503816795
2741,144203653,0,6.030114503816795
2742,144205106,0,6.030114503816795
2743,144209717,0,6.030114503816795
2744,144212169,0,6.030114503816795
2745,144212470,0,6.030114503816795
2746,144207447,0,6.030114503816795
2747,144207517,0,6.030114503816795
2748,144213542,0,6.030114503816795
2749,144212937,0,6.030114503816795
2750,144207998,0,6.030114503816795
2751,144207769,0,6.030114503816795
2752,144206310,0,6.030114503816795
2753,144207874,0,6.030114503816795
2754,144205071,0,6.030114503816795
2755,144205960,0,6.030114503816795
2756,144209358,0,6.030114503816795
2757,144206854,0,6.030114503816795
2758,144211275,0,6.030114503816795
2759,144211270,0,6.030114503816795
2760,144205063,0,6.030114503816795
2761,144212602,0,6.030114503816795
2762,144209759,0,6.030114503816795
2763,144212708,0,6.030114503816795
2764,144211793,0,6.030114503816795
2765,144211345,0,6.030114503816795
2766,144209444,0,6.030114503816795
2767,144204846,0,6.030114503816795
2768,144206420,0,6.030114503816795
2769,144212556,0,6.030114503816795
2770,144212102,0,6.030114503816795
2771,144206421,0,6.030114503816795
2772,144212695,0,6.030114503816795
2773,144213345,0,6.030114503816795
2774,144212698,0,6.030114503816795
2775,144204891,0,6.030114503816795
2776,144205173,0,6.030114503816795
2777,144208713,0,6.030114503816795
2778,144205991,0,6.030114503816795
2779,144204808,0,6.030114503816795
2780,144212950,0,6.030114503816795
2781,144210073,0,6.030114503816795
2782,144205975,0,6.030114503816795
2783,144213316,0,6.030114503816795
2784,144213407,0,6.030114503816795
2785,144204850,0,6.030114503816795
2786,144210637,0,6.030114503816795
2787,144212601,0,6.030114503816795
2788,144211597,0,6.030114503816795
2789,144203817,0,6.030114503816795
2790,144213393,0,6.030114503816795
2791,144204610,0,6.030114503816795
2792,144209806,0,6.030114503816795
2793,144213238,0,6.030114503816795
2794,144212264,0,6.030114503816795
2795,144211962,0,6.030114503816795
2796,144203826,0,6.030114503816795
2797,144211965,0,6.030114503816795
2798,144208074,0,6.030114503816795
2799,144206246,0,6.030114503816795
2800,144205920,0,6.030114503816795
2801,144210738,0,6.030114503816795
2802,144206294,0,6.030114503816795
2803,144213883,1,6.030114503816795
2804,144206567,0,6.030114503816795
2805,144213414,0,6.030114503816795
2806,144206568,0,6.030114503816795
2807,144212028,0,6.030114503816795
2808,144203895,0,6.030114503816795
2809,144207330,0,6.030114503816795
2810,144206385,0,6.030114503816795
2811,144209267,0,6.030114503816795
2812,144207460,0,6.005
2813,144211018,0,6.004214965815845
2814,144206762,0,6.004187499999999
2815,144206757,0,6.004187499999999
2816,144206767,0,6.004187499999999
2817,144211945,0,6.004187499999999
2818,144208461,0,6.004187499999999
2819,144204530,0,6.004187499999999
2820,144204497,0,6.004187499999999
2821,144203635,0,6.004187499999999
2822,144205418,0,6.004187499999999
2823,144212544,0,6.004187499999999
2824,144206130,0,6.004187499999999
2825,144213794,0,6.004187499999999
2826,144213910,0,6.004187499999999
2827,144211261,0,6.004187499999999
2828,144209951,0,6.004187499999999
2829,144206756,0,6.004187499999999
2830,144213059,0,6.004187499999999
2831,144205462,0,6.004187499999999
2832,144210794,0,6.004187499999999
2833,144204520,0,6.004187499999999
2834,144205555,0,6.004187499999999
2835,144212857,0,6.004187499999999
2836,144206028,0,6.004187499999999
2837,144207562,0,6.004187499999999
2838,144206494,0,6.004187499999999
2839,144207693,0,6.004187499999999
2840,144205704,0,6.004187499999999
2841,144205912,0,6.004187499999999
2842,144203734,0,6.004187499999999
2843,144205469,0,6.004187499999999
2844,144212007,0,6.004187499999999
2845,144213194,0,6.004187499999999
2846,144212449,0,6.004187499999999
2847,144209149,0,6.004187499999999
2848,144204143,0,6.004187499999999
2849,144203977,0,6.004187499999999
2850,144211856,0,6.004187499999999
2851,144211059,0,6.004187499999999
2852,144212326,0,6.004187499999999
2853,144205048,0,6.004187499999999
2854,144205722,0,6.004187499999999
2855,144210912,0,6.004187499999999
2856,144205256,0,6.004187499999999
2857,144205257,0,6.004187499999999
2858,144203926,0,6.004187499999999
2859,144204910,0,6.004187499999999
2860,144208864,0,6.004187499999999
2861,144205104,0,6.004187499999999
2862,144211005,0,6.004187499999999
2863,144205786,0,6.004187499999999
2864,144203995,0,6.004187499999999
2865,144206419,0,6.004187499999999
2866,144212598,0,6.004187499999999
2867,144205230,0,5.955384615384616
2868,144213409,0,5.955384615384616
2869,144212033,0,5.955384615384616
2870,144211792,0,5.955384615384616
2871,144213805,0,5.955384615384616
2872,144203836,0,5.955384615384616
2873,144205361,0,5.955384615384616
2874,144204956,0,5.955384615384616
2875,144209006,0,5.955384615384616
2876,144203957,0,5.955384615384616
2877,144207456,0,5.955384615384616
2878,144205809,0,5.955384615384616
2879,144212569,0,5.9332222222222235
2880,144206234,0,5.9332222222222235
2881,144204153,0,5.9332222222222235
2882,144204829,0,5.9332222222222235
2883,144209745,0,5.9332222222222235
2884,144204136,0,5.9332222222222235
2885,144205364,0,5.9332222222222235
2886,144205525,0,5.9332222222222235
2887,144205315,0,5.9332222222222235
2888,144205017,0,5.9332222222222235
2889,144213863,0,5.9332222222222235
2890,144206451,0,5.9332222222222235
2891,144205952,0,5.9332222222222235
2892,144213291,0,5.9332222222222235
2893,144205474,0,5.9332222222222235
2894,144203733,0,5.9332222222222235
2895,144212462,0,5.9332222222222235
2896,144203690,0,5.9332222222222235
2897,144209057,0,5.9332222222222235
2898,144212050,0,5.9332222222222235
2899,144208093,0,5.9332222222222235
2900,144211702,0,5.9332222222222235
2901,144211745,0,5.9332222222222235
2902,144212190,0,5.9332222222222235
2903,144205396,0,5.9332222222222235
2904,144213092,0,5.9332222222222235
2905,144204090,0,5.9332222222222235
2906,144211472,0,5.9332222222222235
2907,144211285,0,5.9332222222222235
2908,144209558,0,5.9332222222222235
2909,144206727,0,5.9332222222222235
2910,144211491,0,5.9332222222222235
2911,144211820,0,5.9332222222222235
2912,144209013,0,5.9332222222222235
2913,144208385,0,5.9332222222222235
2914,144203612,0,5.9332222222222235
2915,144203864,0,5.9332222222222235
2916,144205199,0,5.9332222222222235
2917,144211110,0,5.9332222222222235
2918,144203628,0,5.9332222222222235
2919,144205151,0,5.9332222222222235
2920,144210628,0,5.88543973941368
2921,144212270,0,5.88543973941368
2922,144208810,0,5.88543973941368
2923,144208817,0,5.88543973941368
2924,144208767,0,5.88543973941368
2925,144205479,0,5.88543973941368
2926,144206859,0,5.88543973941368
2927,144205189,0,5.88543973941368
2928,144212271,0,5.88543973941368
2929,144210591,0,5.88543973941368
2930,144203830,0,5.88543973941368
2931,144205910,0,5.88543973941368
2932,144209322,0,5.88543973941368
2933,144205934,0,5.88543973941368
2934,144212711,0,5.88543973941368
2935,144206465,0,5.88543973941368
2936,144203914,0,5.88543973941368
2937,144214030,0,5.88543973941368
2938,144210062,0,5.88543973941368
2939,144212479,0,5.88543973941368
2940,144209441,0,5.88543973941368
2941,144209477,0,5.88543973941368
2942,144204031,0,5.88543973941368
2943,144206081,0,5.88543973941368
2944,144203875,0,5.88543973941368
2945,144209536,0,5.88543973941368
2946,144204045,0,5.88543973941368
2947,144206177,0,5.88543973941368
2948,144212531,0,5.88543973941368
2949,144212550,0,5.88543973941368
2950,144208750,1,5.88543973941368
2951,144212561,0,5.88543973941368
2952,144206218,0,5.88543973941368
2953,144204064,0,5.88543973941368
2954,144211865,0,5.88543973941368
2955,144209288,0,5.88543973941368
2956,144206520,0,5.88543973941368
2957,144212428,0,5.88543973941368
2958,144209060,0,5.88543973941368
2959,144204649,0,5.88543973941368
2960,144212282,0,5.88543973941368
2961,144204701,0,5.88543973941368
2962,144204712,0,5.88543973941368
2963,144212846,0,5.88543973941368
2964,144204764,0,5.88543973941368
2965,144208999,0,5.88543973941368
2966,144205648,0,5.88543973941368
2967,144204962,0,5.88543973941368
2968,144204003,0,5.88543973941368
2969,144205666,0,5.88543973941368
2970,144212809,0,5.88543973941368
2971,144210159,0,5.88543973941368
2972,144211687,0,5.88543973941368
2973,144209114,0,5.88543973941368
2974,144205701,0,5.88543973941368
2975,144205708,0,5.88543973941368
2976,144210440,0,5.88543973941368
2977,144206627,0,5.88543973941368
2978,144212776,0,5.88543973941368
2979,144205746,0,5.88543973941368
2980,144206556,0,5.88543973941368
2981,144204935,0,5.88543973941368
2982,144210163,0,5.88543973941368
2983,144206862,0,5.88543973941368
2984,144206267,0,5.88543973941368
2985,144208755,0,5.88543973941368
2986,144213513,0,5.88543973941368
2987,144212161,0,5.88543973941368
2988,144207065,0,5.88543973941368
2989,144213299,0,5.88543973941368
2990,144208480,0,5.88543973941368
2991,144212091,0,5.88543973941368
2992,144212092,0,5.88543973941368
2993,144208499,0,5.88543973941368
2994,144207059,0,5.88543973941368
2995,144213289,0,5.88543973941368
2996,144208471,0,5.88543973941368
2997,144212170,0,5.88543973941368
2998,144207821,0,5.88543973941368
2999,144205266,0,5.88543973941368
3000,144208278,0,5.88543973941368
3001,144213394,0,5.88543973941368
3002,144207171,0,5.88543973941368
3003,144211498,0,5.88543973941368
3004,144203673,0,5.88543973941368
3005,144204172,0,5.88543973941368
3006,144208470,0,5.88543973941368
3007,144213097,0,5.88543973941368
3008,144212210,0,5.88543973941368
3009,144208418,0,5.88543973941368
3010,144211294,0,5.88543973941368
3011,144211983,0,5.88543973941368
3012,144210840,0,5.88543973941368
3013,144213778,0,5.88543973941368
3014,144210847,0,5.88543973941368
3015,144213555,0,5.88543973941368
3016,144203722,0,5.88543973941368
3017,144207912,0,5.88543973941368
3018,144213365,0,5.88543973941368
3019,144213769,0,5.88543973941368
3020,144207070,0,5.88543973941368
3021,144213548,0,5.88543973941368
3022,144203723,0,5.88543973941368
3023,144205318,0,5.88543973941368
3024,144211124,0,5.88543973941368
3025,144207955,0,5.88543973941368
3026,144207959,0,5.88543973941368
3027,144212223,0,5.88543973941368
3028,144207551,0,5.88543973941368
3029,144204001,0,5.88543973941368
3030,144213853,0,5.88543973941368
3031,144205153,0,5.88543973941368
3032,144208193,0,5.88543973941368
3033,144203710,0,5.88543973941368
3034,144210952,0,5.88543973941368
3035,144207708,0,5.88543973941368
3036,144213219,0,5.88543973941368
3037,144208701,0,5.88543973941368
3038,144207268,0,5.88543973941368
3039,144211419,0,5.88543973941368
3040,144203651,0,5.88543973941368
3041,144212109,0,5.88543973941368
3042,144212114,0,5.88543973941368
3043,144211393,0,5.88543973941368
3044,144211395,0,5.88543973941368
3045,144204443,0,5.88543973941368
3046,144212108,0,5.88543973941368
3047,144213342,0,5.88543973941368
3048,144204179,0,5.88543973941368
3049,144211349,0,5.88543973941368
3050,144205194,0,5.88543973941368
3051,144212201,0,5.88543973941368
3052,144213112,0,5.88543973941368
3053,144208239,0,5.88543973941368
3054,144204325,0,5.88543973941368
3055,144203694,0,5.88543973941368
3056,144204336,0,5.88543973941368
3057,144206967,0,5.88543973941368
3058,144213479,0,5.809515746752244
3059,144209231,0,5.809515746752244
3060,144212842,0,5.796666666666667
3061,144204291,0,5.796666666666667
3062,144210515,0,5.796666666666667
3063,144209098,0,5.796666666666667
3064,144207304,0,5.796666666666667
3065,144205908,0,5.796666666666667
3066,144210394,0,5.796666666666667
3067,144213282,0,5.796666666666667
3068,144208381,0,5.796666666666667
3069,144205219,0,5.796666666666667
3070,144207312,0,5.796666666666667
3071,144213726,0,5.796666666666667
3072,144211749,0,5.796666666666667
3073,144210895,0,5.796666666666667
3074,144209401,0,5.796666666666667
3075,144206702,0,5.796666666666667
3076,144208230,0,5.796666666666667
3077,144210872,0,5.796666666666667
3078,144212349,0,5.796666666666667
3079,144213257,0,5.796666666666667
3080,144211779,0,5.796666666666667
3081,144203613,0,5.796666666666667
3082,144210494,0,5.796666666666667
3083,144212010,0,5.796666666666667
3084,144204445,0,5.796666666666667
3085,144209513,0,5.796666666666667
3086,144204624,0,5.796666666666667
3087,144205476,0,5.796666666666667
3088,144212671,0,5.796666666666667
3089,144205012,0,5.796666666666667
3090,144212514,0,5.796666666666667
3091,144210741,0,5.796666666666667
3092,144204874,0,5.796666666666667
3093,144211515,0,5.796666666666667
3094,144204381,0,5.796666666666667
3095,144212564,0,5.796666666666667
3096,144204861,0,5.796666666666667
3097,144204324,0,5.796666666666667
3098,144203655,0,5.796666666666667
3099,144204567,0,5.796666666666667
3100,144209693,0,5.796666666666667
3101,144203644,0,5.796666666666667
3102,144208686,0,5.796666666666667
3103,144208842,0,5.796666666666667
3104,144205606,0,5.796666666666667
3105,144210714,0,5.796666666666667
3106,144209471,0,5.796666666666667
3107,144204737,0,5.796666666666667
3108,144208452,0,5.796666666666667
3109,144207507,0,5.796666666666667
3110,144204631,0,5.796666666666667
3111,144205905,0,5.765853658536588
3112,144211191,0,5.765853658536588
3113,144207742,0,5.765853658536588
3114,144212115,0,5.765853658536588
3115,144211210,0,5.765853658536588
3116,144213424,0,5.765853658536588
3117,144212749,0,5.765853658536588
3118,144207367,0,5.765853658536588
3119,144214000,0,5.765853658536588
3120,144213627,0,5.765853658536588
3121,144209296,0,5.765853658536588
3122,144211238,0,5.765853658536588
3123,144206256,0,5.765853658536588
3124,144209751,0,5.765853658536588
3125,144209796,0,5.765853658536588
3126,144212250,0,5.765853658536588
3127,144204102,0,5.765853658536588
3128,144203887,0,5.765853658536588
3129,144211226,0,5.765853658536588
3130,144212743,0,5.765853658536588
3131,144205875,0,5.765853658536588
3132,144208099,0,5.765853658536588
3133,144209249,0,5.765853658536588
3134,144204073,0,5.765853658536588
3135,144212549,0,5.765853658536588
3136,144212589,0,5.765853658536588
3137,144204820,0,5.765853658536588
3138,144206550,0,5.765853658536588
3139,144212594,0,5.765853658536588
3140,144212487,0,5.765853658536588
3141,144205917,0,5.765853658536588
3142,144211348,0,5.765853658536588
3143,144211301,0,5.765853658536588
3144,144209402,0,5.765853658536588
3145,144207467,0,5.765853658536588
3146,144212497,0,5.765853658536588
3147,144211123,0,5.765853658536588
3148,144211119,0,5.765853658536588
3149,144204027,0,5.765853658536588
3150,144203911,0,5.765853658536588
3151,144209430,0,5.765853658536588
3152,144211278,0,5.765853658536588
3153,144211288,0,5.765853658536588
3154,144206427,0,5.765853658536588
3155,144204807,0,5.765853658536588
3156,144212694,0,5.765853658536588
3157,144212087,0,5.765853658536588
3158,144207497,0,5.765853658536588
3159,144207926,0,5.765853658536588
3160,144205175,0,5.765853658536588
3161,144211768,0,5.765853658536588
3162,144204096,0,5.765853658536588
3163,144204922,0,5.765853658536588
3164,144206197,0,5.765853658536588
3165,144204441,0,5.765853658536588
3166,144213402,0,5.765853658536588
3167,144212399,0,5.765853658536588
3168,144205930,0,5.765853658536588
3169,144211049,0,5.765853658536588
3170,144206348,0,5.765853658536588
3171,144212537,0,5.765853658536588
3172,144207404,0,5.765853658536588
3173,144209913,0,5.765853658536588
3174,144211829,0,5.765853658536588
3175,144206478,0,5.765853658536588
3176,144207847,0,5.765853658536588
3177,144208010,0,5.765853658536588
3178,144211804,0,5.765853658536588
3179,144204386,0,5.765853658536588
3180,144206426,0,5.765853658536588
3181,144206866,0,5.765853658536588
3182,144211527,0,5.765853658536588
3183,144208479,0,5.765853658536588
3184,144212984,0,5.765853658536588
3185,144210933,0,5.765853658536588
3186,144206969,0,5.765853658536588
3187,144211548,0,5.765853658536588
3188,144212272,0,5.765853658536588
3189,144203624,0,5.765853658536588
3190,144207194,0,5.765853658536588
3191,144207020,0,5.765853658536588
3192,144211689,0,5.765853658536588
3193,144207043,0,5.765853658536588
3194,144205536,0,5.765853658536588
3195,144212311,0,5.765853658536588
3196,144203646,0,5.765853658536588
3197,144211641,0,5.765853658536588
3198,144205268,0,5.765853658536588
3199,144209059,0,5.765853658536588
3200,144205611,0,5.765853658536588
3201,144205269,0,5.765853658536588
3202,144213903,0,5.765853658536588
3203,144205009,0,5.765853658536588
3204,144204762,0,5.765853658536588
3205,144211003,0,5.765853658536588
3206,144213071,0,5.765853658536588
3207,144213926,0,5.765853658536588
3208,144205503,0,5.765853658536588
3209,144205305,0,5.765853658536588
3210,144207276,0,5.765853658536588
3211,144204461,0,5.765853658536588
3212,144211411,0,5.765853658536588
3213,144212259,0,5.765853658536588
3214,144208675,0,5.765853658536588
3215,144210671,0,5.765853658536588
3216,144211428,0,5.765853658536588
3217,144206609,0,5.765853658536588
3218,144204463,0,5.765853658536588
3219,144205101,0,5.750810810810811
3220,144213053,0,5.750810810810811
3221,144208923,0,5.750810810810811
3222,144207455,0,5.750810810810811
3223,144206088,0,5.750810810810811
3224,144211493,0,5.750810810810811
3225,144213912,0,5.750810810810811
3226,144213712,0,5.750810810810811
3227,144204539,0,5.750810810810811
3228,144204473,0,5.750810810810811
3229,144205700,0,5.717259726589677
3230,144207914,0,5.6780912863070565
3231,144205187,0,5.6780912863070565
3232,144213327,0,5.6780912863070565
3233,144213458,0,5.6780912863070565
3234,144213037,0,5.6780912863070565
3235,144206875,0,5.6780912863070565
3236,144210025,0,5.6780912863070565
3237,144212116,0,5.6780912863070565
3238,144205188,0,5.6780912863070565
3239,144211648,0,5.6780912863070565
3240,144203631,0,5.6780912863070565
3241,144205998,0,5.6780912863070565
3242,144206032,0,5.6780912863070565
3243,144206434,0,5.6780912863070565
3244,144207111,0,5.6780912863070565
3245,144204630,0,5.6780912863070565
3246,144211484,0,5.6780912863070565
3247,144204509,0,5.6780912863070565
3248,144205322,0,5.6780912863070565
3249,144205320,0,5.6780912863070565
3250,144208362,0,5.6780912863070565
3251,144206883,0,5.6780912863070565
3252,144208645,0,5.6780912863070565
3253,144208926,0,5.6780912863070565
3254,144208783,0,5.6780912863070565
3255,144212232,0,5.6780912863070565
3256,144208584,0,5.6780912863070565
3257,144213422,0,5.6780912863070565
3258,144204343,0,5.6780912863070565
3259,144205053,0,5.6780912863070565
3260,144211251,0,5.6780912863070565
3261,144204076,0,5.6780912863070565
3262,144209665,0,5.6780912863070565
3263,144203708,0,5.6780912863070565
3264,144210616,0,5.6780912863070565
3265,144211593,0,5.6780912863070565
3266,144211977,0,5.6780912863070565
3267,144213810,0,5.6780912863070565
3268,144205130,0,5.6780912863070565
3269,144212633,0,5.6780912863070565
3270,144206174,0,5.6780912863070565
3271,144212124,0,5.6780912863070565
3272,144213013,0,5.6780912863070565
3273,144213808,0,5.6780912863070565
3274,144212127,0,5.6780912863070565
3275,144211220,0,5.6780912863070565
3276,144206145,0,5.6780912863070565
3277,144213385,0,5.6780912863070565
3278,144213383,0,5.6780912863070565
3279,144211623,0,5.6780912863070565
3280,144212907,0,5.6780912863070565
3281,144205573,0,5.6780912863070565
3282,144211721,0,5.6780912863070565
3283,144212417,0,5.6780912863070565
3284,144207303,0,5.6780912863070565
3285,144207373,0,5.6780912863070565
3286,144205923,0,5.6780912863070565
3287,144204955,0,5.6780912863070565
3288,144214017,0,5.6780912863070565
3289,144208151,0,5.6780912863070565
3290,144211391,0,5.6780912863070565
3291,144212056,0,5.6780912863070565
3292,144203617,0,5.6780912863070565
3293,144204103,0,5.6780912863070565
3294,144211425,0,5.6780912863070565
3295,144207363,0,5.6780912863070565
3296,144211458,0,5.6780912863070565
3297,144212347,0,5.6780912863070565
3298,144207378,0,5.6780912863070565
3299,144204123,0,5.6780912863070565
3300,144204471,0,5.6780912863070565
3301,144209334,0,5.6780912863070565
3302,144204438,0,5.6780912863070565
3303,144211784,0,5.6780912863070565
3304,144203805,0,5.6780912863070565
3305,144208275,0,5.6780912863070565
3306,144208034,0,5.6780912863070565
3307,144209280,0,5.6780912863070565
3308,144207346,0,5.6780912863070565
3309,144210486,0,5.6780912863070565
3310,144209347,0,5.6780912863070565
3311,144205261,0,5.6780912863070565
3312,144210084,0,5.6780912863070565
3313,144212163,0,5.6780912863070565
3314,144210866,0,5.6780912863070565
3315,144209038,0,5.6780912863070565
3316,144208058,0,5.6780912863070565
3317,144213314,0,5.6780912863070565
3318,144206443,0,5.6780912863070565
3319,144211731,0,5.6780912863070565
3320,144204429,0,5.6780912863070565
3321,144210076,0,5.6780912863070565
3322,144208231,0,5.6780912863070565
3323,144204294,0,5.6780912863070565
3324,144205800,0,5.6780912863070565
3325,144209386,0,5.6780912863070565
3326,144212444,0,5.6780912863070565
3327,144203757,0,5.6780912863070565
3328,144210478,0,5.6780912863070565
3329,144209373,0,5.6780912863070565
3330,144205964,0,5.6780912863070565
3331,144204799,0,5.6780912863070565
3332,144206569,0,5.6780912863070565
3333,144211754,0,5.6780912863070565
3334,144209054,0,5.6780912863070565
3335,144211741,0,5.6780912863070565
3336,144203894,0,5.617243902439026
3337,144211252,0,5.617243902439026
3338,144212097,0,5.617243902439026
3339,144211968,0,5.617243902439026
3340,144212046,0,5.617243902439026
3341,144211785,0,5.617243902439026
3342,144210439,0,5.617243902439026
3343,144211598,0,5.617243902439026
3344,144210401,0,5.617243902439026
3345,144204135,0,5.617243902439026
3346,144210340,0,5.617243902439026
3347,144211401,0,5.617243902439026
3348,144210667,0,5.617243902439026
3349,144210323,0,5.617243902439026
3350,144211414,0,5.617243902439026
3351,144210633,0,5.617243902439026
3352,144211202,0,5.617243902439026
3353,144210940,0,5.617243902439026
3354,144212022,0,5.617243902439026
3355,144204468,0,5.617243902439026
3356,144212117,0,5.617243902439026
3357,144204146,0,5.617243902439026
3358,144211028,0,5.617243902439026
3359,144211698,0,5.617243902439026
3360,144212099,0,5.617243902439026
3361,144212273,0,5.617243902439026
3362,144211979,0,5.617243902439026
3363,144211936,0,5.617243902439026
3364,144210830,0,5.617243902439026
3365,144211143,0,5.617243902439026
3366,144211133,0,5.617243902439026
3367,144211129,0,5.617243902439026
3368,144211286,0,5.617243902439026
3369,144211943,0,5.617243902439026
3370,144204522,0,5.617243902439026
3371,144210806,0,5.617243902439026
3372,144210493,0,5.617243902439026
3373,144212215,0,5.617243902439026
3374,144204788,0,5.617243902439026
3375,144210014,0,5.617243902439026
3376,144204300,0,5.617243902439026
3377,144204517,0,5.617243902439026
3378,144204754,0,5.617243902439026
3379,144211323,0,5.617243902439026
3380,144212066,0,5.617243902439026
3381,144210892,0,5.617243902439026
3382,144211298,0,5.617243902439026
3383,144210061,0,5.617243902439026
3384,144210869,0,5.617243902439026
3385,144211800,0,5.617243902439026
3386,144204710,0,5.617243902439026
3387,144210913,0,5.617243902439026
3388,144211512,0,5.617243902439026
3389,144211836,0,5.617243902439026
3390,144211256,0,5.617243902439026
3391,144212318,0,5.617243902439026
3392,144211046,0,5.617243902439026
3393,144209921,0,5.617243902439026
3394,144204653,0,5.617243902439026
3395,144212523,0,5.617243902439026
3396,144212520,0,5.617243902439026
3397,144211048,0,5.617243902439026
3398,144204385,0,5.617243902439026
3399,144212217,0,5.617243902439026
3400,144211621,0,5.617243902439026
3401,144209967,0,5.617243902439026
3402,144212132,0,5.617243902439026
3403,144211810,0,5.617243902439026
3404,144210093,0,5.617243902439026
3405,144204675,0,5.617243902439026
3406,144204697,0,5.617243902439026
3407,144210800,0,5.617243902439026
3408,144212288,0,5.617243902439026
3409,144204767,0,5.617243902439026
3410,144211867,0,5.617243902439026
3411,144212745,0,5.617243902439026
3412,144205124,0,5.617243902439026
3413,144213625,0,5.617243902439026
3414,144207394,0,5.617243902439026
3415,144207387,0,5.617243902439026
3416,144208467,0,5.617243902439026
3417,144208469,0,5.617243902439026
3418,144205217,0,5.617243902439026
3419,144209317,0,5.617243902439026
3420,144213692,0,5.617243902439026
3421,144207240,0,5.617243902439026
3422,144213728,0,5.617243902439026
3423,144207219,0,5.617243902439026
3424,144207205,0,5.617243902439026
3425,144213759,0,5.617243902439026
3426,144213011,0,5.617243902439026
3427,144205250,0,5.617243902439026
3428,144207190,0,5.617243902439026
3429,144205285,0,5.617243902439026
3430,144207163,0,5.617243902439026
3431,144205307,0,5.617243902439026
3432,144205336,0,5.617243902439026
3433,144213795,0,5.617243902439026
3434,144205358,0,5.617243902439026
3435,144207067,0,5.617243902439026
3436,144205372,0,5.617243902439026
3437,144205375,0,5.617243902439026
3438,144205377,0,5.617243902439026
3439,144208616,0,5.617243902439026
3440,144209461,0,5.617243902439026
3441,144213849,0,5.617243902439026
3442,144208429,0,5.617243902439026
3443,144208403,0,5.617243902439026
3444,144205464,0,5.617243902439026
3445,144213553,0,5.617243902439026
3446,144209153,0,5.617243902439026
3447,144209808,0,5.617243902439026
3448,144208044,0,5.617243902439026
3449,144209152,0,5.617243902439026
3450,144213185,0,5.617243902439026
3451,144213320,0,5.617243902439026
3452,144204943,0,5.617243902439026
3453,144209146,0,5.617243902439026
3454,144212775,0,5.617243902439026
3455,144207922,0,5.617243902439026
3456,144209171,0,5.617243902439026
3457,144207920,0,5.617243902439026
3458,144209181,0,5.617243902439026
3459,144213147,0,5.617243902439026
3460,144208212,0,5.617243902439026
3461,144213396,0,5.617243902439026
3462,144207736,0,5.617243902439026
3463,144203711,0,5.617243902439026
3464,144209204,0,5.617243902439026
3465,144212759,0,5.617243902439026
3466,144213443,0,5.617243902439026
3467,144203557,0,5.617243902439026
3468,144207621,0,5.617243902439026
3469,144213091,0,5.617243902439026
3470,144213511,0,5.617243902439026
3471,144209229,0,5.617243902439026
3472,144213524,0,5.617243902439026
3473,144208370,0,5.617243902439026
3474,144209265,0,5.617243902439026
3475,144205460,0,5.617243902439026
3476,144208137,0,5.617243902439026
3477,144205467,0,5.617243902439026
3478,144212610,0,5.617243902439026
3479,144205062,0,5.617243902439026
3480,144212942,0,5.617243902439026
3481,144205735,0,5.617243902439026
3482,144205820,0,5.617243902439026
3483,144205881,0,5.617243902439026
3484,144206863,0,5.617243902439026
3485,144203880,0,5.617243902439026
3486,144205944,0,5.617243902439026
3487,144206469,0,5.617243902439026
3488,144206447,0,5.617243902439026
3489,144212619,0,5.617243902439026
3490,144203789,0,5.617243902439026
3491,144206418,0,5.617243902439026
3492,144206417,0,5.617243902439026
3493,144208742,0,5.617243902439026
3494,144206033,0,5.617243902439026
3495,144206394,0,5.617243902439026
3496,144203884,0,5.617243902439026
3497,144206393,0,5.617243902439026
3498,144214041,0,5.617243902439026
3499,144212879,0,5.617243902439026
3500,144206376,0,5.617243902439026
3501,144206188,0,5.617243902439026
3502,144210408,1,5.617243902439026
3503,144208942,0,5.617243902439026
3504,144206204,0,5.617243902439026
3505,144209786,0,5.617243902439026
3506,144203558,0,5.617243902439026
3507,144203877,0,5.617243902439026
3508,144212915,0,5.617243902439026
3509,144212945,0,5.617243902439026
3510,144204989,0,5.617243902439026
3511,144212973,0,5.617243902439026
3512,144205547,0,5.617243902439026
3513,144205075,0,5.617243902439026
3514,144205651,0,5.617243902439026
3515,144205655,0,5.617243902439026
3516,144206698,0,5.617243902439026
3517,144205074,0,5.617243902439026
3518,144209531,0,5.617243902439026
3519,144205693,0,5.617243902439026
3520,144208994,0,5.617243902439026
3521,144209507,0,5.617243902439026
3522,144205702,0,5.617243902439026
3523,144208739,0,5.617243902439026
3524,144212844,0,5.610983606557378
3525,144212061,0,5.610983606557378
3526,144211168,0,5.610983606557378
3527,144211167,0,5.610983606557378
3528,144212015,0,5.610983606557378
3529,144210943,0,5.610983606557378
3530,144211978,0,5.610983606557378
3531,144208840,0,5.610983606557378
3532,144213350,0,5.610983606557378
3533,144212277,0,5.610983606557378
3534,144206822,0,5.610983606557378
3535,144212280,0,5.610983606557378
3536,144209324,0,5.610983606557378
3537,144206239,0,5.610983606557378
3538,144211577,0,5.610983606557378
3539,144208108,0,5.610983606557378
3540,144208229,0,5.610983606557378
3541,144212837,0,5.610983606557378
3542,144211673,0,5.610983606557378
3543,144207524,0,5.610983606557378
3544,144213681,0,5.610983606557378
3545,144214012,0,5.610983606557378
3546,144209055,0,5.610983606557378
3547,144204119,0,5.610983606557378
3548,144208971,0,5.582452769742759
3549,144213102,0,5.5793684210526315
3550,144208695,0,5.5793684210526315
3551,144208147,0,5.5793684210526315
3552,144204592,0,5.5793684210526315
3553,144212977,0,5.5793684210526315
3554,144208776,0,5.5793684210526315
3555,144210743,0,5.5793684210526315
3556,144212189,0,5.5793684210526315
3557,144204677,0,5.5793684210526315
3558,144205113,0,5.5793684210526315
3559,144208435,0,5.5793684210526315
3560,144205122,0,5.5793684210526315
3561,144203743,0,5.5793684210526315
3562,144205116,0,5.5793684210526315
3563,144212188,0,5.5793684210526315
3564,144210983,0,5.5793684210526315
3565,144210986,0,5.5793684210526315
3566,144213012,0,5.5793684210526315
3567,144208248,0,5.5793684210526315
3568,144204583,0,5.5793684210526315
3569,144208517,0,5.5793684210526315
3570,144208612,0,5.5793684210526315
3571,144208815,0,5.5793684210526315
3572,144213107,0,5.5793684210526315
3573,144208214,0,5.5793684210526315
3574,144211016,0,5.5793684210526315
3575,144208504,0,5.5793684210526315
3576,144213074,0,5.5793684210526315
3577,144213146,0,5.5793684210526315
3578,144204641,0,5.5793684210526315
3579,144210689,0,5.5793684210526315
3580,144208180,0,5.5793684210526315
3581,144208165,0,5.5793684210526315
3582,144208582,0,5.5793684210526315
3583,144203891,0,5.5793684210526315
3584,144208126,0,5.5793684210526315
3585,144206648,0,5.5793684210526315
3586,144213971,0,5.5793684210526315
3587,144206692,0,5.5793684210526315
3588,144211646,0,5.5793684210526315
3589,144203637,0,5.5793684210526315
3590,144211620,0,5.5793684210526315
3591,144211958,0,5.5793684210526315
3592,144205507,0,5.5793684210526315
3593,144211566,0,5.5793684210526315
3594,144206987,0,5.5793684210526315
3595,144211547,0,5.5793684210526315
3596,144205368,0,5.5793684210526315
3597,144211507,0,5.5793684210526315
3598,144211504,0,5.5793684210526315
3599,144211473,0,5.5793684210526315
3600,144211459,0,5.5793684210526315
3601,144211690,0,5.5793684210526315
3602,144205720,0,5.5793684210526315
3603,144211413,0,5.5793684210526315
3604,144204006,0,5.5793684210526315
3605,144206297,0,5.5793684210526315
3606,144211852,0,5.5793684210526315
3607,144206203,0,5.5793684210526315
3608,144211838,0,5.5793684210526315
3609,144211821,0,5.5793684210526315
3610,144211816,0,5.5793684210526315
3611,144206428,0,5.5793684210526315
3612,144206444,0,5.5793684210526315
3613,144204022,0,5.5793684210526315
3614,144205891,0,5.5793684210526315
3615,144205882,0,5.5793684210526315
3616,144211902,0,5.5793684210526315
3617,144206614,0,5.5793684210526315
3618,144205723,0,5.5793684210526315
3619,144206616,0,5.5793684210526315
3620,144212003,0,5.5793684210526315
3621,144207279,0,5.5793684210526315
3622,144211023,0,5.5793684210526315
3623,144213417,0,5.5793684210526315
3624,144211163,0,5.5793684210526315
3625,144211157,0,5.5793684210526315
3626,144211153,0,5.5793684210526315
3627,144204393,0,5.5793684210526315
3628,144207902,0,5.5793684210526315
3629,144204397,0,5.5793684210526315
3630,144207913,0,5.5793684210526315
3631,144212142,0,5.5793684210526315
3632,144203990,0,5.5793684210526315
3633,144203987,0,5.5793684210526315
3634,144203721,0,5.5793684210526315
3635,144211085,0,5.5793684210526315
3636,144213302,0,5.5793684210526315
3637,144211055,0,5.5793684210526315
3638,144208105,0,5.5793684210526315
3639,144213381,0,5.5793684210526315
3640,144211181,0,5.5793684210526315
3641,144213655,0,5.5793684210526315
3642,144213427,0,5.5793684210526315
3643,144207319,0,5.5793684210526315
3644,144207374,0,5.5793684210526315
3645,144212055,0,5.5793684210526315
3646,144207376,0,5.5793684210526315
3647,144211321,0,5.5793684210526315
3648,144211320,0,5.5793684210526315
3649,144207452,0,5.5793684210526315
3650,144213589,0,5.5793684210526315
3651,144207491,0,5.5793684210526315
3652,144211271,0,5.5793684210526315
3653,144208912,0,5.5793684210526315
3654,144213482,0,5.5793684210526315
3655,144207657,0,5.5793684210526315
3656,144213451,0,5.5793684210526315
3657,144213435,0,5.5793684210526315
3658,144212281,0,5.5793684210526315
3659,144213249,0,5.5793684210526315
3660,144212824,0,5.5793684210526315
3661,144209425,0,5.5793684210526315
3662,144209020,0,5.5793684210526315
3663,144210172,0,5.5793684210526315
3664,144212736,0,5.5793684210526315
3665,144209291,0,5.5793684210526315
3666,144212720,0,5.5793684210526315
3667,144209384,0,5.5793684210526315
3668,144210053,0,5.5793684210526315
3669,144209197,0,5.5793684210526315
3670,144212692,0,5.5793684210526315
3671,144208973,0,5.5793684210526315
3672,144203859,0,5.5793684210526315
3673,144209998,0,5.5793684210526315
3674,144204870,0,5.5793684210526315
3675,144212297,0,5.5793684210526315
3676,144212298,0,5.5793684210526315
3677,144210324,0,5.5793684210526315
3678,144209532,0,5.5793684210526315
3679,144210402,0,5.5793684210526315
3680,144212804,0,5.5793684210526315
3681,144209129,0,5.5793684210526315
3682,144209086,0,5.5793684210526315
3683,144212312,0,5.5793684210526315
3684,144203810,0,5.5793684210526315
3685,144210415,0,5.5793684210526315
3686,144210398,0,5.5793684210526315
3687,144209035,0,5.5793684210526315
3688,144209174,0,5.5793684210526315
3689,144203797,0,5.5793684210526315
3690,144212387,0,5.5793684210526315
3691,144212766,0,5.5793684210526315
3692,144209186,0,5.5793684210526315
3693,144210331,0,5.5793684210526315
3694,144212854,0,5.5793684210526315
3695,144209092,0,5.5793684210526315
3696,144204848,0,5.5793684210526315
3697,144209861,0,5.5793684210526315
3698,144212525,0,5.5793684210526315
3699,144212635,0,5.5793684210526315
3700,144212530,0,5.5793684210526315
3701,144209862,0,5.5793684210526315
3702,144209918,0,5.5793684210526315
3703,144209866,0,5.5793684210526315
3704,144209864,0,5.5793684210526315
3705,144209863,0,5.5793684210526315
3706,144209851,0,5.5793684210526315
3707,144212559,0,5.5793684210526315
3708,144209555,0,5.5793684210526315
3709,144212859,0,5.5793684210526315
3710,144212769,0,5.548865671641791
3711,144207900,0,5.548865671641791
3712,144207918,0,5.548865671641791
3713,144209784,0,5.548865671641791
3714,144203572,0,5.548865671641791
3715,144211095,0,5.548865671641791
3716,144203983,0,5.548865671641791
3717,144213354,0,5.548865671641791
3718,144212376,0,5.548865671641791
3719,144209760,0,5.548865671641791
3720,144207891,0,5.548865671641791
3721,144207885,0,5.548865671641791
3722,144205178,0,5.548865671641791
3723,144204040,0,5.548865671641791
3724,144211146,0,5.548865671641791
3725,144211148,0,5.548865671641791
3726,144205179,0,5.548865671641791
3727,144211805,0,5.548865671641791
3728,144212400,0,5.548865671641791
3729,144213389,0,5.548865671641791
3730,144209684,0,5.548865671641791
3731,144212406,0,5.548865671641791
3732,144203726,0,5.548865671641791
3733,144211688,0,5.548865671641791
3734,144207984,0,5.548865671641791
3735,144213307,0,5.548865671641791
3736,144210860,0,5.548865671641791
3737,144213070,0,5.548865671641791
3738,144208319,0,5.548865671641791
3739,144203561,0,5.548865671641791
3740,144212801,0,5.548865671641791
3741,144208263,0,5.548865671641791
3742,144213130,0,5.548865671641791
3743,144213133,0,5.548865671641791
3744,144212329,0,5.548865671641791
3745,144210456,0,5.548865671641791
3746,144212198,0,5.548865671641791
3747,144208175,0,5.548865671641791
3748,144204952,0,5.548865671641791
3749,144213171,0,5.548865671641791
3750,144209137,0,5.548865671641791
3751,144203746,0,5.548865671641791
3752,144203744,0,5.548865671641791
3753,144203974,0,5.548865671641791
3754,144211006,0,5.548865671641791
3755,144213243,0,5.548865671641791
3756,144204442,0,5.548865671641791
3757,144213255,0,5.548865671641791
3758,144212118,0,5.548865671641791
3759,144211054,0,5.548865671641791
3760,144208003,0,5.548865671641791
3761,144212172,0,5.548865671641791
3762,144207660,0,5.548865671641791
3763,144209674,0,5.548865671641791
3764,144207674,0,5.548865671641791
3765,144205929,0,5.548865671641791
3766,144205295,0,5.548865671641791
3767,144210067,0,5.548865671641791
3768,144205913,0,5.548865671641791
3769,144210060,0,5.548865671641791
3770,144211518,0,5.548865671641791
3771,144211976,0,5.548865671641791
3772,144213820,0,5.548865671641791
3773,144213831,0,5.548865671641791
3774,144205435,0,5.548865671641791
3775,144205455,0,5.548865671641791
3776,144209473,0,5.548865671641791
3777,144204008,0,5.548865671641791
3778,144206874,0,5.548865671641791
3779,144203860,0,5.548865671641791
3780,144206845,0,5.548865671641791
3781,144203648,0,5.548865671641791
3782,144203641,0,5.548865671641791
3783,144209498,0,5.548865671641791
3784,144211624,0,5.548865671641791
3785,144205590,0,5.548865671641791
3786,144211644,0,5.548865671641791
3787,144213899,0,5.548865671641791
3788,144206724,0,5.548865671641791
3789,144205676,0,5.548865671641791
3790,144211941,0,5.548865671641791
3791,144209950,0,5.548865671641791
3792,144212709,0,5.548865671641791
3793,144212008,0,5.548865671641791
3794,144209332,0,5.548865671641791
3795,144211293,0,5.548865671641791
3796,144205714,0,5.548865671641791
3797,144211786,0,5.548865671641791
3798,144212410,0,5.548865671641791
3799,144205977,0,5.548865671641791
3800,144207650,0,5.548865671641791
3801,144206441,0,5.548865671641791
3802,144207615,0,5.548865671641791
3803,144213494,0,5.548865671641791
3804,144213501,0,5.548865671641791
3805,144209227,0,5.548865671641791
3806,144207559,0,5.548865671641791
3807,144212094,0,5.548865671641791
3808,144211777,0,5.548865671641791
3809,144203683,0,5.548865671641791
3810,144213558,0,5.548865671641791
3811,144212075,0,5.548865671641791
3812,144209282,0,5.548865671641791
3813,144212429,0,5.548865671641791
3814,144208367,0,5.548865671641791
3815,144205210,0,5.548865671641791
3816,144212060,0,5.548865671641791
3817,144213650,0,5.548865671641791
3818,144214026,0,5.548865671641791
3819,144210117,0,5.548865671641791
3820,144203839,0,5.548865671641791
3821,144210103,0,5.548865671641791
3822,144207409,0,5.548865671641791
3823,144203814,0,5.548865671641791
3824,144208754,0,5.548865671641791
3825,144212966,0,5.548865671641791
3826,144212872,0,5.548865671641791
3827,144204529,0,5.548865671641791
3828,144205057,0,5.548865671641791
3829,144208714,0,5.548865671641791
3830,144210712,0,5.548865671641791
3831,144213025,0,5.548865671641791
3832,144210701,0,5.548865671641791
3833,144212263,0,5.548865671641791
3834,144208856,0,5.548865671641791
3835,144208689,0,5.548865671641791
3836,144208501,0,5.548865671641791
3837,144208890,0,5.548865671641791
3838,144212278,0,5.548865671641791
3839,144208725,0,5.548865671641791
3840,144204540,0,5.548865671641791
3841,144208442,0,5.548865671641791
3842,144213014,0,5.548865671641791
3843,144212256,0,5.548865671641791
3844,144210710,0,5.548865671641791
3845,144209053,0,5.548865671641791
3846,144210593,0,5.548865671641791
3847,144212933,0,5.548865671641791
3848,144208733,0,5.548865671641791
3849,144204573,0,5.548865671641791
3850,144212862,0,5.548865671641791
3851,144210797,0,5.548865671641791
3852,144212974,0,5.548865671641791
3853,144210717,0,5.548865671641791
3854,144204981,0,5.548865671641791
3855,144211363,0,5.5032499650248035
3856,144209031,0,5.477500000000001
3857,144205887,0,5.477500000000001
3858,144210423,0,5.477500000000001
3859,144209351,0,5.477500000000001
3860,144209251,0,5.477500000000001
3861,144211295,0,5.477500000000001
3862,144213055,0,5.477500000000001
3863,144213656,0,5.477500000000001
3864,144210409,0,5.477500000000001
3865,144212767,0,5.477500000000001
3866,144211828,0,5.477500000000001
3867,144213464,0,5.477500000000001
3868,144205138,0,5.477500000000001
3869,144213544,0,5.477500000000001
3870,144203792,0,5.477500000000001
3871,144207266,0,5.477500000000001
3872,144204614,0,5.477500000000001
3873,144214002,0,5.477500000000001
3874,144205379,0,5.477500000000001
3875,144207162,0,5.477500000000001
3876,144212934,0,5.477500000000001
3877,144209014,0,5.477500000000001
3878,144205166,0,5.477500000000001
3879,144213607,0,5.477500000000001
3880,144205376,0,5.477500000000001
3881,144211629,0,5.477500000000001
3882,144205170,0,5.477500000000001
3883,144209409,0,5.477500000000001
3884,144205139,0,5.477500000000001
3885,144204472,0,5.477500000000001
3886,144213206,0,5.477500000000001
3887,144210676,0,5.477500000000001
3888,144204549,0,5.477500000000001
3889,144210891,0,5.477500000000001
3890,144207530,0,5.477500000000001
3891,144208097,0,5.443636363636364
3892,144204038,0,5.443636363636364
3893,144211092,0,5.443636363636364
3894,144206373,0,5.443636363636364
3895,144212269,0,5.443636363636364
3896,144206312,0,5.443636363636364
3897,144211283,0,5.443636363636364
3898,144206171,0,5.443636363636364
3899,144207504,0,5.434929906542055
3900,144205589,0,5.434929906542055
3901,144209982,0,5.434929906542055
3902,144211307,0,5.434929906542055
3903,144207590,0,5.434929906542055
3904,144204005,0,5.434929906542055
3905,144207468,0,5.434929906542055
3906,144203636,0,5.434929906542055
3907,144207614,0,5.434929906542055
3908,144211925,0,5.434929906542055
3909,144206663,0,5.434929906542055
3910,144213498,0,5.434929906542055
3911,144210137,0,5.434929906542055
3912,144213610,0,5.434929906542055
3913,144213468,0,5.434929906542055
3914,144209979,0,5.434929906542055
3915,144204598,0,5.434929906542055
3916,144211216,0,5.434929906542055
3917,144210645,0,5.434929906542055
3918,144211325,0,5.434929906542055
3919,144212227,0,5.434929906542055
3920,144211937,0,5.434929906542055
3921,144211241,0,5.434929906542055
3922,144207580,0,5.434929906542055
3923,144212516,0,5.434929906542055
3924,144213930,0,5.434929906542055
3925,144211287,0,5.434929906542055
3926,144211654,0,5.434929906542055
3927,144204736,0,5.434929906542055
3928,144208687,0,5.434929906542055
3929,144204133,0,5.434929906542055
3930,144213533,0,5.434929906542055
3931,144211946,0,5.434929906542055
3932,144212090,0,5.434929906542055
3933,144212664,0,5.434929906542055
3934,144207508,0,5.434929906542055
3935,144208792,0,5.434929906542055
3936,144207494,0,5.434929906542055
3937,144210145,0,5.434929906542055
3938,144209991,0,5.434929906542055
3939,144213556,0,5.434929906542055
3940,144207573,0,5.434929906542055
3941,144205644,0,5.434929906542055
3942,144205681,0,5.434929906542055
3943,144205685,0,5.434929906542055
3944,144212499,0,5.434929906542055
3945,144207348,0,5.434929906542055
3946,144211617,0,5.434929906542055
3947,144203902,0,5.434929906542055
3948,144211468,0,5.434929906542055
3949,144209449,0,5.434929906542055
3950,144210684,0,5.434929906542055
3951,144211549,0,5.434929906542055
3952,144211462,0,5.434929906542055
3953,144204150,0,5.434929906542055
3954,144210085,0,5.434929906542055
3955,144205392,0,5.434929906542055
3956,144211563,0,5.434929906542055
3957,144213758,0,5.434929906542055
3958,144210090,0,5.434929906542055
3959,144207215,0,5.434929906542055
3960,144203674,0,5.434929906542055
3961,144208982,0,5.434929906542055
3962,144212009,0,5.434929906542055
3963,144210037,0,5.434929906542055
3964,144213847,0,5.434929906542055
3965,144204756,0,5.434929906542055
3966,144209388,0,5.434929906542055
3967,144209395,0,5.434929906542055
3968,144205351,0,5.434929906542055
3969,144204893,0,5.434929906542055
3970,144207082,0,5.434929906542055
3971,144212247,0,5.434929906542055
3972,144211499,0,5.434929906542055
3973,144209436,0,5.434929906542055
3974,144211497,0,5.434929906542055
3975,144208760,0,5.434929906542055
3976,144203669,0,5.434929906542055
3977,144203997,0,5.434929906542055
3978,144213783,0,5.434929906542055
3979,144210042,0,5.434929906542055
3980,144213814,0,5.434929906542055
3981,144203998,0,5.434929906542055
3982,144207114,0,5.434929906542055
3983,144209407,0,5.434929906542055
3984,144205301,0,5.434929906542055
3985,144208736,0,5.434929906542055
3986,144207241,0,5.434929906542055
3987,144211333,0,5.434929906542055
3988,144208761,0,5.434929906542055
3989,144211365,0,5.434929906542055
3990,144212036,0,5.434929906542055
3991,144205471,0,5.434929906542055
3992,144213453,0,5.434929906542055
3993,144213872,0,5.434929906542055
3994,144207351,0,5.434929906542055
3995,144212939,0,5.434929906542055
3996,144211596,0,5.434929906542055
3997,144208770,0,5.434929906542055
3998,144207372,0,5.434929906542055
3999,144209287,0,5.434929906542055
4000,144209496,0,5.434929906542055
4001,144210019,0,5.434929906542055
4002,144207388,0,5.434929906542055
4003,144212733,0,5.434929906542055
4004,144212431,0,5.434929906542055
4005,144210652,0,5.434929906542055
4006,144204244,0,5.434929906542055
4007,144211583,0,5.434929906542055
4008,144210673,0,5.434929906542055
4009,144203687,0,5.434929906542055
4010,144207270,0,5.434929906542055
4011,144205454,0,5.434929906542055
4012,144212715,0,5.434929906542055
4013,144212461,0,5.434929906542055
4014,144206891,0,5.434929906542055
4015,144213679,0,5.434929906542055
4016,144203686,0,5.434929906542055
4017,144210677,0,5.434929906542055
4018,144213653,0,5.434929906542055
4019,144207301,0,5.434929906542055
4020,144203689,0,5.434929906542055
4021,144212948,0,5.434929906542055
4022,144207324,0,5.434929906542055
4023,144211580,0,5.434929906542055
4024,144207329,0,5.434929906542055
4025,144213654,0,5.434929906542055
4026,144207675,0,5.434929906542055
4027,144204283,0,5.434929906542055
4028,144211919,0,5.434929906542055
4029,144210811,0,5.434929906542055
4030,144213199,0,5.434929906542055
4031,144209154,0,5.434929906542055
4032,144208135,0,5.434929906542055
4033,144208138,0,5.434929906542055
4034,144208466,0,5.434929906542055
4035,144212874,0,5.434929906542055
4036,144206105,0,5.434929906542055
4037,144204448,0,5.434929906542055
4038,144206112,0,5.434929906542055
4039,144210976,0,5.434929906542055
4040,144212573,0,5.434929906542055
4041,144210997,0,5.434929906542055
4042,144208459,0,5.434929906542055
4043,144208444,0,5.434929906542055
4044,144208443,0,5.434929906542055
4045,144210823,0,5.434929906542055
4046,144211879,0,5.434929906542055
4047,144211831,0,5.434929906542055
4048,144208111,0,5.434929906542055
4049,144211811,0,5.434929906542055
4050,144212364,0,5.434929906542055
4051,144212810,0,5.434929906542055
4052,144205172,0,5.434929906542055
4053,144205028,0,5.434929906542055
4054,144209160,0,5.434929906542055
4055,144204437,0,5.434929906542055
4056,144204844,0,5.434929906542055
4057,144209159,0,5.434929906542055
4058,144206402,0,5.434929906542055
4059,144211044,0,5.434929906542055
4060,144208050,0,5.434929906542055
4061,144209065,0,5.434929906542055
4062,144208060,0,5.434929906542055
4063,144210414,0,5.434929906542055
4064,144209067,0,5.434929906542055
4065,144206395,0,5.434929906542055
4066,144209754,0,5.434929906542055
4067,144204035,0,5.434929906542055
4068,144206101,0,5.434929906542055
4069,144210977,0,5.434929906542055
4070,144213163,0,5.434929906542055
4071,144214029,0,5.434929906542055
4072,144208277,0,5.434929906542055
4073,144213103,0,5.434929906542055
4074,144212790,0,5.434929906542055
4075,144212796,0,5.434929906542055
4076,144204052,0,5.434929906542055
4077,144208265,0,5.434929906542055
4078,144208267,0,5.434929906542055
4079,144210900,0,5.434929906542055
4080,144204483,0,5.434929906542055
4081,144208283,0,5.434929906542055
4082,144208434,0,5.434929906542055
4083,144211861,0,5.434929906542055
4084,144203799,0,5.434929906542055
4085,144208299,0,5.434929906542055
4086,144208391,0,5.434929906542055
4087,144208320,0,5.434929906542055
4088,144212207,0,5.434929906542055
4089,144208379,0,5.434929906542055
4090,144211869,0,5.434929906542055
4091,144209122,0,5.434929906542055
4092,144206237,0,5.434929906542055
4093,144210919,0,5.434929906542055
4094,144212291,0,5.434929906542055
4095,144208177,0,5.434929906542055
4096,144210969,0,5.434929906542055
4097,144208896,0,5.434929906542055
4098,144212332,0,5.434929906542055
4099,144210960,0,5.434929906542055
4100,144208183,0,5.434929906542055
4101,144213151,0,5.434929906542055
4102,144210455,0,5.434929906542055
4103,144204519,0,5.434929906542055
4104,144208936,0,5.434929906542055
4105,144208426,0,5.434929906542055
4106,144208921,0,5.434929906542055
4107,144207495,1,5.434929906542055
4108,144211848,0,5.434929906542055
4109,144210461,0,5.434929906542055
4110,144213119,0,5.434929906542055
4111,144203800,0,5.434929906542055
4112,144205115,0,5.434929906542055
4113,144208803,0,5.434929906542055
4114,144203978,0,5.434929906542055
4115,144210342,0,5.434929906542055
4116,144212133,0,5.434929906542055
4117,144212891,0,5.434929906542055
4118,144204100,0,5.434929906542055
4119,144211134,0,5.434929906542055
4120,144204019,0,5.434929906542055
4121,144213363,0,5.434929906542055
4122,144208496,0,5.434929906542055
4123,144208529,0,5.434929906542055
4124,144214005,0,5.434929906542055
4125,144207867,0,5.434929906542055
4126,144205838,0,5.434929906542055
4127,144211155,0,5.434929906542055
4128,144211736,0,5.434929906542055
4129,144213995,0,5.434929906542055
4130,144213387,0,5.434929906542055
4131,144213019,0,5.434929906542055
4132,144206571,0,5.434929906542055
4133,144205111,0,5.434929906542055
4134,144208570,0,5.434929906542055
4135,144209595,0,5.434929906542055
4136,144212988,0,5.434929906542055
4137,144212645,0,5.434929906542055
4138,144208586,0,5.434929906542055
4139,144205719,0,5.434929906542055
4140,144209198,0,5.434929906542055
4141,144209211,0,5.434929906542055
4142,144205360,0,5.434929906542055
4143,144211196,0,5.434929906542055
4144,144212753,0,5.434929906542055
4145,144209551,0,5.434929906542055
4146,144211121,0,5.434929906542055
4147,144207871,0,5.434929906542055
4148,144210367,0,5.434929906542055
4149,144212885,0,5.434929906542055
4150,144213321,0,5.434929906542055
4151,144204858,0,5.434929906542055
4152,144211083,0,5.434929906542055
4153,144205971,0,5.434929906542055
4154,144207957,0,5.434929906542055
4155,144206445,0,5.434929906542055
4156,144210406,0,5.434929906542055
4157,144203724,0,5.434929906542055
4158,144211094,0,5.434929906542055
4159,144207971,0,5.434929906542055
4160,144207945,0,5.434929906542055
4161,144213028,0,5.434929906542055
4162,144210383,0,5.434929906542055
4163,144212370,0,5.434929906542055
4164,144208510,0,5.434929906542055
4165,144206442,0,5.434929906542055
4166,144212629,0,5.434929906542055
4167,144213353,0,5.434929906542055
4168,144212881,0,5.434929906542055
4169,144212889,0,5.434929906542055
4170,144209917,0,5.42219891483604
4171,144209043,0,5.404107142857142
4172,144208660,0,5.404107142857142
4173,144208752,0,5.404107142857142
4174,144205369,0,5.404107142857142
4175,144205380,0,5.404107142857142
4176,144210877,0,5.404107142857142
4177,144207710,0,5.404107142857142
4178,144210018,0,5.404107142857142
4179,144211485,0,5.404107142857142
4180,144211695,0,5.404107142857142
4181,144204373,0,5.404107142857142
4182,144205209,0,5.404107142857142
4183,144208478,0,5.404107142857142
4184,144213963,0,5.404107142857142
4185,144204719,0,5.404107142857142
4186,144211948,0,5.404107142857142
4187,144206129,0,5.404107142857142
4188,144211659,0,5.404107142857142
4189,144207570,0,5.404107142857142
4190,144212348,0,5.404107142857142
4191,144205203,0,5.404107142857142
4192,144211868,0,5.404107142857142
4193,144207550,0,5.404107142857142
4194,144212445,0,5.404107142857142
4195,144213538,0,5.404107142857142
4196,144210350,0,5.404107142857142
4197,144207271,0,5.404107142857142
4198,144207538,0,5.404107142857142
4199,144209761,0,5.350084033613446
4200,144208778,0,5.350084033613446
4201,144210615,0,5.350084033613446
4202,144214013,0,5.350084033613446
4203,144209547,0,5.350084033613446
4204,144213915,0,5.350084033613446
4205,144209763,0,5.350084033613446
4206,144211893,0,5.350084033613446
4207,144211776,0,5.350084033613446
4208,144204670,0,5.350084033613446
4209,144212685,0,5.350084033613446
4210,144213830,0,5.350084033613446
4211,144211729,0,5.350084033613446
4212,144213935,0,5.350084033613446
4213,144213997,0,5.350084033613446
4214,144213993,0,5.350084033613446
4215,144209916,0,5.350084033613446
4216,144213996,0,5.350084033613446
4217,144206305,0,5.350084033613446
4218,144211552,0,5.350084033613446
4219,144213060,0,5.350084033613446
4220,144212864,0,5.350084033613446
4221,144208073,0,5.350084033613446
4222,144212023,0,5.350084033613446
4223,144213649,0,5.350084033613446
4224,144213635,0,5.350084033613446
4225,144208162,0,5.350084033613446
4226,144210990,0,5.350084033613446
4227,144210135,0,5.350084033613446
4228,144210999,0,5.350084033613446
4229,144203696,0,5.350084033613446
4230,144210153,0,5.350084033613446
4231,144213527,0,5.350084033613446
4232,144211248,0,5.350084033613446
4233,144208033,0,5.350084033613446
4234,144208419,0,5.350084033613446
4235,144207639,0,5.350084033613446
4236,144204772,0,5.350084033613446
4237,144211064,0,5.350084033613446
4238,144207705,0,5.350084033613446
4239,144211205,0,5.350084033613446
4240,144210186,0,5.350084033613446
4241,144212378,0,5.350084033613446
4242,144212140,0,5.350084033613446
4243,144207866,0,5.350084033613446
4244,144204548,0,5.350084033613446
4245,144207883,0,5.350084033613446
4246,144210968,0,5.350084033613446
4247,144210736,0,5.350084033613446
4248,144209357,0,5.350084033613446
4249,144208339,0,5.350084033613446
4250,144213763,0,5.350084033613446
4251,144208979,0,5.350084033613446
4252,144203919,0,5.350084033613446
4253,144210927,0,5.337439448990332
4254,144209234,0,5.315131578947368
4255,144207541,0,5.315131578947368
4256,144207564,0,5.315131578947368
4257,144210921,0,5.315131578947368
4258,144204770,0,5.315131578947368
4259,144212274,0,5.315131578947368
4260,144213267,0,5.315131578947368
4261,144211233,0,5.315131578947368
4262,144213532,0,5.315131578947368
4263,144208027,0,5.315131578947368
4264,144205040,0,5.315131578947368
4265,144214031,0,5.315131578947368
4266,144213781,0,5.315131578947368
4267,144205347,0,5.315131578947368
4268,144207713,0,5.315131578947368
4269,144213506,0,5.315131578947368
4270,144208206,0,5.315131578947368
4271,144204525,0,5.315131578947368
4272,144211949,0,5.315131578947368
4273,144209421,0,5.315131578947368
4274,144209915,0,5.315131578947368
4275,144205864,0,5.315131578947368
4276,144213374,0,5.315131578947368
4277,144208530,0,5.315131578947368
4278,144209911,0,5.315131578947368
4279,144212764,0,5.315131578947368
4280,144207886,0,5.315131578947368
4281,144205114,0,5.315131578947368
4282,144207822,0,5.315131578947368
4283,144204487,0,5.315131578947368
4284,144207940,0,5.315131578947368
4285,144211909,0,5.315131578947368
4286,144208500,0,5.315131578947368
4287,144207974,0,5.315131578947368
4288,144207977,0,5.315131578947368
4289,144212899,0,5.315131578947368
4290,144208462,0,5.315131578947368
4291,144210932,0,5.315131578947368
4292,144210038,0,5.315131578947368
4293,144212182,0,5.315131578947368
4294,144204911,0,5.315131578947368
4295,144207399,0,5.315131578947368
4296,144213617,0,5.315131578947368
4297,144208166,0,5.315131578947368
4298,144211632,0,5.315131578947368
4299,144209078,0,5.315131578947368
4300,144211384,0,5.315131578947368
4301,144204801,0,5.315131578947368
4302,144207371,0,5.315131578947368
4303,144210705,0,5.315131578947368
4304,144207288,0,5.315131578947368
4305,144211303,0,5.315131578947368
4306,144208901,0,5.302499999999999
4307,144207341,0,5.302499999999999
4308,144204805,0,5.302499999999999
4309,144213024,0,5.302499999999999
4310,144209156,0,5.302499999999999
4311,144212434,0,5.302499999999999
4312,144212911,0,5.302499999999999
4313,144211130,0,5.302499999999999
4314,144211827,0,5.302499999999999
4315,144213164,0,5.302499999999999
4316,144213551,0,5.302499999999999
4317,144203571,0,5.302499999999999
4318,144204765,0,5.277928897617411
4319,144212200,0,5.200922131147542
4320,144213328,0,5.200922131147542
4321,144203889,0,5.200922131147542
4322,144212533,0,5.200922131147542
4323,144212199,0,5.200922131147542
4324,144212815,0,5.200922131147542
4325,144213076,0,5.200922131147542
4326,144212366,0,5.200922131147542
4327,144212197,0,5.200922131147542
4328,144212294,0,5.200922131147542
4329,144203936,0,5.200922131147542
4330,144213229,0,5.200922131147542
4331,144203933,0,5.200922131147542
4332,144212613,0,5.200922131147542
4333,144204051,0,5.200922131147542
4334,144213003,0,5.200922131147542
4335,144213220,0,5.200922131147542
4336,144213036,0,5.200922131147542
4337,144212562,0,5.200922131147542
4338,144204037,0,5.200922131147542
4339,144213039,0,5.200922131147542
4340,144212876,0,5.200922131147542
4341,144212360,0,5.200922131147542
4342,144213266,0,5.200922131147542
4343,144212354,0,5.200922131147542
4344,144214034,0,5.200922131147542
4345,144213277,0,5.200922131147542
4346,144213105,0,5.200922131147542
4347,144212778,0,5.200922131147542
4348,144212319,0,5.200922131147542
4349,144203566,0,5.200922131147542
4350,144213031,0,5.200922131147542
4351,144212164,0,5.200922131147542
4352,144212875,0,5.200922131147542
4353,144203766,0,5.200922131147542
4354,144212323,0,5.200922131147542
4355,144211980,0,5.200922131147542
4356,144203614,0,5.200922131147542
4357,144212463,0,5.200922131147542
4358,144212016,0,5.200922131147542
4359,144213665,0,5.200922131147542
4360,144213652,0,5.200922131147542
4361,144212030,0,5.200922131147542
4362,144212853,0,5.200922131147542
4363,144212258,0,5.200922131147542
4364,144213065,0,5.200922131147542
4365,144211959,0,5.200922131147542
4366,144213626,0,5.200922131147542
4367,144212438,0,5.200922131147542
4368,144212435,0,5.200922131147542
4369,144212063,0,5.200922131147542
4370,144212498,0,5.200922131147542
4371,144212242,0,5.200922131147542
4372,144211950,0,5.200922131147542
4373,144213693,0,5.200922131147542
4374,144213746,0,5.200922131147542
4375,144212845,0,5.200922131147542
4376,144213750,0,5.200922131147542
4377,144212850,0,5.200922131147542
4378,144203667,0,5.200922131147542
4379,144213800,0,5.200922131147542
4380,144203661,0,5.200922131147542
4381,144211986,0,5.200922131147542
4382,144211972,0,5.200922131147542
4383,144211988,0,5.200922131147542
4384,144203946,0,5.200922131147542
4385,144213773,0,5.200922131147542
4386,144212943,0,5.200922131147542
4387,144211992,0,5.200922131147542
4388,144211997,0,5.200922131147542
4389,144211998,0,5.200922131147542
4390,144213840,0,5.200922131147542
4391,144212004,0,5.200922131147542
4392,144213608,0,5.200922131147542
4393,144213580,0,5.200922131147542
4394,144213366,0,5.200922131147542
4395,144211924,0,5.200922131147542
4396,144212905,0,5.200922131147542
4397,144211913,0,5.200922131147542
4398,144212856,0,5.200922131147542
4399,144213428,0,5.200922131147542
4400,144212524,0,5.200922131147542
4401,144213423,0,5.200922131147542
4402,144212763,0,5.200922131147542
4403,144213987,0,5.200922131147542
4404,144212296,0,5.200922131147542
4405,144211905,0,5.200922131147542
4406,144203714,0,5.200922131147542
4407,144213988,0,5.200922131147542
4408,144212129,0,5.200922131147542
4409,144212131,0,5.200922131147542
4410,144213377,0,5.200922131147542
4411,144203903,0,5.200922131147542
4412,144213463,0,5.200922131147542
4413,144212503,0,5.200922131147542
4414,144212657,0,5.200922131147542
4415,144213566,0,5.200922131147542
4416,144212261,0,5.200922131147542
4417,144212079,0,5.200922131147542
4418,144203700,0,5.200922131147542
4419,144212960,0,5.200922131147542
4420,144212096,0,5.200922131147542
4421,144212916,0,5.200922131147542
4422,144213942,0,5.200922131147542
4423,144213486,0,5.200922131147542
4424,144203626,0,5.200922131147542
4425,144203941,0,5.200922131147542
4426,144211929,0,5.200922131147542
4427,144213476,0,5.200922131147542
4428,144213473,0,5.200922131147542
4429,144212975,0,5.200922131147542
4430,144212832,0,5.200922131147542
4431,144210623,0,5.200922131147542
4432,144209009,0,5.200922131147542
4433,144211021,0,5.200922131147542
4434,144208302,0,5.200922131147542
4435,144208318,0,5.200922131147542
4436,144211108,0,5.200922131147542
4437,144204410,0,5.200922131147542
4438,144208404,0,5.200922131147542
4439,144208417,0,5.200922131147542
4440,144208486,0,5.200922131147542
4441,144208506,0,5.200922131147542
4442,144208513,0,5.200922131147542
4443,144208549,0,5.200922131147542
4444,144208554,0,5.200922131147542
4445,144211032,0,5.200922131147542
4446,144208597,0,5.200922131147542
4447,144210998,0,5.200922131147542
4448,144211338,0,5.200922131147542
4449,144205100,0,5.200922131147542
4450,144208668,0,5.200922131147542
4451,144210991,0,5.200922131147542
4452,144208743,0,5.200922131147542
4453,144210978,0,5.200922131147542
4454,144210966,0,5.200922131147542
4455,144208811,0,5.200922131147542
4456,144208834,0,5.200922131147542
4457,144208853,0,5.200922131147542
4458,144210874,0,5.200922131147542
4459,144208865,0,5.200922131147542
4460,144205018,0,5.200922131147542
4461,144208910,0,5.200922131147542
4462,144208292,0,5.200922131147542
4463,144211165,0,5.200922131147542
4464,144208218,0,5.200922131147542
4465,144208208,0,5.200922131147542
4466,144207836,0,5.200922131147542
4467,144204299,0,5.200922131147542
4468,144207859,0,5.200922131147542
4469,144207879,0,5.200922131147542
4470,144207881,0,5.200922131147542
4471,144207903,0,5.200922131147542
4472,144207907,0,5.200922131147542
4473,144207935,0,5.200922131147542
4474,144207958,0,5.200922131147542
4475,144208005,0,5.200922131147542
4476,144208019,0,5.200922131147542
4477,144208035,0,5.200922131147542
4478,144208049,0,5.200922131147542
4479,144208068,0,5.200922131147542
4480,144208080,0,5.200922131147542
4481,144204329,0,5.200922131147542
4482,144211245,0,5.200922131147542
4483,144208095,0,5.200922131147542
4484,144210446,0,5.200922131147542
4485,144211232,0,5.200922131147542
4486,144208131,0,5.200922131147542
4487,144208146,0,5.200922131147542
4488,144208160,0,5.200922131147542
4489,144205147,0,5.200922131147542
4490,144208173,0,5.200922131147542
4491,144208190,0,5.200922131147542
4492,144208192,0,5.200922131147542
4493,144210819,0,5.200922131147542
4494,144210813,0,5.200922131147542
4495,144208955,0,5.200922131147542
4496,144210603,0,5.200922131147542
4497,144209661,0,5.200922131147542
4498,144204651,0,5.200922131147542
4499,144204672,0,5.200922131147542
4500,144209669,0,5.200922131147542
4501,144204685,0,5.200922131147542
4502,144204689,0,5.200922131147542
4503,144209767,0,5.200922131147542
4504,144204825,0,5.200922131147542
4505,144204721,0,5.200922131147542
4506,144204722,0,5.200922131147542
4507,144209926,0,5.200922131147542
4508,144210011,0,5.200922131147542
4509,144210022,0,5.200922131147542
4510,144210506,0,5.200922131147542
4511,144210503,0,5.200922131147542
4512,144210501,0,5.200922131147542
4513,144210064,0,5.200922131147542
4514,144210077,0,5.200922131147542
4515,144204804,0,5.200922131147542
4516,144210110,0,5.200922131147542
4517,144210127,0,5.200922131147542
4518,144210128,0,5.200922131147542
4519,144210200,0,5.200922131147542
4520,144210372,0,5.200922131147542
4521,144210390,0,5.200922131147542
4522,144210454,0,5.200922131147542
4523,144210425,0,5.200922131147542
4524,144210597,0,5.200922131147542
4525,144204863,0,5.200922131147542
4526,144208972,0,5.200922131147542
4527,144210613,0,5.200922131147542
4528,144208976,0,5.200922131147542
4529,144211858,0,5.200922131147542
4530,144210792,0,5.200922131147542
4531,144209064,0,5.200922131147542
4532,144209072,0,5.200922131147542
4533,144209073,0,5.200922131147542
4534,144209123,0,5.200922131147542
4535,144209143,0,5.200922131147542
4536,144204601,0,5.200922131147542
4537,144209150,0,5.200922131147542
4538,144209166,0,5.200922131147542
4539,144209184,0,5.200922131147542
4540,144209262,0,5.200922131147542
4541,144209285,0,5.200922131147542
4542,144209311,0,5.200922131147542
4543,144209314,0,5.200922131147542
4544,144209323,0,5.200922131147542
4545,144209327,0,5.200922131147542
4546,144209451,0,5.200922131147542
4547,144210670,0,5.200922131147542
4548,144209485,0,5.200922131147542
4549,144209490,0,5.200922131147542
4550,144209495,0,5.200922131147542
4551,144204877,0,5.200922131147542
4552,144209511,0,5.200922131147542
4553,144204867,0,5.200922131147542
4554,144206259,0,5.200922131147542
4555,144207827,0,5.200922131147542
4556,144210442,0,5.200922131147542
4557,144205342,0,5.200922131147542
4558,144211524,0,5.200922131147542
4559,144207084,0,5.200922131147542
4560,144207099,0,5.200922131147542
4561,144207105,0,5.200922131147542
4562,144207112,0,5.200922131147542
4563,144205321,0,5.200922131147542
4564,144205316,0,5.200922131147542
4565,144205717,0,5.200922131147542
4566,144206596,0,5.200922131147542
4567,144211531,0,5.200922131147542
4568,144211530,0,5.200922131147542
4569,144207243,0,5.200922131147542
4570,144207083,0,5.200922131147542
4571,144207246,0,5.200922131147542
4572,144205663,0,5.200922131147542
4573,144211495,0,5.200922131147542
4574,144211798,0,5.200922131147542
4575,144207247,0,5.200922131147542
4576,144211482,0,5.200922131147542
4577,144211799,0,5.200922131147542
4578,144207281,0,5.200922131147542
4579,144205883,0,5.200922131147542
4580,144207335,0,5.200922131147542
4581,144211761,0,5.200922131147542
4582,144211603,0,5.200922131147542
4583,144211457,0,5.200922131147542
4584,144204105,0,5.200922131147542
4585,144205650,0,5.200922131147542
4586,144211704,0,5.200922131147542
4587,144205632,0,5.200922131147542
4588,144206749,0,5.200922131147542
4589,144211724,0,5.200922131147542
4590,144205692,0,5.200922131147542
4591,144205695,0,5.200922131147542
4592,144205483,0,5.200922131147542
4593,144206886,0,5.200922131147542
4594,144206903,0,5.200922131147542
4595,144211677,0,5.200922131147542
4596,144205357,0,5.200922131147542
4597,144205697,0,5.200922131147542
4598,144211670,0,5.200922131147542
4599,144211740,0,5.200922131147542
4600,144205421,0,5.200922131147542
4601,144211662,0,5.200922131147542
4602,144205384,0,5.200922131147542
4603,144205383,0,5.200922131147542
4604,144207008,0,5.200922131147542
4605,144207040,0,5.200922131147542
4606,144211604,0,5.200922131147542
4607,144207338,0,5.200922131147542
4608,144211500,0,5.200922131147542
4609,144211456,0,5.200922131147542
4610,144206358,0,5.200922131147542
4611,144205202,0,5.200922131147542
4612,144211387,0,5.200922131147542
4613,144206371,0,5.200922131147542
4614,144207526,0,5.200922131147542
4615,144207527,0,5.200922131147542
4616,144207531,0,5.200922131147542
4617,144207577,0,5.200922131147542
4618,144207585,0,5.200922131147542
4619,144205193,0,5.200922131147542
4620,144207620,0,5.200922131147542
4621,144207626,0,5.200922131147542
4622,144205206,0,5.200922131147542
4623,144207678,0,5.200922131147542
4624,144206196,0,5.200922131147542
4625,144207706,0,5.200922131147542
4626,144205186,0,5.200922131147542
4627,144205185,0,5.200922131147542
4628,144205183,0,5.200922131147542
4629,144207721,0,5.200922131147542
4630,144206209,0,5.200922131147542
4631,144207739,0,5.200922131147542
4632,144206249,0,5.200922131147542
4633,144211406,0,5.200922131147542
4634,144211385,0,5.200922131147542
4635,144205687,0,5.200922131147542
4636,144206411,0,5.200922131147542
4637,144207463,0,5.200922131147542
4638,144206051,0,5.200922131147542
4639,144211822,0,5.200922131147542
4640,144206435,0,5.200922131147542
4641,144210021,0,5.173518849324239
4642,144207839,0,5.131333333333334
4643,144208436,0,5.131333333333334
4644,144208365,0,5.131333333333334
4645,144212035,0,5.131333333333334
4646,144212128,0,5.131333333333334
4647,144213015,0,5.131333333333334
4648,144211939,0,5.131333333333334
4649,144208242,0,5.131333333333334
4650,144207267,0,5.131333333333334
4651,144209214,0,5.131333333333334
4652,144204929,0,5.131333333333334
4653,144211682,0,5.131333333333334
4654,144204551,0,5.131333333333334
4655,144210056,0,5.131333333333334
4656,144211678,0,5.131333333333334
4657,144210392,0,5.131333333333334
4658,144205496,0,5.131333333333334
4659,144204659,0,5.131333333333334
4660,144209408,0,5.131333333333334
4661,144211073,0,5.131333333333334
4662,144213862,0,5.131333333333334
4663,144208157,0,5.131333333333334
4664,144212416,0,5.131333333333334
4665,144205911,0,5.131333333333334
4666,144212184,0,5.131333333333334
4667,144208785,0,5.131333333333334
4668,144207202,0,5.131333333333334
4669,144207493,0,5.131333333333334
4670,144208057,0,5.131333333333334
4671,144212892,0,5.131333333333334
4672,144203890,0,5.131333333333334
4673,144211019,0,5.131333333333334
4674,144208768,0,5.131333333333334
4675,144211516,0,5.131333333333334
4676,144213567,0,5.131333333333334
4677,144207477,0,5.131333333333334
4678,144213980,0,5.131333333333334
4679,144207532,0,5.131333333333334
4680,144207014,0,5.131333333333334
4681,144212368,0,5.10012987012987
4682,144205979,0,5.10012987012987
4683,144212575,0,5.10012987012987
4684,144209557,0,5.10012987012987
4685,144206375,0,5.10012987012987
4686,144206594,0,5.10012987012987
4687,144212625,0,5.10012987012987
4688,144205716,0,5.10012987012987
4689,144212411,0,5.10012987012987
4690,144209782,0,5.10012987012987
4691,144210347,0,5.10012987012987
4692,144213968,0,5.10012987012987
4693,144210123,0,5.10012987012987
4694,144213425,0,5.10012987012987
4695,144206700,0,5.10012987012987
4696,144206741,0,5.10012987012987
4697,144207315,0,5.10012987012987
4698,144205134,0,5.10012987012987
4699,144207364,0,5.10012987012987
4700,144213111,0,5.10012987012987
4701,144207396,0,5.10012987012987
4702,144207402,0,5.10012987012987
4703,144213114,0,5.10012987012987
4704,144207457,0,5.10012987012987
4705,144208156,0,5.10012987012987
4706,144208149,0,5.10012987012987
4707,144208129,0,5.10012987012987
4708,144208113,0,5.10012987012987
4709,144208100,0,5.10012987012987
4710,144207989,0,5.10012987012987
4711,144207698,0,5.10012987012987
4712,144207869,0,5.10012987012987
4713,144213444,0,5.10012987012987
4714,144213433,0,5.10012987012987
4715,144213391,0,5.10012987012987
4716,144208425,0,5.10012987012987
4717,144203769,0,5.10012987012987
4718,144208515,0,5.10012987012987
4719,144213852,0,5.10012987012987
4720,144206760,0,5.10012987012987
4721,144205604,0,5.10012987012987
4722,144205522,0,5.10012987012987
4723,144204897,0,5.10012987012987
4724,144209344,0,5.10012987012987
4725,144209235,0,5.10012987012987
4726,144209233,0,5.10012987012987
4727,144206906,0,5.10012987012987
4728,144208961,0,5.10012987012987
4729,144208566,0,5.10012987012987
4730,144208919,0,5.10012987012987
4731,144213799,0,5.10012987012987
4732,144207770,0,5.10012987012987
4733,144212932,0,5.10012987012987
4734,144208764,0,5.10012987012987
4735,144207223,0,5.10012987012987
4736,144207237,0,5.10012987012987
4737,144212980,0,5.10012987012987
4738,144208107,0,5.10012987012987
4739,144208261,0,5.10012987012987
4740,144211668,0,5.10012987012987
4741,144203940,0,5.10012987012987
4742,144211789,0,5.10012987012987
4743,144211791,0,5.10012987012987
4744,144211537,0,5.10012987012987
4745,144210905,0,5.10012987012987
4746,144212031,0,5.10012987012987
4747,144204083,0,5.10012987012987
4748,144211974,0,5.10012987012987
4749,144210509,0,5.10012987012987
4750,144210702,0,5.10012987012987
4751,144211826,0,5.10012987012987
4752,144210723,0,5.10012987012987
4753,144211837,0,5.10012987012987
4754,144210964,0,5.10012987012987
4755,144204707,0,5.10012987012987
4756,144203982,0,5.10012987012987
4757,144204602,0,5.10012987012987
4758,144211663,0,5.10012987012987
4759,144210982,0,5.10012987012987
4760,144210453,0,5.10012987012987
4761,144211335,0,5.10012987012987
4762,144203992,0,5.10012987012987
4763,144204608,0,5.10012987012987
4764,144207216,0,5.096666666666666
4765,144210600,0,5.096666666666666
4766,144211554,0,5.096666666666666
4767,144209556,0,5.096666666666666
4768,144207193,0,5.096666666666666
4769,144205249,0,5.096666666666666
4770,144207199,0,5.096666666666666
4771,144211657,0,5.096666666666666
4772,144209517,0,5.096666666666666
4773,144207764,0,5.096666666666666
4774,144208822,0,5.096666666666666
4775,144204640,0,5.096666666666666
4776,144213400,0,5.096666666666666
4777,144210894,0,5.096666666666666
4778,144210880,0,5.096666666666666
4779,144213729,0,5.096666666666666
4780,144207126,0,5.096666666666666
4781,144209576,0,5.096666666666666
4782,144211966,0,5.096666666666666
4783,144212572,0,5.096666666666666
4784,144212592,0,5.096666666666666
4785,144207800,0,5.096666666666666
4786,144209848,0,5.096666666666666
4787,144205381,0,5.096666666666666
4788,144207000,0,5.096666666666666
4789,144204843,0,5.096666666666666
4790,144209713,0,5.096666666666666
4791,144209676,0,5.096666666666666
4792,144204735,0,5.096666666666666
4793,144212195,0,5.096666666666666
4794,144203665,0,5.096666666666666
4795,144211585,0,5.096666666666666
4796,144211963,0,5.096666666666666
4797,144205182,0,5.096666666666666
4798,144208801,0,5.096666666666666
4799,144205054,0,5.096666666666666
4800,144213406,0,5.096666666666666
4801,144205374,0,5.096666666666666
4802,144212239,0,5.096666666666666
4803,144207238,0,5.096666666666666
4804,144207431,0,5.096666666666666
4805,144204526,0,5.096666666666666
4806,144204925,0,5.096666666666666
4807,144210700,0,5.096666666666666
4808,144212808,0,5.096666666666666
4809,144212737,0,5.096666666666666
4810,144213622,0,5.096666666666666
4811,144209097,0,5.096666666666666
4812,144211439,0,5.096666666666666
4813,144207516,0,5.096666666666666
4814,144212793,0,5.096666666666666
4815,144211412,0,5.096666666666666
4816,144209489,0,5.096666666666666
4817,144212013,0,5.096666666666666
4818,144207483,0,5.096666666666666
4819,144212760,0,5.096666666666666
4820,144204584,0,5.096666666666666
4821,144212762,0,5.096666666666666
4822,144213592,0,5.096666666666666
4823,144209182,0,5.096666666666666
4824,144209178,0,5.096666666666666
4825,144209170,0,5.096666666666666
4826,144211435,0,5.096666666666666
4827,144209062,0,5.096666666666666
4828,144212821,0,5.096666666666666
4829,144213628,0,5.096666666666666
4830,144209045,0,5.096666666666666
4831,144211506,0,5.096666666666666
4832,144212890,0,5.096666666666666
4833,144211674,0,5.096666666666666
4834,144208866,0,5.096666666666666
4835,144208878,0,5.096666666666666
4836,144207277,0,5.096666666666666
4837,144208882,0,5.096666666666666
4838,144210683,0,5.096666666666666
4839,144212037,0,5.096666666666666
4840,144207669,0,5.096666666666666
4841,144207285,0,5.096666666666666
4842,144212706,0,5.096666666666666
4843,144207298,0,5.096666666666666
4844,144207299,0,5.096666666666666
4845,144208939,0,5.096666666666666
4846,144213483,0,5.096666666666666
4847,144210810,0,5.096666666666666
4848,144211460,0,5.096666666666666
4849,144213640,0,5.096666666666666
4850,144211373,0,5.096666666666666
4851,144207574,0,5.096666666666666
4852,144207729,0,5.096666666666666
4853,144212947,0,5.096666666666666
4854,144212313,0,5.096666666666666
4855,144205686,0,5.096666666666666
4856,144208286,0,5.096666666666666
4857,144213298,0,5.096666666666666
4858,144205966,0,5.096666666666666
4859,144205915,0,5.096666666666666
4860,144214014,0,5.096666666666666
4861,144211808,0,5.096666666666666
4862,144210139,0,5.096666666666666
4863,144211290,0,5.096666666666666
4864,144214001,0,5.096666666666666
4865,144212316,0,5.096666666666666
4866,144212315,0,5.096666666666666
4867,144208415,0,5.096666666666666
4868,144206651,0,5.096666666666666
4869,144212452,0,5.096666666666666
4870,144212460,0,5.096666666666666
4871,144213977,0,5.096666666666666
4872,144210088,0,5.096666666666666
4873,144210083,0,5.096666666666666
4874,144207950,0,5.096666666666666
4875,144205696,0,5.096666666666666
4876,144208456,0,5.096666666666666
4877,144205986,0,5.096666666666666
4878,144206405,0,5.096666666666666
4879,144208021,0,5.096666666666666
4880,144206202,0,5.096666666666666
4881,144210451,0,5.096666666666666
4882,144203934,0,5.096666666666666
4883,144208121,0,5.096666666666666
4884,144203562,0,5.096666666666666
4885,144211187,0,5.096666666666666
4886,144208179,0,5.096666666666666
4887,144211234,0,5.096666666666666
4888,144211873,0,5.096666666666666
4889,144204377,0,5.096666666666666
4890,144213145,0,5.096666666666666
4891,144213100,0,5.096666666666666
4892,144213142,0,5.096666666666666
4893,144211259,0,5.096666666666666
4894,144208048,0,5.096666666666666
4895,144210391,0,5.096666666666666
4896,144208047,0,5.096666666666666
4897,144208244,0,5.096666666666666
4898,144213271,0,5.096666666666666
4899,144211819,0,5.096666666666666
4900,144210353,0,5.096666666666666
4901,144211720,0,5.096666666666666
4902,144211434,0,5.096666666666666
4903,144207933,0,5.096666666666666
4904,144213358,0,5.096666666666666
4905,144205581,0,5.096666666666666
4906,144207846,0,5.096666666666666
4907,144211052,0,5.096666666666666
4908,144211694,0,5.096666666666666
4909,144205514,0,5.096666666666666
4910,144211056,0,5.096666666666666
4911,144208577,0,5.096666666666666
4912,144208528,0,5.096666666666666
4913,144208535,0,5.096666666666666
4914,144208512,0,5.096666666666666
4915,144211065,0,5.096666666666666
4916,144211679,0,5.096666666666666
4917,144212508,0,5.096666666666666
4918,144203630,0,5.096666666666666
4919,144211339,0,5.096666666666666
4920,144211038,0,5.096666666666666
4921,144204433,0,5.096666666666666
4922,144212070,0,5.096666666666666
4923,144207916,0,5.096666666666666
4924,144212555,0,5.096666666666666
4925,144213023,0,5.096666666666666
4926,144208509,0,5.096666666666666
4927,144207930,0,5.096666666666666
4928,144205076,0,5.096666666666666
4929,144212529,0,5.096666666666666
4930,144213940,0,5.096666666666666
4931,144206135,0,5.016039648839853
4932,144208787,0,5.001702127659575
4933,144209087,0,5.001702127659575
4934,144211004,0,5.001702127659575
4935,144208635,0,5.001702127659575
4936,144207784,0,5.001702127659575
4937,144208216,0,5.001702127659575
4938,144208633,0,5.001702127659575
4939,144213373,0,5.001702127659575
4940,144207835,0,5.001702127659575
4941,144208748,0,5.001702127659575
4942,144207811,0,5.001702127659575
4943,144212779,0,5.001702127659575
4944,144211193,0,5.001702127659575
4945,144208144,0,5.001702127659575
4946,144207806,0,5.001702127659575
4947,144208029,0,5.001702127659575
4948,144207782,0,5.001702127659575
4949,144207783,0,5.001702127659575
4950,144213094,0,5.001702127659575
4951,144212904,0,5.001702127659575
4952,144203718,0,5.001702127659575
4953,144207944,0,5.001702127659575
4954,144213022,0,5.001702127659575
4955,144213434,0,5.001702127659575
4956,144211080,0,5.001702127659575
4957,144207810,0,5.001702127659575
4958,144208808,0,5.001702127659575
4959,144212887,0,5.001702127659575
4960,144213442,0,5.001702127659575
4961,144213315,0,5.001702127659575
4962,144208880,0,5.001702127659575
4963,144208371,0,5.001702127659575
4964,144212042,0,5.001702127659575
4965,144212040,0,5.001702127659575
4966,144211101,0,5.001702127659575
4967,144208794,0,5.001702127659575
4968,144207781,0,5.001702127659575
4969,144208327,0,5.001702127659575
4970,144208307,0,5.001702127659575
4971,144211362,0,5.001702127659575
4972,144212083,0,5.001702127659575
4973,144205016,0,5.001702127659575
4974,144211125,0,5.001702127659575
4975,144212929,0,5.001702127659575
4976,144211310,0,5.001702127659575
4977,144213370,0,5.001702127659575
4978,144207809,0,5.001702127659575
4979,144211175,0,5.001702127659575
4980,144206870,0,5.001702127659575
4981,144209814,0,5.001702127659575
4982,144207078,0,5.001702127659575
4983,144207085,0,5.001702127659575
4984,144211964,0,5.001702127659575
4985,144207103,0,5.001702127659575
4986,144205768,0,5.001702127659575
4987,144205826,0,5.001702127659575
4988,144207232,0,5.001702127659575
4989,144213715,0,5.001702127659575
4990,144209475,0,5.001702127659575
4991,144211486,0,5.001702127659575
4992,144205227,0,5.001702127659575
4993,144211801,0,5.001702127659575
4994,144210157,0,5.001702127659575
4995,144210177,0,5.001702127659575
4996,144211995,0,5.001702127659575
4997,144204915,0,5.001702127659575
4998,144209343,0,5.001702127659575
4999,144211652,0,5.001702127659575
5000,144204111,0,5.001702127659575
5001,144212395,0,5.001702127659575
5002,144209872,0,5.001702127659575
5003,144209899,0,5.001702127659575
5004,144209898,0,5.001702127659575
5005,144209897,0,5.001702127659575
5006,144213923,0,5.001702127659575
5007,144212502,0,5.001702127659575
5008,144211681,0,5.001702127659575
5009,144213932,0,5.001702127659575
5010,144205656,0,5.001702127659575
5011,144205473,0,5.001702127659575
5012,144211932,0,5.001702127659575
5013,144210033,0,5.001702127659575
5014,144209878,0,5.001702127659575
5015,144209876,0,5.001702127659575
5016,144212566,0,5.001702127659575
5017,144209875,0,5.001702127659575
5018,144209874,0,5.001702127659575
5019,144209873,0,5.001702127659575
5020,144207300,0,5.001702127659575
5021,144205627,0,5.001702127659575
5022,144206097,0,5.001702127659575
5023,144210688,0,5.001702127659575
5024,144210395,0,5.001702127659575
5025,144212330,0,5.001702127659575
5026,144210422,0,5.001702127659575
5027,144207368,0,5.001702127659575
5028,144207365,0,5.001702127659575
5029,144213596,0,5.001702127659575
5030,144203935,0,5.001702127659575
5031,144206238,0,5.001702127659575
5032,144209264,0,5.001702127659575
5033,144206062,0,5.001702127659575
5034,144211446,0,5.001702127659575
5035,144210360,0,5.001702127659575
5036,144206317,0,4.901451247165534
5037,144211707,0,4.901451247165534
5038,144213343,0,4.901451247165534
5039,144212098,0,4.901451247165534
5040,144213227,0,4.901451247165534
5041,144206306,0,4.901451247165534
5042,144208092,0,4.901451247165534
5043,144203576,0,4.901451247165534
5044,144203627,0,4.901451247165534
5045,144204009,0,4.901451247165534
5046,144208101,0,4.901451247165534
5047,144206403,0,4.901451247165534
5048,144213212,0,4.901451247165534
5049,144207929,0,4.901451247165534
5050,144211725,0,4.901451247165534
5051,144211850,0,4.901451247165534
5052,144212101,0,4.901451247165534
5053,144211706,0,4.901451247165534
5054,144206250,0,4.901451247165534
5055,144205645,0,4.901451247165534
5056,144205636,0,4.901451247165534
5057,144211916,0,4.901451247165534
5058,144211304,0,4.901451247165534
5059,144211230,0,4.901451247165534
5060,144208142,0,4.901451247165534
5061,144212071,0,4.901451247165534
5062,144205630,0,4.901451247165534
5063,144204586,1,4.901451247165534
5064,144211296,0,4.901451247165534
5065,144213233,0,4.901451247165534
5066,144207949,0,4.901451247165534
5067,144205169,0,4.901451247165534
5068,144206735,0,4.901451247165534
5069,144211839,0,4.901451247165534
5070,144208001,0,4.901451247165534
5071,144208004,0,4.901451247165534
5072,144213263,0,4.901451247165534
5073,144214023,0,4.901451247165534
5074,144208017,0,4.901451247165534
5075,144206179,0,4.901451247165534
5076,144213290,0,4.901451247165534
5077,144205978,0,4.901451247165534
5078,144211289,0,4.901451247165534
5079,144212089,0,4.901451247165534
5080,144211815,0,4.901451247165534
5081,144208030,0,4.901451247165534
5082,144205848,0,4.901451247165534
5083,144205167,0,4.901451247165534
5084,144205845,0,4.901451247165534
5085,144207980,0,4.901451247165534
5086,144207979,0,4.901451247165534
5087,144207973,0,4.901451247165534
5088,144205831,0,4.901451247165534
5089,144211291,0,4.901451247165534
5090,144207954,0,4.901451247165534
5091,144205159,0,4.901451247165534
5092,144205174,0,4.901451247165534
5093,144211747,0,4.901451247165534
5094,144211255,0,4.901451247165534
5095,144208083,0,4.901451247165534
5096,144206654,0,4.901451247165534
5097,144206404,0,4.901451247165534
5098,144205698,0,4.901451247165534
5099,144205871,0,4.901451247165534
5100,144213579,0,4.901451247165534
5101,144211701,0,4.901451247165534
5102,144213495,0,4.901451247165534
5103,144211374,0,4.901451247165534
5104,144213514,0,4.901451247165534
5105,144205197,0,4.901451247165534
5106,144207549,0,4.901451247165534
5107,144207576,0,4.901451247165534
5108,144207353,0,4.901451247165534
5109,144207583,0,4.901451247165534
5110,144213497,0,4.901451247165534
5111,144207336,0,4.901451247165534
5112,144213900,0,4.901451247165534
5113,144205196,0,4.901451247165534
5114,144207318,0,4.901451247165534
5115,144207308,0,4.901451247165534
5116,144207599,0,4.901451247165534
5117,144207607,0,4.901451247165534
5118,144211370,0,4.901451247165534
5119,144213673,0,4.901451247165534
5120,144207283,0,4.901451247165534
5121,144207369,0,4.901451247165534
5122,144213526,0,4.901451247165534
5123,144207370,0,4.901451247165534
5124,144207528,0,4.901451247165534
5125,144213591,0,4.901451247165534
5126,144211438,0,4.901451247165534
5127,144213578,0,4.901451247165534
5128,144207450,0,4.901451247165534
5129,144207484,0,4.901451247165534
5130,144205207,0,4.901451247165534
5131,144207449,0,4.901451247165534
5132,144213614,0,4.901451247165534
5133,144211388,0,4.901451247165534
5134,144213546,0,4.901451247165534
5135,144212113,0,4.901451247165534
5136,144213543,0,4.901451247165534
5137,144207518,0,4.901451247165534
5138,144207519,0,4.901451247165534
5139,144213619,0,4.901451247165534
5140,144207520,0,4.901451247165534
5141,144211382,0,4.901451247165534
5142,144213685,0,4.901451247165534
5143,144211360,0,4.901451247165534
5144,144213686,0,4.901451247165534
5145,144207011,0,4.901451247165534
5146,144203656,0,4.901451247165534
5147,144211947,0,4.901451247165534
5148,144213841,0,4.901451247165534
5149,144206944,0,4.901451247165534
5150,144207804,0,4.901451247165534
5151,144211935,0,4.901451247165534
5152,144211934,0,4.901451247165534
5153,144207482,0,4.901451247165534
5154,144213874,0,4.901451247165534
5155,144211331,0,4.901451247165534
5156,144204303,0,4.901451247165534
5157,144206819,0,4.901451247165534
5158,144205537,0,4.901451247165534
5159,144211922,0,4.901451247165534
5160,144213375,0,4.901451247165534
5161,144211920,0,4.901451247165534
5162,144207851,0,4.901451247165534
5163,144207003,0,4.901451247165534
5164,144211957,0,4.901451247165534
5165,144211356,0,4.901451247165534
5166,144211343,0,4.901451247165534
5167,144207272,0,4.901451247165534
5168,144213700,0,4.901451247165534
5169,144213710,0,4.901451247165534
5170,144212051,0,4.901451247165534
5171,144207723,0,4.901451247165534
5172,144213438,0,4.901451247165534
5173,144207229,0,4.901451247165534
5174,144213736,0,4.901451247165534
5175,144212052,0,4.901451247165534
5176,144207734,0,4.901451247165534
5177,144211354,0,4.901451247165534
5178,144207751,0,4.901451247165534
5179,144213738,0,4.901451247165534
5180,144207221,0,4.901451247165534
5181,144211544,0,4.901451247165534
5182,144213771,0,4.901451247165534
5183,144211581,0,4.901451247165534
5184,144211219,0,4.901451247165534
5185,144211866,0,4.901451247165534
5186,144208150,0,4.901451247165534
5187,144204482,0,4.901451247165534
5188,144205042,0,4.901451247165534
5189,144208855,0,4.901451247165534
5190,144208857,0,4.901451247165534
5191,144208859,0,4.901451247165534
5192,144208862,0,4.901451247165534
5193,144203948,0,4.901451247165534
5194,144212884,0,4.901451247165534
5195,144210013,0,4.901451247165534
5196,144209313,0,4.901451247165534
5197,144212500,0,4.901451247165534
5198,144213174,0,4.901451247165534
5199,144209302,0,4.901451247165534
5200,144212506,0,4.901451247165534
5201,144208892,0,4.901451247165534
5202,144210838,0,4.901451247165534
5203,144209273,0,4.901451247165534
5204,144210006,0,4.901451247165534
5205,144209243,0,4.901451247165534
5206,144203899,0,4.901451247165534
5207,144203840,0,4.901451247165534
5208,144209315,0,4.901451247165534
5209,144212464,0,4.901451247165534
5210,144212301,0,4.901451247165534
5211,144210078,0,4.901451247165534
5212,144212627,0,4.901451247165534
5213,144210595,0,4.901451247165534
5214,144209657,0,4.901451247165534
5215,144210491,0,4.901451247165534
5216,144208741,0,4.901451247165534
5217,144212476,0,4.901451247165534
5218,144210971,0,4.901451247165534
5219,144205060,0,4.901451247165534
5220,144210504,0,4.901451247165534
5221,144210914,0,4.901451247165534
5222,144210047,0,4.901451247165534
5223,144212924,0,4.901451247165534
5224,144212918,0,4.901451247165534
5225,144208798,0,4.901451247165534
5226,144208799,0,4.901451247165534
5227,144208809,0,4.901451247165534
5228,144210039,0,4.901451247165534
5229,144212302,0,4.901451247165534
5230,144209662,0,4.901451247165534
5231,144210828,0,4.901451247165534
5232,144204681,0,4.901451247165534
5233,144203898,0,4.901451247165534
5234,144204545,0,4.901451247165534
5235,144204552,0,4.901451247165534
5236,144209193,0,4.901451247165534
5237,144209884,0,4.901451247165534
5238,144212545,0,4.901451247165534
5239,144209083,0,4.901451247165534
5240,144209106,0,4.901451247165534
5241,144209882,0,4.901451247165534
5242,144212582,0,4.901451247165534
5243,144209881,0,4.901451247165534
5244,144212552,0,4.901451247165534
5245,144212783,0,4.901451247165534
5246,144204953,0,4.901451247165534
5247,144209880,0,4.901451247165534
5248,144209879,0,4.901451247165534
5249,144204580,0,4.901451247165534
5250,144209124,0,4.901451247165534
5251,144209877,0,4.901451247165534
5252,144209128,0,4.901451247165534
5253,144212761,0,4.901451247165534
5254,144209885,0,4.901451247165534
5255,144209886,0,4.901451247165534
5256,144208981,0,4.901451247165534
5257,144209217,0,4.901451247165534
5258,144205010,0,4.901451247165534
5259,144212234,0,4.901451247165534
5260,144212528,0,4.901451247165534
5261,144212532,0,4.901451247165534
5262,144210807,0,4.901451247165534
5263,144212852,0,4.901451247165534
5264,144210801,0,4.901451247165534
5265,144209008,0,4.901451247165534
5266,144209887,0,4.901451247165534
5267,144209889,0,4.901451247165534
5268,144204937,0,4.901451247165534
5269,144210796,0,4.901451247165534
5270,144203896,0,4.901451247165534
5271,144209888,0,4.901451247165534
5272,144209026,0,4.901451247165534
5273,144209034,0,4.901451247165534
5274,144204959,0,4.901451247165534
5275,144212955,0,4.901451247165534
5276,144212965,0,4.901451247165534
5277,144203893,0,4.901451247165534
5278,144212374,0,4.901451247165534
5279,144210457,0,4.901451247165534
5280,144210665,0,4.901451247165534
5281,144211171,0,4.901451247165534
5282,144211154,0,4.901451247165534
5283,144212643,0,4.901451247165534
5284,144204396,0,4.901451247165534
5285,144209470,0,4.901451247165534
5286,144209465,0,4.901451247165534
5287,144208254,0,4.901451247165534
5288,144208268,0,4.901451247165534
5289,144210329,0,4.901451247165534
5290,144208276,0,4.901451247165534
5291,144208284,0,4.901451247165534
5292,144209452,0,4.901451247165534
5293,144212407,0,4.901451247165534
5294,144210466,0,4.901451247165534
5295,144213086,0,4.901451247165534
5296,144213081,0,4.901451247165534
5297,144210475,0,4.901451247165534
5298,144212644,0,4.901451247165534
5299,144212646,0,4.901451247165534
5300,144210098,0,4.901451247165534
5301,144204878,0,4.901451247165534
5302,144212654,0,4.901451247165534
5303,144210426,0,4.901451247165534
5304,144212359,0,4.901451247165534
5305,144210420,0,4.901451247165534
5306,144212365,0,4.901451247165534
5307,144208167,0,4.901451247165534
5308,144210404,0,4.901451247165534
5309,144212367,0,4.901451247165534
5310,144213156,0,4.901451247165534
5311,144213153,0,4.901451247165534
5312,144209516,0,4.901451247165534
5313,144208188,0,4.901451247165534
5314,144213148,0,4.901451247165534
5315,144204632,0,4.901451247165534
5316,144213136,0,4.901451247165534
5317,144209493,0,4.901451247165534
5318,144208200,0,4.901451247165534
5319,144212125,0,4.901451247165534
5320,144212369,0,4.901451247165534
5321,144212412,0,4.901451247165534
5322,144208329,0,4.901451247165534
5323,144209599,0,4.901451247165534
5324,144211100,0,4.901451247165534
5325,144210685,0,4.901451247165534
5326,144212440,0,4.901451247165534
5327,144208518,0,4.901451247165534
5328,144212441,0,4.901451247165534
5329,144208523,0,4.901451247165534
5330,144212712,0,4.901451247165534
5331,144213000,0,4.901451247165534
5332,144210126,0,4.901451247165534
5333,144210119,0,4.901451247165534
5334,144210114,0,4.901451247165534
5335,144203776,0,4.901451247165534
5336,144211034,0,4.901451247165534
5337,144210687,0,4.901451247165534
5338,144208615,0,4.901451247165534
5339,144208643,0,4.901451247165534
5340,144209621,0,4.901451247165534
5341,144209637,0,4.901451247165534
5342,144210481,0,4.901451247165534
5343,144210993,0,4.901451247165534
5344,144208511,0,4.901451247165534
5345,144211063,0,4.901451247165534
5346,144208503,0,4.901451247165534
5347,144209390,0,4.901451247165534
5348,144208369,0,4.901451247165534
5349,144212413,0,4.901451247165534
5350,144208387,0,4.901451247165534
5351,144203943,0,4.901451247165534
5352,144210164,0,4.901451247165534
5353,144210155,0,4.901451247165534
5354,144204428,0,4.901451247165534
5355,144210150,0,4.901451247165534
5356,144209412,0,4.901451247165534
5357,144211072,0,4.901451247165534
5358,144212703,0,4.901451247165534
5359,144208428,0,4.901451247165534
5360,144209404,0,4.901451247165534
5361,144209397,0,4.901451247165534
5362,144211070,0,4.901451247165534
5363,144208468,0,4.901451247165534
5364,144213035,0,4.901451247165534
5365,144209135,0,4.901451247165534
5366,144207101,0,4.836875
5367,144212049,0,4.836875
5368,144212377,0,4.836875
5369,144212025,0,4.836875
5370,144206924,0,4.8145222929936295
5371,144205861,0,4.8145222929936295
5372,144212637,0,4.8145222929936295
5373,144205936,0,4.8145222929936295
5374,144213786,0,4.8145222929936295
5375,144210479,0,4.8145222929936295
5376,144205869,0,4.8145222929936295
5377,144205852,0,4.8145222929936295
5378,144207106,0,4.8145222929936295
5379,144210129,0,4.8145222929936295
5380,144210480,0,4.8145222929936295
5381,144205843,0,4.8145222929936295
5382,144205834,0,4.8145222929936295
5383,144211797,0,4.8145222929936295
5384,144209600,0,4.8145222929936295
5385,144211813,0,4.8145222929936295
5386,144207109,0,4.8145222929936295
5387,144210330,0,4.8145222929936295
5388,144211787,0,4.8145222929936295
5389,144204147,0,4.8145222929936295
5390,144210459,0,4.8145222929936295
5391,144212389,0,4.8145222929936295
5392,144212328,0,4.8145222929936295
5393,144206366,0,4.8145222929936295
5394,144212651,0,4.8145222929936295
5395,144212372,0,4.8145222929936295
5396,144206349,0,4.8145222929936295
5397,144212331,0,4.8145222929936295
5398,144205263,0,4.8145222929936295
5399,144209553,0,4.8145222929936295
5400,144211840,0,4.8145222929936295
5401,144210431,0,4.8145222929936295
5402,144207087,0,4.8145222929936295
5403,144206636,0,4.8145222929936295
5404,144209843,0,4.8145222929936295
5405,144203897,0,4.8145222929936295
5406,144204129,0,4.8145222929936295
5407,144209758,0,4.8145222929936295
5408,144209762,0,4.8145222929936295
5409,144205626,0,4.8145222929936295
5410,144204706,0,4.8145222929936295
5411,144211697,0,4.8145222929936295
5412,144205484,0,4.8145222929936295
5413,144210112,0,4.8145222929936295
5414,144206982,0,4.8145222929936295
5415,144213842,0,4.8145222929936295
5416,144205408,0,4.8145222929936295
5417,144213845,0,4.8145222929936295
5418,144203650,0,4.8145222929936295
5419,144206897,0,4.8145222929936295
5420,144209914,0,4.8145222929936295
5421,144209943,0,4.8145222929936295
5422,144204818,0,4.8145222929936295
5423,144204643,0,4.8145222929936295
5424,144210507,0,4.8145222929936295
5425,144210012,0,4.8145222929936295
5426,144211542,0,4.8145222929936295
5427,144206716,0,4.8145222929936295
5428,144206715,0,4.8145222929936295
5429,144205657,0,4.8145222929936295
5430,144211630,0,4.8145222929936295
5431,144205661,0,4.8145222929936295
5432,144210075,0,4.8145222929936295
5433,144209638,0,4.8145222929936295
5434,144210489,0,4.8145222929936295
5435,144211594,0,4.8145222929936295
5436,144211739,0,4.8145222929936295
5437,144210606,0,4.8145222929936295
5438,144212337,0,4.8145222929936295
5439,144210626,0,4.8145222929936295
5440,144209112,0,4.8145222929936295
5441,144212871,0,4.8145222929936295
5442,144208908,0,4.8145222929936295
5443,144207628,0,4.8145222929936295
5444,144207627,0,4.8145222929936295
5445,144213470,0,4.8145222929936295
5446,144210827,0,4.8145222929936295
5447,144207946,0,4.8145222929936295
5448,144208943,0,4.8145222929936295
5449,144213481,0,4.8145222929936295
5450,144207952,0,4.8145222929936295
5451,144212214,0,4.8145222929936295
5452,144207579,0,4.8145222929936295
5453,144213500,0,4.8145222929936295
5454,144209018,0,4.8145222929936295
5455,144208399,0,4.8145222929936295
5456,144212029,0,4.8145222929936295
5457,144213523,0,4.8145222929936295
5458,144209052,0,4.8145222929936295
5459,144212816,0,4.8145222929936295
5460,144207523,0,4.8145222929936295
5461,144213536,0,4.8145222929936295
5462,144212803,0,4.8145222929936295
5463,144209107,0,4.8145222929936295
5464,144212045,0,4.8145222929936295
5465,144208883,0,4.8145222929936295
5466,144212663,0,4.8145222929936295
5467,144213398,0,4.8145222929936295
5468,144213372,0,4.8145222929936295
5469,144211027,0,4.8145222929936295
5470,144207837,0,4.8145222929936295
5471,144203783,0,4.8145222929936295
5472,144212970,0,4.8145222929936295
5473,144207815,0,4.8145222929936295
5474,144210992,0,4.8145222929936295
5475,144213395,0,4.8145222929936295
5476,144207877,0,4.8145222929936295
5477,144211061,0,4.8145222929936295
5478,144208710,0,4.8145222929936295
5479,144210873,0,4.8145222929936295
5480,144208720,0,4.8145222929936295
5481,144211300,0,4.8145222929936295
5482,144208781,0,4.8145222929936295
5483,144207761,0,4.8145222929936295
5484,144211344,0,4.8145222929936295
5485,144208827,0,4.8145222929936295
5486,144208830,0,4.8145222929936295
5487,144213432,0,4.8145222929936295
5488,144213344,0,4.8145222929936295
5489,144213337,0,4.8145222929936295
5490,144212999,0,4.8145222929936295
5491,144209110,0,4.8145222929936295
5492,144213547,0,4.8145222929936295
5493,144213123,0,4.8145222929936295
5494,144208086,0,4.8145222929936295
5495,144207343,0,4.8145222929936295
5496,144207342,0,4.8145222929936295
5497,144212249,0,4.8145222929936295
5498,144209325,0,4.8145222929936295
5499,144211466,0,4.8145222929936295
5500,144211474,0,4.8145222929936295
5501,144209328,0,4.8145222929936295
5502,144212338,0,4.8145222929936295
5503,144208098,0,4.8145222929936295
5504,144205225,0,4.8145222929936295
5505,144210681,0,4.8145222929936295
5506,144212100,0,4.8145222929936295
5507,144211475,0,4.8145222929936295
5508,144209466,0,4.8145222929936295
5509,144211207,0,4.8145222929936295
5510,144203942,0,4.8145222929936295
5511,144203866,0,4.8145222929936295
5512,144211208,0,4.8145222929936295
5513,144213737,0,4.8145222929936295
5514,144211212,0,4.8145222929936295
5515,144209120,0,4.8145222929936295
5516,144208079,0,4.8145222929936295
5517,144211265,0,4.8145222929936295
5518,144204611,0,4.8145222929936295
5519,144207500,0,4.8145222929936295
5520,144207487,0,4.8145222929936295
5521,144213562,0,4.8145222929936295
5522,144213565,0,4.8145222929936295
5523,144207960,0,4.8145222929936295
5524,144209155,0,4.8145222929936295
5525,144204941,0,4.8145222929936295
5526,144207961,0,4.8145222929936295
5527,144207962,0,4.8145222929936295
5528,144212740,0,4.8145222929936295
5529,144208309,0,4.8145222929936295
5530,144208016,0,4.8145222929936295
5531,144208287,0,4.8145222929936295
5532,144213603,0,4.8145222929936295
5533,144208270,0,4.8145222929936295
5534,144204936,0,4.8145222929936295
5535,144208249,0,4.8145222929936295
5536,144204930,0,4.8145222929936295
5537,144211266,0,4.8145222929936295
5538,144212997,0,4.8145222929936295
5539,144213999,0,4.694074074074073
5540,144213158,0,4.694074074074073
5541,144205914,0,4.694074074074073
5542,144213196,0,4.694074074074073
5543,144210336,0,4.694074074074073
5544,144210134,0,4.694074074074073
5545,144203835,0,4.694074074074073
5546,144211900,0,4.694074074074073
5547,144209445,0,4.694074074074073
5548,144207410,0,4.694074074074073
5549,144204709,0,4.694074074074073
5550,144209789,0,4.694074074074073
5551,144209024,0,4.694074074074073
5552,144213682,0,4.694074074074073
5553,144209766,0,4.694074074074073
5554,144213413,0,4.694074074074073
5555,144212667,0,4.694074074074073
5556,144209482,0,4.649598214285715
5557,144210435,0,4.649598214285715
5558,144208041,0,4.649598214285715
5559,144210348,0,4.649598214285715
5560,144208154,0,4.649598214285715
5561,144208225,0,4.649598214285715
5562,144212380,0,4.649598214285715
5563,144204378,0,4.649598214285715
5564,144209573,0,4.649598214285715
5565,144205373,0,4.649598214285715
5566,144208210,0,4.649598214285715
5567,144211308,0,4.649598214285715
5568,144212262,0,4.649598214285715
5569,144211514,0,4.649598214285715
5570,144207350,0,4.649598214285715
5571,144207412,0,4.649598214285715
5572,144213048,0,4.649598214285715
5573,144211433,0,4.649598214285715
5574,144213403,0,4.649598214285715
5575,144204809,0,4.649598214285715
5576,144208433,0,4.649598214285715
5577,144213441,0,4.649598214285715
5578,144208881,0,4.649598214285715
5579,144207608,0,4.649598214285715
5580,144213043,0,4.649598214285715
5581,144211127,0,4.649598214285715
5582,144213448,0,4.649598214285715
5583,144209158,0,4.649598214285715
5584,144212774,0,4.649598214285715
5585,144208343,0,4.649598214285715
5586,144211109,0,4.649598214285715
5587,144209772,0,4.649598214285715
5588,144213248,0,4.6466111111111115
5589,144212032,0,4.6466111111111115
5590,144212693,0,4.6466111111111115
5591,144212951,0,4.6466111111111115
5592,144210444,0,4.6466111111111115
5593,144206986,0,4.6466111111111115
5594,144212006,0,4.590126582278481
5595,144209321,0,4.507805755395682
5596,144210732,0,4.507805755395682
